customerID,Cluster_ID,BehaviorSegment
7590-VHVEG,2,Segment 3: Short-Term High-Charge Users
5575-GNVDE,1,Segment 1: Long-Term Committed Loyalists
3668-QPYBK,2,Segment 3: Short-Term High-Charge Users
7795-CFOCW,1,Segment 1: Long-Term Committed Loyalists
9237-HQITU,0,Segment 3: Short-Term High-Charge Users
9305-CDSKC,0,Segment 3: Short-Term High-Charge Users
1452-KIOVK,0,Segment 3: Short-Term High-Charge Users
6713-OKOMC,2,Segment 3: Short-Term High-Charge Users
7892-POOKP,0,Segment 3: Short-Term High-Charge Users
6388-TABGU,1,Segment 1: Long-Term Committed Loyalists
9763-GRSKD,2,Segment 3: Short-Term High-Charge Users
7469-LKBCI,1,Segment 1: Long-Term Committed Loyalists
8091-TTVAX,3,Segment 1: Long-Term Committed Loyalists
0280-XJGEX,3,Segment 1: Long-Term Committed Loyalists
5129-JLPIS,0,Segment 3: Short-Term High-Charge Users
3655-SNQYZ,3,Segment 1: Long-Term Committed Loyalists
8191-XWSZG,1,Segment 1: Long-Term Committed Loyalists
9959-WOFKT,3,Segment 1: Long-Term Committed Loyalists
4190-MFLUW,2,Segment 3: Short-Term High-Charge Users
4183-MYFRB,0,Segment 3: Short-Term High-Charge Users
8779-QRDMV,2,Segment 3: Short-Term High-Charge Users
1680-VDCWW,1,Segment 1: Long-Term Committed Loyalists
1066-JKSGK,2,Segment 3: Short-Term High-Charge Users
3638-WEABW,1,Segment 1: Long-Term Committed Loyalists
6322-HRPFA,2,Segment 3: Short-Term High-Charge Users
6865-JZNKO,2,Segment 3: Short-Term High-Charge Users
6467-CHFZW,0,Segment 3: Short-Term High-Charge Users
8665-UTDHZ,2,Segment 3: Short-Term High-Charge Users
5248-YGIJN,3,Segment 1: Long-Term Committed Loyalists
8773-HHUOZ,2,Segment 3: Short-Term High-Charge Users
3841-NFECX,3,Segment 1: Long-Term Committed Loyalists
4929-XIHVW,0,Segment 3: Short-Term High-Charge Users
6827-IEAUQ,1,Segment 1: Long-Term Committed Loyalists
7310-EGVHZ,2,Segment 3: Short-Term High-Charge Users
3413-BMNZE,2,Segment 3: Short-Term High-Charge Users
6234-RAAPL,3,Segment 1: Long-Term Committed Loyalists
6047-YHPVI,0,Segment 3: Short-Term High-Charge Users
6572-ADKRS,0,Segment 3: Short-Term High-Charge Users
5380-WJKOV,0,Segment 3: Short-Term High-Charge Users
8168-UQWWF,0,Segment 3: Short-Term High-Charge Users
8865-TNMNX,1,Segment 1: Long-Term Committed Loyalists
9489-DEDVP,3,Segment 1: Long-Term Committed Loyalists
9867-JCZSP,1,Segment 1: Long-Term Committed Loyalists
4671-VJLCL,3,Segment 1: Long-Term Committed Loyalists
4080-IIARD,0,Segment 3: Short-Term High-Charge Users
3714-NTNFO,0,Segment 3: Short-Term High-Charge Users
5948-UJZLF,2,Segment 3: Short-Term High-Charge Users
7760-OYPDY,0,Segment 3: Short-Term High-Charge Users
7639-LIAYI,3,Segment 1: Long-Term Committed Loyalists
2954-PIBKO,3,Segment 1: Long-Term Committed Loyalists
8012-SOUDQ,0,Segment 3: Short-Term High-Charge Users
9420-LOJKX,0,Segment 3: Short-Term High-Charge Users
6575-SUVOI,2,Segment 3: Short-Term High-Charge Users
7495-OOKFY,0,Segment 3: Short-Term High-Charge Users
4667-QONEA,3,Segment 1: Long-Term Committed Loyalists
1658-BYGOY,0,Segment 3: Short-Term High-Charge Users
8769-KKTPH,3,Segment 1: Long-Term Committed Loyalists
5067-XJQFU,3,Segment 1: Long-Term Committed Loyalists
3957-SQXML,1,Segment 1: Long-Term Committed Loyalists
5954-BDFSG,3,Segment 1: Long-Term Committed Loyalists
0434-CSFON,0,Segment 3: Short-Term High-Charge Users
1215-FIGMP,3,Segment 1: Long-Term Committed Loyalists
0526-SXDJP,1,Segment 1: Long-Term Committed Loyalists
0557-ASKVU,1,Segment 1: Long-Term Committed Loyalists
5698-BQJOH,0,Segment 3: Short-Term High-Charge Users
5122-CYFXA,2,Segment 3: Short-Term High-Charge Users
8627-ZYGSZ,0,Segment 3: Short-Term High-Charge Users
3410-YOQBQ,3,Segment 1: Long-Term Committed Loyalists
3170-NMYVV,1,Segment 1: Long-Term Committed Loyalists
7410-OIEDU,0,Segment 3: Short-Term High-Charge Users
2273-QCKXA,2,Segment 3: Short-Term High-Charge Users
0731-EBJQB,1,Segment 1: Long-Term Committed Loyalists
1891-QRQSA,3,Segment 1: Long-Term Committed Loyalists
8028-PNXHQ,1,Segment 1: Long-Term Committed Loyalists
5630-AHZIL,2,Segment 3: Short-Term High-Charge Users
2673-CXQEU,3,Segment 1: Long-Term Committed Loyalists
6416-JNVRK,1,Segment 1: Long-Term Committed Loyalists
5590-ZSKRV,2,Segment 3: Short-Term High-Charge Users
0191-ZHSKZ,0,Segment 3: Short-Term High-Charge Users
3887-PBQAO,1,Segment 1: Long-Term Committed Loyalists
5919-TMRGD,0,Segment 3: Short-Term High-Charge Users
8108-UXRQN,2,Segment 3: Short-Term High-Charge Users
9191-MYQKX,0,Segment 3: Short-Term High-Charge Users
9919-YLNNG,0,Segment 3: Short-Term High-Charge Users
0318-ZOPWS,1,Segment 1: Long-Term Committed Loyalists
4445-ZJNMU,0,Segment 3: Short-Term High-Charge Users
4808-YNLEU,1,Segment 1: Long-Term Committed Loyalists
1862-QRWPE,1,Segment 1: Long-Term Committed Loyalists
2796-NNUFI,1,Segment 1: Long-Term Committed Loyalists
3016-KSVCP,2,Segment 3: Short-Term High-Charge Users
4767-HZZHQ,0,Segment 3: Short-Term High-Charge Users
2424-WVHPL,0,Segment 3: Short-Term High-Charge Users
7233-PAHHL,3,Segment 1: Long-Term Committed Loyalists
6067-NGCEU,3,Segment 1: Long-Term Committed Loyalists
9848-JQJTX,3,Segment 1: Long-Term Committed Loyalists
8637-XJIVR,0,Segment 3: Short-Term High-Charge Users
9803-FTJCG,3,Segment 1: Long-Term Committed Loyalists
0278-YXOOG,2,Segment 3: Short-Term High-Charge Users
3212-KXOCR,1,Segment 1: Long-Term Committed Loyalists
4598-XLKNJ,0,Segment 3: Short-Term High-Charge Users
6380-ARCEH,2,Segment 3: Short-Term High-Charge Users
3679-XASPY,2,Segment 3: Short-Term High-Charge Users
7123-WQUHX,3,Segment 1: Long-Term Committed Loyalists
5386-THSLQ,1,Segment 1: Long-Term Committed Loyalists
3192-NQECA,3,Segment 1: Long-Term Committed Loyalists
6180-YBIQI,2,Segment 3: Short-Term High-Charge Users
6728-DKUCO,3,Segment 1: Long-Term Committed Loyalists
9750-BOOHV,1,Segment 1: Long-Term Committed Loyalists
8597-CWYHH,3,Segment 1: Long-Term Committed Loyalists
2848-YXSMW,1,Segment 1: Long-Term Committed Loyalists
0486-HECZI,0,Segment 3: Short-Term High-Charge Users
4549-ZDQYY,1,Segment 1: Long-Term Committed Loyalists
5712-AHQNN,0,Segment 3: Short-Term High-Charge Users
4846-WHAFZ,0,Segment 3: Short-Term High-Charge Users
5256-SKJGO,1,Segment 1: Long-Term Committed Loyalists
3071-VBYPO,0,Segment 3: Short-Term High-Charge Users
9560-BBZXK,1,Segment 1: Long-Term Committed Loyalists
5299-RULOA,0,Segment 3: Short-Term High-Charge Users
8402-OOOHJ,1,Segment 1: Long-Term Committed Loyalists
9445-ZUEQE,0,Segment 3: Short-Term High-Charge Users
1091-SOZGA,3,Segment 1: Long-Term Committed Loyalists
2928-HLDBA,2,Segment 3: Short-Term High-Charge Users
0404-SWRVG,0,Segment 3: Short-Term High-Charge Users
6497-TILVL,2,Segment 3: Short-Term High-Charge Users
7219-TLZHO,2,Segment 3: Short-Term High-Charge Users
4622-YNKIJ,3,Segment 1: Long-Term Committed Loyalists
4412-YLTKF,0,Segment 3: Short-Term High-Charge Users
6734-PSBAW,1,Segment 1: Long-Term Committed Loyalists
3930-ZGWVE,2,Segment 3: Short-Term High-Charge Users
2639-UGMAZ,3,Segment 1: Long-Term Committed Loyalists
2876-GZYZC,0,Segment 3: Short-Term High-Charge Users
6207-WIOLX,2,Segment 3: Short-Term High-Charge Users
8587-XYZSF,1,Segment 1: Long-Term Committed Loyalists
3091-FYHKI,2,Segment 3: Short-Term High-Charge Users
2372-HWUHI,2,Segment 3: Short-Term High-Charge Users
7799-LGRDP,1,Segment 1: Long-Term Committed Loyalists
7850-VWJUU,0,Segment 3: Short-Term High-Charge Users
3774-VBNXY,1,Segment 1: Long-Term Committed Loyalists
6217-KDYWC,1,Segment 1: Long-Term Committed Loyalists
0390-DCFDQ,0,Segment 3: Short-Term High-Charge Users
3146-MSEGF,3,Segment 1: Long-Term Committed Loyalists
4080-OGPJL,2,Segment 3: Short-Term High-Charge Users
1095-WGNGG,3,Segment 1: Long-Term Committed Loyalists
2636-SJDOU,3,Segment 1: Long-Term Committed Loyalists
1131-QQZEB,1,Segment 1: Long-Term Committed Loyalists
5716-EZXZN,3,Segment 1: Long-Term Committed Loyalists
6837-BJYDQ,1,Segment 1: Long-Term Committed Loyalists
2135-RXIHG,2,Segment 3: Short-Term High-Charge Users
6440-DKQGE,1,Segment 1: Long-Term Committed Loyalists
3466-BYAVD,2,Segment 3: Short-Term High-Charge Users
3780-YVMFA,2,Segment 3: Short-Term High-Charge Users
3874-EQOEP,0,Segment 3: Short-Term High-Charge Users
1679-JRFBR,3,Segment 1: Long-Term Committed Loyalists
9073-ZZIAY,3,Segment 1: Long-Term Committed Loyalists
3077-RSNTJ,2,Segment 3: Short-Term High-Charge Users
6551-GNYDG,0,Segment 3: Short-Term High-Charge Users
9167-APMXZ,0,Segment 3: Short-Term High-Charge Users
2749-CTKAJ,1,Segment 1: Long-Term Committed Loyalists
6371-NZYEG,1,Segment 1: Long-Term Committed Loyalists
7554-NEWDD,1,Segment 1: Long-Term Committed Loyalists
8992-VONJD,2,Segment 3: Short-Term High-Charge Users
0867-MKZVY,0,Segment 3: Short-Term High-Charge Users
4482-EWFMI,0,Segment 3: Short-Term High-Charge Users
4648-YPBTM,3,Segment 1: Long-Term Committed Loyalists
2907-ILJBN,1,Segment 1: Long-Term Committed Loyalists
6345-FZOQH,1,Segment 1: Long-Term Committed Loyalists
3376-BMGFE,0,Segment 3: Short-Term High-Charge Users
5997-OPVFA,3,Segment 1: Long-Term Committed Loyalists
3445-HXXGF,2,Segment 3: Short-Term High-Charge Users
1159-WFSGR,2,Segment 3: Short-Term High-Charge Users
7654-YWJUF,3,Segment 1: Long-Term Committed Loyalists
1875-QIVME,0,Segment 3: Short-Term High-Charge Users
6727-IOTLZ,1,Segment 1: Long-Term Committed Loyalists
0691-JVSYA,3,Segment 1: Long-Term Committed Loyalists
5918-VUKWP,1,Segment 1: Long-Term Committed Loyalists
1744-JHKYS,2,Segment 3: Short-Term High-Charge Users
2656-FMOKZ,0,Segment 3: Short-Term High-Charge Users
2070-FNEXE,0,Segment 3: Short-Term High-Charge Users
5947-SGKCL,0,Segment 3: Short-Term High-Charge Users
3712-PKXZA,1,Segment 1: Long-Term Committed Loyalists
6317-YPKDH,2,Segment 3: Short-Term High-Charge Users
6582-OIVSP,2,Segment 3: Short-Term High-Charge Users
9367-WXLCH,0,Segment 3: Short-Term High-Charge Users
5524-KHNJP,1,Segment 1: Long-Term Committed Loyalists
1918-ZBFQJ,0,Segment 3: Short-Term High-Charge Users
1024-GUALD,2,Segment 3: Short-Term High-Charge Users
4827-USJHP,2,Segment 3: Short-Term High-Charge Users
8167-GJLRN,2,Segment 3: Short-Term High-Charge Users
0956-SYCWG,2,Segment 3: Short-Term High-Charge Users
8017-UVSZU,2,Segment 3: Short-Term High-Charge Users
7100-FQPRV,1,Segment 1: Long-Term Committed Loyalists
2472-OVKUP,0,Segment 3: Short-Term High-Charge Users
2984-RGEYA,1,Segment 1: Long-Term Committed Loyalists
9680-NIAUV,3,Segment 1: Long-Term Committed Loyalists
2146-EGVDT,1,Segment 1: Long-Term Committed Loyalists
2604-IJPDU,0,Segment 3: Short-Term High-Charge Users
9178-JHUVJ,1,Segment 1: Long-Term Committed Loyalists
6168-YBYNP,3,Segment 1: Long-Term Committed Loyalists
7255-SSFBC,3,Segment 1: Long-Term Committed Loyalists
3645-DEYGF,2,Segment 3: Short-Term High-Charge Users
9323-HGFWY,3,Segment 1: Long-Term Committed Loyalists
8544-GOQSH,0,Segment 3: Short-Term High-Charge Users
3363-DTIVD,3,Segment 1: Long-Term Committed Loyalists
7018-WBJNK,0,Segment 3: Short-Term High-Charge Users
9142-KZXOP,0,Segment 3: Short-Term High-Charge Users
7674-YTAFD,0,Segment 3: Short-Term High-Charge Users
6348-SNFUS,3,Segment 1: Long-Term Committed Loyalists
1285-OKIPP,0,Segment 3: Short-Term High-Charge Users
7825-ECJRF,0,Segment 3: Short-Term High-Charge Users
1347-KTTTA,3,Segment 1: Long-Term Committed Loyalists
7841-TZDMQ,2,Segment 3: Short-Term High-Charge Users
4195-NZGTA,2,Segment 3: Short-Term High-Charge Users
7157-SMCFK,1,Segment 1: Long-Term Committed Loyalists
4709-LKHYG,1,Segment 1: Long-Term Committed Loyalists
2504-DSHIH,0,Segment 3: Short-Term High-Charge Users
0699-NDKJM,2,Segment 3: Short-Term High-Charge Users
9286-BHDQG,1,Segment 1: Long-Term Committed Loyalists
0230-WEQUW,3,Segment 1: Long-Term Committed Loyalists
2040-LDIWQ,3,Segment 1: Long-Term Committed Loyalists
6496-JDSSB,0,Segment 3: Short-Term High-Charge Users
9408-SSNVZ,0,Segment 3: Short-Term High-Charge Users
4443-EMBNA,1,Segment 1: Long-Term Committed Loyalists
6469-MRVET,2,Segment 3: Short-Term High-Charge Users
0742-MOABM,2,Segment 3: Short-Term High-Charge Users
5961-VUSRV,1,Segment 1: Long-Term Committed Loyalists
6778-JFCMK,1,Segment 1: Long-Term Committed Loyalists
6341-JVQGF,3,Segment 1: Long-Term Committed Loyalists
2232-DMLXU,2,Segment 3: Short-Term High-Charge Users
4811-JBUVU,0,Segment 3: Short-Term High-Charge Users
0945-TSONX,3,Segment 1: Long-Term Committed Loyalists
2651-ZCBXV,3,Segment 1: Long-Term Committed Loyalists
3316-UWXUY,0,Segment 3: Short-Term High-Charge Users
8937-RDTHP,0,Segment 3: Short-Term High-Charge Users
7083-MIOPC,1,Segment 1: Long-Term Committed Loyalists
1984-GPTEH,2,Segment 3: Short-Term High-Charge Users
1251-KRREG,2,Segment 3: Short-Term High-Charge Users
0621-JFHOL,1,Segment 1: Long-Term Committed Loyalists
9903-LYSAB,0,Segment 3: Short-Term High-Charge Users
0094-OIFMO,0,Segment 3: Short-Term High-Charge Users
9227-UAQFT,1,Segment 1: Long-Term Committed Loyalists
7301-ABVAD,3,Segment 1: Long-Term Committed Loyalists
6614-FHDBO,3,Segment 1: Long-Term Committed Loyalists
7576-ASEJU,1,Segment 1: Long-Term Committed Loyalists
9058-HRZSV,3,Segment 1: Long-Term Committed Loyalists
4522-AKYLR,2,Segment 3: Short-Term High-Charge Users
0221-WMXNQ,0,Segment 3: Short-Term High-Charge Users
0303-UNCIP,1,Segment 1: Long-Term Committed Loyalists
9947-OTFQU,0,Segment 3: Short-Term High-Charge Users
0322-YINQP,2,Segment 3: Short-Term High-Charge Users
0959-WHOKV,3,Segment 1: Long-Term Committed Loyalists
4075-JFPGR,3,Segment 1: Long-Term Committed Loyalists
4629-NRXKX,0,Segment 3: Short-Term High-Charge Users
9514-JDSKI,2,Segment 3: Short-Term High-Charge Users
3282-ZISZV,3,Segment 1: Long-Term Committed Loyalists
3675-YDUPJ,2,Segment 3: Short-Term High-Charge Users
4111-BNXIF,3,Segment 1: Long-Term Committed Loyalists
7017-VFHAY,3,Segment 1: Long-Term Committed Loyalists
6655-LHBYW,3,Segment 1: Long-Term Committed Loyalists
4959-JOSRX,2,Segment 3: Short-Term High-Charge Users
5046-NUHWD,2,Segment 3: Short-Term High-Charge Users
7273-TEFQD,2,Segment 3: Short-Term High-Charge Users
3606-TWKGI,0,Segment 3: Short-Term High-Charge Users
7529-ZDFXI,0,Segment 3: Short-Term High-Charge Users
7605-BDWDC,1,Segment 1: Long-Term Committed Loyalists
1950-KSVVJ,3,Segment 1: Long-Term Committed Loyalists
0123-CRBRT,3,Segment 1: Long-Term Committed Loyalists
6292-TOSSS,1,Segment 1: Long-Term Committed Loyalists
3197-ARFOY,0,Segment 3: Short-Term High-Charge Users
6323-AYBRX,1,Segment 1: Long-Term Committed Loyalists
7014-ZZXAW,1,Segment 1: Long-Term Committed Loyalists
4385-GZQXV,0,Segment 3: Short-Term High-Charge Users
7633-MVPUY,1,Segment 1: Long-Term Committed Loyalists
6366-ZGQGL,2,Segment 3: Short-Term High-Charge Users
4716-HHKQH,0,Segment 3: Short-Term High-Charge Users
5940-AHUHD,0,Segment 3: Short-Term High-Charge Users
6432-TWQLB,0,Segment 3: Short-Term High-Charge Users
4484-GLZOU,0,Segment 3: Short-Term High-Charge Users
3179-GBRWV,2,Segment 3: Short-Term High-Charge Users
8645-KWHJO,2,Segment 3: Short-Term High-Charge Users
4130-MZLCC,2,Segment 3: Short-Term High-Charge Users
0314-TKOSI,2,Segment 3: Short-Term High-Charge Users
8229-MYEJZ,2,Segment 3: Short-Term High-Charge Users
2080-SRCDE,2,Segment 3: Short-Term High-Charge Users
9577-WJVCQ,2,Segment 3: Short-Term High-Charge Users
9512-UIBFX,0,Segment 3: Short-Term High-Charge Users
6202-DYYFX,0,Segment 3: Short-Term High-Charge Users
3808-HFKDE,2,Segment 3: Short-Term High-Charge Users
5583-SXDAG,0,Segment 3: Short-Term High-Charge Users
3488-PGMQJ,0,Segment 3: Short-Term High-Charge Users
3580-REOAC,2,Segment 3: Short-Term High-Charge Users
7534-BFESC,0,Segment 3: Short-Term High-Charge Users
3727-OWVYD,1,Segment 1: Long-Term Committed Loyalists
2294-SALNE,0,Segment 3: Short-Term High-Charge Users
4847-TAJYI,0,Segment 3: Short-Term High-Charge Users
1563-IWQEX,2,Segment 3: Short-Term High-Charge Users
8203-XJZRC,2,Segment 3: Short-Term High-Charge Users
6556-DBKZF,3,Segment 1: Long-Term Committed Loyalists
6851-WEFYX,0,Segment 3: Short-Term High-Charge Users
2985-JUUBZ,0,Segment 3: Short-Term High-Charge Users
6390-DSAZX,0,Segment 3: Short-Term High-Charge Users
0895-LMRSF,1,Segment 1: Long-Term Committed Loyalists
8098-LLAZX,0,Segment 3: Short-Term High-Charge Users
8266-VBFQL,0,Segment 3: Short-Term High-Charge Users
8181-YHCMF,3,Segment 1: Long-Term Committed Loyalists
2240-HSJQD,0,Segment 3: Short-Term High-Charge Users
1248-DYXUB,1,Segment 1: Long-Term Committed Loyalists
0265-EDXBD,0,Segment 3: Short-Term High-Charge Users
4115-BNPJY,1,Segment 1: Long-Term Committed Loyalists
3167-SNQPL,0,Segment 3: Short-Term High-Charge Users
4091-TVOCN,3,Segment 1: Long-Term Committed Loyalists
1098-TDVUQ,2,Segment 3: Short-Term High-Charge Users
7277-OZCGZ,0,Segment 3: Short-Term High-Charge Users
1557-EMYVT,3,Segment 1: Long-Term Committed Loyalists
2799-ARNLO,0,Segment 3: Short-Term High-Charge Users
7563-BIUPC,0,Segment 3: Short-Term High-Charge Users
5027-YOCXN,3,Segment 1: Long-Term Committed Loyalists
3973-SKMLN,1,Segment 1: Long-Term Committed Loyalists
2321-OMBXY,3,Segment 1: Long-Term Committed Loyalists
2840-XANRC,0,Segment 3: Short-Term High-Charge Users
6745-JEFZB,0,Segment 3: Short-Term High-Charge Users
5020-ZSTTY,3,Segment 1: Long-Term Committed Loyalists
9880-TDQAC,3,Segment 1: Long-Term Committed Loyalists
8705-WZCYL,2,Segment 3: Short-Term High-Charge Users
7102-JJVTX,1,Segment 1: Long-Term Committed Loyalists
8626-PTQGE,3,Segment 1: Long-Term Committed Loyalists
4983-CLMLV,3,Segment 1: Long-Term Committed Loyalists
5701-YVSVF,0,Segment 3: Short-Term High-Charge Users
5804-LEPIM,0,Segment 3: Short-Term High-Charge Users
5697-GOMBF,2,Segment 3: Short-Term High-Charge Users
2739-CACDQ,0,Segment 3: Short-Term High-Charge Users
9385-EHGDO,1,Segment 1: Long-Term Committed Loyalists
9498-FIMXL,1,Segment 1: Long-Term Committed Loyalists
2379-GYFLQ,3,Segment 1: Long-Term Committed Loyalists
0122-OAHPZ,0,Segment 3: Short-Term High-Charge Users
2868-SNELZ,0,Segment 3: Short-Term High-Charge Users
4322-RCYMT,3,Segment 1: Long-Term Committed Loyalists
6680-NENYN,3,Segment 1: Long-Term Committed Loyalists
2088-IEBAU,3,Segment 1: Long-Term Committed Loyalists
7982-VCELR,0,Segment 3: Short-Term High-Charge Users
1343-EHPYB,3,Segment 1: Long-Term Committed Loyalists
6035-BXTTY,2,Segment 3: Short-Term High-Charge Users
6885-PKOAM,3,Segment 1: Long-Term Committed Loyalists
7520-HQWJU,3,Segment 1: Long-Term Committed Loyalists
9639-BUJXT,1,Segment 1: Long-Term Committed Loyalists
5924-SNGKP,1,Segment 1: Long-Term Committed Loyalists
0021-IKXGC,0,Segment 3: Short-Term High-Charge Users
2034-GDRCN,0,Segment 3: Short-Term High-Charge Users
8966-SNIZF,1,Segment 1: Long-Term Committed Loyalists
6243-OZGFH,2,Segment 3: Short-Term High-Charge Users
4654-DLAMQ,3,Segment 1: Long-Term Committed Loyalists
0513-RBGPE,1,Segment 1: Long-Term Committed Loyalists
5160-UXJED,1,Segment 1: Long-Term Committed Loyalists
4115-NZRKS,0,Segment 3: Short-Term High-Charge Users
0219-YTZUE,0,Segment 3: Short-Term High-Charge Users
0623-IIHUG,2,Segment 3: Short-Term High-Charge Users
4572-DVCGN,0,Segment 3: Short-Term High-Charge Users
3351-NGXYI,2,Segment 3: Short-Term High-Charge Users
8984-EYLLL,3,Segment 1: Long-Term Committed Loyalists
9057-MSWCO,2,Segment 3: Short-Term High-Charge Users
9833-TGFHX,3,Segment 1: Long-Term Committed Loyalists
9294-TDIPC,2,Segment 3: Short-Term High-Charge Users
5229-DTFYB,3,Segment 1: Long-Term Committed Loyalists
0104-PPXDV,1,Segment 1: Long-Term Committed Loyalists
5176-LMJXE,1,Segment 1: Long-Term Committed Loyalists
3583-KRKMD,0,Segment 3: Short-Term High-Charge Users
1010-DIAUQ,0,Segment 3: Short-Term High-Charge Users
9069-LGEUL,2,Segment 3: Short-Term High-Charge Users
7302-ZHMHP,2,Segment 3: Short-Term High-Charge Users
9571-EDEBV,3,Segment 1: Long-Term Committed Loyalists
3520-FJGCV,3,Segment 1: Long-Term Committed Loyalists
6563-VRERX,1,Segment 1: Long-Term Committed Loyalists
0259-GBZSH,0,Segment 3: Short-Term High-Charge Users
6122-EFVKN,1,Segment 1: Long-Term Committed Loyalists
2805-EDJPQ,3,Segment 1: Long-Term Committed Loyalists
6862-CQUMB,0,Segment 3: Short-Term High-Charge Users
7156-MXBJE,3,Segment 1: Long-Term Committed Loyalists
6158-HDPXZ,2,Segment 3: Short-Term High-Charge Users
9601-BRXPO,0,Segment 3: Short-Term High-Charge Users
2863-IMQDR,3,Segment 1: Long-Term Committed Loyalists
5686-CMAWK,0,Segment 3: Short-Term High-Charge Users
5651-CRHKQ,3,Segment 1: Long-Term Committed Loyalists
6905-NIQIN,2,Segment 3: Short-Term High-Charge Users
8204-YJCLA,3,Segment 1: Long-Term Committed Loyalists
5167-ZFFMM,0,Segment 3: Short-Term High-Charge Users
6583-SZVGP,3,Segment 1: Long-Term Committed Loyalists
4895-TMWIR,2,Segment 3: Short-Term High-Charge Users
0533-BNWKF,0,Segment 3: Short-Term High-Charge Users
1708-PBBOA,1,Segment 1: Long-Term Committed Loyalists
8782-LKFPK,0,Segment 3: Short-Term High-Charge Users
5522-JBWMO,2,Segment 3: Short-Term High-Charge Users
3597-MVHJT,0,Segment 3: Short-Term High-Charge Users
9774-NRNAU,0,Segment 3: Short-Term High-Charge Users
0224-RLWWD,2,Segment 3: Short-Term High-Charge Users
9967-ATRFS,2,Segment 3: Short-Term High-Charge Users
3951-NJCVI,0,Segment 3: Short-Term High-Charge Users
2977-CEBSX,3,Segment 1: Long-Term Committed Loyalists
0177-PXBAT,0,Segment 3: Short-Term High-Charge Users
6599-CEBNN,0,Segment 3: Short-Term High-Charge Users
2519-ERQOJ,2,Segment 3: Short-Term High-Charge Users
5876-QMYLD,1,Segment 1: Long-Term Committed Loyalists
2277-AXSDC,1,Segment 1: Long-Term Committed Loyalists
9442-JTWDL,1,Segment 1: Long-Term Committed Loyalists
0979-PHULV,3,Segment 1: Long-Term Committed Loyalists
3067-SVMTC,1,Segment 1: Long-Term Committed Loyalists
5495-GPSRW,1,Segment 1: Long-Term Committed Loyalists
7606-BPHHN,1,Segment 1: Long-Term Committed Loyalists
4742-DRORA,3,Segment 1: Long-Term Committed Loyalists
0111-KLBQG,0,Segment 3: Short-Term High-Charge Users
4800-VHZKI,2,Segment 3: Short-Term High-Charge Users
7989-CHGTL,2,Segment 3: Short-Term High-Charge Users
0334-GDDSO,0,Segment 3: Short-Term High-Charge Users
4163-NCJAK,1,Segment 1: Long-Term Committed Loyalists
5233-AOZUF,0,Segment 3: Short-Term High-Charge Users
5973-EJGDP,0,Segment 3: Short-Term High-Charge Users
1996-DBMUS,0,Segment 3: Short-Term High-Charge Users
7916-VCCPB,0,Segment 3: Short-Term High-Charge Users
4686-GEFRM,3,Segment 1: Long-Term Committed Loyalists
5249-QYHEX,1,Segment 1: Long-Term Committed Loyalists
0578-SKVMF,0,Segment 3: Short-Term High-Charge Users
5564-NEMQO,0,Segment 3: Short-Term High-Charge Users
2233-FAGXV,2,Segment 3: Short-Term High-Charge Users
5605-IYGFG,0,Segment 3: Short-Term High-Charge Users
7663-ZTEGJ,3,Segment 1: Long-Term Committed Loyalists
3935-TBRZZ,1,Segment 1: Long-Term Committed Loyalists
8111-BKVDS,2,Segment 3: Short-Term High-Charge Users
2055-SIFSS,2,Segment 3: Short-Term High-Charge Users
2806-MLNTI,3,Segment 1: Long-Term Committed Loyalists
8734-DKSTZ,0,Segment 3: Short-Term High-Charge Users
4360-PNRQB,0,Segment 3: Short-Term High-Charge Users
6152-ONASV,1,Segment 1: Long-Term Committed Loyalists
9063-ZGTUY,2,Segment 3: Short-Term High-Charge Users
7781-HVGMK,3,Segment 1: Long-Term Committed Loyalists
2181-UAESM,2,Segment 3: Short-Term High-Charge Users
2957-LOLHO,2,Segment 3: Short-Term High-Charge Users
6048-NJXHX,1,Segment 1: Long-Term Committed Loyalists
2320-SLKMB,2,Segment 3: Short-Term High-Charge Users
4980-URKXC,1,Segment 1: Long-Term Committed Loyalists
4376-KFVRS,3,Segment 1: Long-Term Committed Loyalists
5886-VLQVU,0,Segment 3: Short-Term High-Charge Users
3577-AMVUX,2,Segment 3: Short-Term High-Charge Users
0771-WLCLA,0,Segment 3: Short-Term High-Charge Users
5628-RKIFK,3,Segment 1: Long-Term Committed Loyalists
0206-TBWLC,3,Segment 1: Long-Term Committed Loyalists
2937-FTHUR,2,Segment 3: Short-Term High-Charge Users
1910-FMXJM,0,Segment 3: Short-Term High-Charge Users
7752-XUSCI,3,Segment 1: Long-Term Committed Loyalists
4110-PFEUZ,0,Segment 3: Short-Term High-Charge Users
0732-OCQOC,1,Segment 1: Long-Term Committed Loyalists
5168-MSWXT,0,Segment 3: Short-Term High-Charge Users
1090-ESELR,3,Segment 1: Long-Term Committed Loyalists
8592-PLTMQ,1,Segment 1: Long-Term Committed Loyalists
5760-WRAHC,2,Segment 3: Short-Term High-Charge Users
8847-GEOOQ,2,Segment 3: Short-Term High-Charge Users
0256-LTHVJ,0,Segment 3: Short-Term High-Charge Users
4785-FCIFB,1,Segment 1: Long-Term Committed Loyalists
8313-NDOIA,0,Segment 3: Short-Term High-Charge Users
5149-CUZUJ,3,Segment 1: Long-Term Committed Loyalists
0942-KOWSM,3,Segment 1: Long-Term Committed Loyalists
4237-CLSMM,2,Segment 3: Short-Term High-Charge Users
1452-VOQCH,0,Segment 3: Short-Term High-Charge Users
4719-UMSIY,2,Segment 3: Short-Term High-Charge Users
6614-VBEGU,2,Segment 3: Short-Term High-Charge Users
0880-TKATG,0,Segment 3: Short-Term High-Charge Users
3811-VBYBZ,0,Segment 3: Short-Term High-Charge Users
1480-BKXGA,3,Segment 1: Long-Term Committed Loyalists
2996-XAUVF,1,Segment 1: Long-Term Committed Loyalists
9076-AXYIK,3,Segment 1: Long-Term Committed Loyalists
5968-XQIVE,3,Segment 1: Long-Term Committed Loyalists
8896-RAZCR,1,Segment 1: Long-Term Committed Loyalists
4640-UHDOS,2,Segment 3: Short-Term High-Charge Users
4933-IKULF,1,Segment 1: Long-Term Committed Loyalists
3583-EKAPL,2,Segment 3: Short-Term High-Charge Users
1304-BCCFO,2,Segment 3: Short-Term High-Charge Users
4104-PVRPS,2,Segment 3: Short-Term High-Charge Users
9399-APLBT,0,Segment 3: Short-Term High-Charge Users
2359-KMGLI,0,Segment 3: Short-Term High-Charge Users
3780-DDGSE,0,Segment 3: Short-Term High-Charge Users
4431-EDMIQ,0,Segment 3: Short-Term High-Charge Users
0306-JAELE,0,Segment 3: Short-Term High-Charge Users
6227-HWPWX,0,Segment 3: Short-Term High-Charge Users
0486-LGCCH,1,Segment 1: Long-Term Committed Loyalists
0447-BEMNG,2,Segment 3: Short-Term High-Charge Users
4612-SSVHJ,0,Segment 3: Short-Term High-Charge Users
5168-MQQCA,3,Segment 1: Long-Term Committed Loyalists
5949-XIKAE,0,Segment 3: Short-Term High-Charge Users
7971-HLVXI,3,Segment 1: Long-Term Committed Loyalists
9094-AZPHK,0,Segment 3: Short-Term High-Charge Users
3649-JPUGY,3,Segment 1: Long-Term Committed Loyalists
4472-LVYGI,1,Segment 1: Long-Term Committed Loyalists
8372-JUXUI,0,Segment 3: Short-Term High-Charge Users
3552-CTCYF,3,Segment 1: Long-Term Committed Loyalists
6778-YSNIH,2,Segment 3: Short-Term High-Charge Users
0388-EOPEX,0,Segment 3: Short-Term High-Charge Users
5756-OZRIO,1,Segment 1: Long-Term Committed Loyalists
6579-JPICP,2,Segment 3: Short-Term High-Charge Users
8205-OTCHB,1,Segment 1: Long-Term Committed Loyalists
4134-BSXLX,2,Segment 3: Short-Term High-Charge Users
0505-SPOOW,1,Segment 1: Long-Term Committed Loyalists
6235-VDHOM,2,Segment 3: Short-Term High-Charge Users
7783-YKGDV,0,Segment 3: Short-Term High-Charge Users
4374-YMUSQ,3,Segment 1: Long-Term Committed Loyalists
4513-CXYIX,3,Segment 1: Long-Term Committed Loyalists
3957-HHLMR,3,Segment 1: Long-Term Committed Loyalists
7803-XOCCZ,0,Segment 3: Short-Term High-Charge Users
5736-YEJAX,3,Segment 1: Long-Term Committed Loyalists
5609-CEBID,0,Segment 3: Short-Term High-Charge Users
8981-FJGLA,0,Segment 3: Short-Term High-Charge Users
7218-HKQFK,0,Segment 3: Short-Term High-Charge Users
4636-QRJKY,0,Segment 3: Short-Term High-Charge Users
1135-LMECX,2,Segment 3: Short-Term High-Charge Users
4332-MUOEZ,0,Segment 3: Short-Term High-Charge Users
8535-SFUTN,3,Segment 1: Long-Term Committed Loyalists
5956-VKDTT,0,Segment 3: Short-Term High-Charge Users
8677-HDZEE,3,Segment 1: Long-Term Committed Loyalists
2475-MROZF,0,Segment 3: Short-Term High-Charge Users
9412-GHEEC,0,Segment 3: Short-Term High-Charge Users
3482-ABPKK,1,Segment 1: Long-Term Committed Loyalists
6705-LXORM,0,Segment 3: Short-Term High-Charge Users
0257-ZESQC,0,Segment 3: Short-Term High-Charge Users
7531-GQHME,2,Segment 3: Short-Term High-Charge Users
5174-ITUMV,3,Segment 1: Long-Term Committed Loyalists
4109-CYRBD,2,Segment 3: Short-Term High-Charge Users
0913-XWSCN,0,Segment 3: Short-Term High-Charge Users
6825-UYPFK,0,Segment 3: Short-Term High-Charge Users
8397-MVTAZ,0,Segment 3: Short-Term High-Charge Users
0750-EBAIU,3,Segment 1: Long-Term Committed Loyalists
8606-CIQUL,3,Segment 1: Long-Term Committed Loyalists
3571-DPYUH,3,Segment 1: Long-Term Committed Loyalists
7601-GNDYK,1,Segment 1: Long-Term Committed Loyalists
0356-OBMAC,3,Segment 1: Long-Term Committed Loyalists
8067-NIOYM,1,Segment 1: Long-Term Committed Loyalists
1403-GYAFU,1,Segment 1: Long-Term Committed Loyalists
4234-XTNEA,0,Segment 3: Short-Term High-Charge Users
1297-VQDRP,3,Segment 1: Long-Term Committed Loyalists
9282-IZGQK,0,Segment 3: Short-Term High-Charge Users
5348-CAGXB,0,Segment 3: Short-Term High-Charge Users
0621-HJWXJ,0,Segment 3: Short-Term High-Charge Users
5844-QVTAT,1,Segment 1: Long-Term Committed Loyalists
8905-IAZPF,3,Segment 1: Long-Term Committed Loyalists
5394-MEITZ,3,Segment 1: Long-Term Committed Loyalists
6859-QNXIQ,3,Segment 1: Long-Term Committed Loyalists
2782-LFZVW,2,Segment 3: Short-Term High-Charge Users
2866-IKBTM,2,Segment 3: Short-Term High-Charge Users
1342-JPNKI,0,Segment 3: Short-Term High-Charge Users
2817-NTQDO,2,Segment 3: Short-Term High-Charge Users
7129-AZJDE,0,Segment 3: Short-Term High-Charge Users
6986-IJDHX,0,Segment 3: Short-Term High-Charge Users
2560-PPCHE,3,Segment 1: Long-Term Committed Loyalists
4676-MQUEA,3,Segment 1: Long-Term Committed Loyalists
8138-EALND,2,Segment 3: Short-Term High-Charge Users
3580-HYCSP,3,Segment 1: Long-Term Committed Loyalists
1352-HNSAW,3,Segment 1: Long-Term Committed Loyalists
2075-PUEPR,1,Segment 1: Long-Term Committed Loyalists
1982-FEBTD,1,Segment 1: Long-Term Committed Loyalists
5301-GAUUY,0,Segment 3: Short-Term High-Charge Users
5791-KAJFD,3,Segment 1: Long-Term Committed Loyalists
2654-VBVPB,2,Segment 3: Short-Term High-Charge Users
1154-HYWWO,1,Segment 1: Long-Term Committed Loyalists
2501-XWWTZ,0,Segment 3: Short-Term High-Charge Users
3716-UVSPD,2,Segment 3: Short-Term High-Charge Users
6815-ABQFQ,3,Segment 1: Long-Term Committed Loyalists
7343-EOBEU,2,Segment 3: Short-Term High-Charge Users
3701-SFMUH,2,Segment 3: Short-Term High-Charge Users
6103-LIANB,3,Segment 1: Long-Term Committed Loyalists
7319-VENRZ,2,Segment 3: Short-Term High-Charge Users
5846-NEQVZ,3,Segment 1: Long-Term Committed Loyalists
6967-QIQRV,0,Segment 3: Short-Term High-Charge Users
5781-RFZRP,3,Segment 1: Long-Term Committed Loyalists
0939-YAPAF,0,Segment 3: Short-Term High-Charge Users
0308-IVGOK,1,Segment 1: Long-Term Committed Loyalists
7293-LSCDV,1,Segment 1: Long-Term Committed Loyalists
7025-WCBNE,1,Segment 1: Long-Term Committed Loyalists
5756-JYOJT,1,Segment 1: Long-Term Committed Loyalists
4710-FDUIZ,3,Segment 1: Long-Term Committed Loyalists
6030-REHUX,0,Segment 3: Short-Term High-Charge Users
9548-LIGTA,3,Segment 1: Long-Term Committed Loyalists
5150-LJNSR,3,Segment 1: Long-Term Committed Loyalists
8270-RKSAP,0,Segment 3: Short-Term High-Charge Users
6522-YRBXD,0,Segment 3: Short-Term High-Charge Users
2640-LYMOV,2,Segment 3: Short-Term High-Charge Users
1218-VKFPE,2,Segment 3: Short-Term High-Charge Users
3627-FHKBK,0,Segment 3: Short-Term High-Charge Users
2865-TCHJW,0,Segment 3: Short-Term High-Charge Users
1423-BMPBQ,2,Segment 3: Short-Term High-Charge Users
2393-DIVAI,2,Segment 3: Short-Term High-Charge Users
5192-EBGOV,0,Segment 3: Short-Term High-Charge Users
4568-KNYWR,1,Segment 1: Long-Term Committed Loyalists
8752-IMQOS,1,Segment 1: Long-Term Committed Loyalists
0742-LAFQK,3,Segment 1: Long-Term Committed Loyalists
0795-LAFGP,3,Segment 1: Long-Term Committed Loyalists
0619-OLYUR,3,Segment 1: Long-Term Committed Loyalists
5512-IDZEI,1,Segment 1: Long-Term Committed Loyalists
0459-SPZHJ,3,Segment 1: Long-Term Committed Loyalists
0215-BQKGS,0,Segment 3: Short-Term High-Charge Users
9244-ZVAPM,2,Segment 3: Short-Term High-Charge Users
0719-SYFRB,2,Segment 3: Short-Term High-Charge Users
8208-EUMTE,1,Segment 1: Long-Term Committed Loyalists
5172-MIGPM,2,Segment 3: Short-Term High-Charge Users
1710-RCXUS,3,Segment 1: Long-Term Committed Loyalists
0374-FIUCA,1,Segment 1: Long-Term Committed Loyalists
5839-SUYVZ,0,Segment 3: Short-Term High-Charge Users
5173-ZXXXL,1,Segment 1: Long-Term Committed Loyalists
1096-ADRUX,3,Segment 1: Long-Term Committed Loyalists
2001-MCUUW,3,Segment 1: Long-Term Committed Loyalists
2731-GJRDG,3,Segment 1: Long-Term Committed Loyalists
4723-BEGSG,3,Segment 1: Long-Term Committed Loyalists
6516-NKQBO,3,Segment 1: Long-Term Committed Loyalists
8672-OAUPW,1,Segment 1: Long-Term Committed Loyalists
8207-DMRVL,3,Segment 1: Long-Term Committed Loyalists
3419-SNJJD,3,Segment 1: Long-Term Committed Loyalists
6543-CPZMK,2,Segment 3: Short-Term High-Charge Users
4765-OXPPD,2,Segment 3: Short-Term High-Charge Users
2804-ETQDK,1,Segment 1: Long-Term Committed Loyalists
6689-VRRTK,3,Segment 1: Long-Term Committed Loyalists
7138-GIRSH,3,Segment 1: Long-Term Committed Loyalists
9396-ZSFLL,2,Segment 3: Short-Term High-Charge Users
6464-KEXXH,2,Segment 3: Short-Term High-Charge Users
7134-MJPDY,3,Segment 1: Long-Term Committed Loyalists
5240-CAOYT,3,Segment 1: Long-Term Committed Loyalists
4059-IIEBK,0,Segment 3: Short-Term High-Charge Users
4881-JVQOD,2,Segment 3: Short-Term High-Charge Users
0516-UXRMT,3,Segment 1: Long-Term Committed Loyalists
4851-BQDNX,0,Segment 3: Short-Term High-Charge Users
5148-HKFIR,1,Segment 1: Long-Term Committed Loyalists
1009-IRMNA,2,Segment 3: Short-Term High-Charge Users
3003-CMDUU,0,Segment 3: Short-Term High-Charge Users
5016-IBERQ,0,Segment 3: Short-Term High-Charge Users
6797-UCJHZ,3,Segment 1: Long-Term Committed Loyalists
2469-DTSGX,3,Segment 1: Long-Term Committed Loyalists
4554-YGZIH,0,Segment 3: Short-Term High-Charge Users
5099-BAILX,3,Segment 1: Long-Term Committed Loyalists
9931-KGHOA,2,Segment 3: Short-Term High-Charge Users
1775-KWJKQ,3,Segment 1: Long-Term Committed Loyalists
7665-VIGUD,1,Segment 1: Long-Term Committed Loyalists
9411-TPQQV,1,Segment 1: Long-Term Committed Loyalists
7207-RMRDB,3,Segment 1: Long-Term Committed Loyalists
7954-MLBUN,3,Segment 1: Long-Term Committed Loyalists
2077-DDHJK,3,Segment 1: Long-Term Committed Loyalists
4913-EHYUI,3,Segment 1: Long-Term Committed Loyalists
0195-IESCP,0,Segment 3: Short-Term High-Charge Users
9574-BOSMD,1,Segment 1: Long-Term Committed Loyalists
4580-TMHJU,2,Segment 3: Short-Term High-Charge Users
0970-ETWGE,0,Segment 3: Short-Term High-Charge Users
4908-XAXAY,3,Segment 1: Long-Term Committed Loyalists
8404-VLQFB,2,Segment 3: Short-Term High-Charge Users
1626-ERCMM,0,Segment 3: Short-Term High-Charge Users
0887-HJGAR,2,Segment 3: Short-Term High-Charge Users
2391-IPLOP,3,Segment 1: Long-Term Committed Loyalists
5644-PDMZC,0,Segment 3: Short-Term High-Charge Users
3509-GWQGF,0,Segment 3: Short-Term High-Charge Users
9576-ANLXO,0,Segment 3: Short-Term High-Charge Users
2024-BASKD,0,Segment 3: Short-Term High-Charge Users
5845-BZZIB,1,Segment 1: Long-Term Committed Loyalists
1140-UKVZG,2,Segment 3: Short-Term High-Charge Users
4160-AMJTL,2,Segment 3: Short-Term High-Charge Users
5183-SNMJQ,0,Segment 3: Short-Term High-Charge Users
8100-PNJMH,3,Segment 1: Long-Term Committed Loyalists
7838-LAZFO,3,Segment 1: Long-Term Committed Loyalists
4464-JCOLN,1,Segment 1: Long-Term Committed Loyalists
2085-JVGAD,2,Segment 3: Short-Term High-Charge Users
5650-VDUDS,2,Segment 3: Short-Term High-Charge Users
8095-WANWK,2,Segment 3: Short-Term High-Charge Users
3030-ZKIWL,2,Segment 3: Short-Term High-Charge Users
9565-FLVCG,3,Segment 1: Long-Term Committed Loyalists
8755-OGKNA,1,Segment 1: Long-Term Committed Loyalists
2800-VEQXM,0,Segment 3: Short-Term High-Charge Users
7538-GWHML,0,Segment 3: Short-Term High-Charge Users
5533-RJFTJ,2,Segment 3: Short-Term High-Charge Users
3859-CVCET,2,Segment 3: Short-Term High-Charge Users
0214-JHPFW,3,Segment 1: Long-Term Committed Loyalists
5642-MHDQT,1,Segment 1: Long-Term Committed Loyalists
3088-FVYWK,1,Segment 1: Long-Term Committed Loyalists
3276-HDUEG,0,Segment 3: Short-Term High-Charge Users
9092-GDZKO,2,Segment 3: Short-Term High-Charge Users
0823-HSCDJ,2,Segment 3: Short-Term High-Charge Users
3729-OWRVL,3,Segment 1: Long-Term Committed Loyalists
2324-AALNO,1,Segment 1: Long-Term Committed Loyalists
0822-GAVAP,2,Segment 3: Short-Term High-Charge Users
5760-IFJOZ,0,Segment 3: Short-Term High-Charge Users
2826-UWHIS,0,Segment 3: Short-Term High-Charge Users
1448-PWKYE,0,Segment 3: Short-Term High-Charge Users
7501-IWUNG,3,Segment 1: Long-Term Committed Loyalists
4957-TREIR,2,Segment 3: Short-Term High-Charge Users
7251-LJBQN,3,Segment 1: Long-Term Committed Loyalists
8040-MNRTF,0,Segment 3: Short-Term High-Charge Users
1536-HBSWP,2,Segment 3: Short-Term High-Charge Users
5313-FPXWG,1,Segment 1: Long-Term Committed Loyalists
0067-DKWBL,2,Segment 3: Short-Term High-Charge Users
0946-FKYTX,1,Segment 1: Long-Term Committed Loyalists
5076-YVXCM,0,Segment 3: Short-Term High-Charge Users
8262-COGGB,2,Segment 3: Short-Term High-Charge Users
6663-JOCQO,1,Segment 1: Long-Term Committed Loyalists
9620-QJREV,1,Segment 1: Long-Term Committed Loyalists
2276-YDAVZ,0,Segment 3: Short-Term High-Charge Users
2682-KEVRP,1,Segment 1: Long-Term Committed Loyalists
2480-JZOSN,2,Segment 3: Short-Term High-Charge Users
0078-XZMHT,3,Segment 1: Long-Term Committed Loyalists
5896-NPFWW,2,Segment 3: Short-Term High-Charge Users
9978-HYCIN,3,Segment 1: Long-Term Committed Loyalists
8338-QIUNR,3,Segment 1: Long-Term Committed Loyalists
1525-LNLOJ,1,Segment 1: Long-Term Committed Loyalists
9450-TRJUU,0,Segment 3: Short-Term High-Charge Users
1766-GKNMI,0,Segment 3: Short-Term High-Charge Users
6942-LBFDP,2,Segment 3: Short-Term High-Charge Users
1456-TWCGB,2,Segment 3: Short-Term High-Charge Users
7133-VBDCG,0,Segment 3: Short-Term High-Charge Users
7596-ZYWBB,1,Segment 1: Long-Term Committed Loyalists
8329-UTMVM,3,Segment 1: Long-Term Committed Loyalists
3014-WJKSM,0,Segment 3: Short-Term High-Charge Users
3347-YJZZE,2,Segment 3: Short-Term High-Charge Users
1029-QFBEN,2,Segment 3: Short-Term High-Charge Users
7929-DMBCV,0,Segment 3: Short-Term High-Charge Users
9661-JALZV,1,Segment 1: Long-Term Committed Loyalists
5433-KYGHE,0,Segment 3: Short-Term High-Charge Users
4312-KFRXN,1,Segment 1: Long-Term Committed Loyalists
5575-TPIZQ,0,Segment 3: Short-Term High-Charge Users
0114-IGABW,3,Segment 1: Long-Term Committed Loyalists
9944-AEXBM,0,Segment 3: Short-Term High-Charge Users
1853-ARAAQ,2,Segment 3: Short-Term High-Charge Users
6952-OMNWB,3,Segment 1: Long-Term Committed Loyalists
4697-LUPSU,1,Segment 1: Long-Term Committed Loyalists
8434-VGEQQ,1,Segment 1: Long-Term Committed Loyalists
4952-YSOGZ,0,Segment 3: Short-Term High-Charge Users
1589-AGTLK,2,Segment 3: Short-Term High-Charge Users
5244-IRFIH,0,Segment 3: Short-Term High-Charge Users
6549-YMFAW,2,Segment 3: Short-Term High-Charge Users
4950-HKQTE,1,Segment 1: Long-Term Committed Loyalists
6786-OBWQR,0,Segment 3: Short-Term High-Charge Users
2684-EIWEO,0,Segment 3: Short-Term High-Charge Users
2753-JMMCV,3,Segment 1: Long-Term Committed Loyalists
6439-GTPCA,0,Segment 3: Short-Term High-Charge Users
6621-YOBKI,2,Segment 3: Short-Term High-Charge Users
1216-JWVUX,0,Segment 3: Short-Term High-Charge Users
7564-GHCVB,3,Segment 1: Long-Term Committed Loyalists
1173-NOEYG,0,Segment 3: Short-Term High-Charge Users
7595-EHCDL,2,Segment 3: Short-Term High-Charge Users
6647-ZEDXT,3,Segment 1: Long-Term Committed Loyalists
2521-NPUZR,3,Segment 1: Long-Term Committed Loyalists
1307-TVUFB,0,Segment 3: Short-Term High-Charge Users
7503-MIOGA,3,Segment 1: Long-Term Committed Loyalists
4381-MHQDC,1,Segment 1: Long-Term Committed Loyalists
6923-JHPMP,0,Segment 3: Short-Term High-Charge Users
5138-WVKYJ,0,Segment 3: Short-Term High-Charge Users
4018-PPNDW,1,Segment 1: Long-Term Committed Loyalists
1635-FJFCC,2,Segment 3: Short-Term High-Charge Users
2499-AJYUA,3,Segment 1: Long-Term Committed Loyalists
6919-ELBGL,3,Segment 1: Long-Term Committed Loyalists
3966-HRMZA,0,Segment 3: Short-Term High-Charge Users
6425-JWTDV,1,Segment 1: Long-Term Committed Loyalists
8405-IGQFX,3,Segment 1: Long-Term Committed Loyalists
8224-IVVPA,2,Segment 3: Short-Term High-Charge Users
9477-LGWQI,3,Segment 1: Long-Term Committed Loyalists
1410-RSCMR,2,Segment 3: Short-Term High-Charge Users
3115-CZMZD,1,Segment 1: Long-Term Committed Loyalists
0139-IVFJG,0,Segment 3: Short-Term High-Charge Users
6683-VLCTZ,0,Segment 3: Short-Term High-Charge Users
5730-DBDSI,1,Segment 1: Long-Term Committed Loyalists
0030-FNXPP,2,Segment 3: Short-Term High-Charge Users
2189-WWOEW,0,Segment 3: Short-Term High-Charge Users
5684-FJVYR,3,Segment 1: Long-Term Committed Loyalists
4013-GUXND,2,Segment 3: Short-Term High-Charge Users
1894-IGFSG,0,Segment 3: Short-Term High-Charge Users
7379-POKDZ,0,Segment 3: Short-Term High-Charge Users
1266-NZYUI,3,Segment 1: Long-Term Committed Loyalists
7969-FFOWG,1,Segment 1: Long-Term Committed Loyalists
4718-DHSMV,2,Segment 3: Short-Term High-Charge Users
5175-WLYXL,0,Segment 3: Short-Term High-Charge Users
7817-OMJNA,1,Segment 1: Long-Term Committed Loyalists
8728-SKJLR,0,Segment 3: Short-Term High-Charge Users
3137-NYQQI,1,Segment 1: Long-Term Committed Loyalists
7706-DZNKK,2,Segment 3: Short-Term High-Charge Users
0236-HFWSV,0,Segment 3: Short-Term High-Charge Users
3900-AQPHZ,2,Segment 3: Short-Term High-Charge Users
5842-POCOP,0,Segment 3: Short-Term High-Charge Users
2037-XJFUP,0,Segment 3: Short-Term High-Charge Users
8823-RLPWL,3,Segment 1: Long-Term Committed Loyalists
9505-SQFSW,2,Segment 3: Short-Term High-Charge Users
7314-OXENN,0,Segment 3: Short-Term High-Charge Users
3758-CKOQL,3,Segment 1: Long-Term Committed Loyalists
0322-CHQRU,2,Segment 3: Short-Term High-Charge Users
5676-CFLYY,3,Segment 1: Long-Term Committed Loyalists
7521-AFHAB,2,Segment 3: Short-Term High-Charge Users
0285-INHLN,2,Segment 3: Short-Term High-Charge Users
4678-DVQEO,2,Segment 3: Short-Term High-Charge Users
5125-CNDSP,1,Segment 1: Long-Term Committed Loyalists
0691-IFBQW,3,Segment 1: Long-Term Committed Loyalists
4992-LTJNE,1,Segment 1: Long-Term Committed Loyalists
2202-OUTMO,2,Segment 3: Short-Term High-Charge Users
0810-BDHAW,0,Segment 3: Short-Term High-Charge Users
0229-LFJAF,3,Segment 1: Long-Term Committed Loyalists
7131-ZQZNK,1,Segment 1: Long-Term Committed Loyalists
3442-ZHHCC,3,Segment 1: Long-Term Committed Loyalists
5726-CVNYA,1,Segment 1: Long-Term Committed Loyalists
9871-ELEYA,1,Segment 1: Long-Term Committed Loyalists
4257-GAESD,2,Segment 3: Short-Term High-Charge Users
5173-WXOQV,2,Segment 3: Short-Term High-Charge Users
2040-OBMLJ,0,Segment 3: Short-Term High-Charge Users
6286-ZHAOK,2,Segment 3: Short-Term High-Charge Users
3807-XHCJH,2,Segment 3: Short-Term High-Charge Users
3009-JWMPU,3,Segment 1: Long-Term Committed Loyalists
5671-RQRLP,3,Segment 1: Long-Term Committed Loyalists
1450-GALXR,0,Segment 3: Short-Term High-Charge Users
8859-AXJZP,1,Segment 1: Long-Term Committed Loyalists
3174-AKMAS,1,Segment 1: Long-Term Committed Loyalists
3138-BKYAV,0,Segment 3: Short-Term High-Charge Users
9926-PJHDQ,3,Segment 1: Long-Term Committed Loyalists
7382-DFJTU,2,Segment 3: Short-Term High-Charge Users
2798-NYLMZ,3,Segment 1: Long-Term Committed Loyalists
4289-DTDKW,0,Segment 3: Short-Term High-Charge Users
1820-TQVEV,0,Segment 3: Short-Term High-Charge Users
2239-JALAW,3,Segment 1: Long-Term Committed Loyalists
4853-RULSV,3,Segment 1: Long-Term Committed Loyalists
8098-TDCBU,1,Segment 1: Long-Term Committed Loyalists
3551-GAEGL,1,Segment 1: Long-Term Committed Loyalists
4785-NKHCX,2,Segment 3: Short-Term High-Charge Users
3196-NVXLZ,0,Segment 3: Short-Term High-Charge Users
6275-YDUVO,0,Segment 3: Short-Term High-Charge Users
0036-IHMOT,3,Segment 1: Long-Term Committed Loyalists
0115-TFERT,0,Segment 3: Short-Term High-Charge Users
4178-EGMON,3,Segment 1: Long-Term Committed Loyalists
4220-TINQT,3,Segment 1: Long-Term Committed Loyalists
5318-YKDPV,3,Segment 1: Long-Term Committed Loyalists
7975-TZMLR,3,Segment 1: Long-Term Committed Loyalists
0295-QVKPB,2,Segment 3: Short-Term High-Charge Users
4335-BSMJS,1,Segment 1: Long-Term Committed Loyalists
2311-QYMUQ,0,Segment 3: Short-Term High-Charge Users
3643-AHCFP,0,Segment 3: Short-Term High-Charge Users
9146-JRIOX,2,Segment 3: Short-Term High-Charge Users
3104-OWCGK,3,Segment 1: Long-Term Committed Loyalists
5337-IIWKZ,2,Segment 3: Short-Term High-Charge Users
9101-BWFSS,3,Segment 1: Long-Term Committed Loyalists
9650-VBUOG,1,Segment 1: Long-Term Committed Loyalists
3487-EARAT,3,Segment 1: Long-Term Committed Loyalists
2672-TGEFF,0,Segment 3: Short-Term High-Charge Users
9231-ZJYAM,0,Segment 3: Short-Term High-Charge Users
4250-WAROZ,0,Segment 3: Short-Term High-Charge Users
8184-WMOFI,3,Segment 1: Long-Term Committed Loyalists
6982-SSHFK,2,Segment 3: Short-Term High-Charge Users
6092-QZVPP,2,Segment 3: Short-Term High-Charge Users
4625-LAMOB,1,Segment 1: Long-Term Committed Loyalists
0727-BMPLR,3,Segment 1: Long-Term Committed Loyalists
0392-BZIUW,3,Segment 1: Long-Term Committed Loyalists
1038-ZAGBI,1,Segment 1: Long-Term Committed Loyalists
6549-NNDYT,2,Segment 3: Short-Term High-Charge Users
3027-ZTDHO,0,Segment 3: Short-Term High-Charge Users
0422-OHQHQ,1,Segment 1: Long-Term Committed Loyalists
6916-HIJSE,3,Segment 1: Long-Term Committed Loyalists
2316-ESMLS,1,Segment 1: Long-Term Committed Loyalists
9778-OGKQZ,3,Segment 1: Long-Term Committed Loyalists
7408-OFWXJ,3,Segment 1: Long-Term Committed Loyalists
6007-TCTST,3,Segment 1: Long-Term Committed Loyalists
2252-NKNSI,3,Segment 1: Long-Term Committed Loyalists
8713-IGZSO,2,Segment 3: Short-Term High-Charge Users
7905-TVXTA,2,Segment 3: Short-Term High-Charge Users
7695-PKLCZ,1,Segment 1: Long-Term Committed Loyalists
2382-BCKQJ,3,Segment 1: Long-Term Committed Loyalists
8374-UULRV,3,Segment 1: Long-Term Committed Loyalists
2207-NHRJK,2,Segment 3: Short-Term High-Charge Users
3224-DFQNQ,3,Segment 1: Long-Term Committed Loyalists
5275-PMFUT,3,Segment 1: Long-Term Committed Loyalists
4795-UXVCJ,1,Segment 1: Long-Term Committed Loyalists
9777-IQHWP,3,Segment 1: Long-Term Committed Loyalists
0947-MUGVO,0,Segment 3: Short-Term High-Charge Users
9944-HKVVB,0,Segment 3: Short-Term High-Charge Users
4124-MMETB,0,Segment 3: Short-Term High-Charge Users
3671-SHRSP,0,Segment 3: Short-Term High-Charge Users
0979-MOZQI,1,Segment 1: Long-Term Committed Loyalists
2732-ISEZX,2,Segment 3: Short-Term High-Charge Users
3313-QKNKB,3,Segment 1: Long-Term Committed Loyalists
0323-XWWTN,1,Segment 1: Long-Term Committed Loyalists
1937-OTUKY,3,Segment 1: Long-Term Committed Loyalists
1573-LGXBA,3,Segment 1: Long-Term Committed Loyalists
1764-VUUMT,1,Segment 1: Long-Term Committed Loyalists
5073-WXOYN,2,Segment 3: Short-Term High-Charge Users
4713-ZBURT,3,Segment 1: Long-Term Committed Loyalists
3050-GBUSH,2,Segment 3: Short-Term High-Charge Users
0207-MDKNV,0,Segment 3: Short-Term High-Charge Users
7876-AEHIG,1,Segment 1: Long-Term Committed Loyalists
7945-HLKEA,3,Segment 1: Long-Term Committed Loyalists
9342-VNIMQ,2,Segment 3: Short-Term High-Charge Users
9851-KIELU,0,Segment 3: Short-Term High-Charge Users
3523-BRGUW,1,Segment 1: Long-Term Committed Loyalists
3908-BLSYF,0,Segment 3: Short-Term High-Charge Users
3199-NPKCN,3,Segment 1: Long-Term Committed Loyalists
5170-PTRKA,1,Segment 1: Long-Term Committed Loyalists
4661-NJEUX,2,Segment 3: Short-Term High-Charge Users
2123-AGEEN,0,Segment 3: Short-Term High-Charge Users
1258-YMZNM,3,Segment 1: Long-Term Committed Loyalists
0048-LUMLS,0,Segment 3: Short-Term High-Charge Users
7549-MYGPK,3,Segment 1: Long-Term Committed Loyalists
5898-IGSLP,0,Segment 3: Short-Term High-Charge Users
3804-RVTGV,3,Segment 1: Long-Term Committed Loyalists
6259-WJQLC,0,Segment 3: Short-Term High-Charge Users
9227-LUNBG,2,Segment 3: Short-Term High-Charge Users
7997-EASSD,3,Segment 1: Long-Term Committed Loyalists
0730-KOAVE,0,Segment 3: Short-Term High-Charge Users
8975-SKGRX,3,Segment 1: Long-Term Committed Loyalists
0678-RLHVP,3,Segment 1: Long-Term Committed Loyalists
4315-MURBD,0,Segment 3: Short-Term High-Charge Users
2267-FPIMA,0,Segment 3: Short-Term High-Charge Users
1051-GEJLJ,2,Segment 3: Short-Term High-Charge Users
9734-YWGEX,0,Segment 3: Short-Term High-Charge Users
2719-BDAQO,0,Segment 3: Short-Term High-Charge Users
5285-MVEHD,3,Segment 1: Long-Term Committed Loyalists
0379-DJQHR,3,Segment 1: Long-Term Committed Loyalists
0781-LKXBR,0,Segment 3: Short-Term High-Charge Users
5543-QDCRY,2,Segment 3: Short-Term High-Charge Users
0297-RBCSG,1,Segment 1: Long-Term Committed Loyalists
4694-PHWFW,2,Segment 3: Short-Term High-Charge Users
0835-JKADZ,3,Segment 1: Long-Term Committed Loyalists
1907-UBQFC,0,Segment 3: Short-Term High-Charge Users
7508-SMHXL,0,Segment 3: Short-Term High-Charge Users
3865-YIOTT,3,Segment 1: Long-Term Committed Loyalists
5993-BQHEA,1,Segment 1: Long-Term Committed Loyalists
6024-RUGGH,1,Segment 1: Long-Term Committed Loyalists
6513-EECDB,0,Segment 3: Short-Term High-Charge Users
3956-CJUST,0,Segment 3: Short-Term High-Charge Users
4079-WWQQQ,3,Segment 1: Long-Term Committed Loyalists
6103-BOCOU,0,Segment 3: Short-Term High-Charge Users
5149-TGWDZ,3,Segment 1: Long-Term Committed Loyalists
7471-WNSUF,1,Segment 1: Long-Term Committed Loyalists
8942-DBMHZ,2,Segment 3: Short-Term High-Charge Users
4301-VVZKA,0,Segment 3: Short-Term High-Charge Users
9199-PWQVC,3,Segment 1: Long-Term Committed Loyalists
4824-GUCBY,0,Segment 3: Short-Term High-Charge Users
5393-HJZSM,2,Segment 3: Short-Term High-Charge Users
7074-IEVOJ,0,Segment 3: Short-Term High-Charge Users
9625-QSTYE,0,Segment 3: Short-Term High-Charge Users
0862-PRCBS,3,Segment 1: Long-Term Committed Loyalists
8812-ZRHFP,0,Segment 3: Short-Term High-Charge Users
5146-CBVOE,0,Segment 3: Short-Term High-Charge Users
0454-OKRCT,3,Segment 1: Long-Term Committed Loyalists
5787-KXGIY,1,Segment 1: Long-Term Committed Loyalists
4750-ZRXIU,0,Segment 3: Short-Term High-Charge Users
4198-VFOEA,1,Segment 1: Long-Term Committed Loyalists
6630-UJZMY,0,Segment 3: Short-Term High-Charge Users
5709-LVOEQ,1,Segment 1: Long-Term Committed Loyalists
6400-BWQKW,0,Segment 3: Short-Term High-Charge Users
2692-AQCPF,3,Segment 1: Long-Term Committed Loyalists
0347-UBKUZ,2,Segment 3: Short-Term High-Charge Users
0835-DUUIQ,1,Segment 1: Long-Term Committed Loyalists
0811-GSDTP,2,Segment 3: Short-Term High-Charge Users
7567-ECMCM,0,Segment 3: Short-Term High-Charge Users
6115-ZTBFQ,3,Segment 1: Long-Term Committed Loyalists
6353-BRMMA,3,Segment 1: Long-Term Committed Loyalists
6680-WKXRZ,0,Segment 3: Short-Term High-Charge Users
6231-WFGFH,2,Segment 3: Short-Term High-Charge Users
9904-EHEVJ,0,Segment 3: Short-Term High-Charge Users
7028-DVOIQ,0,Segment 3: Short-Term High-Charge Users
6169-PPETC,1,Segment 1: Long-Term Committed Loyalists
4208-UFFGW,2,Segment 3: Short-Term High-Charge Users
8584-KMVXD,0,Segment 3: Short-Term High-Charge Users
8467-WYNSR,2,Segment 3: Short-Term High-Charge Users
0851-DFJKB,2,Segment 3: Short-Term High-Charge Users
5382-SOYZL,0,Segment 3: Short-Term High-Charge Users
9448-REEVD,2,Segment 3: Short-Term High-Charge Users
3261-CQXOL,1,Segment 1: Long-Term Committed Loyalists
8388-FYNPZ,2,Segment 3: Short-Term High-Charge Users
4002-BQWPQ,2,Segment 3: Short-Term High-Charge Users
5651-YLPRD,0,Segment 3: Short-Term High-Charge Users
2826-DXLQO,2,Segment 3: Short-Term High-Charge Users
4378-BZYFP,1,Segment 1: Long-Term Committed Loyalists
9489-UTFKA,2,Segment 3: Short-Term High-Charge Users
4849-PYRLQ,3,Segment 1: Long-Term Committed Loyalists
9117-SHLZX,2,Segment 3: Short-Term High-Charge Users
9889-TMAHG,0,Segment 3: Short-Term High-Charge Users
4541-RMRLG,2,Segment 3: Short-Term High-Charge Users
7764-BDPEE,2,Segment 3: Short-Term High-Charge Users
3429-IFLEM,3,Segment 1: Long-Term Committed Loyalists
3158-MOERK,0,Segment 3: Short-Term High-Charge Users
7294-TMAOP,0,Segment 3: Short-Term High-Charge Users
5002-GCQFH,0,Segment 3: Short-Term High-Charge Users
0556-FJEGU,3,Segment 1: Long-Term Committed Loyalists
8919-FYFQZ,2,Segment 3: Short-Term High-Charge Users
0604-THJFP,3,Segment 1: Long-Term Committed Loyalists
2834-JRTUA,3,Segment 1: Long-Term Committed Loyalists
5875-YPQFJ,0,Segment 3: Short-Term High-Charge Users
5879-SESNB,0,Segment 3: Short-Term High-Charge Users
6646-QVXLR,3,Segment 1: Long-Term Committed Loyalists
6461-PPAXN,1,Segment 1: Long-Term Committed Loyalists
3318-ISQFQ,2,Segment 3: Short-Term High-Charge Users
1106-HRLKZ,1,Segment 1: Long-Term Committed Loyalists
2483-XSSMZ,1,Segment 1: Long-Term Committed Loyalists
8603-IJWDN,0,Segment 3: Short-Term High-Charge Users
8165-ZJRNM,1,Segment 1: Long-Term Committed Loyalists
9369-XFEHK,0,Segment 3: Short-Term High-Charge Users
2604-XVDAM,2,Segment 3: Short-Term High-Charge Users
3717-OFRTN,2,Segment 3: Short-Term High-Charge Users
9046-JBFWA,2,Segment 3: Short-Term High-Charge Users
3280-NMUVX,1,Segment 1: Long-Term Committed Loyalists
1206-EHBDD,3,Segment 1: Long-Term Committed Loyalists
8361-LBRDI,1,Segment 1: Long-Term Committed Loyalists
4883-KCPZJ,1,Segment 1: Long-Term Committed Loyalists
9108-EQPNQ,1,Segment 1: Long-Term Committed Loyalists
7277-KAMWT,1,Segment 1: Long-Term Committed Loyalists
3842-IYKUE,0,Segment 3: Short-Term High-Charge Users
6641-XRPSU,0,Segment 3: Short-Term High-Charge Users
1374-DMZUI,0,Segment 3: Short-Term High-Charge Users
2545-LXYVJ,1,Segment 1: Long-Term Committed Loyalists
3234-VKACU,2,Segment 3: Short-Term High-Charge Users
8357-EQXFO,0,Segment 3: Short-Term High-Charge Users
1989-PRJHP,0,Segment 3: Short-Term High-Charge Users
8120-JDCAM,0,Segment 3: Short-Term High-Charge Users
8917-FAEMR,1,Segment 1: Long-Term Committed Loyalists
7047-YXDMZ,2,Segment 3: Short-Term High-Charge Users
2858-EIMXH,3,Segment 1: Long-Term Committed Loyalists
9524-EGPJC,0,Segment 3: Short-Term High-Charge Users
6993-OHLXR,0,Segment 3: Short-Term High-Charge Users
8818-XYFCQ,0,Segment 3: Short-Term High-Charge Users
6419-ZTTLE,1,Segment 1: Long-Term Committed Loyalists
0929-HYQEW,2,Segment 3: Short-Term High-Charge Users
6614-YOLAC,3,Segment 1: Long-Term Committed Loyalists
7426-RHZGU,0,Segment 3: Short-Term High-Charge Users
4065-JJAVA,2,Segment 3: Short-Term High-Charge Users
4695-VADHF,2,Segment 3: Short-Term High-Charge Users
3863-IUBJR,1,Segment 1: Long-Term Committed Loyalists
7649-SIJJF,3,Segment 1: Long-Term Committed Loyalists
9361-YNQWJ,1,Segment 1: Long-Term Committed Loyalists
3748-FVMZZ,2,Segment 3: Short-Term High-Charge Users
9391-TTOYH,2,Segment 3: Short-Term High-Charge Users
1452-XRSJV,2,Segment 3: Short-Term High-Charge Users
3422-WJOYD,1,Segment 1: Long-Term Committed Loyalists
8242-SOQUO,0,Segment 3: Short-Term High-Charge Users
7460-ITWWP,0,Segment 3: Short-Term High-Charge Users
7147-AYBAA,0,Segment 3: Short-Term High-Charge Users
7868-TMWMZ,3,Segment 1: Long-Term Committed Loyalists
4822-RVYBB,0,Segment 3: Short-Term High-Charge Users
6732-FZUGP,3,Segment 1: Long-Term Committed Loyalists
8436-BJUMM,0,Segment 3: Short-Term High-Charge Users
4184-TJFAN,0,Segment 3: Short-Term High-Charge Users
8329-GWVPJ,0,Segment 3: Short-Term High-Charge Users
1352-VHKAJ,2,Segment 3: Short-Term High-Charge Users
4145-UQXUQ,0,Segment 3: Short-Term High-Charge Users
2632-TACXW,1,Segment 1: Long-Term Committed Loyalists
8146-QQKZH,3,Segment 1: Long-Term Committed Loyalists
1767-CJKBA,1,Segment 1: Long-Term Committed Loyalists
6445-TNRXS,3,Segment 1: Long-Term Committed Loyalists
4581-LNWUM,2,Segment 3: Short-Term High-Charge Users
4869-EPIUS,0,Segment 3: Short-Term High-Charge Users
9948-YPTDG,0,Segment 3: Short-Term High-Charge Users
1236-WFCDV,0,Segment 3: Short-Term High-Charge Users
1915-OAKWD,1,Segment 1: Long-Term Committed Loyalists
7296-PIXQY,0,Segment 3: Short-Term High-Charge Users
4883-QICIH,0,Segment 3: Short-Term High-Charge Users
3354-OADJP,1,Segment 1: Long-Term Committed Loyalists
3524-WQDSG,0,Segment 3: Short-Term High-Charge Users
0810-DHDBD,3,Segment 1: Long-Term Committed Loyalists
4026-SKKHW,2,Segment 3: Short-Term High-Charge Users
2829-HYVZP,1,Segment 1: Long-Term Committed Loyalists
8329-IBCTI,2,Segment 3: Short-Term High-Charge Users
1271-SJBGZ,2,Segment 3: Short-Term High-Charge Users
3845-JHAMY,2,Segment 3: Short-Term High-Charge Users
7013-PSXHK,3,Segment 1: Long-Term Committed Loyalists
5669-SRAIP,2,Segment 3: Short-Term High-Charge Users
5981-ITEMU,0,Segment 3: Short-Term High-Charge Users
3486-NPGST,1,Segment 1: Long-Term Committed Loyalists
6941-PMGEP,0,Segment 3: Short-Term High-Charge Users
1624-WOIWJ,0,Segment 3: Short-Term High-Charge Users
2074-GKOWZ,0,Segment 3: Short-Term High-Charge Users
0376-YMCJC,0,Segment 3: Short-Term High-Charge Users
6100-FJZDG,1,Segment 1: Long-Term Committed Loyalists
4829-ZLJTK,3,Segment 1: Long-Term Committed Loyalists
1730-VFMWO,2,Segment 3: Short-Term High-Charge Users
7143-BQIBA,2,Segment 3: Short-Term High-Charge Users
3800-LYTRK,1,Segment 1: Long-Term Committed Loyalists
0634-SZPQA,0,Segment 3: Short-Term High-Charge Users
9646-NMHXE,1,Segment 1: Long-Term Committed Loyalists
7030-NJVDP,0,Segment 3: Short-Term High-Charge Users
5536-RTPWK,0,Segment 3: Short-Term High-Charge Users
8883-GRDWQ,1,Segment 1: Long-Term Committed Loyalists
6166-ILMNY,0,Segment 3: Short-Term High-Charge Users
3097-NNSPB,2,Segment 3: Short-Term High-Charge Users
7771-ZONAT,1,Segment 1: Long-Term Committed Loyalists
0655-RBDUG,0,Segment 3: Short-Term High-Charge Users
2111-DWYHN,2,Segment 3: Short-Term High-Charge Users
4194-WHFCB,3,Segment 1: Long-Term Committed Loyalists
4121-AGSIN,1,Segment 1: Long-Term Committed Loyalists
4361-BKAXE,3,Segment 1: Long-Term Committed Loyalists
9845-PEEKO,3,Segment 1: Long-Term Committed Loyalists
0455-XFASS,0,Segment 3: Short-Term High-Charge Users
0301-KOBTQ,1,Segment 1: Long-Term Committed Loyalists
1751-NCDLI,0,Segment 3: Short-Term High-Charge Users
4367-NUYAO,1,Segment 1: Long-Term Committed Loyalists
9878-TNQGW,0,Segment 3: Short-Term High-Charge Users
9170-ARBTB,1,Segment 1: Long-Term Committed Loyalists
4441-NIHPT,0,Segment 3: Short-Term High-Charge Users
8999-BOHSE,0,Segment 3: Short-Term High-Charge Users
7241-AJHFS,0,Segment 3: Short-Term High-Charge Users
7029-RPUAV,0,Segment 3: Short-Term High-Charge Users
4546-FOKWR,0,Segment 3: Short-Term High-Charge Users
9036-CSKBW,3,Segment 1: Long-Term Committed Loyalists
5832-TRLPB,1,Segment 1: Long-Term Committed Loyalists
8590-YFFQO,3,Segment 1: Long-Term Committed Loyalists
8659-IOOPU,3,Segment 1: Long-Term Committed Loyalists
1338-CECEE,1,Segment 1: Long-Term Committed Loyalists
7439-DKZTW,0,Segment 3: Short-Term High-Charge Users
4646-QZXTF,2,Segment 3: Short-Term High-Charge Users
4607-CHPCA,0,Segment 3: Short-Term High-Charge Users
9742-XOKTS,3,Segment 1: Long-Term Committed Loyalists
6921-OZMFH,2,Segment 3: Short-Term High-Charge Users
9578-FOMUK,2,Segment 3: Short-Term High-Charge Users
4712-UYOOI,2,Segment 3: Short-Term High-Charge Users
8824-RWFXJ,2,Segment 3: Short-Term High-Charge Users
7722-CVFXN,3,Segment 1: Long-Term Committed Loyalists
8717-VCTXJ,1,Segment 1: Long-Term Committed Loyalists
7363-QTBIW,0,Segment 3: Short-Term High-Charge Users
4159-NAAIX,3,Segment 1: Long-Term Committed Loyalists
0971-QIFJK,1,Segment 1: Long-Term Committed Loyalists
9397-TZSHA,1,Segment 1: Long-Term Committed Loyalists
3391-JSQEW,2,Segment 3: Short-Term High-Charge Users
0343-QLUZP,1,Segment 1: Long-Term Committed Loyalists
9763-PDTKK,0,Segment 3: Short-Term High-Charge Users
2176-LVPNX,3,Segment 1: Long-Term Committed Loyalists
7627-JKIAZ,0,Segment 3: Short-Term High-Charge Users
3312-UUMZW,0,Segment 3: Short-Term High-Charge Users
1271-UODNO,1,Segment 1: Long-Term Committed Loyalists
8461-EFQYM,1,Segment 1: Long-Term Committed Loyalists
6900-RBKER,3,Segment 1: Long-Term Committed Loyalists
6891-JPYFF,3,Segment 1: Long-Term Committed Loyalists
1459-QNFQT,3,Segment 1: Long-Term Committed Loyalists
1047-NNCBF,0,Segment 3: Short-Term High-Charge Users
3696-XRIEN,3,Segment 1: Long-Term Committed Loyalists
4081-DYXAV,1,Segment 1: Long-Term Committed Loyalists
0074-HDKDG,1,Segment 1: Long-Term Committed Loyalists
8791-GFXLZ,2,Segment 3: Short-Term High-Charge Users
8111-SLLHI,0,Segment 3: Short-Term High-Charge Users
0927-LCSMG,0,Segment 3: Short-Term High-Charge Users
9330-DHBFL,1,Segment 1: Long-Term Committed Loyalists
0098-BOWSO,2,Segment 3: Short-Term High-Charge Users
3452-ABWRL,0,Segment 3: Short-Term High-Charge Users
5859-HZYLF,1,Segment 1: Long-Term Committed Loyalists
8257-RZAHR,2,Segment 3: Short-Term High-Charge Users
5293-WXJAK,0,Segment 3: Short-Term High-Charge Users
3156-QLHBO,2,Segment 3: Short-Term High-Charge Users
2208-NQBCT,0,Segment 3: Short-Term High-Charge Users
1779-PWPMG,3,Segment 1: Long-Term Committed Loyalists
6621-NRZAK,1,Segment 1: Long-Term Committed Loyalists
0831-JNISG,1,Segment 1: Long-Term Committed Loyalists
0774-IFUVM,2,Segment 3: Short-Term High-Charge Users
3082-WQRVY,1,Segment 1: Long-Term Committed Loyalists
9553-DLCLU,3,Segment 1: Long-Term Committed Loyalists
1641-BYBTK,2,Segment 3: Short-Term High-Charge Users
2460-NGXBJ,0,Segment 3: Short-Term High-Charge Users
2446-ZKVAF,2,Segment 3: Short-Term High-Charge Users
0841-NULXI,2,Segment 3: Short-Term High-Charge Users
3522-CDKHF,0,Segment 3: Short-Term High-Charge Users
1430-SFQSA,1,Segment 1: Long-Term Committed Loyalists
0411-EZJZE,2,Segment 3: Short-Term High-Charge Users
7851-WZEKY,0,Segment 3: Short-Term High-Charge Users
8844-TONUD,0,Segment 3: Short-Term High-Charge Users
8807-ARQET,2,Segment 3: Short-Term High-Charge Users
8992-CEUEN,2,Segment 3: Short-Term High-Charge Users
4320-QMLLA,2,Segment 3: Short-Term High-Charge Users
8777-PVYGU,1,Segment 1: Long-Term Committed Loyalists
8292-ITGYJ,1,Segment 1: Long-Term Committed Loyalists
6870-ZWMNX,3,Segment 1: Long-Term Committed Loyalists
0621-CXBKL,1,Segment 1: Long-Term Committed Loyalists
5268-DSMNQ,3,Segment 1: Long-Term Committed Loyalists
5334-JLAXU,3,Segment 1: Long-Term Committed Loyalists
4086-YQSNZ,0,Segment 3: Short-Term High-Charge Users
6242-MBHPK,0,Segment 3: Short-Term High-Charge Users
5868-CZJDR,2,Segment 3: Short-Term High-Charge Users
9359-UGBTK,3,Segment 1: Long-Term Committed Loyalists
0135-NMXAP,0,Segment 3: Short-Term High-Charge Users
4782-OSFXZ,3,Segment 1: Long-Term Committed Loyalists
6479-OAUSD,1,Segment 1: Long-Term Committed Loyalists
7129-ACFOG,2,Segment 3: Short-Term High-Charge Users
4189-NAKJS,1,Segment 1: Long-Term Committed Loyalists
5562-BETPV,1,Segment 1: Long-Term Committed Loyalists
1282-IHQAC,1,Segment 1: Long-Term Committed Loyalists
9127-FHJBZ,3,Segment 1: Long-Term Committed Loyalists
6270-OMFIW,3,Segment 1: Long-Term Committed Loyalists
1641-RQDAY,0,Segment 3: Short-Term High-Charge Users
0107-WESLM,2,Segment 3: Short-Term High-Charge Users
6994-ORCWG,1,Segment 1: Long-Term Committed Loyalists
1346-UFHAX,0,Segment 3: Short-Term High-Charge Users
3992-YWPKO,0,Segment 3: Short-Term High-Charge Users
2933-XEUJM,3,Segment 1: Long-Term Committed Loyalists
0125-LZQXK,0,Segment 3: Short-Term High-Charge Users
5461-QKNTN,0,Segment 3: Short-Term High-Charge Users
4835-YSJMR,1,Segment 1: Long-Term Committed Loyalists
8399-YNDCH,2,Segment 3: Short-Term High-Charge Users
3164-YAXFY,2,Segment 3: Short-Term High-Charge Users
0887-WBJVH,3,Segment 1: Long-Term Committed Loyalists
4660-IRIBM,0,Segment 3: Short-Term High-Charge Users
5673-FSSMF,2,Segment 3: Short-Term High-Charge Users
7670-ZBPOQ,1,Segment 1: Long-Term Committed Loyalists
8089-UZWLX,3,Segment 1: Long-Term Committed Loyalists
0080-OROZO,0,Segment 3: Short-Term High-Charge Users
3916-NRPAP,0,Segment 3: Short-Term High-Charge Users
6807-SIWJI,3,Segment 1: Long-Term Committed Loyalists
8221-HVAYI,1,Segment 1: Long-Term Committed Loyalists
1579-KLYDT,0,Segment 3: Short-Term High-Charge Users
5232-NXPAY,3,Segment 1: Long-Term Committed Loyalists
8967-SZQAS,2,Segment 3: Short-Term High-Charge Users
4468-KAZHE,2,Segment 3: Short-Term High-Charge Users
0455-ENTCR,3,Segment 1: Long-Term Committed Loyalists
8944-AILEF,2,Segment 3: Short-Term High-Charge Users
5542-NKVRU,1,Segment 1: Long-Term Committed Loyalists
7126-RBHSD,0,Segment 3: Short-Term High-Charge Users
5370-IIVVL,3,Segment 1: Long-Term Committed Loyalists
6789-HJBWG,2,Segment 3: Short-Term High-Charge Users
3927-NLNRY,3,Segment 1: Long-Term Committed Loyalists
9087-EYCPR,1,Segment 1: Long-Term Committed Loyalists
6791-YBNAK,2,Segment 3: Short-Term High-Charge Users
6358-LYNGM,0,Segment 3: Short-Term High-Charge Users
6077-BDPXA,0,Segment 3: Short-Term High-Charge Users
0013-MHZWF,2,Segment 3: Short-Term High-Charge Users
5494-HECPR,0,Segment 3: Short-Term High-Charge Users
8268-YDIXR,3,Segment 1: Long-Term Committed Loyalists
9824-BEMCV,0,Segment 3: Short-Term High-Charge Users
1373-ORVIZ,2,Segment 3: Short-Term High-Charge Users
4291-SHSBH,0,Segment 3: Short-Term High-Charge Users
6980-IMXXE,1,Segment 1: Long-Term Committed Loyalists
9866-QEVEE,0,Segment 3: Short-Term High-Charge Users
9897-KXHCM,0,Segment 3: Short-Term High-Charge Users
0040-HALCW,1,Segment 1: Long-Term Committed Loyalists
0784-GTUUK,1,Segment 1: Long-Term Committed Loyalists
7979-CORPM,0,Segment 3: Short-Term High-Charge Users
2294-DMMUS,3,Segment 1: Long-Term Committed Loyalists
0872-JCPIB,2,Segment 3: Short-Term High-Charge Users
3055-MJDSB,2,Segment 3: Short-Term High-Charge Users
9091-WTUUY,3,Segment 1: Long-Term Committed Loyalists
1618-CFHME,0,Segment 3: Short-Term High-Charge Users
3165-HDOEW,2,Segment 3: Short-Term High-Charge Users
6581-NQCBA,2,Segment 3: Short-Term High-Charge Users
7115-IRDHS,1,Segment 1: Long-Term Committed Loyalists
8496-DMZUK,3,Segment 1: Long-Term Committed Loyalists
2040-VZIKE,0,Segment 3: Short-Term High-Charge Users
9068-VPWQQ,3,Segment 1: Long-Term Committed Loyalists
0178-SZBHO,0,Segment 3: Short-Term High-Charge Users
0384-RVBPI,2,Segment 3: Short-Term High-Charge Users
1689-MRZQR,0,Segment 3: Short-Term High-Charge Users
1299-AURJA,1,Segment 1: Long-Term Committed Loyalists
4525-VZCZG,3,Segment 1: Long-Term Committed Loyalists
1543-LLLFT,3,Segment 1: Long-Term Committed Loyalists
5835-BEQEU,0,Segment 3: Short-Term High-Charge Users
2788-CJQAQ,1,Segment 1: Long-Term Committed Loyalists
5565-FILXA,0,Segment 3: Short-Term High-Charge Users
0319-QZTCO,2,Segment 3: Short-Term High-Charge Users
2120-SMPEX,2,Segment 3: Short-Term High-Charge Users
0096-FCPUF,2,Segment 3: Short-Term High-Charge Users
0668-OGMHD,2,Segment 3: Short-Term High-Charge Users
5552-ZNFSJ,2,Segment 3: Short-Term High-Charge Users
2223-KAGMX,2,Segment 3: Short-Term High-Charge Users
6507-ZJSUR,0,Segment 3: Short-Term High-Charge Users
9408-HRXRK,0,Segment 3: Short-Term High-Charge Users
5593-SUAOO,0,Segment 3: Short-Term High-Charge Users
7321-PKUYW,0,Segment 3: Short-Term High-Charge Users
2833-SLKDQ,2,Segment 3: Short-Term High-Charge Users
6766-HFKLA,3,Segment 1: Long-Term Committed Loyalists
7595-EUIVN,0,Segment 3: Short-Term High-Charge Users
7617-EYGLW,2,Segment 3: Short-Term High-Charge Users
2026-TGDHM,0,Segment 3: Short-Term High-Charge Users
9220-ZNKJI,3,Segment 1: Long-Term Committed Loyalists
4030-VPZBD,2,Segment 3: Short-Term High-Charge Users
2226-ICFDO,3,Segment 1: Long-Term Committed Loyalists
0723-VSOBE,1,Segment 1: Long-Term Committed Loyalists
5529-GIBVH,1,Segment 1: Long-Term Committed Loyalists
4187-CINZD,3,Segment 1: Long-Term Committed Loyalists
9992-UJOEL,2,Segment 3: Short-Term High-Charge Users
4741-WWJQZ,0,Segment 3: Short-Term High-Charge Users
6625-UTXEW,2,Segment 3: Short-Term High-Charge Users
6818-WOBHJ,3,Segment 1: Long-Term Committed Loyalists
6244-BESBM,3,Segment 1: Long-Term Committed Loyalists
1004-NOZNR,3,Segment 1: Long-Term Committed Loyalists
1251-STYSZ,0,Segment 3: Short-Term High-Charge Users
2612-PHGOX,3,Segment 1: Long-Term Committed Loyalists
2408-TZMJL,3,Segment 1: Long-Term Committed Loyalists
8480-PPONV,3,Segment 1: Long-Term Committed Loyalists
8780-IHCRN,1,Segment 1: Long-Term Committed Loyalists
4598-ZADCK,1,Segment 1: Long-Term Committed Loyalists
1257-SXUXQ,2,Segment 3: Short-Term High-Charge Users
9681-KYGYB,0,Segment 3: Short-Term High-Charge Users
7182-OVLBJ,3,Segment 1: Long-Term Committed Loyalists
5095-ETBRJ,1,Segment 1: Long-Term Committed Loyalists
7005-CYUIL,3,Segment 1: Long-Term Committed Loyalists
4821-WQOYN,1,Segment 1: Long-Term Committed Loyalists
4730-AWNAU,1,Segment 1: Long-Term Committed Loyalists
3452-FLHYD,1,Segment 1: Long-Term Committed Loyalists
2388-LAESQ,3,Segment 1: Long-Term Committed Loyalists
9531-NSBMR,1,Segment 1: Long-Term Committed Loyalists
6260-ONULR,2,Segment 3: Short-Term High-Charge Users
4389-UEFCZ,3,Segment 1: Long-Term Committed Loyalists
8711-LOBKY,1,Segment 1: Long-Term Committed Loyalists
9134-CEQMF,0,Segment 3: Short-Term High-Charge Users
8985-OOPOS,2,Segment 3: Short-Term High-Charge Users
8800-ZKRFW,0,Segment 3: Short-Term High-Charge Users
2616-FLVQC,1,Segment 1: Long-Term Committed Loyalists
9968-FFVVH,3,Segment 1: Long-Term Committed Loyalists
3108-PCCGG,3,Segment 1: Long-Term Committed Loyalists
7993-PYKOF,0,Segment 3: Short-Term High-Charge Users
8390-FESFV,3,Segment 1: Long-Term Committed Loyalists
3022-BEXHZ,3,Segment 1: Long-Term Committed Loyalists
5027-XWQHA,2,Segment 3: Short-Term High-Charge Users
6248-TKCQV,3,Segment 1: Long-Term Committed Loyalists
6729-GDNGC,0,Segment 3: Short-Term High-Charge Users
6198-ZFIOJ,0,Segment 3: Short-Term High-Charge Users
5989-OMNJE,1,Segment 1: Long-Term Committed Loyalists
4566-QVRRW,2,Segment 3: Short-Term High-Charge Users
1291-CUOCY,3,Segment 1: Long-Term Committed Loyalists
9795-SHUHB,1,Segment 1: Long-Term Committed Loyalists
3230-IUALN,3,Segment 1: Long-Term Committed Loyalists
0042-RLHYP,1,Segment 1: Long-Term Committed Loyalists
8519-IMDHU,0,Segment 3: Short-Term High-Charge Users
4945-RVMTE,2,Segment 3: Short-Term High-Charge Users
0201-OAMXR,3,Segment 1: Long-Term Committed Loyalists
1866-NXPSP,3,Segment 1: Long-Term Committed Loyalists
3372-KWFBM,0,Segment 3: Short-Term High-Charge Users
7831-QGOXH,0,Segment 3: Short-Term High-Charge Users
6393-WRYZE,0,Segment 3: Short-Term High-Charge Users
3941-XTSKM,1,Segment 1: Long-Term Committed Loyalists
1661-CZBAU,3,Segment 1: Long-Term Committed Loyalists
6599-RCLCJ,0,Segment 3: Short-Term High-Charge Users
9831-BPFRI,0,Segment 3: Short-Term High-Charge Users
5158-RIVOP,1,Segment 1: Long-Term Committed Loyalists
9788-YTFGE,2,Segment 3: Short-Term High-Charge Users
9277-JOOMO,2,Segment 3: Short-Term High-Charge Users
1907-YLNYW,2,Segment 3: Short-Term High-Charge Users
1725-MIMXW,2,Segment 3: Short-Term High-Charge Users
8947-YRTDV,3,Segment 1: Long-Term Committed Loyalists
3161-ONRWK,3,Segment 1: Long-Term Committed Loyalists
0114-RSRRW,2,Segment 3: Short-Term High-Charge Users
4565-NLZBV,1,Segment 1: Long-Term Committed Loyalists
0031-PVLZI,2,Segment 3: Short-Term High-Charge Users
7206-GZCDC,0,Segment 3: Short-Term High-Charge Users
6682-VCIXC,1,Segment 1: Long-Term Committed Loyalists
4791-QRGMF,3,Segment 1: Long-Term Committed Loyalists
6475-VHUIZ,2,Segment 3: Short-Term High-Charge Users
3910-MRQOY,1,Segment 1: Long-Term Committed Loyalists
0661-WCQNQ,1,Segment 1: Long-Term Committed Loyalists
7537-RBWEA,2,Segment 3: Short-Term High-Charge Users
4656-CAURT,1,Segment 1: Long-Term Committed Loyalists
0121-SNYRK,1,Segment 1: Long-Term Committed Loyalists
1768-ZAIFU,2,Segment 3: Short-Term High-Charge Users
4671-LXRDQ,2,Segment 3: Short-Term High-Charge Users
3733-LSYCE,0,Segment 3: Short-Term High-Charge Users
6265-FRMTQ,1,Segment 1: Long-Term Committed Loyalists
1934-SJVJK,2,Segment 3: Short-Term High-Charge Users
3838-OZURD,3,Segment 1: Long-Term Committed Loyalists
1371-DWPAZ,1,Segment 1: Long-Term Committed Loyalists
9269-CQOOL,2,Segment 3: Short-Term High-Charge Users
2017-CCBLH,1,Segment 1: Long-Term Committed Loyalists
7690-KPNCU,3,Segment 1: Long-Term Committed Loyalists
0536-BGFMZ,2,Segment 3: Short-Term High-Charge Users
2293-IJWPS,3,Segment 1: Long-Term Committed Loyalists
2845-HSJCY,0,Segment 3: Short-Term High-Charge Users
5469-NUJUR,1,Segment 1: Long-Term Committed Loyalists
1184-PJVDB,0,Segment 3: Short-Term High-Charge Users
2625-TRCZQ,2,Segment 3: Short-Term High-Charge Users
4102-HLENU,3,Segment 1: Long-Term Committed Loyalists
7266-GSSJX,2,Segment 3: Short-Term High-Charge Users
7722-VJRQD,3,Segment 1: Long-Term Committed Loyalists
7073-QETQY,1,Segment 1: Long-Term Committed Loyalists
9415-DPEWS,0,Segment 3: Short-Term High-Charge Users
5624-RYAMH,2,Segment 3: Short-Term High-Charge Users
0196-JTUQI,0,Segment 3: Short-Term High-Charge Users
7130-YXBRO,3,Segment 1: Long-Term Committed Loyalists
9272-LSVYH,0,Segment 3: Short-Term High-Charge Users
7943-RQCHR,0,Segment 3: Short-Term High-Charge Users
3793-MMFUH,0,Segment 3: Short-Term High-Charge Users
3249-ZPQRG,0,Segment 3: Short-Term High-Charge Users
2568-BRGYX,0,Segment 3: Short-Term High-Charge Users
3084-DOWLE,3,Segment 1: Long-Term Committed Loyalists
1084-MNSMJ,3,Segment 1: Long-Term Committed Loyalists
7721-JXEAW,2,Segment 3: Short-Term High-Charge Users
7249-WBIYX,0,Segment 3: Short-Term High-Charge Users
4238-HFHSN,0,Segment 3: Short-Term High-Charge Users
6250-CGGUN,3,Segment 1: Long-Term Committed Loyalists
5478-JJVZK,2,Segment 3: Short-Term High-Charge Users
7596-IIWYC,1,Segment 1: Long-Term Committed Loyalists
6567-HOOPW,0,Segment 3: Short-Term High-Charge Users
9793-WECQC,0,Segment 3: Short-Term High-Charge Users
4291-HPAXL,2,Segment 3: Short-Term High-Charge Users
8999-YPYBV,3,Segment 1: Long-Term Committed Loyalists
1839-FBNFR,1,Segment 1: Long-Term Committed Loyalists
3164-AALRN,1,Segment 1: Long-Term Committed Loyalists
3071-MVJCD,3,Segment 1: Long-Term Committed Loyalists
1697-BCSHV,2,Segment 3: Short-Term High-Charge Users
0562-KBDVM,1,Segment 1: Long-Term Committed Loyalists
1131-SUEKT,3,Segment 1: Long-Term Committed Loyalists
3717-OEAUQ,0,Segment 3: Short-Term High-Charge Users
4538-WNTMJ,1,Segment 1: Long-Term Committed Loyalists
3334-CTHOL,2,Segment 3: Short-Term High-Charge Users
4704-ERYFC,0,Segment 3: Short-Term High-Charge Users
9432-RUVSL,3,Segment 1: Long-Term Committed Loyalists
8060-HIWJJ,3,Segment 1: Long-Term Committed Loyalists
7684-XSZIY,1,Segment 1: Long-Term Committed Loyalists
9089-UOWJG,2,Segment 3: Short-Term High-Charge Users
8621-MNIHH,0,Segment 3: Short-Term High-Charge Users
8039-ACLPL,3,Segment 1: Long-Term Committed Loyalists
9885-AIBVB,0,Segment 3: Short-Term High-Charge Users
1934-MKPXS,1,Segment 1: Long-Term Committed Loyalists
2592-YKDIF,2,Segment 3: Short-Term High-Charge Users
2272-JKMSI,3,Segment 1: Long-Term Committed Loyalists
0471-LVHGK,3,Segment 1: Long-Term Committed Loyalists
9518-RWHZL,3,Segment 1: Long-Term Committed Loyalists
8714-CTZJW,0,Segment 3: Short-Term High-Charge Users
3569-EDBPQ,0,Segment 3: Short-Term High-Charge Users
3131-NWVFJ,1,Segment 1: Long-Term Committed Loyalists
7521-YXVZY,2,Segment 3: Short-Term High-Charge Users
5419-CONWX,0,Segment 3: Short-Term High-Charge Users
6240-EURKS,2,Segment 3: Short-Term High-Charge Users
2373-NTKOD,2,Segment 3: Short-Term High-Charge Users
1970-KKFWL,1,Segment 1: Long-Term Committed Loyalists
6960-HVYXR,0,Segment 3: Short-Term High-Charge Users
9337-SRRNI,1,Segment 1: Long-Term Committed Loyalists
0895-UADGO,1,Segment 1: Long-Term Committed Loyalists
5678-VFNEQ,3,Segment 1: Long-Term Committed Loyalists
5977-CKHON,0,Segment 3: Short-Term High-Charge Users
7024-OHCCK,0,Segment 3: Short-Term High-Charge Users
2692-BUCFV,0,Segment 3: Short-Term High-Charge Users
7861-UVUFT,0,Segment 3: Short-Term High-Charge Users
1830-GGFNM,3,Segment 1: Long-Term Committed Loyalists
5302-BDJNT,0,Segment 3: Short-Term High-Charge Users
5223-UZAVK,3,Segment 1: Long-Term Committed Loyalists
4859-ZSRDZ,1,Segment 1: Long-Term Committed Loyalists
5651-WYIPH,2,Segment 3: Short-Term High-Charge Users
9350-VLHMB,3,Segment 1: Long-Term Committed Loyalists
3498-LZGQZ,1,Segment 1: Long-Term Committed Loyalists
8785-CJSHH,0,Segment 3: Short-Term High-Charge Users
5357-TZHPP,0,Segment 3: Short-Term High-Charge Users
3870-SPZSI,3,Segment 1: Long-Term Committed Loyalists
0680-DFNNY,0,Segment 3: Short-Term High-Charge Users
7560-QRBXH,1,Segment 1: Long-Term Committed Loyalists
7077-XJMET,2,Segment 3: Short-Term High-Charge Users
8752-GHJFU,3,Segment 1: Long-Term Committed Loyalists
6896-SRVYQ,0,Segment 3: Short-Term High-Charge Users
7767-UXAGJ,2,Segment 3: Short-Term High-Charge Users
4652-ODEVH,1,Segment 1: Long-Term Committed Loyalists
6510-UPNKS,1,Segment 1: Long-Term Committed Loyalists
6718-BDGHG,1,Segment 1: Long-Term Committed Loyalists
9046-DQMTP,2,Segment 3: Short-Term High-Charge Users
6439-LAJXL,2,Segment 3: Short-Term High-Charge Users
1571-SAVHK,0,Segment 3: Short-Term High-Charge Users
9052-VKDUW,3,Segment 1: Long-Term Committed Loyalists
9546-CQJSU,0,Segment 3: Short-Term High-Charge Users
1666-JZPZT,2,Segment 3: Short-Term High-Charge Users
5777-KJIRB,1,Segment 1: Long-Term Committed Loyalists
0506-LVNGN,0,Segment 3: Short-Term High-Charge Users
7677-SJJJK,1,Segment 1: Long-Term Committed Loyalists
2480-EJWYP,3,Segment 1: Long-Term Committed Loyalists
3253-HKOKL,3,Segment 1: Long-Term Committed Loyalists
7055-HNEOJ,2,Segment 3: Short-Term High-Charge Users
5514-YQENT,3,Segment 1: Long-Term Committed Loyalists
3211-AAPKX,0,Segment 3: Short-Term High-Charge Users
8445-DNBAE,2,Segment 3: Short-Term High-Charge Users
2951-QOQTK,0,Segment 3: Short-Term High-Charge Users
2958-NHPPS,2,Segment 3: Short-Term High-Charge Users
6806-YDEUL,2,Segment 3: Short-Term High-Charge Users
1735-XMJVH,2,Segment 3: Short-Term High-Charge Users
6890-PFRQX,2,Segment 3: Short-Term High-Charge Users
0222-CNVPT,2,Segment 3: Short-Term High-Charge Users
5899-OUVKV,0,Segment 3: Short-Term High-Charge Users
8681-ICONS,2,Segment 3: Short-Term High-Charge Users
1621-YNCJH,3,Segment 1: Long-Term Committed Loyalists
3473-XIIIT,0,Segment 3: Short-Term High-Charge Users
6362-QHAFM,3,Segment 1: Long-Term Committed Loyalists
7893-IXHRQ,2,Segment 3: Short-Term High-Charge Users
3070-BDOQC,3,Segment 1: Long-Term Committed Loyalists
2952-QAYZF,0,Segment 3: Short-Term High-Charge Users
6234-PFPXL,0,Segment 3: Short-Term High-Charge Users
9824-QCJPK,1,Segment 1: Long-Term Committed Loyalists
4763-PGDPO,0,Segment 3: Short-Term High-Charge Users
4283-IVYCI,2,Segment 3: Short-Term High-Charge Users
1866-OBPNR,0,Segment 3: Short-Term High-Charge Users
8205-MQUGY,2,Segment 3: Short-Term High-Charge Users
8970-ANWXO,1,Segment 1: Long-Term Committed Loyalists
9480-BQJEI,3,Segment 1: Long-Term Committed Loyalists
5394-SVGJV,0,Segment 3: Short-Term High-Charge Users
6979-TNDEU,2,Segment 3: Short-Term High-Charge Users
9777-WJJPR,0,Segment 3: Short-Term High-Charge Users
9283-LZQOH,0,Segment 3: Short-Term High-Charge Users
7079-QRCBC,0,Segment 3: Short-Term High-Charge Users
9495-SKLKD,0,Segment 3: Short-Term High-Charge Users
6048-UWKAL,3,Segment 1: Long-Term Committed Loyalists
5067-DGXLL,2,Segment 3: Short-Term High-Charge Users
5469-CTCWN,3,Segment 1: Long-Term Committed Loyalists
9851-QXEEQ,0,Segment 3: Short-Term High-Charge Users
6281-FKEWS,1,Segment 1: Long-Term Committed Loyalists
8898-KASCD,1,Segment 1: Long-Term Committed Loyalists
9242-TKFSV,3,Segment 1: Long-Term Committed Loyalists
9290-SHCMB,0,Segment 3: Short-Term High-Charge Users
0743-HNPFG,3,Segment 1: Long-Term Committed Loyalists
2277-BKJKN,3,Segment 1: Long-Term Committed Loyalists
9809-IMGCQ,0,Segment 3: Short-Term High-Charge Users
5208-HFSBT,2,Segment 3: Short-Term High-Charge Users
5035-PGZXH,3,Segment 1: Long-Term Committed Loyalists
8695-WDYEA,2,Segment 3: Short-Term High-Charge Users
6543-JXSOO,1,Segment 1: Long-Term Committed Loyalists
8016-ZMGMO,3,Segment 1: Long-Term Committed Loyalists
8605-ITULD,2,Segment 3: Short-Term High-Charge Users
3254-YRILK,0,Segment 3: Short-Term High-Charge Users
6416-YJTTB,0,Segment 3: Short-Term High-Charge Users
2667-WYLWJ,1,Segment 1: Long-Term Committed Loyalists
4472-VESGY,3,Segment 1: Long-Term Committed Loyalists
3195-TQDZX,2,Segment 3: Short-Term High-Charge Users
3128-YOVTD,0,Segment 3: Short-Term High-Charge Users
0529-ONKER,0,Segment 3: Short-Term High-Charge Users
1728-CXQBE,0,Segment 3: Short-Term High-Charge Users
7041-TXQJH,2,Segment 3: Short-Term High-Charge Users
5014-GSOUQ,1,Segment 1: Long-Term Committed Loyalists
5724-BIDBU,1,Segment 1: Long-Term Committed Loyalists
0481-SUMCB,3,Segment 1: Long-Term Committed Loyalists
1769-GRUIK,0,Segment 3: Short-Term High-Charge Users
5240-IJOQT,0,Segment 3: Short-Term High-Charge Users
8819-WFGGJ,1,Segment 1: Long-Term Committed Loyalists
7427-AUFPY,1,Segment 1: Long-Term Committed Loyalists
2811-POVEX,0,Segment 3: Short-Term High-Charge Users
1092-GANHU,0,Segment 3: Short-Term High-Charge Users
7898-PDWQE,3,Segment 1: Long-Term Committed Loyalists
9972-EWRJS,1,Segment 1: Long-Term Committed Loyalists
9314-IJWSQ,0,Segment 3: Short-Term High-Charge Users
0661-XEYAN,2,Segment 3: Short-Term High-Charge Users
5799-JRCZO,1,Segment 1: Long-Term Committed Loyalists
1921-KYSAY,3,Segment 1: Long-Term Committed Loyalists
6198-RTPMF,0,Segment 3: Short-Term High-Charge Users
2924-KHUVI,3,Segment 1: Long-Term Committed Loyalists
1925-GMVBW,2,Segment 3: Short-Term High-Charge Users
7881-EVUAD,2,Segment 3: Short-Term High-Charge Users
6184-DYUOB,2,Segment 3: Short-Term High-Charge Users
9207-ZPANB,3,Segment 1: Long-Term Committed Loyalists
5766-XQXMQ,2,Segment 3: Short-Term High-Charge Users
9327-QSDED,2,Segment 3: Short-Term High-Charge Users
1656-DRSMG,3,Segment 1: Long-Term Committed Loyalists
3012-VFFMN,2,Segment 3: Short-Term High-Charge Users
2984-AFWNC,0,Segment 3: Short-Term High-Charge Users
0640-YJTPY,1,Segment 1: Long-Term Committed Loyalists
8096-LOIST,2,Segment 3: Short-Term High-Charge Users
9764-REAFF,1,Segment 1: Long-Term Committed Loyalists
3703-VAVCL,0,Segment 3: Short-Term High-Charge Users
7107-UBYKY,2,Segment 3: Short-Term High-Charge Users
4881-GQJTW,2,Segment 3: Short-Term High-Charge Users
8519-QJGJD,0,Segment 3: Short-Term High-Charge Users
7876-DNYAP,1,Segment 1: Long-Term Committed Loyalists
7905-NJMXS,2,Segment 3: Short-Term High-Charge Users
2882-WDTBA,3,Segment 1: Long-Term Committed Loyalists
2091-GPPIQ,3,Segment 1: Long-Term Committed Loyalists
6326-MTTXK,0,Segment 3: Short-Term High-Charge Users
5071-FBJFS,2,Segment 3: Short-Term High-Charge Users
2796-UUZZO,0,Segment 3: Short-Term High-Charge Users
2429-AYKKO,1,Segment 1: Long-Term Committed Loyalists
9798-OPFEM,1,Segment 1: Long-Term Committed Loyalists
0330-IVZHA,0,Segment 3: Short-Term High-Charge Users
3794-NFNCH,2,Segment 3: Short-Term High-Charge Users
5193-QLVZB,3,Segment 1: Long-Term Committed Loyalists
7114-AEOZE,1,Segment 1: Long-Term Committed Loyalists
2886-KEFUM,3,Segment 1: Long-Term Committed Loyalists
5522-NYKPB,0,Segment 3: Short-Term High-Charge Users
4237-RLAQD,2,Segment 3: Short-Term High-Charge Users
9957-YODKZ,0,Segment 3: Short-Term High-Charge Users
6518-KZXCB,1,Segment 1: Long-Term Committed Loyalists
2245-ADZFJ,3,Segment 1: Long-Term Committed Loyalists
7776-QGYJC,0,Segment 3: Short-Term High-Charge Users
9313-QOLTZ,2,Segment 3: Short-Term High-Charge Users
9651-GTSAQ,3,Segment 1: Long-Term Committed Loyalists
3186-BAXNB,0,Segment 3: Short-Term High-Charge Users
4672-FOTSD,2,Segment 3: Short-Term High-Charge Users
0637-YLETY,0,Segment 3: Short-Term High-Charge Users
9818-XQCUV,2,Segment 3: Short-Term High-Charge Users
7338-ERIVA,1,Segment 1: Long-Term Committed Loyalists
1157-BQCUW,0,Segment 3: Short-Term High-Charge Users
8259-NFJTV,2,Segment 3: Short-Term High-Charge Users
3223-DWFIO,0,Segment 3: Short-Term High-Charge Users
2660-EMUBI,0,Segment 3: Short-Term High-Charge Users
6968-GMKPR,0,Segment 3: Short-Term High-Charge Users
4751-ERMAN,3,Segment 1: Long-Term Committed Loyalists
1436-ZMJAN,2,Segment 3: Short-Term High-Charge Users
3292-PBZEJ,0,Segment 3: Short-Term High-Charge Users
0799-DDIHE,2,Segment 3: Short-Term High-Charge Users
3070-FNFZQ,1,Segment 1: Long-Term Committed Loyalists
2812-SFXMJ,2,Segment 3: Short-Term High-Charge Users
7675-OZCZG,2,Segment 3: Short-Term High-Charge Users
5014-WUQMG,3,Segment 1: Long-Term Committed Loyalists
5312-TSZVC,1,Segment 1: Long-Term Committed Loyalists
2003-CKLOR,3,Segment 1: Long-Term Committed Loyalists
0993-OSGPT,1,Segment 1: Long-Term Committed Loyalists
9254-RBFON,0,Segment 3: Short-Term High-Charge Users
1205-WNWPJ,2,Segment 3: Short-Term High-Charge Users
9391-EOYLI,0,Segment 3: Short-Term High-Charge Users
7108-DGVUU,1,Segment 1: Long-Term Committed Loyalists
2782-JEEBU,2,Segment 3: Short-Term High-Charge Users
5127-BZENZ,1,Segment 1: Long-Term Committed Loyalists
2720-FVBQP,2,Segment 3: Short-Term High-Charge Users
9906-NHHVC,1,Segment 1: Long-Term Committed Loyalists
4522-XRWWI,3,Segment 1: Long-Term Committed Loyalists
3766-EJLFL,3,Segment 1: Long-Term Committed Loyalists
5939-SXWHM,1,Segment 1: Long-Term Committed Loyalists
8152-UOBNY,3,Segment 1: Long-Term Committed Loyalists
7351-KYHQH,2,Segment 3: Short-Term High-Charge Users
7643-RCHXS,1,Segment 1: Long-Term Committed Loyalists
8246-SHFGA,2,Segment 3: Short-Term High-Charge Users
8387-MOJJT,0,Segment 3: Short-Term High-Charge Users
0620-XEFWH,2,Segment 3: Short-Term High-Charge Users
6485-QXWWE,1,Segment 1: Long-Term Committed Loyalists
2761-OCIAX,0,Segment 3: Short-Term High-Charge Users
7321-VGNKU,0,Segment 3: Short-Term High-Charge Users
5327-CNLUQ,3,Segment 1: Long-Term Committed Loyalists
7552-KEYGT,1,Segment 1: Long-Term Committed Loyalists
5816-JMLGY,3,Segment 1: Long-Term Committed Loyalists
3068-OMWZA,0,Segment 3: Short-Term High-Charge Users
2927-QRRQV,3,Segment 1: Long-Term Committed Loyalists
6032-KRXXO,0,Segment 3: Short-Term High-Charge Users
7459-RRWQZ,2,Segment 3: Short-Term High-Charge Users
6265-SXWBU,3,Segment 1: Long-Term Committed Loyalists
7941-RCJOW,1,Segment 1: Long-Term Committed Loyalists
6374-NTQLP,3,Segment 1: Long-Term Committed Loyalists
4154-AQUGT,0,Segment 3: Short-Term High-Charge Users
2387-KDZQY,1,Segment 1: Long-Term Committed Loyalists
3584-WKTTW,3,Segment 1: Long-Term Committed Loyalists
3399-BMLVW,1,Segment 1: Long-Term Committed Loyalists
1971-DTCZB,3,Segment 1: Long-Term Committed Loyalists
3092-IGHWF,3,Segment 1: Long-Term Committed Loyalists
3374-PZLXD,2,Segment 3: Short-Term High-Charge Users
3813-DHBBB,1,Segment 1: Long-Term Committed Loyalists
2812-REYAT,1,Segment 1: Long-Term Committed Loyalists
6518-PPLMZ,1,Segment 1: Long-Term Committed Loyalists
4939-KYYPY,2,Segment 3: Short-Term High-Charge Users
8017-LXHFA,0,Segment 3: Short-Term High-Charge Users
5930-GBIWP,3,Segment 1: Long-Term Committed Loyalists
6022-KOUQO,2,Segment 3: Short-Term High-Charge Users
6352-TWCAU,0,Segment 3: Short-Term High-Charge Users
2361-UPSND,1,Segment 1: Long-Term Committed Loyalists
6035-RIIOM,3,Segment 1: Long-Term Committed Loyalists
2929-QNSRW,3,Segment 1: Long-Term Committed Loyalists
1262-OPMFY,0,Segment 3: Short-Term High-Charge Users
9504-DSHWM,2,Segment 3: Short-Term High-Charge Users
5035-BVCXS,0,Segment 3: Short-Term High-Charge Users
6267-DCFFZ,0,Segment 3: Short-Term High-Charge Users
3533-UVMOM,3,Segment 1: Long-Term Committed Loyalists
2439-LYPMQ,0,Segment 3: Short-Term High-Charge Users
4248-QPAVC,0,Segment 3: Short-Term High-Charge Users
1899-VXWXM,3,Segment 1: Long-Term Committed Loyalists
1478-VPOAD,2,Segment 3: Short-Term High-Charge Users
9995-HOTOH,3,Segment 1: Long-Term Committed Loyalists
2988-PLAHS,2,Segment 3: Short-Term High-Charge Users
1371-OJCEK,1,Segment 1: Long-Term Committed Loyalists
4999-IEZLT,1,Segment 1: Long-Term Committed Loyalists
8883-ANODQ,3,Segment 1: Long-Term Committed Loyalists
4690-LLKUA,2,Segment 3: Short-Term High-Charge Users
2351-RRBUE,1,Segment 1: Long-Term Committed Loyalists
5980-BDHPY,3,Segment 1: Long-Term Committed Loyalists
1498-DQNRX,2,Segment 3: Short-Term High-Charge Users
9469-WEJBT,0,Segment 3: Short-Term High-Charge Users
3331-HQDTW,0,Segment 3: Short-Term High-Charge Users
9490-DFPMD,0,Segment 3: Short-Term High-Charge Users
2581-VKIRT,3,Segment 1: Long-Term Committed Loyalists
5442-XSDCW,0,Segment 3: Short-Term High-Charge Users
7426-WEIJX,0,Segment 3: Short-Term High-Charge Users
2851-MMUTZ,2,Segment 3: Short-Term High-Charge Users
3049-NDXFL,0,Segment 3: Short-Term High-Charge Users
8580-AECUZ,0,Segment 3: Short-Term High-Charge Users
3307-TLCUD,2,Segment 3: Short-Term High-Charge Users
6625-FLENO,1,Segment 1: Long-Term Committed Loyalists
2967-MXRAV,1,Segment 1: Long-Term Committed Loyalists
7963-GQRMY,2,Segment 3: Short-Term High-Charge Users
8189-HBVRW,0,Segment 3: Short-Term High-Charge Users
4163-KIUHY,2,Segment 3: Short-Term High-Charge Users
1228-FZFRV,3,Segment 1: Long-Term Committed Loyalists
3500-NSDOA,3,Segment 1: Long-Term Committed Loyalists
1171-TYKUR,2,Segment 3: Short-Term High-Charge Users
3761-FLYZI,3,Segment 1: Long-Term Committed Loyalists
2058-DCJBE,0,Segment 3: Short-Term High-Charge Users
5364-XYIRR,0,Segment 3: Short-Term High-Charge Users
4829-AUOAX,0,Segment 3: Short-Term High-Charge Users
1219-NNDDO,0,Segment 3: Short-Term High-Charge Users
8388-DMKAE,1,Segment 1: Long-Term Committed Loyalists
4403-BWPAY,1,Segment 1: Long-Term Committed Loyalists
9659-QEQSY,0,Segment 3: Short-Term High-Charge Users
5405-ZMYXQ,0,Segment 3: Short-Term High-Charge Users
5047-LHVLY,2,Segment 3: Short-Term High-Charge Users
1442-OKRJE,3,Segment 1: Long-Term Committed Loyalists
4737-AQCPU,3,Segment 1: Long-Term Committed Loyalists
9158-VCTQB,3,Segment 1: Long-Term Committed Loyalists
2808-CHTDM,1,Segment 1: Long-Term Committed Loyalists
6311-UEUME,0,Segment 3: Short-Term High-Charge Users
0793-TWELN,0,Segment 3: Short-Term High-Charge Users
3283-WCWXT,1,Segment 1: Long-Term Committed Loyalists
1060-ENTOF,3,Segment 1: Long-Term Committed Loyalists
0999-QXNSA,2,Segment 3: Short-Term High-Charge Users
5451-MHQOF,1,Segment 1: Long-Term Committed Loyalists
4836-WNFNO,1,Segment 1: Long-Term Committed Loyalists
9225-BZLNZ,3,Segment 1: Long-Term Committed Loyalists
0354-VXMJC,1,Segment 1: Long-Term Committed Loyalists
4422-QVIJA,2,Segment 3: Short-Term High-Charge Users
9365-SRSZE,0,Segment 3: Short-Term High-Charge Users
6839-ITVZJ,2,Segment 3: Short-Term High-Charge Users
8332-OSJDW,1,Segment 1: Long-Term Committed Loyalists
4735-BJKOU,1,Segment 1: Long-Term Committed Loyalists
0274-JKUJR,2,Segment 3: Short-Term High-Charge Users
5740-YHGTW,3,Segment 1: Long-Term Committed Loyalists
8917-SZTTJ,1,Segment 1: Long-Term Committed Loyalists
1696-MZVAU,1,Segment 1: Long-Term Committed Loyalists
7359-WWYJV,3,Segment 1: Long-Term Committed Loyalists
0375-HVGXO,2,Segment 3: Short-Term High-Charge Users
4906-ZHGPK,3,Segment 1: Long-Term Committed Loyalists
8593-WHYHV,0,Segment 3: Short-Term High-Charge Users
3795-GWTRD,3,Segment 1: Long-Term Committed Loyalists
1298-PHBTI,3,Segment 1: Long-Term Committed Loyalists
6223-DHJGV,1,Segment 1: Long-Term Committed Loyalists
6961-MJKBO,1,Segment 1: Long-Term Committed Loyalists
6097-EQISJ,3,Segment 1: Long-Term Committed Loyalists
4423-YLHDV,0,Segment 3: Short-Term High-Charge Users
8158-WPEZG,2,Segment 3: Short-Term High-Charge Users
0107-YHINA,0,Segment 3: Short-Term High-Charge Users
4918-FYJNT,0,Segment 3: Short-Term High-Charge Users
0727-BNRLG,3,Segment 1: Long-Term Committed Loyalists
4854-CIDCF,0,Segment 3: Short-Term High-Charge Users
8640-SDGKB,2,Segment 3: Short-Term High-Charge Users
3280-MRDOF,1,Segment 1: Long-Term Committed Loyalists
6435-SRWBJ,0,Segment 3: Short-Term High-Charge Users
9964-WBQDJ,1,Segment 1: Long-Term Committed Loyalists
6303-KFWSL,1,Segment 1: Long-Term Committed Loyalists
1702-CCFNJ,2,Segment 3: Short-Term High-Charge Users
8932-CZHRQ,3,Segment 1: Long-Term Committed Loyalists
0386-CWRGM,1,Segment 1: Long-Term Committed Loyalists
5515-RUGKN,2,Segment 3: Short-Term High-Charge Users
0404-AHASP,1,Segment 1: Long-Term Committed Loyalists
7279-NMVJC,1,Segment 1: Long-Term Committed Loyalists
2081-VEYEH,0,Segment 3: Short-Term High-Charge Users
6407-UTSLV,0,Segment 3: Short-Term High-Charge Users
4116-TZAQJ,0,Segment 3: Short-Term High-Charge Users
9060-HJJRW,1,Segment 1: Long-Term Committed Loyalists
2587-YNLES,1,Segment 1: Long-Term Committed Loyalists
7398-SKNQZ,0,Segment 3: Short-Term High-Charge Users
5935-FCCNB,0,Segment 3: Short-Term High-Charge Users
1958-RNRKS,2,Segment 3: Short-Term High-Charge Users
5136-RGMZO,0,Segment 3: Short-Term High-Charge Users
8345-MVDYC,3,Segment 1: Long-Term Committed Loyalists
8226-BXGES,3,Segment 1: Long-Term Committed Loyalists
3877-JRJIP,2,Segment 3: Short-Term High-Charge Users
8375-DKEBR,0,Segment 3: Short-Term High-Charge Users
9705-IOVQQ,3,Segment 1: Long-Term Committed Loyalists
1015-OWJKI,2,Segment 3: Short-Term High-Charge Users
7511-YMXVQ,2,Segment 3: Short-Term High-Charge Users
2040-XBAVJ,3,Segment 1: Long-Term Committed Loyalists
7551-JOHTI,2,Segment 3: Short-Term High-Charge Users
8887-IPQNC,2,Segment 3: Short-Term High-Charge Users
8646-JCOMS,3,Segment 1: Long-Term Committed Loyalists
9804-ICWBG,0,Segment 3: Short-Term High-Charge Users
1222-KJNZD,2,Segment 3: Short-Term High-Charge Users
0106-GHRQR,2,Segment 3: Short-Term High-Charge Users
5318-IXUZF,0,Segment 3: Short-Term High-Charge Users
3768-VHXQO,1,Segment 1: Long-Term Committed Loyalists
8952-WCVCD,3,Segment 1: Long-Term Committed Loyalists
2418-TPEUN,1,Segment 1: Long-Term Committed Loyalists
3963-RYFNS,3,Segment 1: Long-Term Committed Loyalists
3198-VELRD,0,Segment 3: Short-Term High-Charge Users
8540-ZQGEA,1,Segment 1: Long-Term Committed Loyalists
1320-REHCS,3,Segment 1: Long-Term Committed Loyalists
4137-JOPHL,3,Segment 1: Long-Term Committed Loyalists
9436-ZBZCT,0,Segment 3: Short-Term High-Charge Users
7801-CEDNV,1,Segment 1: Long-Term Committed Loyalists
2057-BOYKM,3,Segment 1: Long-Term Committed Loyalists
3658-QQJYD,3,Segment 1: Long-Term Committed Loyalists
1803-BGNBD,2,Segment 3: Short-Term High-Charge Users
0134-XWXCE,3,Segment 1: Long-Term Committed Loyalists
6950-TWMYB,3,Segment 1: Long-Term Committed Loyalists
5848-FHRFC,1,Segment 1: Long-Term Committed Loyalists
2243-FNMMI,2,Segment 3: Short-Term High-Charge Users
2511-MORQY,1,Segment 1: Long-Term Committed Loyalists
5356-KZCKT,1,Segment 1: Long-Term Committed Loyalists
9470-XCCEM,0,Segment 3: Short-Term High-Charge Users
6519-CFDBX,2,Segment 3: Short-Term High-Charge Users
3902-MIVLE,3,Segment 1: Long-Term Committed Loyalists
0409-WTMPL,3,Segment 1: Long-Term Committed Loyalists
8763-KIAFH,1,Segment 1: Long-Term Committed Loyalists
3669-WHAFY,3,Segment 1: Long-Term Committed Loyalists
3055-VTCGS,1,Segment 1: Long-Term Committed Loyalists
3144-KMTWZ,3,Segment 1: Long-Term Committed Loyalists
7279-BUYWN,0,Segment 3: Short-Term High-Charge Users
7156-MHUGY,0,Segment 3: Short-Term High-Charge Users
7198-GLXTC,0,Segment 3: Short-Term High-Charge Users
2007-QVGAW,1,Segment 1: Long-Term Committed Loyalists
5207-PLSTK,2,Segment 3: Short-Term High-Charge Users
2307-FYNNL,3,Segment 1: Long-Term Committed Loyalists
5605-XNWEN,1,Segment 1: Long-Term Committed Loyalists
2155-AMQRX,2,Segment 3: Short-Term High-Charge Users
6181-AXXYF,1,Segment 1: Long-Term Committed Loyalists
5091-HFAZW,0,Segment 3: Short-Term High-Charge Users
0516-VRYBW,1,Segment 1: Long-Term Committed Loyalists
2519-LBNQL,3,Segment 1: Long-Term Committed Loyalists
8623-ULFNQ,2,Segment 3: Short-Term High-Charge Users
8380-PEFPE,0,Segment 3: Short-Term High-Charge Users
5687-DKDTV,2,Segment 3: Short-Term High-Charge Users
1568-LJSZU,3,Segment 1: Long-Term Committed Loyalists
7530-HDYDS,0,Segment 3: Short-Term High-Charge Users
7789-HKSBS,3,Segment 1: Long-Term Committed Loyalists
7416-CKTEP,1,Segment 1: Long-Term Committed Loyalists
2586-CWXVV,2,Segment 3: Short-Term High-Charge Users
3096-IZETN,0,Segment 3: Short-Term High-Charge Users
2348-KCJLT,1,Segment 1: Long-Term Committed Loyalists
8401-EMUWF,2,Segment 3: Short-Term High-Charge Users
4193-IBKSW,1,Segment 1: Long-Term Committed Loyalists
5377-NDTOU,3,Segment 1: Long-Term Committed Loyalists
5922-ABDVO,0,Segment 3: Short-Term High-Charge Users
2474-LCNUE,2,Segment 3: Short-Term High-Charge Users
0839-QNXME,1,Segment 1: Long-Term Committed Loyalists
3506-OVLKD,1,Segment 1: Long-Term Committed Loyalists
9172-ANCRX,0,Segment 3: Short-Term High-Charge Users
6650-VJONK,2,Segment 3: Short-Term High-Charge Users
2178-PMGCJ,0,Segment 3: Short-Term High-Charge Users
7492-TAFJD,1,Segment 1: Long-Term Committed Loyalists
2773-MADBQ,1,Segment 1: Long-Term Committed Loyalists
6016-LVTJQ,2,Segment 3: Short-Term High-Charge Users
7860-KSUGX,3,Segment 1: Long-Term Committed Loyalists
8966-KZXXA,1,Segment 1: Long-Term Committed Loyalists
6910-HADCM,0,Segment 3: Short-Term High-Charge Users
4816-LXZYW,0,Segment 3: Short-Term High-Charge Users
9606-PBKBQ,0,Segment 3: Short-Term High-Charge Users
5149-QYTTU,3,Segment 1: Long-Term Committed Loyalists
2070-XYMFH,0,Segment 3: Short-Term High-Charge Users
2085-BOJKI,0,Segment 3: Short-Term High-Charge Users
0817-HSUSE,2,Segment 3: Short-Term High-Charge Users
5442-PPTJY,1,Segment 1: Long-Term Committed Loyalists
1927-QEWMY,1,Segment 1: Long-Term Committed Loyalists
1663-MHLHE,2,Segment 3: Short-Term High-Charge Users
5663-QBGIS,3,Segment 1: Long-Term Committed Loyalists
4450-MDZFX,0,Segment 3: Short-Term High-Charge Users
6701-DHKWQ,1,Segment 1: Long-Term Committed Loyalists
7554-AKDQF,2,Segment 3: Short-Term High-Charge Users
3536-IQCTX,0,Segment 3: Short-Term High-Charge Users
4911-BANWH,0,Segment 3: Short-Term High-Charge Users
8496-EJAUI,0,Segment 3: Short-Term High-Charge Users
0794-YVSGE,1,Segment 1: Long-Term Committed Loyalists
5423-BHIXO,2,Segment 3: Short-Term High-Charge Users
6908-VVYHM,0,Segment 3: Short-Term High-Charge Users
2959-EEXWB,2,Segment 3: Short-Term High-Charge Users
1839-UMACK,1,Segment 1: Long-Term Committed Loyalists
3030-YDNRM,0,Segment 3: Short-Term High-Charge Users
7321-KKSDU,1,Segment 1: Long-Term Committed Loyalists
3402-XRIUO,2,Segment 3: Short-Term High-Charge Users
3132-TVFDZ,2,Segment 3: Short-Term High-Charge Users
8286-AFUYI,2,Segment 3: Short-Term High-Charge Users
8080-DDEMJ,2,Segment 3: Short-Term High-Charge Users
8356-WUAOJ,2,Segment 3: Short-Term High-Charge Users
6365-MTGZX,0,Segment 3: Short-Term High-Charge Users
1349-WXNGG,2,Segment 3: Short-Term High-Charge Users
8058-DMYRU,0,Segment 3: Short-Term High-Charge Users
9350-ZXYJC,1,Segment 1: Long-Term Committed Loyalists
6990-YNRIO,3,Segment 1: Long-Term Committed Loyalists
8958-JPTRR,1,Segment 1: Long-Term Committed Loyalists
6959-GQEGV,0,Segment 3: Short-Term High-Charge Users
3173-WSSUE,1,Segment 1: Long-Term Committed Loyalists
1265-HVPZB,3,Segment 1: Long-Term Committed Loyalists
4115-UMJFQ,1,Segment 1: Long-Term Committed Loyalists
7369-TRPFD,1,Segment 1: Long-Term Committed Loyalists
1098-KFQEC,1,Segment 1: Long-Term Committed Loyalists
7190-XHTWJ,1,Segment 1: Long-Term Committed Loyalists
0621-TWIEM,2,Segment 3: Short-Term High-Charge Users
3537-RYBHH,2,Segment 3: Short-Term High-Charge Users
2485-ITVKB,2,Segment 3: Short-Term High-Charge Users
3669-OYSJI,2,Segment 3: Short-Term High-Charge Users
1612-EOHDH,2,Segment 3: Short-Term High-Charge Users
6702-OHFWR,2,Segment 3: Short-Term High-Charge Users
5296-BFCYD,1,Segment 1: Long-Term Committed Loyalists
4510-PYUSH,2,Segment 3: Short-Term High-Charge Users
9359-JANWS,1,Segment 1: Long-Term Committed Loyalists
7517-SAWMO,0,Segment 3: Short-Term High-Charge Users
4143-HHPMK,0,Segment 3: Short-Term High-Charge Users
3279-DYZQM,1,Segment 1: Long-Term Committed Loyalists
7054-LGEQW,2,Segment 3: Short-Term High-Charge Users
0523-VNGTF,2,Segment 3: Short-Term High-Charge Users
9575-IWCAZ,1,Segment 1: Long-Term Committed Loyalists
7105-MXJLL,1,Segment 1: Long-Term Committed Loyalists
7064-FRRSW,3,Segment 1: Long-Term Committed Loyalists
7940-UQQUG,3,Segment 1: Long-Term Committed Loyalists
0923-PNFUB,0,Segment 3: Short-Term High-Charge Users
3961-SXAXY,2,Segment 3: Short-Term High-Charge Users
7010-BRBUU,1,Segment 1: Long-Term Committed Loyalists
3566-HJGPK,2,Segment 3: Short-Term High-Charge Users
3062-ICYZQ,0,Segment 3: Short-Term High-Charge Users
9938-PRCVK,1,Segment 1: Long-Term Committed Loyalists
0973-KYVNF,3,Segment 1: Long-Term Committed Loyalists
5129-HHMZC,3,Segment 1: Long-Term Committed Loyalists
9637-CDTKZ,3,Segment 1: Long-Term Committed Loyalists
3946-JEWRQ,3,Segment 1: Long-Term Committed Loyalists
7873-CVMAW,3,Segment 1: Long-Term Committed Loyalists
0463-WZZKO,2,Segment 3: Short-Term High-Charge Users
3494-JCHRQ,0,Segment 3: Short-Term High-Charge Users
6474-FVJLC,0,Segment 3: Short-Term High-Charge Users
4524-QCSSM,2,Segment 3: Short-Term High-Charge Users
5832-EXGTT,2,Segment 3: Short-Term High-Charge Users
8840-DQLGN,0,Segment 3: Short-Term High-Charge Users
2039-JONDJ,1,Segment 1: Long-Term Committed Loyalists
7217-JYHOQ,2,Segment 3: Short-Term High-Charge Users
6695-FRVEC,1,Segment 1: Long-Term Committed Loyalists
4547-LYTDD,0,Segment 3: Short-Term High-Charge Users
9894-QMIMJ,1,Segment 1: Long-Term Committed Loyalists
8069-YQQAJ,2,Segment 3: Short-Term High-Charge Users
6770-XUAGN,2,Segment 3: Short-Term High-Charge Users
4193-ORFCL,2,Segment 3: Short-Term High-Charge Users
1636-NTNCO,2,Segment 3: Short-Term High-Charge Users
3466-WAESX,2,Segment 3: Short-Term High-Charge Users
9281-PKKZE,2,Segment 3: Short-Term High-Charge Users
3638-VBZTA,3,Segment 1: Long-Term Committed Loyalists
7459-IMVYU,0,Segment 3: Short-Term High-Charge Users
7776-QWNFX,2,Segment 3: Short-Term High-Charge Users
6689-TCZHQ,0,Segment 3: Short-Term High-Charge Users
8563-OYMQY,0,Segment 3: Short-Term High-Charge Users
0754-EEBDC,1,Segment 1: Long-Term Committed Loyalists
5777-ZPQNC,2,Segment 3: Short-Term High-Charge Users
1951-IEYXM,3,Segment 1: Long-Term Committed Loyalists
3318-NMQXL,0,Segment 3: Short-Term High-Charge Users
3143-ILDAL,0,Segment 3: Short-Term High-Charge Users
1022-RKXDR,1,Segment 1: Long-Term Committed Loyalists
2361-FJWNO,1,Segment 1: Long-Term Committed Loyalists
2272-UOINI,0,Segment 3: Short-Term High-Charge Users
8232-UTFOZ,1,Segment 1: Long-Term Committed Loyalists
3750-YHRYO,1,Segment 1: Long-Term Committed Loyalists
6637-KYRCV,2,Segment 3: Short-Term High-Charge Users
5668-MEISB,3,Segment 1: Long-Term Committed Loyalists
0129-QMPDR,1,Segment 1: Long-Term Committed Loyalists
7188-CBBBA,3,Segment 1: Long-Term Committed Loyalists
5356-CSVSQ,2,Segment 3: Short-Term High-Charge Users
3221-CJMSG,2,Segment 3: Short-Term High-Charge Users
4720-VSTSI,0,Segment 3: Short-Term High-Charge Users
3219-JQRSL,3,Segment 1: Long-Term Committed Loyalists
2801-NISEI,2,Segment 3: Short-Term High-Charge Users
3946-MHCZW,2,Segment 3: Short-Term High-Charge Users
4623-ZKHLY,2,Segment 3: Short-Term High-Charge Users
6732-VAILE,3,Segment 1: Long-Term Committed Loyalists
8201-AAXCB,2,Segment 3: Short-Term High-Charge Users
7696-CFTAT,1,Segment 1: Long-Term Committed Loyalists
1845-CSBRZ,0,Segment 3: Short-Term High-Charge Users
2123-VSCOT,3,Segment 1: Long-Term Committed Loyalists
6651-AZVTJ,0,Segment 3: Short-Term High-Charge Users
4566-GOLUK,3,Segment 1: Long-Term Committed Loyalists
2484-DGXPZ,2,Segment 3: Short-Term High-Charge Users
2018-QKYGT,0,Segment 3: Short-Term High-Charge Users
2792-VPPET,2,Segment 3: Short-Term High-Charge Users
7409-JURKQ,3,Segment 1: Long-Term Committed Loyalists
3247-MHJKM,2,Segment 3: Short-Term High-Charge Users
1964-SVLEA,1,Segment 1: Long-Term Committed Loyalists
4587-NUKOX,0,Segment 3: Short-Term High-Charge Users
7297-DVYGA,1,Segment 1: Long-Term Committed Loyalists
2239-CGBUZ,1,Segment 1: Long-Term Committed Loyalists
0854-UYHZD,1,Segment 1: Long-Term Committed Loyalists
7243-LCGGZ,2,Segment 3: Short-Term High-Charge Users
8267-KFGYD,2,Segment 3: Short-Term High-Charge Users
4890-VMUAV,3,Segment 1: Long-Term Committed Loyalists
9261-WDCAF,2,Segment 3: Short-Term High-Charge Users
3764-MNMOI,1,Segment 1: Long-Term Committed Loyalists
7442-YGZFK,2,Segment 3: Short-Term High-Charge Users
0420-BWTPW,2,Segment 3: Short-Term High-Charge Users
8229-BUJHX,1,Segment 1: Long-Term Committed Loyalists
7449-HVPIV,0,Segment 3: Short-Term High-Charge Users
5504-WSIUR,3,Segment 1: Long-Term Committed Loyalists
8183-ONMXC,0,Segment 3: Short-Term High-Charge Users
8466-PZBLH,3,Segment 1: Long-Term Committed Loyalists
9614-RMGHA,3,Segment 1: Long-Term Committed Loyalists
8735-IJJEG,2,Segment 3: Short-Term High-Charge Users
0564-MUUQK,0,Segment 3: Short-Term High-Charge Users
5054-IEXZT,0,Segment 3: Short-Term High-Charge Users
5834-ASPWA,0,Segment 3: Short-Term High-Charge Users
0701-RFGFI,0,Segment 3: Short-Term High-Charge Users
0019-EFAEP,3,Segment 1: Long-Term Committed Loyalists
5619-PTMIK,2,Segment 3: Short-Term High-Charge Users
3737-XBQDD,0,Segment 3: Short-Term High-Charge Users
5882-CMAZQ,2,Segment 3: Short-Term High-Charge Users
5846-QFDFI,0,Segment 3: Short-Term High-Charge Users
4445-KWOKW,1,Segment 1: Long-Term Committed Loyalists
3511-APPBJ,0,Segment 3: Short-Term High-Charge Users
7967-HYCDE,0,Segment 3: Short-Term High-Charge Users
2430-RRYUW,1,Segment 1: Long-Term Committed Loyalists
3948-XHGNA,2,Segment 3: Short-Term High-Charge Users
3723-BFBGR,2,Segment 3: Short-Term High-Charge Users
0565-IYCGT,3,Segment 1: Long-Term Committed Loyalists
5447-WZAFP,3,Segment 1: Long-Term Committed Loyalists
5110-CHOPY,1,Segment 1: Long-Term Committed Loyalists
5445-UTODQ,0,Segment 3: Short-Term High-Charge Users
4425-OWHWB,1,Segment 1: Long-Term Committed Loyalists
7892-QVYKW,0,Segment 3: Short-Term High-Charge Users
9675-ICXCT,3,Segment 1: Long-Term Committed Loyalists
1024-VRZHF,0,Segment 3: Short-Term High-Charge Users
4703-MQYKT,1,Segment 1: Long-Term Committed Loyalists
9497-QCMMS,0,Segment 3: Short-Term High-Charge Users
5692-ICXLW,0,Segment 3: Short-Term High-Charge Users
0602-DDUML,3,Segment 1: Long-Term Committed Loyalists
2208-MPXIO,1,Segment 1: Long-Term Committed Loyalists
1960-UYCNN,0,Segment 3: Short-Term High-Charge Users
0348-SDKOL,3,Segment 1: Long-Term Committed Loyalists
3190-FZATL,2,Segment 3: Short-Term High-Charge Users
7336-RLLRH,3,Segment 1: Long-Term Committed Loyalists
4373-MAVJG,0,Segment 3: Short-Term High-Charge Users
8901-HJXTF,2,Segment 3: Short-Term High-Charge Users
7710-JSYOA,3,Segment 1: Long-Term Committed Loyalists
5419-KLXBN,0,Segment 3: Short-Term High-Charge Users
3424-NMNBO,3,Segment 1: Long-Term Committed Loyalists
9885-MFVSU,1,Segment 1: Long-Term Committed Loyalists
4514-GFCFI,0,Segment 3: Short-Term High-Charge Users
0607-MVMGC,3,Segment 1: Long-Term Committed Loyalists
3365-SAIGS,0,Segment 3: Short-Term High-Charge Users
9828-AOQLM,2,Segment 3: Short-Term High-Charge Users
8022-BECSI,1,Segment 1: Long-Term Committed Loyalists
8000-REIQB,0,Segment 3: Short-Term High-Charge Users
9993-LHIEB,3,Segment 1: Long-Term Committed Loyalists
0266-CLZKZ,3,Segment 1: Long-Term Committed Loyalists
7615-ESMYF,2,Segment 3: Short-Term High-Charge Users
3858-VOBET,0,Segment 3: Short-Term High-Charge Users
7020-OZKXZ,0,Segment 3: Short-Term High-Charge Users
3977-QCRSL,2,Segment 3: Short-Term High-Charge Users
0017-DINOC,1,Segment 1: Long-Term Committed Loyalists
1447-PJGGA,3,Segment 1: Long-Term Committed Loyalists
8565-CLBZW,0,Segment 3: Short-Term High-Charge Users
9139-WQQDY,3,Segment 1: Long-Term Committed Loyalists
0224-HJAPT,2,Segment 3: Short-Term High-Charge Users
8086-OVPWV,0,Segment 3: Short-Term High-Charge Users
9430-FRQOC,0,Segment 3: Short-Term High-Charge Users
7639-OPLNG,3,Segment 1: Long-Term Committed Loyalists
3074-GQWYX,0,Segment 3: Short-Term High-Charge Users
1492-QGCLU,3,Segment 1: Long-Term Committed Loyalists
6845-RGTYS,0,Segment 3: Short-Term High-Charge Users
7328-OWMOM,1,Segment 1: Long-Term Committed Loyalists
4418-LZMSV,2,Segment 3: Short-Term High-Charge Users
5155-AZQPB,2,Segment 3: Short-Term High-Charge Users
8861-HGGKB,0,Segment 3: Short-Term High-Charge Users
1087-GRUYI,1,Segment 1: Long-Term Committed Loyalists
7065-YUNRY,2,Segment 3: Short-Term High-Charge Users
7694-VLBWQ,3,Segment 1: Long-Term Committed Loyalists
2546-KZAAT,3,Segment 1: Long-Term Committed Loyalists
0181-RITDD,3,Segment 1: Long-Term Committed Loyalists
5989-PGKJB,0,Segment 3: Short-Term High-Charge Users
4795-KTRTH,0,Segment 3: Short-Term High-Charge Users
8272-ONJLV,0,Segment 3: Short-Term High-Charge Users
1488-PBLJN,3,Segment 1: Long-Term Committed Loyalists
0308-GIQJT,3,Segment 1: Long-Term Committed Loyalists
3778-FOAQW,1,Segment 1: Long-Term Committed Loyalists
4452-ROHMO,1,Segment 1: Long-Term Committed Loyalists
6481-OGDOO,3,Segment 1: Long-Term Committed Loyalists
3090-LETTY,2,Segment 3: Short-Term High-Charge Users
5349-AZPEW,2,Segment 3: Short-Term High-Charge Users
3753-TSEMP,0,Segment 3: Short-Term High-Charge Users
8305-VHZBZ,2,Segment 3: Short-Term High-Charge Users
9720-JJJOR,1,Segment 1: Long-Term Committed Loyalists
8100-HZZLJ,2,Segment 3: Short-Term High-Charge Users
8775-ERLNB,0,Segment 3: Short-Term High-Charge Users
8309-IEYJD,0,Segment 3: Short-Term High-Charge Users
9172-JITSM,0,Segment 3: Short-Term High-Charge Users
6298-QDFNH,0,Segment 3: Short-Term High-Charge Users
7398-HPYZQ,3,Segment 1: Long-Term Committed Loyalists
3546-GHEAE,1,Segment 1: Long-Term Committed Loyalists
7361-YPXFS,2,Segment 3: Short-Term High-Charge Users
6557-BZXLQ,0,Segment 3: Short-Term High-Charge Users
2550-QHZGP,1,Segment 1: Long-Term Committed Loyalists
7519-JTWQH,3,Segment 1: Long-Term Committed Loyalists
2538-OIMXF,2,Segment 3: Short-Term High-Charge Users
8543-MSDMF,2,Segment 3: Short-Term High-Charge Users
9961-JBNMK,0,Segment 3: Short-Term High-Charge Users
1170-SASML,3,Segment 1: Long-Term Committed Loyalists
4872-JCVCA,1,Segment 1: Long-Term Committed Loyalists
5346-BZCHP,1,Segment 1: Long-Term Committed Loyalists
2038-LLMLM,0,Segment 3: Short-Term High-Charge Users
6173-ITPWD,0,Segment 3: Short-Term High-Charge Users
9734-UYXQI,2,Segment 3: Short-Term High-Charge Users
1216-BGTSP,3,Segment 1: Long-Term Committed Loyalists
4138-NAXED,0,Segment 3: Short-Term High-Charge Users
2189-UXTKY,0,Segment 3: Short-Term High-Charge Users
0744-BIKKF,3,Segment 1: Long-Term Committed Loyalists
7483-IQWIB,0,Segment 3: Short-Term High-Charge Users
5248-KWLAR,3,Segment 1: Long-Term Committed Loyalists
4958-GZWIY,2,Segment 3: Short-Term High-Charge Users
7996-MHXLW,1,Segment 1: Long-Term Committed Loyalists
7833-PKIHD,3,Segment 1: Long-Term Committed Loyalists
7061-OVMIM,1,Segment 1: Long-Term Committed Loyalists
5153-RTHKF,0,Segment 3: Short-Term High-Charge Users
1852-QSWCD,1,Segment 1: Long-Term Committed Loyalists
4832-VRBMR,3,Segment 1: Long-Term Committed Loyalists
9079-LWTFD,3,Segment 1: Long-Term Committed Loyalists
6356-ELRKD,0,Segment 3: Short-Term High-Charge Users
8624-GIOUT,2,Segment 3: Short-Term High-Charge Users
3392-EHMNK,3,Segment 1: Long-Term Committed Loyalists
5986-WWXDV,1,Segment 1: Long-Term Committed Loyalists
3061-BCKYI,2,Segment 3: Short-Term High-Charge Users
6179-GJPSO,0,Segment 3: Short-Term High-Charge Users
7901-TBKJX,0,Segment 3: Short-Term High-Charge Users
7228-PAQPD,1,Segment 1: Long-Term Committed Loyalists
3177-LASXD,0,Segment 3: Short-Term High-Charge Users
7746-QYVCO,1,Segment 1: Long-Term Committed Loyalists
5804-HYIEZ,3,Segment 1: Long-Term Committed Loyalists
9919-FZDED,3,Segment 1: Long-Term Committed Loyalists
5934-TSSAU,0,Segment 3: Short-Term High-Charge Users
3486-KHMLI,2,Segment 3: Short-Term High-Charge Users
4897-QSUYC,2,Segment 3: Short-Term High-Charge Users
1084-UQCHV,0,Segment 3: Short-Term High-Charge Users
8290-YWKHZ,0,Segment 3: Short-Term High-Charge Users
2955-BJZHG,0,Segment 3: Short-Term High-Charge Users
3806-DXQOM,2,Segment 3: Short-Term High-Charge Users
6784-XYJAE,1,Segment 1: Long-Term Committed Loyalists
3933-DQPWX,1,Segment 1: Long-Term Committed Loyalists
6661-EIPZC,2,Segment 3: Short-Term High-Charge Users
8957-THMOA,1,Segment 1: Long-Term Committed Loyalists
2251-PYLPB,3,Segment 1: Long-Term Committed Loyalists
5555-RNPGT,2,Segment 3: Short-Term High-Charge Users
1057-FOGLZ,2,Segment 3: Short-Term High-Charge Users
9300-RENDD,0,Segment 3: Short-Term High-Charge Users
0761-AETCS,2,Segment 3: Short-Term High-Charge Users
8087-LGYHQ,0,Segment 3: Short-Term High-Charge Users
4137-BTIKL,0,Segment 3: Short-Term High-Charge Users
2190-BCXEC,0,Segment 3: Short-Term High-Charge Users
6227-FBDXH,3,Segment 1: Long-Term Committed Loyalists
2153-MREFK,3,Segment 1: Long-Term Committed Loyalists
2911-WDXMV,0,Segment 3: Short-Term High-Charge Users
7206-PQBBZ,0,Segment 3: Short-Term High-Charge Users
3106-ULWFW,0,Segment 3: Short-Term High-Charge Users
0925-VYDLG,0,Segment 3: Short-Term High-Charge Users
4547-FZJWE,1,Segment 1: Long-Term Committed Loyalists
7422-WNBTY,0,Segment 3: Short-Term High-Charge Users
0842-IWYCP,2,Segment 3: Short-Term High-Charge Users
3521-HTQTV,1,Segment 1: Long-Term Committed Loyalists
3744-ZBHON,2,Segment 3: Short-Term High-Charge Users
3373-DIUUN,1,Segment 1: Long-Term Committed Loyalists
8383-SGHJU,1,Segment 1: Long-Term Committed Loyalists
7607-QKKTJ,3,Segment 1: Long-Term Committed Loyalists
7707-PYBBH,2,Segment 3: Short-Term High-Charge Users
8984-HPEMB,3,Segment 1: Long-Term Committed Loyalists
4349-GFQHK,2,Segment 3: Short-Term High-Charge Users
4139-DETXS,3,Segment 1: Long-Term Committed Loyalists
9779-DPNEJ,0,Segment 3: Short-Term High-Charge Users
9805-FILKB,1,Segment 1: Long-Term Committed Loyalists
5793-YOLJN,1,Segment 1: Long-Term Committed Loyalists
0673-IGUQO,2,Segment 3: Short-Term High-Charge Users
4123-FCVCB,1,Segment 1: Long-Term Committed Loyalists
8819-IMISP,0,Segment 3: Short-Term High-Charge Users
7802-EFKNY,2,Segment 3: Short-Term High-Charge Users
8311-UEUAB,3,Segment 1: Long-Term Committed Loyalists
5858-EAFCZ,2,Segment 3: Short-Term High-Charge Users
8035-BUYVG,1,Segment 1: Long-Term Committed Loyalists
1163-ONYEY,2,Segment 3: Short-Term High-Charge Users
9787-XVQIU,0,Segment 3: Short-Term High-Charge Users
8945-MUQUF,3,Segment 1: Long-Term Committed Loyalists
5656-MJEFC,1,Segment 1: Long-Term Committed Loyalists
6082-OQFBA,1,Segment 1: Long-Term Committed Loyalists
8051-HJRLT,0,Segment 3: Short-Term High-Charge Users
8974-OVACP,2,Segment 3: Short-Term High-Charge Users
4010-YLMVT,3,Segment 1: Long-Term Committed Loyalists
1379-FRVEB,0,Segment 3: Short-Term High-Charge Users
8612-GXIDD,1,Segment 1: Long-Term Committed Loyalists
6288-CHQJB,3,Segment 1: Long-Term Committed Loyalists
8160-HOWOX,2,Segment 3: Short-Term High-Charge Users
3023-GFLBR,0,Segment 3: Short-Term High-Charge Users
6648-INWPS,2,Segment 3: Short-Term High-Charge Users
4223-BKEOR,1,Segment 1: Long-Term Committed Loyalists
4079-VTGLK,1,Segment 1: Long-Term Committed Loyalists
1763-WQFUK,2,Segment 3: Short-Term High-Charge Users
1391-UBDAR,0,Segment 3: Short-Term High-Charge Users
8894-JVDCV,3,Segment 1: Long-Term Committed Loyalists
2023-VQFDL,2,Segment 3: Short-Term High-Charge Users
1345-GKDZZ,2,Segment 3: Short-Term High-Charge Users
2014-MKGMH,3,Segment 1: Long-Term Committed Loyalists
5628-FCGYG,0,Segment 3: Short-Term High-Charge Users
2560-WBWXF,1,Segment 1: Long-Term Committed Loyalists
0248-IPDFW,2,Segment 3: Short-Term High-Charge Users
7978-DKUQH,0,Segment 3: Short-Term High-Charge Users
4335-UPJSI,1,Segment 1: Long-Term Committed Loyalists
0524-IAVZO,0,Segment 3: Short-Term High-Charge Users
2737-YNGYW,0,Segment 3: Short-Term High-Charge Users
1784-EZDKJ,3,Segment 1: Long-Term Committed Loyalists
9297-FVVDH,3,Segment 1: Long-Term Committed Loyalists
8007-YYPWD,1,Segment 1: Long-Term Committed Loyalists
7101-HRBLJ,3,Segment 1: Long-Term Committed Loyalists
5159-YFPKQ,0,Segment 3: Short-Term High-Charge Users
6635-CPNUN,0,Segment 3: Short-Term High-Charge Users
4021-RQSNY,0,Segment 3: Short-Term High-Charge Users
5453-YBTWV,3,Segment 1: Long-Term Committed Loyalists
5039-LZRQT,1,Segment 1: Long-Term Committed Loyalists
2931-VUVJN,3,Segment 1: Long-Term Committed Loyalists
9061-TIHDA,0,Segment 3: Short-Term High-Charge Users
8699-ASUFO,0,Segment 3: Short-Term High-Charge Users
6418-PIQSP,3,Segment 1: Long-Term Committed Loyalists
8220-OCUFY,2,Segment 3: Short-Term High-Charge Users
3995-WFCSM,2,Segment 3: Short-Term High-Charge Users
1895-QTKDO,2,Segment 3: Short-Term High-Charge Users
2038-OEQZH,0,Segment 3: Short-Term High-Charge Users
1178-PZGAB,1,Segment 1: Long-Term Committed Loyalists
7927-AUXBZ,0,Segment 3: Short-Term High-Charge Users
2626-VEEWG,1,Segment 1: Long-Term Committed Loyalists
2878-RMWXY,3,Segment 1: Long-Term Committed Loyalists
1657-DYMBM,1,Segment 1: Long-Term Committed Loyalists
7311-MQJCH,2,Segment 3: Short-Term High-Charge Users
7375-WMVMT,3,Segment 1: Long-Term Committed Loyalists
1136-XGEQU,3,Segment 1: Long-Term Committed Loyalists
2530-FMFXO,3,Segment 1: Long-Term Committed Loyalists
6844-DZKRF,2,Segment 3: Short-Term High-Charge Users
4695-WJZUE,0,Segment 3: Short-Term High-Charge Users
7619-ODSGN,2,Segment 3: Short-Term High-Charge Users
5970-GHJAW,1,Segment 1: Long-Term Committed Loyalists
8879-XUAHX,3,Segment 1: Long-Term Committed Loyalists
3689-MOZGR,2,Segment 3: Short-Term High-Charge Users
4195-PNGZS,1,Segment 1: Long-Term Committed Loyalists
5003-XZWWO,3,Segment 1: Long-Term Committed Loyalists
3988-RQIXO,0,Segment 3: Short-Term High-Charge Users
7622-FWGEW,3,Segment 1: Long-Term Committed Loyalists
6922-NCEDI,1,Segment 1: Long-Term Committed Loyalists
2514-GINMM,0,Segment 3: Short-Term High-Charge Users
9891-NQDBD,1,Segment 1: Long-Term Committed Loyalists
6131-IUNXN,2,Segment 3: Short-Term High-Charge Users
8548-AWOFC,0,Segment 3: Short-Term High-Charge Users
9798-DRYDS,1,Segment 1: Long-Term Committed Loyalists
8532-UEFWH,1,Segment 1: Long-Term Committed Loyalists
6296-DDOOR,2,Segment 3: Short-Term High-Charge Users
7951-VRDVK,3,Segment 1: Long-Term Committed Loyalists
5931-FLJJF,0,Segment 3: Short-Term High-Charge Users
4815-YOSUK,3,Segment 1: Long-Term Committed Loyalists
2659-VXMWZ,3,Segment 1: Long-Term Committed Loyalists
0380-NEAVX,0,Segment 3: Short-Term High-Charge Users
3207-OYBWH,3,Segment 1: Long-Term Committed Loyalists
4285-GYRQC,0,Segment 3: Short-Term High-Charge Users
7216-EWTRS,0,Segment 3: Short-Term High-Charge Users
4365-MSDYN,2,Segment 3: Short-Term High-Charge Users
7036-TYDEC,3,Segment 1: Long-Term Committed Loyalists
5802-ADBRC,3,Segment 1: Long-Term Committed Loyalists
8076-FEZKJ,1,Segment 1: Long-Term Committed Loyalists
5197-YPYBZ,1,Segment 1: Long-Term Committed Loyalists
8337-MSSXB,0,Segment 3: Short-Term High-Charge Users
4312-GVYNH,1,Segment 1: Long-Term Committed Loyalists
8495-LJDFO,3,Segment 1: Long-Term Committed Loyalists
0839-JTCUD,3,Segment 1: Long-Term Committed Loyalists
5494-WOZRZ,3,Segment 1: Long-Term Committed Loyalists
1302-UHBDD,0,Segment 3: Short-Term High-Charge Users
2234-EOFPT,3,Segment 1: Long-Term Committed Loyalists
8619-IJNDK,3,Segment 1: Long-Term Committed Loyalists
8378-LKJAF,0,Segment 3: Short-Term High-Charge Users
8182-BJDSI,0,Segment 3: Short-Term High-Charge Users
2528-HFYZX,0,Segment 3: Short-Term High-Charge Users
1153-GNOLC,1,Segment 1: Long-Term Committed Loyalists
3298-QEICA,1,Segment 1: Long-Term Committed Loyalists
0788-DXBFY,1,Segment 1: Long-Term Committed Loyalists
3597-YASZG,3,Segment 1: Long-Term Committed Loyalists
3496-LFSZU,0,Segment 3: Short-Term High-Charge Users
5242-UOWHD,1,Segment 1: Long-Term Committed Loyalists
2482-CZGBB,0,Segment 3: Short-Term High-Charge Users
6479-SZPLM,1,Segment 1: Long-Term Committed Loyalists
8097-VBQTZ,3,Segment 1: Long-Term Committed Loyalists
4500-HKANN,1,Segment 1: Long-Term Committed Loyalists
9917-KWRBE,3,Segment 1: Long-Term Committed Loyalists
3420-ZDBMA,0,Segment 3: Short-Term High-Charge Users
2212-LYASK,1,Segment 1: Long-Term Committed Loyalists
1393-IMKZG,0,Segment 3: Short-Term High-Charge Users
8069-RHUXK,1,Segment 1: Long-Term Committed Loyalists
3398-GCPMU,3,Segment 1: Long-Term Committed Loyalists
2908-WGAXL,1,Segment 1: Long-Term Committed Loyalists
3378-AJRAO,1,Segment 1: Long-Term Committed Loyalists
1013-QCWAM,3,Segment 1: Long-Term Committed Loyalists
0866-QLSIR,1,Segment 1: Long-Term Committed Loyalists
6050-FFXES,3,Segment 1: Long-Term Committed Loyalists
7181-BQYBV,0,Segment 3: Short-Term High-Charge Users
0362-RAOQO,1,Segment 1: Long-Term Committed Loyalists
9554-DFKIC,2,Segment 3: Short-Term High-Charge Users
5527-ACHSO,2,Segment 3: Short-Term High-Charge Users
0829-DDVLK,1,Segment 1: Long-Term Committed Loyalists
1399-UBQIU,2,Segment 3: Short-Term High-Charge Users
1813-JLKWR,1,Segment 1: Long-Term Committed Loyalists
0336-PIKEI,3,Segment 1: Long-Term Committed Loyalists
7322-OCWHC,3,Segment 1: Long-Term Committed Loyalists
9537-VHDTA,2,Segment 3: Short-Term High-Charge Users
4957-TIALW,1,Segment 1: Long-Term Committed Loyalists
2054-PJOCK,3,Segment 1: Long-Term Committed Loyalists
9150-HEPMB,1,Segment 1: Long-Term Committed Loyalists
9030-QGZNL,1,Segment 1: Long-Term Committed Loyalists
6204-IEUXJ,0,Segment 3: Short-Term High-Charge Users
3126-WQMGH,2,Segment 3: Short-Term High-Charge Users
4529-CKBCL,0,Segment 3: Short-Term High-Charge Users
2506-CLAKW,0,Segment 3: Short-Term High-Charge Users
7176-WRTNX,3,Segment 1: Long-Term Committed Loyalists
1583-IHQZE,0,Segment 3: Short-Term High-Charge Users
5732-IKGQH,3,Segment 1: Long-Term Committed Loyalists
9239-GZHZE,3,Segment 1: Long-Term Committed Loyalists
7205-BAIAD,1,Segment 1: Long-Term Committed Loyalists
0151-ONTOV,0,Segment 3: Short-Term High-Charge Users
4140-MUHUG,0,Segment 3: Short-Term High-Charge Users
0093-EXYQL,0,Segment 3: Short-Term High-Charge Users
8064-RAVOH,2,Segment 3: Short-Term High-Charge Users
0219-QAERP,1,Segment 1: Long-Term Committed Loyalists
0320-JDNQG,0,Segment 3: Short-Term High-Charge Users
7180-PISOG,0,Segment 3: Short-Term High-Charge Users
9168-INPSZ,0,Segment 3: Short-Term High-Charge Users
3571-RFHAR,3,Segment 1: Long-Term Committed Loyalists
0015-UOCOJ,2,Segment 3: Short-Term High-Charge Users
5334-AFQJB,1,Segment 1: Long-Term Committed Loyalists
2754-SDJRD,0,Segment 3: Short-Term High-Charge Users
9578-VRMNM,2,Segment 3: Short-Term High-Charge Users
1587-FKLZB,3,Segment 1: Long-Term Committed Loyalists
6140-QNRQQ,0,Segment 3: Short-Term High-Charge Users
8963-JLGJT,2,Segment 3: Short-Term High-Charge Users
4307-KTUMW,0,Segment 3: Short-Term High-Charge Users
1465-LNTLJ,2,Segment 3: Short-Term High-Charge Users
5440-FLBQG,3,Segment 1: Long-Term Committed Loyalists
2135-DQWAQ,0,Segment 3: Short-Term High-Charge Users
4056-QHXHZ,3,Segment 1: Long-Term Committed Loyalists
7470-MCQTK,2,Segment 3: Short-Term High-Charge Users
7488-MXJIV,0,Segment 3: Short-Term High-Charge Users
7401-JIXNM,3,Segment 1: Long-Term Committed Loyalists
9339-FIIJL,3,Segment 1: Long-Term Committed Loyalists
2027-FECZV,0,Segment 3: Short-Term High-Charge Users
2672-DZUOY,2,Segment 3: Short-Term High-Charge Users
4706-DGAHW,2,Segment 3: Short-Term High-Charge Users
3870-MQAMG,3,Segment 1: Long-Term Committed Loyalists
6670-MFRPK,3,Segment 1: Long-Term Committed Loyalists
6177-PEVRA,1,Segment 1: Long-Term Committed Loyalists
4800-CZMPC,3,Segment 1: Long-Term Committed Loyalists
4813-HQMGZ,0,Segment 3: Short-Term High-Charge Users
7579-KKLOE,3,Segment 1: Long-Term Committed Loyalists
7377-DMMRI,2,Segment 3: Short-Term High-Charge Users
8402-EIVQS,3,Segment 1: Long-Term Committed Loyalists
4947-DSMXK,0,Segment 3: Short-Term High-Charge Users
7245-NIIWQ,0,Segment 3: Short-Term High-Charge Users
0002-ORFBO,1,Segment 1: Long-Term Committed Loyalists
3324-OIRTO,3,Segment 1: Long-Term Committed Loyalists
5414-OFQCB,3,Segment 1: Long-Term Committed Loyalists
4967-WPNCF,3,Segment 1: Long-Term Committed Loyalists
8552-OBVRU,0,Segment 3: Short-Term High-Charge Users
8499-BRXTD,1,Segment 1: Long-Term Committed Loyalists
9154-QDGTH,3,Segment 1: Long-Term Committed Loyalists
8197-BFWVU,3,Segment 1: Long-Term Committed Loyalists
2577-GVSIL,1,Segment 1: Long-Term Committed Loyalists
9367-OIUXP,2,Segment 3: Short-Term High-Charge Users
6770-UAYGJ,1,Segment 1: Long-Term Committed Loyalists
6463-HHXJR,3,Segment 1: Long-Term Committed Loyalists
7928-VJYAB,0,Segment 3: Short-Term High-Charge Users
1187-WILMM,3,Segment 1: Long-Term Committed Loyalists
9776-OJUZI,3,Segment 1: Long-Term Committed Loyalists
1306-RPWXZ,1,Segment 1: Long-Term Committed Loyalists
8949-JTMAY,0,Segment 3: Short-Term High-Charge Users
2774-LVQUS,0,Segment 3: Short-Term High-Charge Users
3097-PYWXL,2,Segment 3: Short-Term High-Charge Users
2266-SJNAT,3,Segment 1: Long-Term Committed Loyalists
0869-PAPRP,0,Segment 3: Short-Term High-Charge Users
4238-JSSWH,0,Segment 3: Short-Term High-Charge Users
2972-YDYUW,3,Segment 1: Long-Term Committed Loyalists
1104-FEJAM,2,Segment 3: Short-Term High-Charge Users
2809-ILCYT,1,Segment 1: Long-Term Committed Loyalists
5499-ECUTN,1,Segment 1: Long-Term Committed Loyalists
4981-FLTMF,2,Segment 3: Short-Term High-Charge Users
9121-PHQSR,0,Segment 3: Short-Term High-Charge Users
3113-IWHLC,2,Segment 3: Short-Term High-Charge Users
3211-ILJTT,0,Segment 3: Short-Term High-Charge Users
4612-THJBS,3,Segment 1: Long-Term Committed Loyalists
4277-BWBML,1,Segment 1: Long-Term Committed Loyalists
4094-NSEDU,0,Segment 3: Short-Term High-Charge Users
0234-TEVTT,1,Segment 1: Long-Term Committed Loyalists
4304-TSPVK,3,Segment 1: Long-Term Committed Loyalists
1552-AAGRX,0,Segment 3: Short-Term High-Charge Users
2637-FKFSY,2,Segment 3: Short-Term High-Charge Users
9796-MVYXX,1,Segment 1: Long-Term Committed Loyalists
7874-ECPQJ,2,Segment 3: Short-Term High-Charge Users
0020-INWCK,3,Segment 1: Long-Term Committed Loyalists
7089-RKVSZ,1,Segment 1: Long-Term Committed Loyalists
2683-JXWQQ,2,Segment 3: Short-Term High-Charge Users
9548-ZMVTX,3,Segment 1: Long-Term Committed Loyalists
8739-XNIKG,0,Segment 3: Short-Term High-Charge Users
9755-JHNMN,1,Segment 1: Long-Term Committed Loyalists
3981-QSVQI,2,Segment 3: Short-Term High-Charge Users
2789-HQBOU,0,Segment 3: Short-Term High-Charge Users
9424-CMPOG,1,Segment 1: Long-Term Committed Loyalists
5067-WJEUN,1,Segment 1: Long-Term Committed Loyalists
3450-WXOAT,2,Segment 3: Short-Term High-Charge Users
9251-WNSOD,3,Segment 1: Long-Term Committed Loyalists
6974-DAFLI,1,Segment 1: Long-Term Committed Loyalists
2616-UUTFK,2,Segment 3: Short-Term High-Charge Users
7064-JHXCE,1,Segment 1: Long-Term Committed Loyalists
5103-MHMHY,2,Segment 3: Short-Term High-Charge Users
7989-AWGEH,2,Segment 3: Short-Term High-Charge Users
4373-VVHQL,2,Segment 3: Short-Term High-Charge Users
4559-UWIHT,0,Segment 3: Short-Term High-Charge Users
7268-IGMFD,0,Segment 3: Short-Term High-Charge Users
1846-XWOQN,0,Segment 3: Short-Term High-Charge Users
0235-KGSLC,0,Segment 3: Short-Term High-Charge Users
6650-BWFRT,3,Segment 1: Long-Term Committed Loyalists
9570-KYEUA,3,Segment 1: Long-Term Committed Loyalists
6993-YGFJV,3,Segment 1: Long-Term Committed Loyalists
2712-SYWAY,2,Segment 3: Short-Term High-Charge Users
0730-BGQGF,3,Segment 1: Long-Term Committed Loyalists
5498-IBWPI,1,Segment 1: Long-Term Committed Loyalists
9101-NTIXF,2,Segment 3: Short-Term High-Charge Users
0013-SMEOE,3,Segment 1: Long-Term Committed Loyalists
9314-QDMDW,2,Segment 3: Short-Term High-Charge Users
9308-ANMVE,2,Segment 3: Short-Term High-Charge Users
2884-GBPFB,0,Segment 3: Short-Term High-Charge Users
3757-NJYBX,0,Segment 3: Short-Term High-Charge Users
3413-DHLPB,3,Segment 1: Long-Term Committed Loyalists
7649-PHJVR,1,Segment 1: Long-Term Committed Loyalists
6114-TCFID,1,Segment 1: Long-Term Committed Loyalists
3787-TRIAL,2,Segment 3: Short-Term High-Charge Users
2573-GYRUU,0,Segment 3: Short-Term High-Charge Users
5156-UMKOW,2,Segment 3: Short-Term High-Charge Users
1247-QBVSH,2,Segment 3: Short-Term High-Charge Users
6734-GMPVK,0,Segment 3: Short-Term High-Charge Users
9822-OAOVB,2,Segment 3: Short-Term High-Charge Users
6161-ERDGD,3,Segment 1: Long-Term Committed Loyalists
1226-JZNKR,2,Segment 3: Short-Term High-Charge Users
7318-EIVKO,2,Segment 3: Short-Term High-Charge Users
3771-PZOBW,0,Segment 3: Short-Term High-Charge Users
5136-KCKGI,3,Segment 1: Long-Term Committed Loyalists
8231-BSWXX,3,Segment 1: Long-Term Committed Loyalists
6486-LHTMA,0,Segment 3: Short-Term High-Charge Users
4083-BFNYK,3,Segment 1: Long-Term Committed Loyalists
3722-WPXTK,0,Segment 3: Short-Term High-Charge Users
7389-KBFIT,2,Segment 3: Short-Term High-Charge Users
7176-WIONM,2,Segment 3: Short-Term High-Charge Users
5141-ZUVBH,0,Segment 3: Short-Term High-Charge Users
1089-HDMKP,2,Segment 3: Short-Term High-Charge Users
7623-HKYRK,2,Segment 3: Short-Term High-Charge Users
0310-SUCIN,3,Segment 1: Long-Term Committed Loyalists
5197-PYEPU,3,Segment 1: Long-Term Committed Loyalists
2929-ERCFZ,0,Segment 3: Short-Term High-Charge Users
7548-SEPYI,0,Segment 3: Short-Term High-Charge Users
8835-VSDSE,0,Segment 3: Short-Term High-Charge Users
6619-RPLQZ,1,Segment 1: Long-Term Committed Loyalists
3275-RHRNE,1,Segment 1: Long-Term Committed Loyalists
3503-TYDAY,0,Segment 3: Short-Term High-Charge Users
6901-GOGZG,3,Segment 1: Long-Term Committed Loyalists
1623-NLDOT,1,Segment 1: Long-Term Committed Loyalists
7021-XSNYE,1,Segment 1: Long-Term Committed Loyalists
9621-OUPYD,1,Segment 1: Long-Term Committed Loyalists
9898-KZQDZ,0,Segment 3: Short-Term High-Charge Users
8982-NHAVY,3,Segment 1: Long-Term Committed Loyalists
4307-KWMXE,2,Segment 3: Short-Term High-Charge Users
0141-YEAYS,0,Segment 3: Short-Term High-Charge Users
2450-ZKEED,1,Segment 1: Long-Term Committed Loyalists
3694-DELSO,2,Segment 3: Short-Term High-Charge Users
3893-JRNFS,2,Segment 3: Short-Term High-Charge Users
9603-OAIHC,0,Segment 3: Short-Term High-Charge Users
1133-KXCGE,1,Segment 1: Long-Term Committed Loyalists
5236-PERKL,3,Segment 1: Long-Term Committed Loyalists
0142-GVYSN,2,Segment 3: Short-Term High-Charge Users
1049-FYSYG,2,Segment 3: Short-Term High-Charge Users
7854-FOKSF,2,Segment 3: Short-Term High-Charge Users
2519-FAKOD,0,Segment 3: Short-Term High-Charge Users
8406-LNMHF,3,Segment 1: Long-Term Committed Loyalists
1821-BUCWY,1,Segment 1: Long-Term Committed Loyalists
8263-JQAIK,2,Segment 3: Short-Term High-Charge Users
0023-UYUPN,1,Segment 1: Long-Term Committed Loyalists
8314-DPQHL,1,Segment 1: Long-Term Committed Loyalists
1465-WCZVT,2,Segment 3: Short-Term High-Charge Users
9481-SFCQY,2,Segment 3: Short-Term High-Charge Users
6360-SVNWV,0,Segment 3: Short-Term High-Charge Users
0567-GGCAC,2,Segment 3: Short-Term High-Charge Users
7089-IVVAZ,0,Segment 3: Short-Term High-Charge Users
8884-MRNSU,1,Segment 1: Long-Term Committed Loyalists
2171-UDMFD,2,Segment 3: Short-Term High-Charge Users
9050-IKDZA,0,Segment 3: Short-Term High-Charge Users
2205-YMZZJ,0,Segment 3: Short-Term High-Charge Users
9802-CAQUT,3,Segment 1: Long-Term Committed Loyalists
1254-IZEYF,0,Segment 3: Short-Term High-Charge Users
0187-WZNAB,0,Segment 3: Short-Term High-Charge Users
9492-TOKRI,0,Segment 3: Short-Term High-Charge Users
1475-VWVDO,0,Segment 3: Short-Term High-Charge Users
9221-OTIVJ,0,Segment 3: Short-Term High-Charge Users
1357-MVDOZ,2,Segment 3: Short-Term High-Charge Users
7602-MVRMB,3,Segment 1: Long-Term Committed Loyalists
3325-FUYCG,0,Segment 3: Short-Term High-Charge Users
5908-QMGOE,0,Segment 3: Short-Term High-Charge Users
1197-BVMVG,0,Segment 3: Short-Term High-Charge Users
5406-KGRMX,1,Segment 1: Long-Term Committed Loyalists
8481-YYXWG,0,Segment 3: Short-Term High-Charge Users
5968-HYJRZ,1,Segment 1: Long-Term Committed Loyalists
5198-EFNBM,3,Segment 1: Long-Term Committed Loyalists
7516-GMHUV,3,Segment 1: Long-Term Committed Loyalists
7140-ADSMJ,2,Segment 3: Short-Term High-Charge Users
2230-XTUWL,1,Segment 1: Long-Term Committed Loyalists
7706-YLMQA,1,Segment 1: Long-Term Committed Loyalists
2585-KTFRE,2,Segment 3: Short-Term High-Charge Users
7994-UYIVZ,0,Segment 3: Short-Term High-Charge Users
2609-IAICY,0,Segment 3: Short-Term High-Charge Users
1740-CSDJP,2,Segment 3: Short-Term High-Charge Users
7717-BICXI,1,Segment 1: Long-Term Committed Loyalists
6559-RAKOZ,3,Segment 1: Long-Term Committed Loyalists
2636-OHFMN,2,Segment 3: Short-Term High-Charge Users
4716-MRVEN,1,Segment 1: Long-Term Committed Loyalists
2143-LJULT,1,Segment 1: Long-Term Committed Loyalists
1323-OOEPC,3,Segment 1: Long-Term Committed Loyalists
3200-MNQTF,3,Segment 1: Long-Term Committed Loyalists
6164-HXUGH,2,Segment 3: Short-Term High-Charge Users
5630-IXDXV,0,Segment 3: Short-Term High-Charge Users
0320-DWVTU,3,Segment 1: Long-Term Committed Loyalists
9135-MGVPY,3,Segment 1: Long-Term Committed Loyalists
1212-GLHMD,0,Segment 3: Short-Term High-Charge Users
7878-JGDKK,2,Segment 3: Short-Term High-Charge Users
1088-AUUZZ,3,Segment 1: Long-Term Committed Loyalists
0397-GZBBC,3,Segment 1: Long-Term Committed Loyalists
6614-YWYSC,1,Segment 1: Long-Term Committed Loyalists
9588-OZDMQ,2,Segment 3: Short-Term High-Charge Users
7641-EUYET,0,Segment 3: Short-Term High-Charge Users
6476-EPYZR,2,Segment 3: Short-Term High-Charge Users
9921-ZVRHG,0,Segment 3: Short-Term High-Charge Users
1174-FGIFN,0,Segment 3: Short-Term High-Charge Users
6620-HVDUJ,2,Segment 3: Short-Term High-Charge Users
4701-MLJPN,2,Segment 3: Short-Term High-Charge Users
1032-MAELW,3,Segment 1: Long-Term Committed Loyalists
7641-TQFHN,3,Segment 1: Long-Term Committed Loyalists
1552-TKMXS,2,Segment 3: Short-Term High-Charge Users
9206-GVPEQ,2,Segment 3: Short-Term High-Charge Users
8622-ZLFKO,0,Segment 3: Short-Term High-Charge Users
1596-BBVTG,0,Segment 3: Short-Term High-Charge Users
6188-UXBBR,1,Segment 1: Long-Term Committed Loyalists
2333-KWEWW,1,Segment 1: Long-Term Committed Loyalists
5702-SKUOB,2,Segment 3: Short-Term High-Charge Users
1134-YWTYF,2,Segment 3: Short-Term High-Charge Users
6061-GWWAV,1,Segment 1: Long-Term Committed Loyalists
0679-TDGAK,3,Segment 1: Long-Term Committed Loyalists
6585-WCEWR,1,Segment 1: Long-Term Committed Loyalists
9067-YGSCA,1,Segment 1: Long-Term Committed Loyalists
9067-SQTNS,1,Segment 1: Long-Term Committed Loyalists
8433-WXGNA,0,Segment 3: Short-Term High-Charge Users
1776-SPBWV,1,Segment 1: Long-Term Committed Loyalists
8735-SDUFN,1,Segment 1: Long-Term Committed Loyalists
9668-PUGNU,1,Segment 1: Long-Term Committed Loyalists
9405-GPBBG,3,Segment 1: Long-Term Committed Loyalists
1926-QUZNN,1,Segment 1: Long-Term Committed Loyalists
3707-GNWHM,0,Segment 3: Short-Term High-Charge Users
7016-NVRIC,0,Segment 3: Short-Term High-Charge Users
5829-NVSQN,1,Segment 1: Long-Term Committed Loyalists
9565-AXSMR,1,Segment 1: Long-Term Committed Loyalists
8922-LIEGH,0,Segment 3: Short-Term High-Charge Users
8869-LIHMK,3,Segment 1: Long-Term Committed Loyalists
8245-UMPYT,0,Segment 3: Short-Term High-Charge Users
5186-SAMNZ,0,Segment 3: Short-Term High-Charge Users
0447-RXSGD,0,Segment 3: Short-Term High-Charge Users
4927-WWOOZ,0,Segment 3: Short-Term High-Charge Users
5788-YPOEG,3,Segment 1: Long-Term Committed Loyalists
5373-SFODM,0,Segment 3: Short-Term High-Charge Users
0661-KBKPA,3,Segment 1: Long-Term Committed Loyalists
9081-WWXKP,1,Segment 1: Long-Term Committed Loyalists
0784-ZQJZX,1,Segment 1: Long-Term Committed Loyalists
3133-PZNSR,3,Segment 1: Long-Term Committed Loyalists
5766-ZJYBB,2,Segment 3: Short-Term High-Charge Users
8931-GJJIQ,0,Segment 3: Short-Term High-Charge Users
4277-PVRAN,0,Segment 3: Short-Term High-Charge Users
0022-TCJCI,1,Segment 1: Long-Term Committed Loyalists
0722-SVSFK,0,Segment 3: Short-Term High-Charge Users
3612-YVGSJ,1,Segment 1: Long-Term Committed Loyalists
9825-YCXWZ,3,Segment 1: Long-Term Committed Loyalists
5397-NSKQG,1,Segment 1: Long-Term Committed Loyalists
8565-HBFNN,3,Segment 1: Long-Term Committed Loyalists
2000-DHJUY,3,Segment 1: Long-Term Committed Loyalists
0203-HHYIJ,1,Segment 1: Long-Term Committed Loyalists
8670-ERCJH,3,Segment 1: Long-Term Committed Loyalists
7758-UJWYS,1,Segment 1: Long-Term Committed Loyalists
2050-ONYDQ,1,Segment 1: Long-Term Committed Loyalists
7055-JCGNI,3,Segment 1: Long-Term Committed Loyalists
0739-UUAJR,1,Segment 1: Long-Term Committed Loyalists
4826-DXMUP,1,Segment 1: Long-Term Committed Loyalists
0952-KMEEH,0,Segment 3: Short-Term High-Charge Users
7285-KLOTR,0,Segment 3: Short-Term High-Charge Users
0654-PQKDW,3,Segment 1: Long-Term Committed Loyalists
7175-NTIXE,2,Segment 3: Short-Term High-Charge Users
7963-SHNDT,1,Segment 1: Long-Term Committed Loyalists
9796-BPKIW,0,Segment 3: Short-Term High-Charge Users
0188-GWFLE,2,Segment 3: Short-Term High-Charge Users
8129-GMVGI,1,Segment 1: Long-Term Committed Loyalists
2882-DDZPG,2,Segment 3: Short-Term High-Charge Users
3547-LQRIK,1,Segment 1: Long-Term Committed Loyalists
9137-NOQKA,2,Segment 3: Short-Term High-Charge Users
5843-TTHGI,2,Segment 3: Short-Term High-Charge Users
1849-RJYIG,2,Segment 3: Short-Term High-Charge Users
8868-GAGIO,0,Segment 3: Short-Term High-Charge Users
4061-UKJWL,2,Segment 3: Short-Term High-Charge Users
5380-XPJNZ,1,Segment 1: Long-Term Committed Loyalists
8263-QMNTJ,3,Segment 1: Long-Term Committed Loyalists
8178-EYZUO,0,Segment 3: Short-Term High-Charge Users
3230-JCNZS,3,Segment 1: Long-Term Committed Loyalists
0277-ORXQS,1,Segment 1: Long-Term Committed Loyalists
5130-IEKQT,0,Segment 3: Short-Term High-Charge Users
3230-WYKIR,1,Segment 1: Long-Term Committed Loyalists
7996-BPXHY,1,Segment 1: Long-Term Committed Loyalists
3227-WLKLI,3,Segment 1: Long-Term Committed Loyalists
0407-BDJKB,0,Segment 3: Short-Term High-Charge Users
2266-FUBDZ,1,Segment 1: Long-Term Committed Loyalists
8237-ULIXL,1,Segment 1: Long-Term Committed Loyalists
9600-UDOPK,0,Segment 3: Short-Term High-Charge Users
8216-AZUUZ,3,Segment 1: Long-Term Committed Loyalists
9153-BTBVV,1,Segment 1: Long-Term Committed Loyalists
4074-SJFFA,2,Segment 3: Short-Term High-Charge Users
3269-ATYWD,0,Segment 3: Short-Term High-Charge Users
5186-PEIZU,2,Segment 3: Short-Term High-Charge Users
1074-AMIOH,3,Segment 1: Long-Term Committed Loyalists
4910-GMJOT,0,Segment 3: Short-Term High-Charge Users
0354-WYROK,0,Segment 3: Short-Term High-Charge Users
4361-FEBGN,1,Segment 1: Long-Term Committed Loyalists
7748-UMTRK,0,Segment 3: Short-Term High-Charge Users
0380-ZCSBI,2,Segment 3: Short-Term High-Charge Users
7145-FEJWU,0,Segment 3: Short-Term High-Charge Users
6463-MVYRY,3,Segment 1: Long-Term Committed Loyalists
3969-JQABI,2,Segment 3: Short-Term High-Charge Users
9624-EGDEQ,1,Segment 1: Long-Term Committed Loyalists
1051-EQPZR,2,Segment 3: Short-Term High-Charge Users
5849-ASHZJ,1,Segment 1: Long-Term Committed Loyalists
5780-INQIK,2,Segment 3: Short-Term High-Charge Users
7576-OYWBN,0,Segment 3: Short-Term High-Charge Users
4526-ZJJTM,0,Segment 3: Short-Term High-Charge Users
8384-FZBJK,0,Segment 3: Short-Term High-Charge Users
3750-RNQKR,2,Segment 3: Short-Term High-Charge Users
0962-CQPWQ,1,Segment 1: Long-Term Committed Loyalists
3096-YXENJ,3,Segment 1: Long-Term Committed Loyalists
1265-BCFEO,3,Segment 1: Long-Term Committed Loyalists
5837-LXSDN,1,Segment 1: Long-Term Committed Loyalists
5945-AZYHT,3,Segment 1: Long-Term Committed Loyalists
8325-QRPZR,0,Segment 3: Short-Term High-Charge Users
6384-VMJHP,3,Segment 1: Long-Term Committed Loyalists
2262-SLNVK,0,Segment 3: Short-Term High-Charge Users
7730-CLDSV,3,Segment 1: Long-Term Committed Loyalists
1135-HIORI,3,Segment 1: Long-Term Committed Loyalists
0164-APGRB,3,Segment 1: Long-Term Committed Loyalists
6481-ESCNL,0,Segment 3: Short-Term High-Charge Users
1790-NESIO,1,Segment 1: Long-Term Committed Loyalists
1550-EENBN,0,Segment 3: Short-Term High-Charge Users
5539-TMZLF,0,Segment 3: Short-Term High-Charge Users
4323-SADQS,2,Segment 3: Short-Term High-Charge Users
4446-BZKHU,3,Segment 1: Long-Term Committed Loyalists
5202-IVJNU,2,Segment 3: Short-Term High-Charge Users
5976-JCJRH,0,Segment 3: Short-Term High-Charge Users
8198-RKSZG,2,Segment 3: Short-Term High-Charge Users
0137-OCGAB,0,Segment 3: Short-Term High-Charge Users
3351-NQLDI,3,Segment 1: Long-Term Committed Loyalists
9297-EONCV,3,Segment 1: Long-Term Committed Loyalists
7593-JNWRU,2,Segment 3: Short-Term High-Charge Users
4588-YBNIB,2,Segment 3: Short-Term High-Charge Users
1069-QJOEE,1,Segment 1: Long-Term Committed Loyalists
3336-JORSO,0,Segment 3: Short-Term High-Charge Users
7799-DSEWS,2,Segment 3: Short-Term High-Charge Users
8766-PAFNE,3,Segment 1: Long-Term Committed Loyalists
5315-CKEQK,1,Segment 1: Long-Term Committed Loyalists
3130-ICDUP,0,Segment 3: Short-Term High-Charge Users
0820-FNRNX,2,Segment 3: Short-Term High-Charge Users
0880-FVFWF,0,Segment 3: Short-Term High-Charge Users
4611-ANLQC,1,Segment 1: Long-Term Committed Loyalists
4213-HKBJO,1,Segment 1: Long-Term Committed Loyalists
2792-LSHWX,0,Segment 3: Short-Term High-Charge Users
5028-GZLDO,0,Segment 3: Short-Term High-Charge Users
0014-BMAQU,3,Segment 1: Long-Term Committed Loyalists
6861-XWTWQ,0,Segment 3: Short-Term High-Charge Users
9018-PCIOK,1,Segment 1: Long-Term Committed Loyalists
4837-QUSFT,3,Segment 1: Long-Term Committed Loyalists
6877-TJMBR,0,Segment 3: Short-Term High-Charge Users
9953-ZMKSM,1,Segment 1: Long-Term Committed Loyalists
0907-HQNTS,3,Segment 1: Long-Term Committed Loyalists
7665-NKLAV,1,Segment 1: Long-Term Committed Loyalists
6769-DCQLI,3,Segment 1: Long-Term Committed Loyalists
2433-KMEAS,2,Segment 3: Short-Term High-Charge Users
4391-LNRXK,0,Segment 3: Short-Term High-Charge Users
8250-ZNGGW,2,Segment 3: Short-Term High-Charge Users
2195-ZRVAX,0,Segment 3: Short-Term High-Charge Users
3550-SAHFP,0,Segment 3: Short-Term High-Charge Users
2011-TRQYE,2,Segment 3: Short-Term High-Charge Users
8562-GHPPI,2,Segment 3: Short-Term High-Charge Users
5893-PYOLZ,3,Segment 1: Long-Term Committed Loyalists
4986-MXSFP,2,Segment 3: Short-Term High-Charge Users
6131-FOYAS,2,Segment 3: Short-Term High-Charge Users
3027-YNWZU,1,Segment 1: Long-Term Committed Loyalists
5609-IMCGG,0,Segment 3: Short-Term High-Charge Users
4873-ILOLJ,0,Segment 3: Short-Term High-Charge Users
4727-MCYZG,2,Segment 3: Short-Term High-Charge Users
9481-WHGWY,3,Segment 1: Long-Term Committed Loyalists
2725-KXXWT,0,Segment 3: Short-Term High-Charge Users
9565-DJPIB,0,Segment 3: Short-Term High-Charge Users
4328-VUFWD,1,Segment 1: Long-Term Committed Loyalists
3301-LSLWQ,2,Segment 3: Short-Term High-Charge Users
7473-ZBDSN,1,Segment 1: Long-Term Committed Loyalists
3166-PNEOF,3,Segment 1: Long-Term Committed Loyalists
5639-NTUPK,2,Segment 3: Short-Term High-Charge Users
8780-YRMTT,1,Segment 1: Long-Term Committed Loyalists
8348-HFYIV,2,Segment 3: Short-Term High-Charge Users
5140-FOMCQ,3,Segment 1: Long-Term Committed Loyalists
6242-SGYTS,3,Segment 1: Long-Term Committed Loyalists
8166-ORCHU,0,Segment 3: Short-Term High-Charge Users
8414-OOEEL,3,Segment 1: Long-Term Committed Loyalists
8454-AATJP,3,Segment 1: Long-Term Committed Loyalists
6849-WLEYG,2,Segment 3: Short-Term High-Charge Users
4659-NZRUF,0,Segment 3: Short-Term High-Charge Users
4531-AUZNK,3,Segment 1: Long-Term Committed Loyalists
4191-XOVOM,3,Segment 1: Long-Term Committed Loyalists
2150-OEGBV,1,Segment 1: Long-Term Committed Loyalists
8429-XIBUM,0,Segment 3: Short-Term High-Charge Users
1855-CFULU,2,Segment 3: Short-Term High-Charge Users
4878-BUNFV,1,Segment 1: Long-Term Committed Loyalists
1872-EBWSC,1,Segment 1: Long-Term Committed Loyalists
2608-BHKFN,0,Segment 3: Short-Term High-Charge Users
7026-YMSBE,1,Segment 1: Long-Term Committed Loyalists
7341-LXCAF,0,Segment 3: Short-Term High-Charge Users
6997-UVGOX,3,Segment 1: Long-Term Committed Loyalists
9674-EHPPG,1,Segment 1: Long-Term Committed Loyalists
9462-MJUAW,2,Segment 3: Short-Term High-Charge Users
8128-YVJRG,0,Segment 3: Short-Term High-Charge Users
5440-VHLUL,3,Segment 1: Long-Term Committed Loyalists
5781-BKHOP,3,Segment 1: Long-Term Committed Loyalists
4283-FUTGF,0,Segment 3: Short-Term High-Charge Users
5213-TWWJU,0,Segment 3: Short-Term High-Charge Users
1569-TTNYJ,0,Segment 3: Short-Term High-Charge Users
8628-MFKAX,3,Segment 1: Long-Term Committed Loyalists
2397-BRLOM,0,Segment 3: Short-Term High-Charge Users
7629-WIXZF,2,Segment 3: Short-Term High-Charge Users
5445-GLVOT,2,Segment 3: Short-Term High-Charge Users
3976-HXHCE,1,Segment 1: Long-Term Committed Loyalists
2466-NEJOJ,2,Segment 3: Short-Term High-Charge Users
0254-KCJGT,3,Segment 1: Long-Term Committed Loyalists
5472-CVMDX,1,Segment 1: Long-Term Committed Loyalists
6461-SZMCV,3,Segment 1: Long-Term Committed Loyalists
8150-QUDFX,2,Segment 3: Short-Term High-Charge Users
9508-ILZDG,0,Segment 3: Short-Term High-Charge Users
2346-DJQTB,2,Segment 3: Short-Term High-Charge Users
1697-LYYYX,1,Segment 1: Long-Term Committed Loyalists
1942-OQFRW,2,Segment 3: Short-Term High-Charge Users
4749-VFKVB,2,Segment 3: Short-Term High-Charge Users
9640-ZSLDC,1,Segment 1: Long-Term Committed Loyalists
4231-LZUYM,1,Segment 1: Long-Term Committed Loyalists
7598-UAASY,0,Segment 3: Short-Term High-Charge Users
7938-OUHIO,0,Segment 3: Short-Term High-Charge Users
8510-AWCXC,0,Segment 3: Short-Term High-Charge Users
6128-AQBMT,2,Segment 3: Short-Term High-Charge Users
3594-BDSOA,1,Segment 1: Long-Term Committed Loyalists
0431-APWVY,0,Segment 3: Short-Term High-Charge Users
5133-VRSAB,2,Segment 3: Short-Term High-Charge Users
5996-DAOQL,2,Segment 3: Short-Term High-Charge Users
6838-YAUVY,3,Segment 1: Long-Term Committed Loyalists
0484-JPBRU,2,Segment 3: Short-Term High-Charge Users
7883-ROJOC,2,Segment 3: Short-Term High-Charge Users
0244-LGNFY,3,Segment 1: Long-Term Committed Loyalists
7274-CGTOD,1,Segment 1: Long-Term Committed Loyalists
4295-YURET,3,Segment 1: Long-Term Committed Loyalists
3426-NIYYL,2,Segment 3: Short-Term High-Charge Users
8225-BTJAU,0,Segment 3: Short-Term High-Charge Users
4635-EJYPD,1,Segment 1: Long-Term Committed Loyalists
1866-ZSLJM,2,Segment 3: Short-Term High-Charge Users
4636-TVXVG,1,Segment 1: Long-Term Committed Loyalists
4236-UJPWO,2,Segment 3: Short-Term High-Charge Users
9392-XBGTD,1,Segment 1: Long-Term Committed Loyalists
3387-VATUS,0,Segment 3: Short-Term High-Charge Users
6402-SSEJG,1,Segment 1: Long-Term Committed Loyalists
1143-NMNQJ,0,Segment 3: Short-Term High-Charge Users
1169-SAOCL,3,Segment 1: Long-Term Committed Loyalists
1110-KYLGQ,3,Segment 1: Long-Term Committed Loyalists
9929-PLVPA,2,Segment 3: Short-Term High-Charge Users
3518-PZXZQ,2,Segment 3: Short-Term High-Charge Users
2371-JUNGC,2,Segment 3: Short-Term High-Charge Users
7693-QPEFS,0,Segment 3: Short-Term High-Charge Users
0924-BJCRC,0,Segment 3: Short-Term High-Charge Users
5074-FBGHB,3,Segment 1: Long-Term Committed Loyalists
2351-BKRZW,3,Segment 1: Long-Term Committed Loyalists
4455-BFSPD,3,Segment 1: Long-Term Committed Loyalists
0415-MOSGF,2,Segment 3: Short-Term High-Charge Users
1724-BQUHA,0,Segment 3: Short-Term High-Charge Users
3948-KXDUF,3,Segment 1: Long-Term Committed Loyalists
2323-ARSVR,3,Segment 1: Long-Term Committed Loyalists
0815-MFZGM,3,Segment 1: Long-Term Committed Loyalists
4826-XTSOH,0,Segment 3: Short-Term High-Charge Users
5480-XTFFL,1,Segment 1: Long-Term Committed Loyalists
8295-FHIVV,2,Segment 3: Short-Term High-Charge Users
2495-INZWQ,2,Segment 3: Short-Term High-Charge Users
9086-YJYXS,1,Segment 1: Long-Term Committed Loyalists
1179-INLAT,1,Segment 1: Long-Term Committed Loyalists
7909-FIOIY,2,Segment 3: Short-Term High-Charge Users
4139-SUGLD,2,Segment 3: Short-Term High-Charge Users
6857-VWJDT,0,Segment 3: Short-Term High-Charge Users
6351-SCJKT,2,Segment 3: Short-Term High-Charge Users
5468-BPMMO,2,Segment 3: Short-Term High-Charge Users
5624-BQSSA,2,Segment 3: Short-Term High-Charge Users
0197-PNKNK,3,Segment 1: Long-Term Committed Loyalists
2439-QKJUL,2,Segment 3: Short-Term High-Charge Users
1194-SPVSP,2,Segment 3: Short-Term High-Charge Users
9534-NSXEM,1,Segment 1: Long-Term Committed Loyalists
2408-WITXK,2,Segment 3: Short-Term High-Charge Users
8929-KSWIH,3,Segment 1: Long-Term Committed Loyalists
2250-IVBWA,0,Segment 3: Short-Term High-Charge Users
1810-MVMAI,0,Segment 3: Short-Term High-Charge Users
9506-UXUSK,0,Segment 3: Short-Term High-Charge Users
1229-RCALF,3,Segment 1: Long-Term Committed Loyalists
3572-UOLYZ,0,Segment 3: Short-Term High-Charge Users
1429-UYJSV,1,Segment 1: Long-Term Committed Loyalists
5577-OTWWW,2,Segment 3: Short-Term High-Charge Users
6100-QQHEB,0,Segment 3: Short-Term High-Charge Users
6366-XIVKZ,2,Segment 3: Short-Term High-Charge Users
3470-OBUET,3,Segment 1: Long-Term Committed Loyalists
2770-NSVDG,2,Segment 3: Short-Term High-Charge Users
9375-MHRRS,2,Segment 3: Short-Term High-Charge Users
2634-HCZGT,1,Segment 1: Long-Term Committed Loyalists
7503-QQRVF,0,Segment 3: Short-Term High-Charge Users
4860-YZGZM,2,Segment 3: Short-Term High-Charge Users
6599-GZWCM,0,Segment 3: Short-Term High-Charge Users
2691-NZETQ,0,Segment 3: Short-Term High-Charge Users
4404-HIBDJ,1,Segment 1: Long-Term Committed Loyalists
5533-NHFRF,2,Segment 3: Short-Term High-Charge Users
7037-MTYVW,3,Segment 1: Long-Term Committed Loyalists
4760-THGOT,0,Segment 3: Short-Term High-Charge Users
7295-JOMMD,0,Segment 3: Short-Term High-Charge Users
4016-BJKTZ,3,Segment 1: Long-Term Committed Loyalists
6584-VQMYT,1,Segment 1: Long-Term Committed Loyalists
9838-BFCQT,1,Segment 1: Long-Term Committed Loyalists
2790-XUYMV,3,Segment 1: Long-Term Committed Loyalists
0581-MDMPW,0,Segment 3: Short-Term High-Charge Users
5013-SBUIH,3,Segment 1: Long-Term Committed Loyalists
1023-BQXZE,3,Segment 1: Long-Term Committed Loyalists
9163-GHAYE,2,Segment 3: Short-Term High-Charge Users
3904-UKFRE,0,Segment 3: Short-Term High-Charge Users
5353-WILCI,2,Segment 3: Short-Term High-Charge Users
0709-TVGUR,0,Segment 3: Short-Term High-Charge Users
0058-EVZWM,0,Segment 3: Short-Term High-Charge Users
6023-YEBUP,0,Segment 3: Short-Term High-Charge Users
7209-JCUDS,0,Segment 3: Short-Term High-Charge Users
7009-PCARS,1,Segment 1: Long-Term Committed Loyalists
0519-DRGTI,2,Segment 3: Short-Term High-Charge Users
1017-FBQMM,3,Segment 1: Long-Term Committed Loyalists
3001-CBHLQ,0,Segment 3: Short-Term High-Charge Users
1985-MBRYP,1,Segment 1: Long-Term Committed Loyalists
6158-DWPZT,1,Segment 1: Long-Term Committed Loyalists
9372-TXXPS,1,Segment 1: Long-Term Committed Loyalists
3259-QMXUN,3,Segment 1: Long-Term Committed Loyalists
1015-JPFYW,1,Segment 1: Long-Term Committed Loyalists
6645-MXQJT,0,Segment 3: Short-Term High-Charge Users
4360-QRAVE,2,Segment 3: Short-Term High-Charge Users
8433-WPJTV,3,Segment 1: Long-Term Committed Loyalists
5804-JMYIO,1,Segment 1: Long-Term Committed Loyalists
3763-GCZHZ,3,Segment 1: Long-Term Committed Loyalists
6484-LATFU,1,Segment 1: Long-Term Committed Loyalists
7599-NTMDP,1,Segment 1: Long-Term Committed Loyalists
0772-GYEQQ,0,Segment 3: Short-Term High-Charge Users
0536-ACXIP,3,Segment 1: Long-Term Committed Loyalists
0936-NQLJU,1,Segment 1: Long-Term Committed Loyalists
4831-EOBFE,0,Segment 3: Short-Term High-Charge Users
1575-KRZZE,2,Segment 3: Short-Term High-Charge Users
3251-YMVWZ,1,Segment 1: Long-Term Committed Loyalists
4102-OQUPX,0,Segment 3: Short-Term High-Charge Users
9170-GYZJC,3,Segment 1: Long-Term Committed Loyalists
4884-LEVMQ,1,Segment 1: Long-Term Committed Loyalists
8857-CUPFQ,1,Segment 1: Long-Term Committed Loyalists
7610-TVOPG,2,Segment 3: Short-Term High-Charge Users
3638-DIMPH,2,Segment 3: Short-Term High-Charge Users
1845-ZLLIG,2,Segment 3: Short-Term High-Charge Users
8559-WNQZS,1,Segment 1: Long-Term Committed Loyalists
3999-QGRJH,0,Segment 3: Short-Term High-Charge Users
1699-UOTXU,1,Segment 1: Long-Term Committed Loyalists
2454-RPBRZ,0,Segment 3: Short-Term High-Charge Users
0635-WKOLD,1,Segment 1: Long-Term Committed Loyalists
5993-JSUWV,1,Segment 1: Long-Term Committed Loyalists
4518-FZBSX,1,Segment 1: Long-Term Committed Loyalists
5387-ASZNZ,3,Segment 1: Long-Term Committed Loyalists
6988-CJEYV,0,Segment 3: Short-Term High-Charge Users
2002-MZHWP,2,Segment 3: Short-Term High-Charge Users
3097-FQTVJ,1,Segment 1: Long-Term Committed Loyalists
5465-BUBFA,1,Segment 1: Long-Term Committed Loyalists
7299-GNVPL,0,Segment 3: Short-Term High-Charge Users
9743-DQKQW,2,Segment 3: Short-Term High-Charge Users
1215-VFYVK,2,Segment 3: Short-Term High-Charge Users
9371-BITHB,1,Segment 1: Long-Term Committed Loyalists
2265-CYWIV,0,Segment 3: Short-Term High-Charge Users
9093-FPDLG,0,Segment 3: Short-Term High-Charge Users
0541-FITGH,2,Segment 3: Short-Term High-Charge Users
6985-HAYWX,0,Segment 3: Short-Term High-Charge Users
7508-KBIMB,1,Segment 1: Long-Term Committed Loyalists
6838-HVLXG,2,Segment 3: Short-Term High-Charge Users
2277-DJJDL,0,Segment 3: Short-Term High-Charge Users
1897-OKVMW,3,Segment 1: Long-Term Committed Loyalists
5485-ITNPC,3,Segment 1: Long-Term Committed Loyalists
0233-FTHAV,3,Segment 1: Long-Term Committed Loyalists
4644-PIZRT,1,Segment 1: Long-Term Committed Loyalists
8922-NPKBJ,1,Segment 1: Long-Term Committed Loyalists
2740-TVLFN,2,Segment 3: Short-Term High-Charge Users
7771-CFQRQ,1,Segment 1: Long-Term Committed Loyalists
9512-PHSMG,2,Segment 3: Short-Term High-Charge Users
6963-EZQEE,3,Segment 1: Long-Term Committed Loyalists
2452-KDRRH,3,Segment 1: Long-Term Committed Loyalists
2004-OCQXK,0,Segment 3: Short-Term High-Charge Users
5027-QPKTE,0,Segment 3: Short-Term High-Charge Users
4146-SVFUD,2,Segment 3: Short-Term High-Charge Users
1564-HJUVY,2,Segment 3: Short-Term High-Charge Users
3617-XLSGQ,3,Segment 1: Long-Term Committed Loyalists
7517-LDMPS,0,Segment 3: Short-Term High-Charge Users
7244-KXYZN,1,Segment 1: Long-Term Committed Loyalists
5226-NOZFC,0,Segment 3: Short-Term High-Charge Users
2672-HUYVI,0,Segment 3: Short-Term High-Charge Users
1400-WIVLL,3,Segment 1: Long-Term Committed Loyalists
7508-MYBOG,0,Segment 3: Short-Term High-Charge Users
8148-NLEGT,1,Segment 1: Long-Term Committed Loyalists
0148-DCDOS,0,Segment 3: Short-Term High-Charge Users
8347-GDTMP,1,Segment 1: Long-Term Committed Loyalists
9992-RRAMN,0,Segment 3: Short-Term High-Charge Users
6746-WAUWT,1,Segment 1: Long-Term Committed Loyalists
0310-MVLET,0,Segment 3: Short-Term High-Charge Users
0428-IKYCP,0,Segment 3: Short-Term High-Charge Users
4550-VBOFE,3,Segment 1: Long-Term Committed Loyalists
2187-PKZAY,0,Segment 3: Short-Term High-Charge Users
4003-OCTMP,1,Segment 1: Long-Term Committed Loyalists
6652-YFFJO,2,Segment 3: Short-Term High-Charge Users
7225-IILWY,1,Segment 1: Long-Term Committed Loyalists
5248-RPYWW,3,Segment 1: Long-Term Committed Loyalists
7923-IYJWY,3,Segment 1: Long-Term Committed Loyalists
3170-GWYKC,3,Segment 1: Long-Term Committed Loyalists
5696-QURRL,2,Segment 3: Short-Term High-Charge Users
7409-KIUTL,0,Segment 3: Short-Term High-Charge Users
9830-ECLEN,1,Segment 1: Long-Term Committed Loyalists
1732-VHUBQ,0,Segment 3: Short-Term High-Charge Users
0495-RVCBF,0,Segment 3: Short-Term High-Charge Users
2668-TZSPS,2,Segment 3: Short-Term High-Charge Users
7854-EDSSA,2,Segment 3: Short-Term High-Charge Users
8869-TORSS,1,Segment 1: Long-Term Committed Loyalists
7446-SFAOA,1,Segment 1: Long-Term Committed Loyalists
9522-ZSINC,2,Segment 3: Short-Term High-Charge Users
8234-GSZYK,1,Segment 1: Long-Term Committed Loyalists
6505-OZNPG,1,Segment 1: Long-Term Committed Loyalists
6164-HAQTX,3,Segment 1: Long-Term Committed Loyalists
0679-IDSTG,0,Segment 3: Short-Term High-Charge Users
7765-LWVVH,3,Segment 1: Long-Term Committed Loyalists
1658-TJVOA,0,Segment 3: Short-Term High-Charge Users
0953-LGOVU,2,Segment 3: Short-Term High-Charge Users
2115-BFTIW,0,Segment 3: Short-Term High-Charge Users
4692-NNQRU,0,Segment 3: Short-Term High-Charge Users
7742-MYPGI,2,Segment 3: Short-Term High-Charge Users
0611-DFXKO,0,Segment 3: Short-Term High-Charge Users
7780-OTDSO,0,Segment 3: Short-Term High-Charge Users
9619-GSATL,1,Segment 1: Long-Term Committed Loyalists
5622-UEJFI,1,Segment 1: Long-Term Committed Loyalists
9747-DDZOS,0,Segment 3: Short-Term High-Charge Users
0674-DGMAQ,0,Segment 3: Short-Term High-Charge Users
6203-HBZPA,3,Segment 1: Long-Term Committed Loyalists
0484-FFVBJ,1,Segment 1: Long-Term Committed Loyalists
0301-FIDRB,3,Segment 1: Long-Term Committed Loyalists
4139-JPIAM,2,Segment 3: Short-Term High-Charge Users
2181-TIDSV,1,Segment 1: Long-Term Committed Loyalists
2761-XECQW,2,Segment 3: Short-Term High-Charge Users
1936-CZAKF,1,Segment 1: Long-Term Committed Loyalists
9453-PATOS,3,Segment 1: Long-Term Committed Loyalists
0564-JJHGS,0,Segment 3: Short-Term High-Charge Users
3348-CFRNX,0,Segment 3: Short-Term High-Charge Users
4402-FTBXC,0,Segment 3: Short-Term High-Charge Users
1428-GTBJJ,0,Segment 3: Short-Term High-Charge Users
2931-XIQBR,3,Segment 1: Long-Term Committed Loyalists
0106-UGRDO,3,Segment 1: Long-Term Committed Loyalists
5542-TBBWB,0,Segment 3: Short-Term High-Charge Users
1930-QPBVZ,3,Segment 1: Long-Term Committed Loyalists
2606-PKWJB,1,Segment 1: Long-Term Committed Loyalists
5322-ZSMZY,1,Segment 1: Long-Term Committed Loyalists
8059-UDZFY,0,Segment 3: Short-Term High-Charge Users
7740-BTPUX,3,Segment 1: Long-Term Committed Loyalists
5220-AGAAX,1,Segment 1: Long-Term Committed Loyalists
0208-BPQEJ,2,Segment 3: Short-Term High-Charge Users
9435-JMLSX,3,Segment 1: Long-Term Committed Loyalists
3352-ALMCK,0,Segment 3: Short-Term High-Charge Users
5312-IRCFR,3,Segment 1: Long-Term Committed Loyalists
5294-IMHHT,3,Segment 1: Long-Term Committed Loyalists
8802-UNOJF,0,Segment 3: Short-Term High-Charge Users
6313-GIDIT,2,Segment 3: Short-Term High-Charge Users
6176-YJWAS,3,Segment 1: Long-Term Committed Loyalists
5310-NOOVA,1,Segment 1: Long-Term Committed Loyalists
4526-EXKKN,1,Segment 1: Long-Term Committed Loyalists
5311-IHLEI,2,Segment 3: Short-Term High-Charge Users
3987-KQDDU,0,Segment 3: Short-Term High-Charge Users
3404-JNXAX,0,Segment 3: Short-Term High-Charge Users
5131-PONJI,0,Segment 3: Short-Term High-Charge Users
2845-AFFTX,0,Segment 3: Short-Term High-Charge Users
3489-VSFRD,1,Segment 1: Long-Term Committed Loyalists
3345-JHUEO,2,Segment 3: Short-Term High-Charge Users
5815-HGGHV,1,Segment 1: Long-Term Committed Loyalists
5260-UMPWX,2,Segment 3: Short-Term High-Charge Users
2249-YPRNG,0,Segment 3: Short-Term High-Charge Users
7410-YTJIK,0,Segment 3: Short-Term High-Charge Users
4626-GYCZP,0,Segment 3: Short-Term High-Charge Users
5649-RXQTV,0,Segment 3: Short-Term High-Charge Users
2674-MIAHT,0,Segment 3: Short-Term High-Charge Users
2576-HXMPA,2,Segment 3: Short-Term High-Charge Users
7587-AOVVU,0,Segment 3: Short-Term High-Charge Users
5590-BYNII,0,Segment 3: Short-Term High-Charge Users
6898-MDLZW,2,Segment 3: Short-Term High-Charge Users
3237-AJGEH,2,Segment 3: Short-Term High-Charge Users
4707-YNOQA,1,Segment 1: Long-Term Committed Loyalists
9357-UJRUN,1,Segment 1: Long-Term Committed Loyalists
1591-NFNLQ,0,Segment 3: Short-Term High-Charge Users
8648-PFRMP,2,Segment 3: Short-Term High-Charge Users
7663-CUXZB,3,Segment 1: Long-Term Committed Loyalists
0258-NOKBL,0,Segment 3: Short-Term High-Charge Users
1163-VIPRI,3,Segment 1: Long-Term Committed Loyalists
2815-CPTUL,0,Segment 3: Short-Term High-Charge Users
9348-ROUAI,3,Segment 1: Long-Term Committed Loyalists
9443-JUBUO,3,Segment 1: Long-Term Committed Loyalists
0596-BQCEQ,3,Segment 1: Long-Term Committed Loyalists
1481-ZUWZA,0,Segment 3: Short-Term High-Charge Users
3043-TYBNO,2,Segment 3: Short-Term High-Charge Users
4830-FAXFM,2,Segment 3: Short-Term High-Charge Users
5906-BFOZT,2,Segment 3: Short-Term High-Charge Users
2960-NKRSO,0,Segment 3: Short-Term High-Charge Users
8996-ZROXE,1,Segment 1: Long-Term Committed Loyalists
5598-IKHQQ,1,Segment 1: Long-Term Committed Loyalists
0397-ZXWQF,1,Segment 1: Long-Term Committed Loyalists
5266-PFRQK,1,Segment 1: Long-Term Committed Loyalists
4674-HGNUA,3,Segment 1: Long-Term Committed Loyalists
6765-MBQNU,1,Segment 1: Long-Term Committed Loyalists
9786-IJYDL,3,Segment 1: Long-Term Committed Loyalists
1303-SRDOK,1,Segment 1: Long-Term Committed Loyalists
3769-MHZNV,1,Segment 1: Long-Term Committed Loyalists
6295-OSINB,3,Segment 1: Long-Term Committed Loyalists
3308-MHOOC,2,Segment 3: Short-Term High-Charge Users
2309-OSFEU,2,Segment 3: Short-Term High-Charge Users
2207-QPJED,0,Segment 3: Short-Term High-Charge Users
4177-JPDFU,2,Segment 3: Short-Term High-Charge Users
2239-CFOUJ,1,Segment 1: Long-Term Committed Loyalists
8046-DNVTL,1,Segment 1: Long-Term Committed Loyalists
2209-XADXF,2,Segment 3: Short-Term High-Charge Users
6620-JDYNW,2,Segment 3: Short-Term High-Charge Users
1891-FZYSA,0,Segment 3: Short-Term High-Charge Users
4770-UEZOX,0,Segment 3: Short-Term High-Charge Users
1038-RQOST,2,Segment 3: Short-Term High-Charge Users
7613-LLQFO,0,Segment 3: Short-Term High-Charge Users
4568-TTZRT,2,Segment 3: Short-Term High-Charge Users
9513-DXHDA,0,Segment 3: Short-Term High-Charge Users
2640-PMGFL,0,Segment 3: Short-Term High-Charge Users
3801-HMYNL,0,Segment 3: Short-Term High-Charge Users
0516-QREYC,2,Segment 3: Short-Term High-Charge Users
9685-WKZGT,0,Segment 3: Short-Term High-Charge Users
6022-UGGSO,0,Segment 3: Short-Term High-Charge Users
8084-OIVBS,1,Segment 1: Long-Term Committed Loyalists
8896-BQTTI,2,Segment 3: Short-Term High-Charge Users
3865-QBWSJ,0,Segment 3: Short-Term High-Charge Users
3352-RICWQ,1,Segment 1: Long-Term Committed Loyalists
2160-GPFXD,3,Segment 1: Long-Term Committed Loyalists
2065-MMKGR,1,Segment 1: Long-Term Committed Loyalists
5857-TYBCJ,0,Segment 3: Short-Term High-Charge Users
1498-NHTLT,3,Segment 1: Long-Term Committed Loyalists
4484-CGXFK,2,Segment 3: Short-Term High-Charge Users
1402-PTHGN,1,Segment 1: Long-Term Committed Loyalists
4176-RELJR,1,Segment 1: Long-Term Committed Loyalists
6214-EDAKZ,2,Segment 3: Short-Term High-Charge Users
5199-FPUSP,1,Segment 1: Long-Term Committed Loyalists
6377-KSLXC,2,Segment 3: Short-Term High-Charge Users
1796-JANOW,2,Segment 3: Short-Term High-Charge Users
0238-WHBIQ,3,Segment 1: Long-Term Committed Loyalists
8735-NBLWT,2,Segment 3: Short-Term High-Charge Users
6651-RLGGM,1,Segment 1: Long-Term Committed Loyalists
6127-ISGTU,0,Segment 3: Short-Term High-Charge Users
1614-JBEBI,2,Segment 3: Short-Term High-Charge Users
8740-XLHDR,2,Segment 3: Short-Term High-Charge Users
1208-DNHLN,1,Segment 1: Long-Term Committed Loyalists
1761-AEZZR,0,Segment 3: Short-Term High-Charge Users
3923-CSIHK,0,Segment 3: Short-Term High-Charge Users
5696-EXCYS,1,Segment 1: Long-Term Committed Loyalists
5795-KTGUD,3,Segment 1: Long-Term Committed Loyalists
7120-RFMVS,0,Segment 3: Short-Term High-Charge Users
7924-GJZFI,0,Segment 3: Short-Term High-Charge Users
4702-HDRKD,1,Segment 1: Long-Term Committed Loyalists
8512-WIWYV,1,Segment 1: Long-Term Committed Loyalists
5897-ZYEKH,3,Segment 1: Long-Term Committed Loyalists
5456-ITGIC,3,Segment 1: Long-Term Committed Loyalists
7317-GGVPB,3,Segment 1: Long-Term Committed Loyalists
1406-PUQVY,2,Segment 3: Short-Term High-Charge Users
1322-AGOQM,2,Segment 3: Short-Term High-Charge Users
3677-IYRBF,2,Segment 3: Short-Term High-Charge Users
5692-FPTAH,2,Segment 3: Short-Term High-Charge Users
9114-AAFQH,1,Segment 1: Long-Term Committed Loyalists
8715-KKTFG,3,Segment 1: Long-Term Committed Loyalists
1550-LOAHA,0,Segment 3: Short-Term High-Charge Users
1728-BQDMA,2,Segment 3: Short-Term High-Charge Users
0268-QKIWO,2,Segment 3: Short-Term High-Charge Users
0876-WDUUZ,0,Segment 3: Short-Term High-Charge Users
5117-ZSMHQ,3,Segment 1: Long-Term Committed Loyalists
5151-HQRDG,2,Segment 3: Short-Term High-Charge Users
0960-HUWBM,3,Segment 1: Long-Term Committed Loyalists
6465-GSRCL,3,Segment 1: Long-Term Committed Loyalists
0617-FHSGK,0,Segment 3: Short-Term High-Charge Users
0263-FJTQO,3,Segment 1: Long-Term Committed Loyalists
7319-ZNRTR,1,Segment 1: Long-Term Committed Loyalists
2858-MOFSQ,1,Segment 1: Long-Term Committed Loyalists
7503-EPSZW,1,Segment 1: Long-Term Committed Loyalists
7089-XXAYG,1,Segment 1: Long-Term Committed Loyalists
8118-LSUEL,0,Segment 3: Short-Term High-Charge Users
8070-AAWZP,2,Segment 3: Short-Term High-Charge Users
1666-JXLKU,0,Segment 3: Short-Term High-Charge Users
7855-DIWPO,0,Segment 3: Short-Term High-Charge Users
5133-POWUA,2,Segment 3: Short-Term High-Charge Users
5652-MSDEY,0,Segment 3: Short-Term High-Charge Users
7005-CCBKV,0,Segment 3: Short-Term High-Charge Users
1810-BOHSY,3,Segment 1: Long-Term Committed Loyalists
1784-BXEFA,2,Segment 3: Short-Term High-Charge Users
7351-MHQVU,2,Segment 3: Short-Term High-Charge Users
9224-VTYID,3,Segment 1: Long-Term Committed Loyalists
9500-IWPXQ,3,Segment 1: Long-Term Committed Loyalists
5762-TJXGK,1,Segment 1: Long-Term Committed Loyalists
4504-YOULA,2,Segment 3: Short-Term High-Charge Users
5569-IDSEY,3,Segment 1: Long-Term Committed Loyalists
4250-FDVOU,2,Segment 3: Short-Term High-Charge Users
7284-ZZLOH,1,Segment 1: Long-Term Committed Loyalists
5277-ZLOOR,0,Segment 3: Short-Term High-Charge Users
2141-RRYGO,2,Segment 3: Short-Term High-Charge Users
1777-JYQPJ,2,Segment 3: Short-Term High-Charge Users
6376-GAHQE,0,Segment 3: Short-Term High-Charge Users
3401-URHDA,1,Segment 1: Long-Term Committed Loyalists
1599-EAHXY,1,Segment 1: Long-Term Committed Loyalists
8631-XVRZL,1,Segment 1: Long-Term Committed Loyalists
5052-PNLOS,0,Segment 3: Short-Term High-Charge Users
3853-LYGAM,0,Segment 3: Short-Term High-Charge Users
6979-ZNSFF,0,Segment 3: Short-Term High-Charge Users
5751-USDBL,3,Segment 1: Long-Term Committed Loyalists
5680-LQOGP,3,Segment 1: Long-Term Committed Loyalists
2386-LAHRK,2,Segment 3: Short-Term High-Charge Users
8189-DUKMV,1,Segment 1: Long-Term Committed Loyalists
6032-IGALN,2,Segment 3: Short-Term High-Charge Users
9931-DCEZH,1,Segment 1: Long-Term Committed Loyalists
1898-JSNDC,1,Segment 1: Long-Term Committed Loyalists
0315-LVCRK,0,Segment 3: Short-Term High-Charge Users
3911-RSNHI,3,Segment 1: Long-Term Committed Loyalists
2410-CIYFZ,2,Segment 3: Short-Term High-Charge Users
4248-HCETZ,0,Segment 3: Short-Term High-Charge Users
5505-OVWQW,1,Segment 1: Long-Term Committed Loyalists
7271-AJDTL,3,Segment 1: Long-Term Committed Loyalists
1867-TJHTS,0,Segment 3: Short-Term High-Charge Users
0516-WJVXC,2,Segment 3: Short-Term High-Charge Users
9174-FKWZE,2,Segment 3: Short-Term High-Charge Users
6860-YRJZP,0,Segment 3: Short-Term High-Charge Users
4429-WYGFR,2,Segment 3: Short-Term High-Charge Users
2817-LVCPP,1,Segment 1: Long-Term Committed Loyalists
5038-ETMLM,3,Segment 1: Long-Term Committed Loyalists
5056-FIMPT,3,Segment 1: Long-Term Committed Loyalists
4521-WFJAI,1,Segment 1: Long-Term Committed Loyalists
6569-KTMDU,2,Segment 3: Short-Term High-Charge Users
8809-RIHDD,3,Segment 1: Long-Term Committed Loyalists
8809-XKHMD,3,Segment 1: Long-Term Committed Loyalists
0396-YCHWO,0,Segment 3: Short-Term High-Charge Users
0867-LDTTC,2,Segment 3: Short-Term High-Charge Users
4822-NGOCH,0,Segment 3: Short-Term High-Charge Users
9391-DXGGG,3,Segment 1: Long-Term Committed Loyalists
9844-FELAJ,3,Segment 1: Long-Term Committed Loyalists
2122-SZZZD,1,Segment 1: Long-Term Committed Loyalists
5307-DZCVC,0,Segment 3: Short-Term High-Charge Users
3148-AOIQT,1,Segment 1: Long-Term Committed Loyalists
8679-JOEVF,2,Segment 3: Short-Term High-Charge Users
8395-ETZKQ,1,Segment 1: Long-Term Committed Loyalists
6692-YQHXC,0,Segment 3: Short-Term High-Charge Users
3889-VWBID,3,Segment 1: Long-Term Committed Loyalists
5222-JCXZT,2,Segment 3: Short-Term High-Charge Users
9754-CLVZW,2,Segment 3: Short-Term High-Charge Users
1432-FPAXX,2,Segment 3: Short-Term High-Charge Users
2739-CCZMB,2,Segment 3: Short-Term High-Charge Users
7080-TNUWP,3,Segment 1: Long-Term Committed Loyalists
0496-AHOOK,1,Segment 1: Long-Term Committed Loyalists
8336-TAVKX,3,Segment 1: Long-Term Committed Loyalists
2468-SJFLM,0,Segment 3: Short-Term High-Charge Users
3181-VTHOE,1,Segment 1: Long-Term Committed Loyalists
7168-HDQHG,2,Segment 3: Short-Term High-Charge Users
4803-AXVYP,0,Segment 3: Short-Term High-Charge Users
3884-HCSWG,0,Segment 3: Short-Term High-Charge Users
4567-AKPIA,3,Segment 1: Long-Term Committed Loyalists
5077-DXTCG,2,Segment 3: Short-Term High-Charge Users
1142-WACZW,2,Segment 3: Short-Term High-Charge Users
7901-HXJVA,0,Segment 3: Short-Term High-Charge Users
5649-ANRML,0,Segment 3: Short-Term High-Charge Users
4892-VLANZ,2,Segment 3: Short-Term High-Charge Users
5924-IFQTT,0,Segment 3: Short-Term High-Charge Users
7968-QUXNS,2,Segment 3: Short-Term High-Charge Users
2919-HBCJO,0,Segment 3: Short-Term High-Charge Users
4236-XPXAV,0,Segment 3: Short-Term High-Charge Users
8903-WMRNW,0,Segment 3: Short-Term High-Charge Users
2452-SNHFZ,0,Segment 3: Short-Term High-Charge Users
3629-WEAAM,2,Segment 3: Short-Term High-Charge Users
6029-CSMJE,2,Segment 3: Short-Term High-Charge Users
7993-NQLJE,0,Segment 3: Short-Term High-Charge Users
9909-DFRJA,0,Segment 3: Short-Term High-Charge Users
9099-FTUHS,2,Segment 3: Short-Term High-Charge Users
0581-BXBUB,0,Segment 3: Short-Term High-Charge Users
4962-CHQPW,1,Segment 1: Long-Term Committed Loyalists
9467-ROOLM,2,Segment 3: Short-Term High-Charge Users
3030-YZADT,2,Segment 3: Short-Term High-Charge Users
7410-KTVFV,2,Segment 3: Short-Term High-Charge Users
5150-ITWWB,0,Segment 3: Short-Term High-Charge Users
2253-KPMNB,1,Segment 1: Long-Term Committed Loyalists
1345-ZUKID,1,Segment 1: Long-Term Committed Loyalists
6429-SHBCB,2,Segment 3: Short-Term High-Charge Users
9281-OFDMF,0,Segment 3: Short-Term High-Charge Users
2603-HVKCG,0,Segment 3: Short-Term High-Charge Users
1834-WULEG,1,Segment 1: Long-Term Committed Loyalists
9097-ZUBYC,2,Segment 3: Short-Term High-Charge Users
5148-ORICT,3,Segment 1: Long-Term Committed Loyalists
4893-GYUJU,1,Segment 1: Long-Term Committed Loyalists
4578-PHJYZ,3,Segment 1: Long-Term Committed Loyalists
7272-QDCKA,0,Segment 3: Short-Term High-Charge Users
8908-SLFCJ,1,Segment 1: Long-Term Committed Loyalists
8393-DLHGA,0,Segment 3: Short-Term High-Charge Users
9766-HGEDE,1,Segment 1: Long-Term Committed Loyalists
6968-MHOMU,1,Segment 1: Long-Term Committed Loyalists
7395-IGJOS,0,Segment 3: Short-Term High-Charge Users
5044-XDPYX,1,Segment 1: Long-Term Committed Loyalists
1814-WFGVS,1,Segment 1: Long-Term Committed Loyalists
2834-SPCJV,0,Segment 3: Short-Term High-Charge Users
3721-WKIIL,1,Segment 1: Long-Term Committed Loyalists
6734-CKRSM,2,Segment 3: Short-Term High-Charge Users
1265-ZFOSD,3,Segment 1: Long-Term Committed Loyalists
6568-POCUI,3,Segment 1: Long-Term Committed Loyalists
7890-VYYWG,2,Segment 3: Short-Term High-Charge Users
5197-LQXXH,3,Segment 1: Long-Term Committed Loyalists
9907-SWKKF,2,Segment 3: Short-Term High-Charge Users
3457-PQBYH,1,Segment 1: Long-Term Committed Loyalists
7682-AZNDK,0,Segment 3: Short-Term High-Charge Users
0587-DMGBH,2,Segment 3: Short-Term High-Charge Users
5384-ZTTWP,2,Segment 3: Short-Term High-Charge Users
3745-HRPHI,1,Segment 1: Long-Term Committed Loyalists
7636-OWBPG,2,Segment 3: Short-Term High-Charge Users
1231-YNDEK,1,Segment 1: Long-Term Committed Loyalists
1407-DIGZV,1,Segment 1: Long-Term Committed Loyalists
6397-JNZZG,2,Segment 3: Short-Term High-Charge Users
0570-BFQHT,0,Segment 3: Short-Term High-Charge Users
4393-OBCRR,1,Segment 1: Long-Term Committed Loyalists
3523-QRQLL,1,Segment 1: Long-Term Committed Loyalists
8564-LDKFL,3,Segment 1: Long-Term Committed Loyalists
3696-DFHHB,1,Segment 1: Long-Term Committed Loyalists
0895-DQHEW,0,Segment 3: Short-Term High-Charge Users
4717-GHADL,3,Segment 1: Long-Term Committed Loyalists
5501-TVMGM,2,Segment 3: Short-Term High-Charge Users
5879-HMFFH,3,Segment 1: Long-Term Committed Loyalists
6772-WFQRD,1,Segment 1: Long-Term Committed Loyalists
3810-DVDQQ,3,Segment 1: Long-Term Committed Loyalists
6972-SNKKW,2,Segment 3: Short-Term High-Charge Users
3694-GLTJM,2,Segment 3: Short-Term High-Charge Users
8550-XSXUQ,3,Segment 1: Long-Term Committed Loyalists
8149-RSOUN,0,Segment 3: Short-Term High-Charge Users
9055-MOJJJ,1,Segment 1: Long-Term Committed Loyalists
4359-INNWN,1,Segment 1: Long-Term Committed Loyalists
0585-EGDDA,0,Segment 3: Short-Term High-Charge Users
4032-RMHCI,1,Segment 1: Long-Term Committed Loyalists
0549-CYCQN,3,Segment 1: Long-Term Committed Loyalists
3481-JHUZH,0,Segment 3: Short-Term High-Charge Users
7250-EQKIY,2,Segment 3: Short-Term High-Charge Users
3594-IVHJZ,2,Segment 3: Short-Term High-Charge Users
6869-FGJJC,3,Segment 1: Long-Term Committed Loyalists
3896-ZVNET,1,Segment 1: Long-Term Committed Loyalists
8205-VSLRB,3,Segment 1: Long-Term Committed Loyalists
5960-MVTUK,2,Segment 3: Short-Term High-Charge Users
6817-WTYHE,2,Segment 3: Short-Term High-Charge Users
3082-VQXNH,2,Segment 3: Short-Term High-Charge Users
4013-UBXWQ,2,Segment 3: Short-Term High-Charge Users
4931-TRZWN,2,Segment 3: Short-Term High-Charge Users
0750-EKNGL,2,Segment 3: Short-Term High-Charge Users
7669-LCRSD,2,Segment 3: Short-Term High-Charge Users
3567-PQTSO,3,Segment 1: Long-Term Committed Loyalists
5519-NPHVG,0,Segment 3: Short-Term High-Charge Users
8043-PNYSD,1,Segment 1: Long-Term Committed Loyalists
9938-EKRGF,2,Segment 3: Short-Term High-Charge Users
2703-AMTUL,1,Segment 1: Long-Term Committed Loyalists
0928-JMXNP,2,Segment 3: Short-Term High-Charge Users
8173-RXAYP,1,Segment 1: Long-Term Committed Loyalists
4825-XJGDM,1,Segment 1: Long-Term Committed Loyalists
5402-HTOTQ,2,Segment 3: Short-Term High-Charge Users
6734-JDTTV,1,Segment 1: Long-Term Committed Loyalists
7850-THJMU,1,Segment 1: Long-Term Committed Loyalists
3890-RTCMS,2,Segment 3: Short-Term High-Charge Users
8849-GYOKR,3,Segment 1: Long-Term Committed Loyalists
3148-BLQJT,2,Segment 3: Short-Term High-Charge Users
3717-FDJFU,1,Segment 1: Long-Term Committed Loyalists
3665-JATSN,2,Segment 3: Short-Term High-Charge Users
7966-YOTQW,2,Segment 3: Short-Term High-Charge Users
0461-CVKMU,0,Segment 3: Short-Term High-Charge Users
8806-EAGWC,2,Segment 3: Short-Term High-Charge Users
8853-TZDGH,3,Segment 1: Long-Term Committed Loyalists
7779-LGOVN,0,Segment 3: Short-Term High-Charge Users
4324-BZCKL,2,Segment 3: Short-Term High-Charge Users
6924-TDGMT,1,Segment 1: Long-Term Committed Loyalists
9710-ZUSHQ,0,Segment 3: Short-Term High-Charge Users
1536-YHDOE,1,Segment 1: Long-Term Committed Loyalists
8123-QBNAZ,0,Segment 3: Short-Term High-Charge Users
3629-ZNKXA,0,Segment 3: Short-Term High-Charge Users
4827-LTQRJ,3,Segment 1: Long-Term Committed Loyalists
7711-YIJWC,3,Segment 1: Long-Term Committed Loyalists
5482-VXSXJ,0,Segment 3: Short-Term High-Charge Users
7365-BVCJH,2,Segment 3: Short-Term High-Charge Users
9620-ENEJV,0,Segment 3: Short-Term High-Charge Users
4183-WCSEP,0,Segment 3: Short-Term High-Charge Users
2378-YIZKA,3,Segment 1: Long-Term Committed Loyalists
5498-TXHLF,0,Segment 3: Short-Term High-Charge Users
0689-DSXGL,0,Segment 3: Short-Term High-Charge Users
6818-DJXAA,0,Segment 3: Short-Term High-Charge Users
9722-UJOJR,0,Segment 3: Short-Term High-Charge Users
0464-WJTKO,1,Segment 1: Long-Term Committed Loyalists
8902-ZEOVF,1,Segment 1: Long-Term Committed Loyalists
6778-EICRF,1,Segment 1: Long-Term Committed Loyalists
2662-NNTDK,1,Segment 1: Long-Term Committed Loyalists
4132-KALRO,0,Segment 3: Short-Term High-Charge Users
3902-FOIGH,0,Segment 3: Short-Term High-Charge Users
6772-KSATR,0,Segment 3: Short-Term High-Charge Users
7112-OPOTK,0,Segment 3: Short-Term High-Charge Users
2874-YXVVA,0,Segment 3: Short-Term High-Charge Users
1245-HARPS,1,Segment 1: Long-Term Committed Loyalists
4210-QFJMF,0,Segment 3: Short-Term High-Charge Users
4323-ELYYB,1,Segment 1: Long-Term Committed Loyalists
4293-ETKAP,3,Segment 1: Long-Term Committed Loyalists
6064-PUPMC,1,Segment 1: Long-Term Committed Loyalists
6504-VBLFL,1,Segment 1: Long-Term Committed Loyalists
6322-PJJDJ,3,Segment 1: Long-Term Committed Loyalists
0330-BGYZE,3,Segment 1: Long-Term Committed Loyalists
1085-LDWAM,1,Segment 1: Long-Term Committed Loyalists
7586-ZATGZ,0,Segment 3: Short-Term High-Charge Users
7197-VOJMM,3,Segment 1: Long-Term Committed Loyalists
3318-OSATS,0,Segment 3: Short-Term High-Charge Users
5828-AVIPD,0,Segment 3: Short-Term High-Charge Users
1843-TLSGD,1,Segment 1: Long-Term Committed Loyalists
9626-VFRGG,0,Segment 3: Short-Term High-Charge Users
7075-BNDVQ,2,Segment 3: Short-Term High-Charge Users
9143-CANJF,2,Segment 3: Short-Term High-Charge Users
7284-BUYEC,2,Segment 3: Short-Term High-Charge Users
2041-JIJCI,2,Segment 3: Short-Term High-Charge Users
1086-LXKFY,0,Segment 3: Short-Term High-Charge Users
4900-MSOMT,3,Segment 1: Long-Term Committed Loyalists
2229-VWQJH,2,Segment 3: Short-Term High-Charge Users
9194-GFVOI,3,Segment 1: Long-Term Committed Loyalists
1336-EZFZY,2,Segment 3: Short-Term High-Charge Users
4282-MSACW,3,Segment 1: Long-Term Committed Loyalists
1403-LKLIK,1,Segment 1: Long-Term Committed Loyalists
2636-ALXXZ,0,Segment 3: Short-Term High-Charge Users
7774-OJSXI,0,Segment 3: Short-Term High-Charge Users
7786-WBJYI,0,Segment 3: Short-Term High-Charge Users
0136-IFMYD,3,Segment 1: Long-Term Committed Loyalists
5144-TVGLP,0,Segment 3: Short-Term High-Charge Users
9643-AVVWI,0,Segment 3: Short-Term High-Charge Users
0253-ZTEOB,3,Segment 1: Long-Term Committed Loyalists
2706-QZIHY,1,Segment 1: Long-Term Committed Loyalists
6061-PQHMK,1,Segment 1: Long-Term Committed Loyalists
9885-CSMWE,0,Segment 3: Short-Term High-Charge Users
6137-MFAJN,2,Segment 3: Short-Term High-Charge Users
9122-UMROB,2,Segment 3: Short-Term High-Charge Users
4232-JGKIY,2,Segment 3: Short-Term High-Charge Users
2402-TAIRZ,0,Segment 3: Short-Term High-Charge Users
9659-ZTWSM,3,Segment 1: Long-Term Committed Loyalists
9139-TWBAS,1,Segment 1: Long-Term Committed Loyalists
6685-GBWJZ,3,Segment 1: Long-Term Committed Loyalists
5016-ETTFF,2,Segment 3: Short-Term High-Charge Users
3866-MDTUB,2,Segment 3: Short-Term High-Charge Users
2195-VVRJF,2,Segment 3: Short-Term High-Charge Users
3913-RDSJZ,1,Segment 1: Long-Term Committed Loyalists
8058-JMEQO,0,Segment 3: Short-Term High-Charge Users
4203-QGNZA,2,Segment 3: Short-Term High-Charge Users
5043-TRZWM,0,Segment 3: Short-Term High-Charge Users
0697-ZMSWS,0,Segment 3: Short-Term High-Charge Users
7657-DYEPJ,1,Segment 1: Long-Term Committed Loyalists
9494-BDNNC,3,Segment 1: Long-Term Committed Loyalists
1640-PLFMP,0,Segment 3: Short-Term High-Charge Users
5366-OBVMR,2,Segment 3: Short-Term High-Charge Users
8276-MQBYC,0,Segment 3: Short-Term High-Charge Users
7644-OMVMY,1,Segment 1: Long-Term Committed Loyalists
7593-XFKDI,2,Segment 3: Short-Term High-Charge Users
4573-JKNAE,1,Segment 1: Long-Term Committed Loyalists
0337-CNPZE,0,Segment 3: Short-Term High-Charge Users
9817-APLHW,2,Segment 3: Short-Term High-Charge Users
8380-MQINP,1,Segment 1: Long-Term Committed Loyalists
0840-DFEZH,0,Segment 3: Short-Term High-Charge Users
1513-XNPPH,0,Segment 3: Short-Term High-Charge Users
8690-ZVLCL,3,Segment 1: Long-Term Committed Loyalists
6015-VVHHE,0,Segment 3: Short-Term High-Charge Users
1125-SNVCK,2,Segment 3: Short-Term High-Charge Users
0384-LPITE,1,Segment 1: Long-Term Committed Loyalists
4616-EWBNJ,1,Segment 1: Long-Term Committed Loyalists
6347-DCUIK,0,Segment 3: Short-Term High-Charge Users
1335-HQMKX,3,Segment 1: Long-Term Committed Loyalists
2545-EBUPK,0,Segment 3: Short-Term High-Charge Users
6923-AQONU,1,Segment 1: Long-Term Committed Loyalists
2172-EJXVF,3,Segment 1: Long-Term Committed Loyalists
0897-FEGMU,0,Segment 3: Short-Term High-Charge Users
7663-RGWBC,2,Segment 3: Short-Term High-Charge Users
1120-BMWUB,2,Segment 3: Short-Term High-Charge Users
9124-LHCJQ,0,Segment 3: Short-Term High-Charge Users
4536-PLEQY,0,Segment 3: Short-Term High-Charge Users
7029-IJEJK,1,Segment 1: Long-Term Committed Loyalists
8871-JLMHM,3,Segment 1: Long-Term Committed Loyalists
2235-ZGKPT,2,Segment 3: Short-Term High-Charge Users
3891-PUQOD,2,Segment 3: Short-Term High-Charge Users
5447-VYTKW,2,Segment 3: Short-Term High-Charge Users
3623-FQBOX,2,Segment 3: Short-Term High-Charge Users
0689-NKYLF,0,Segment 3: Short-Term High-Charge Users
8659-HDIYE,3,Segment 1: Long-Term Committed Loyalists
3658-KIBGF,2,Segment 3: Short-Term High-Charge Users
3474-BAFSJ,1,Segment 1: Long-Term Committed Loyalists
5519-YLDGW,0,Segment 3: Short-Term High-Charge Users
3865-ZFZIB,1,Segment 1: Long-Term Committed Loyalists
1855-AGAWH,0,Segment 3: Short-Term High-Charge Users
7109-CQYUZ,3,Segment 1: Long-Term Committed Loyalists
1370-GGAWX,3,Segment 1: Long-Term Committed Loyalists
4680-KUTAJ,2,Segment 3: Short-Term High-Charge Users
5307-UVGNB,2,Segment 3: Short-Term High-Charge Users
4946-EDSEW,2,Segment 3: Short-Term High-Charge Users
2883-ILGWO,3,Segment 1: Long-Term Committed Loyalists
2516-VQRRV,0,Segment 3: Short-Term High-Charge Users
7580-UGXNC,2,Segment 3: Short-Term High-Charge Users
3642-BYHDO,1,Segment 1: Long-Term Committed Loyalists
9629-NHXFW,2,Segment 3: Short-Term High-Charge Users
2696-RZVZW,1,Segment 1: Long-Term Committed Loyalists
5766-FTRTS,3,Segment 1: Long-Term Committed Loyalists
0396-HUJBP,2,Segment 3: Short-Term High-Charge Users
5178-LMXOP,0,Segment 3: Short-Term High-Charge Users
8879-ZKJOF,3,Segment 1: Long-Term Committed Loyalists
6285-FTQBF,1,Segment 1: Long-Term Committed Loyalists
8185-UPYBR,0,Segment 3: Short-Term High-Charge Users
4585-HETAI,0,Segment 3: Short-Term High-Charge Users
7526-BEZQB,0,Segment 3: Short-Term High-Charge Users
1474-JUWSM,3,Segment 1: Long-Term Committed Loyalists
3530-CRZSB,2,Segment 3: Short-Term High-Charge Users
8498-XXGWA,2,Segment 3: Short-Term High-Charge Users
9617-INGJY,0,Segment 3: Short-Term High-Charge Users
0621-TSSMU,1,Segment 1: Long-Term Committed Loyalists
7234-KMNRQ,2,Segment 3: Short-Term High-Charge Users
7636-PEPNS,1,Segment 1: Long-Term Committed Loyalists
4683-WYDOU,3,Segment 1: Long-Term Committed Loyalists
9052-DHNKM,1,Segment 1: Long-Term Committed Loyalists
6794-HKIAJ,3,Segment 1: Long-Term Committed Loyalists
5578-NKCXI,3,Segment 1: Long-Term Committed Loyalists
1642-HMARX,3,Segment 1: Long-Term Committed Loyalists
3096-WPXBT,3,Segment 1: Long-Term Committed Loyalists
8434-PNQZX,3,Segment 1: Long-Term Committed Loyalists
5950-AAAGJ,0,Segment 3: Short-Term High-Charge Users
4299-OPXEJ,1,Segment 1: Long-Term Committed Loyalists
4951-UKAAQ,0,Segment 3: Short-Term High-Charge Users
9618-LFJRU,2,Segment 3: Short-Term High-Charge Users
6693-DJWTY,1,Segment 1: Long-Term Committed Loyalists
0744-GKNGE,3,Segment 1: Long-Term Committed Loyalists
6447-EGDIV,1,Segment 1: Long-Term Committed Loyalists
1167-OYZJF,1,Segment 1: Long-Term Committed Loyalists
2108-YKQTY,2,Segment 3: Short-Term High-Charge Users
4806-DXQCE,3,Segment 1: Long-Term Committed Loyalists
4918-QLLIW,2,Segment 3: Short-Term High-Charge Users
7056-IMHCC,0,Segment 3: Short-Term High-Charge Users
4854-SSLTN,1,Segment 1: Long-Term Committed Loyalists
5294-DMSFH,0,Segment 3: Short-Term High-Charge Users
4837-PZTIC,1,Segment 1: Long-Term Committed Loyalists
1625-JAIIY,3,Segment 1: Long-Term Committed Loyalists
0603-OLQDC,2,Segment 3: Short-Term High-Charge Users
3272-VUHPV,2,Segment 3: Short-Term High-Charge Users
4176-FXYBO,3,Segment 1: Long-Term Committed Loyalists
1063-DHQJF,3,Segment 1: Long-Term Committed Loyalists
8663-UPDGF,2,Segment 3: Short-Term High-Charge Users
6719-FGEDO,3,Segment 1: Long-Term Committed Loyalists
1837-YQUCE,3,Segment 1: Long-Term Committed Loyalists
2947-DOMLJ,2,Segment 3: Short-Term High-Charge Users
4112-LUEIZ,0,Segment 3: Short-Term High-Charge Users
0369-ZGOVK,0,Segment 3: Short-Term High-Charge Users
4510-HIMLV,0,Segment 3: Short-Term High-Charge Users
9919-KNPOO,0,Segment 3: Short-Term High-Charge Users
8749-JMNKX,0,Segment 3: Short-Term High-Charge Users
7872-BAAZR,1,Segment 1: Long-Term Committed Loyalists
9391-LMANN,3,Segment 1: Long-Term Committed Loyalists
2430-USGXP,0,Segment 3: Short-Term High-Charge Users
8174-TBVCF,3,Segment 1: Long-Term Committed Loyalists
1698-XFZCI,3,Segment 1: Long-Term Committed Loyalists
1877-HKBQX,1,Segment 1: Long-Term Committed Loyalists
4450-DLLMH,0,Segment 3: Short-Term High-Charge Users
0428-AXXLJ,1,Segment 1: Long-Term Committed Loyalists
2746-DIJLO,1,Segment 1: Long-Term Committed Loyalists
5955-ERIHD,0,Segment 3: Short-Term High-Charge Users
0917-EZOLA,3,Segment 1: Long-Term Committed Loyalists
3508-VLHCZ,3,Segment 1: Long-Term Committed Loyalists
4086-ATNFV,1,Segment 1: Long-Term Committed Loyalists
0468-YRPXN,0,Segment 3: Short-Term High-Charge Users
5996-NRVXR,3,Segment 1: Long-Term Committed Loyalists
3739-YBWAB,1,Segment 1: Long-Term Committed Loyalists
7047-FWEYA,3,Segment 1: Long-Term Committed Loyalists
2000-MPKCA,3,Segment 1: Long-Term Committed Loyalists
9762-YAQAA,0,Segment 3: Short-Term High-Charge Users
5949-EBSQK,2,Segment 3: Short-Term High-Charge Users
5473-KHBPS,3,Segment 1: Long-Term Committed Loyalists
0100-DUVFC,3,Segment 1: Long-Term Committed Loyalists
5397-TUPSH,3,Segment 1: Long-Term Committed Loyalists
8950-MTZNV,2,Segment 3: Short-Term High-Charge Users
0326-VDYXE,3,Segment 1: Long-Term Committed Loyalists
6773-LQTVT,2,Segment 3: Short-Term High-Charge Users
7274-RTAPZ,0,Segment 3: Short-Term High-Charge Users
0436-TWFFZ,3,Segment 1: Long-Term Committed Loyalists
8566-YPRGL,2,Segment 3: Short-Term High-Charge Users
0311-UNPFF,0,Segment 3: Short-Term High-Charge Users
6609-MXJHJ,1,Segment 1: Long-Term Committed Loyalists
2669-OIDSD,0,Segment 3: Short-Term High-Charge Users
8400-WZICQ,2,Segment 3: Short-Term High-Charge Users
3834-XUIFC,0,Segment 3: Short-Term High-Charge Users
9576-SYUHJ,0,Segment 3: Short-Term High-Charge Users
0410-IPFTY,0,Segment 3: Short-Term High-Charge Users
2831-EBWRN,2,Segment 3: Short-Term High-Charge Users
9430-NKQLY,1,Segment 1: Long-Term Committed Loyalists
8414-MYSHR,0,Segment 3: Short-Term High-Charge Users
0247-SLUJI,2,Segment 3: Short-Term High-Charge Users
9402-ORRAH,0,Segment 3: Short-Term High-Charge Users
6483-OATDN,2,Segment 3: Short-Term High-Charge Users
1293-HHSHJ,1,Segment 1: Long-Term Committed Loyalists
4840-ORQXB,0,Segment 3: Short-Term High-Charge Users
7599-FKVXZ,0,Segment 3: Short-Term High-Charge Users
3982-DQLUS,0,Segment 3: Short-Term High-Charge Users
8610-ZIKJJ,1,Segment 1: Long-Term Committed Loyalists
3756-VNWDH,3,Segment 1: Long-Term Committed Loyalists
7801-KICAO,0,Segment 3: Short-Term High-Charge Users
7673-LPRNY,0,Segment 3: Short-Term High-Charge Users
8229-TNIQA,2,Segment 3: Short-Term High-Charge Users
6060-QBMGV,1,Segment 1: Long-Term Committed Loyalists
7339-POGZN,2,Segment 3: Short-Term High-Charge Users
2828-SLQPF,2,Segment 3: Short-Term High-Charge Users
4465-VDKIQ,0,Segment 3: Short-Term High-Charge Users
2921-XWDJH,0,Segment 3: Short-Term High-Charge Users
6221-AVQYL,0,Segment 3: Short-Term High-Charge Users
2558-BUOZZ,3,Segment 1: Long-Term Committed Loyalists
9257-AZMTZ,1,Segment 1: Long-Term Committed Loyalists
0003-MKNFE,2,Segment 3: Short-Term High-Charge Users
0975-UYDTX,3,Segment 1: Long-Term Committed Loyalists
7743-EXURX,2,Segment 3: Short-Term High-Charge Users
4682-BLBUC,3,Segment 1: Long-Term Committed Loyalists
0975-VOOVL,2,Segment 3: Short-Term High-Charge Users
5968-VXZLG,2,Segment 3: Short-Term High-Charge Users
5569-KGJHX,0,Segment 3: Short-Term High-Charge Users
4988-IQIGL,0,Segment 3: Short-Term High-Charge Users
5201-FRKKS,0,Segment 3: Short-Term High-Charge Users
9799-CAYJJ,0,Segment 3: Short-Term High-Charge Users
7730-IUTDZ,0,Segment 3: Short-Term High-Charge Users
0426-TIRNE,2,Segment 3: Short-Term High-Charge Users
5443-SCMKX,3,Segment 1: Long-Term Committed Loyalists
8295-KMENE,3,Segment 1: Long-Term Committed Loyalists
6738-ISCBM,1,Segment 1: Long-Term Committed Loyalists
9821-BESNZ,3,Segment 1: Long-Term Committed Loyalists
3678-MNGZX,1,Segment 1: Long-Term Committed Loyalists
1335-NTIUC,2,Segment 3: Short-Term High-Charge Users
2916-BQZLN,0,Segment 3: Short-Term High-Charge Users
4558-CGYCZ,2,Segment 3: Short-Term High-Charge Users
2368-GAKKQ,3,Segment 1: Long-Term Committed Loyalists
8710-YGLWG,2,Segment 3: Short-Term High-Charge Users
3199-XGZCY,0,Segment 3: Short-Term High-Charge Users
3785-KTYSH,1,Segment 1: Long-Term Committed Loyalists
6814-ZPWFQ,1,Segment 1: Long-Term Committed Loyalists
4063-EIKNQ,2,Segment 3: Short-Term High-Charge Users
6993-YCOBK,3,Segment 1: Long-Term Committed Loyalists
5206-HPJKM,2,Segment 3: Short-Term High-Charge Users
7587-RZNME,2,Segment 3: Short-Term High-Charge Users
0748-RDGGM,3,Segment 1: Long-Term Committed Loyalists
8393-JMVMB,2,Segment 3: Short-Term High-Charge Users
5019-GQVCR,0,Segment 3: Short-Term High-Charge Users
6036-TTFYU,2,Segment 3: Short-Term High-Charge Users
2550-AEVRU,1,Segment 1: Long-Term Committed Loyalists
0969-RGKCU,1,Segment 1: Long-Term Committed Loyalists
0378-CJKPV,3,Segment 1: Long-Term Committed Loyalists
4706-AXVKM,0,Segment 3: Short-Term High-Charge Users
5889-JTMUL,0,Segment 3: Short-Term High-Charge Users
9026-RNUJS,2,Segment 3: Short-Term High-Charge Users
3746-EUBYR,0,Segment 3: Short-Term High-Charge Users
2332-EFBJY,2,Segment 3: Short-Term High-Charge Users
2880-FPNAE,0,Segment 3: Short-Term High-Charge Users
1703-MGIAB,2,Segment 3: Short-Term High-Charge Users
4311-QTTAI,1,Segment 1: Long-Term Committed Loyalists
9474-PHLYD,2,Segment 3: Short-Term High-Charge Users
4318-RAJVY,1,Segment 1: Long-Term Committed Loyalists
2165-VOEGB,3,Segment 1: Long-Term Committed Loyalists
3612-YUNGG,3,Segment 1: Long-Term Committed Loyalists
2254-DLXRI,0,Segment 3: Short-Term High-Charge Users
5062-CJJKH,1,Segment 1: Long-Term Committed Loyalists
9028-LIHRP,3,Segment 1: Long-Term Committed Loyalists
2219-MVUSO,2,Segment 3: Short-Term High-Charge Users
1053-MXTTK,3,Segment 1: Long-Term Committed Loyalists
1530-ZTDOZ,2,Segment 3: Short-Term High-Charge Users
1301-LOPVR,1,Segment 1: Long-Term Committed Loyalists
0853-TWRVK,3,Segment 1: Long-Term Committed Loyalists
8914-RBTSB,0,Segment 3: Short-Term High-Charge Users
6212-ATMLK,0,Segment 3: Short-Term High-Charge Users
8200-LGKSR,3,Segment 1: Long-Term Committed Loyalists
1568-BEKZM,3,Segment 1: Long-Term Committed Loyalists
0670-ANMUU,3,Segment 1: Long-Term Committed Loyalists
6897-RWMUB,3,Segment 1: Long-Term Committed Loyalists
0963-ZBDRN,0,Segment 3: Short-Term High-Charge Users
7594-RQHXR,0,Segment 3: Short-Term High-Charge Users
6999-CHVCF,3,Segment 1: Long-Term Committed Loyalists
6134-KWTBV,1,Segment 1: Long-Term Committed Loyalists
1077-HUUJM,0,Segment 3: Short-Term High-Charge Users
6331-EWIEB,0,Segment 3: Short-Term High-Charge Users
0895-LNKRC,1,Segment 1: Long-Term Committed Loyalists
2045-BMBTJ,2,Segment 3: Short-Term High-Charge Users
8417-GSODA,0,Segment 3: Short-Term High-Charge Users
5171-EPLKN,1,Segment 1: Long-Term Committed Loyalists
4452-QIIEB,2,Segment 3: Short-Term High-Charge Users
5998-VVEJY,0,Segment 3: Short-Term High-Charge Users
1624-NALOJ,0,Segment 3: Short-Term High-Charge Users
6741-EGCBI,0,Segment 3: Short-Term High-Charge Users
7820-ZYGNY,3,Segment 1: Long-Term Committed Loyalists
4317-VTEOA,2,Segment 3: Short-Term High-Charge Users
9677-AVKED,3,Segment 1: Long-Term Committed Loyalists
1670-SVOWZ,0,Segment 3: Short-Term High-Charge Users
2227-JRSJX,0,Segment 3: Short-Term High-Charge Users
9847-HNVGP,1,Segment 1: Long-Term Committed Loyalists
6696-YDAYZ,1,Segment 1: Long-Term Committed Loyalists
8980-WQFWL,2,Segment 3: Short-Term High-Charge Users
1730-ZMAME,0,Segment 3: Short-Term High-Charge Users
6506-EYCNH,2,Segment 3: Short-Term High-Charge Users
4634-JLRJT,2,Segment 3: Short-Term High-Charge Users
9501-UKKNL,2,Segment 3: Short-Term High-Charge Users
2560-QTSBS,1,Segment 1: Long-Term Committed Loyalists
7541-YLXCL,1,Segment 1: Long-Term Committed Loyalists
4795-WRNVT,2,Segment 3: Short-Term High-Charge Users
6080-TCMYC,0,Segment 3: Short-Term High-Charge Users
0260-ZDLGK,2,Segment 3: Short-Term High-Charge Users
7860-UXCRM,3,Segment 1: Long-Term Committed Loyalists
6357-JJPQT,0,Segment 3: Short-Term High-Charge Users
2292-XQWSV,1,Segment 1: Long-Term Committed Loyalists
9552-TGUZV,0,Segment 3: Short-Term High-Charge Users
5913-INRQV,3,Segment 1: Long-Term Committed Loyalists
8722-NGNBH,2,Segment 3: Short-Term High-Charge Users
6210-KBBPI,0,Segment 3: Short-Term High-Charge Users
9643-YBLUR,2,Segment 3: Short-Term High-Charge Users
8734-FNWVH,2,Segment 3: Short-Term High-Charge Users
9447-YPTBX,1,Segment 1: Long-Term Committed Loyalists
0133-BMFZO,0,Segment 3: Short-Term High-Charge Users
6128-CZOMY,2,Segment 3: Short-Term High-Charge Users
9540-JYROE,0,Segment 3: Short-Term High-Charge Users
9026-LHEVG,2,Segment 3: Short-Term High-Charge Users
2260-USTRB,0,Segment 3: Short-Term High-Charge Users
3656-TKRVZ,2,Segment 3: Short-Term High-Charge Users
7011-CVEUC,0,Segment 3: Short-Term High-Charge Users
6185-TASNN,2,Segment 3: Short-Term High-Charge Users
7925-PNRGI,3,Segment 1: Long-Term Committed Loyalists
8623-TMRBY,0,Segment 3: Short-Term High-Charge Users
1552-CZCLL,2,Segment 3: Short-Term High-Charge Users
3038-PQIUY,2,Segment 3: Short-Term High-Charge Users
1501-SGHBW,2,Segment 3: Short-Term High-Charge Users
9313-CDOGY,2,Segment 3: Short-Term High-Charge Users
8148-BPLZQ,2,Segment 3: Short-Term High-Charge Users
2623-DRYAM,3,Segment 1: Long-Term Committed Loyalists
9987-LUTYD,1,Segment 1: Long-Term Committed Loyalists
3208-YPIOE,0,Segment 3: Short-Term High-Charge Users
4488-KQFDT,3,Segment 1: Long-Term Committed Loyalists
2612-RANWT,0,Segment 3: Short-Term High-Charge Users
5693-PIPCS,3,Segment 1: Long-Term Committed Loyalists
0491-KAPQG,0,Segment 3: Short-Term High-Charge Users
1925-LFCZZ,1,Segment 1: Long-Term Committed Loyalists
8039-EQPIM,3,Segment 1: Long-Term Committed Loyalists
6900-PXRMS,0,Segment 3: Short-Term High-Charge Users
8707-RMEZH,3,Segment 1: Long-Term Committed Loyalists
3346-BRMIS,2,Segment 3: Short-Term High-Charge Users
3209-ZPKFI,2,Segment 3: Short-Term High-Charge Users
6479-VDGRK,3,Segment 1: Long-Term Committed Loyalists
9373-WSLOY,2,Segment 3: Short-Term High-Charge Users
2933-FILNV,2,Segment 3: Short-Term High-Charge Users
3569-JFODW,3,Segment 1: Long-Term Committed Loyalists
9819-FBNSV,0,Segment 3: Short-Term High-Charge Users
9544-PYPSJ,3,Segment 1: Long-Term Committed Loyalists
1591-XWLGB,1,Segment 1: Long-Term Committed Loyalists
0396-UKGAI,2,Segment 3: Short-Term High-Charge Users
3243-ZHOHY,1,Segment 1: Long-Term Committed Loyalists
5186-EJEGL,2,Segment 3: Short-Term High-Charge Users
7527-QNRUS,1,Segment 1: Long-Term Committed Loyalists
9986-BONCE,2,Segment 3: Short-Term High-Charge Users
2722-JMONI,2,Segment 3: Short-Term High-Charge Users
2203-GHNWN,0,Segment 3: Short-Term High-Charge Users
3878-AVSOQ,0,Segment 3: Short-Term High-Charge Users
3258-SYSWS,3,Segment 1: Long-Term Committed Loyalists
5296-PSYVW,1,Segment 1: Long-Term Committed Loyalists
6319-QSUSR,2,Segment 3: Short-Term High-Charge Users
4083-EUGRJ,2,Segment 3: Short-Term High-Charge Users
7579-OOPEC,2,Segment 3: Short-Term High-Charge Users
0512-FLFDW,3,Segment 1: Long-Term Committed Loyalists
1771-OADNZ,0,Segment 3: Short-Term High-Charge Users
0487-CRLZF,3,Segment 1: Long-Term Committed Loyalists
2107-FBPTK,0,Segment 3: Short-Term High-Charge Users
9451-WLYRI,1,Segment 1: Long-Term Committed Loyalists
8219-VYBVI,1,Segment 1: Long-Term Committed Loyalists
1991-VOPLL,2,Segment 3: Short-Term High-Charge Users
9738-QLWTP,0,Segment 3: Short-Term High-Charge Users
1016-DJTSV,0,Segment 3: Short-Term High-Charge Users
9419-IPPBE,3,Segment 1: Long-Term Committed Loyalists
0174-QRVVY,1,Segment 1: Long-Term Committed Loyalists
5699-BNCAS,1,Segment 1: Long-Term Committed Loyalists
2900-PHPLN,1,Segment 1: Long-Term Committed Loyalists
0612-RTZZA,2,Segment 3: Short-Term High-Charge Users
8106-GWQOK,1,Segment 1: Long-Term Committed Loyalists
8751-EDEKA,0,Segment 3: Short-Term High-Charge Users
6878-GGDWG,2,Segment 3: Short-Term High-Charge Users
4039-PIMHX,1,Segment 1: Long-Term Committed Loyalists
8450-LUGUK,1,Segment 1: Long-Term Committed Loyalists
3604-WLABM,2,Segment 3: Short-Term High-Charge Users
0795-GMVQO,3,Segment 1: Long-Term Committed Loyalists
2259-OUUSZ,1,Segment 1: Long-Term Committed Loyalists
1142-IHLOO,3,Segment 1: Long-Term Committed Loyalists
6410-LEFEN,2,Segment 3: Short-Term High-Charge Users
4633-MKHYU,0,Segment 3: Short-Term High-Charge Users
6257-RJOHI,2,Segment 3: Short-Term High-Charge Users
1545-JFUML,3,Segment 1: Long-Term Committed Loyalists
3194-ORPIK,0,Segment 3: Short-Term High-Charge Users
7826-VVKWT,3,Segment 1: Long-Term Committed Loyalists
1353-GHZOS,1,Segment 1: Long-Term Committed Loyalists
2587-EKXTS,0,Segment 3: Short-Term High-Charge Users
5442-BXVND,2,Segment 3: Short-Term High-Charge Users
8816-VXNZD,0,Segment 3: Short-Term High-Charge Users
9378-FXTIZ,1,Segment 1: Long-Term Committed Loyalists
1723-HKXJQ,0,Segment 3: Short-Term High-Charge Users
7825-GKXMW,2,Segment 3: Short-Term High-Charge Users
9753-OYLBX,2,Segment 3: Short-Term High-Charge Users
2364-UFROM,1,Segment 1: Long-Term Committed Loyalists
6656-JWRQX,2,Segment 3: Short-Term High-Charge Users
6473-ULUHT,0,Segment 3: Short-Term High-Charge Users
1240-KNSEZ,2,Segment 3: Short-Term High-Charge Users
0836-SEYLU,2,Segment 3: Short-Term High-Charge Users
4433-JCGCG,0,Segment 3: Short-Term High-Charge Users
3716-BDVDB,0,Segment 3: Short-Term High-Charge Users
7688-AWMDX,1,Segment 1: Long-Term Committed Loyalists
2842-BCQGE,0,Segment 3: Short-Term High-Charge Users
7244-QWYHG,1,Segment 1: Long-Term Committed Loyalists
5899-MQZZL,0,Segment 3: Short-Term High-Charge Users
6849-OYAMU,0,Segment 3: Short-Term High-Charge Users
5312-UXESG,0,Segment 3: Short-Term High-Charge Users
9488-HGMJH,0,Segment 3: Short-Term High-Charge Users
6038-GCYEC,2,Segment 3: Short-Term High-Charge Users
2150-WLKUW,1,Segment 1: Long-Term Committed Loyalists
7159-FVYPK,2,Segment 3: Short-Term High-Charge Users
7032-LMBHI,1,Segment 1: Long-Term Committed Loyalists
1150-WFARN,3,Segment 1: Long-Term Committed Loyalists
6088-BXMRG,0,Segment 3: Short-Term High-Charge Users
3144-AUDBS,2,Segment 3: Short-Term High-Charge Users
4821-SJHJV,0,Segment 3: Short-Term High-Charge Users
7346-MEDWM,0,Segment 3: Short-Term High-Charge Users
1137-DGOWI,1,Segment 1: Long-Term Committed Loyalists
5616-PRTNT,2,Segment 3: Short-Term High-Charge Users
3812-LRZIR,1,Segment 1: Long-Term Committed Loyalists
4818-QIUFN,0,Segment 3: Short-Term High-Charge Users
9483-GCPWE,1,Segment 1: Long-Term Committed Loyalists
4227-OJHAL,3,Segment 1: Long-Term Committed Loyalists
9220-CXRSC,1,Segment 1: Long-Term Committed Loyalists
4993-JCRGJ,0,Segment 3: Short-Term High-Charge Users
9537-JALFH,1,Segment 1: Long-Term Committed Loyalists
6698-OXETB,1,Segment 1: Long-Term Committed Loyalists
2103-ZRXFN,2,Segment 3: Short-Term High-Charge Users
3724-BSCVH,1,Segment 1: Long-Term Committed Loyalists
4877-TSOFF,3,Segment 1: Long-Term Committed Loyalists
9209-NWPGU,1,Segment 1: Long-Term Committed Loyalists
6961-VCPMC,0,Segment 3: Short-Term High-Charge Users
7306-YDSOI,1,Segment 1: Long-Term Committed Loyalists
5288-AHOUP,0,Segment 3: Short-Term High-Charge Users
6688-UZPWD,0,Segment 3: Short-Term High-Charge Users
0655-YDGFJ,2,Segment 3: Short-Term High-Charge Users
8468-EHYJA,0,Segment 3: Short-Term High-Charge Users
6823-SIDFQ,1,Segment 1: Long-Term Committed Loyalists
1097-FSPVW,2,Segment 3: Short-Term High-Charge Users
2839-RFSQE,2,Segment 3: Short-Term High-Charge Users
8328-SKJNO,1,Segment 1: Long-Term Committed Loyalists
7010-ZMVBF,2,Segment 3: Short-Term High-Charge Users
5201-CBWYG,1,Segment 1: Long-Term Committed Loyalists
0968-GSIKN,0,Segment 3: Short-Term High-Charge Users
1965-DDBWU,0,Segment 3: Short-Term High-Charge Users
9057-SIHCH,0,Segment 3: Short-Term High-Charge Users
6352-GIGGQ,3,Segment 1: Long-Term Committed Loyalists
3635-QQRQD,1,Segment 1: Long-Term Committed Loyalists
6771-XWBDM,3,Segment 1: Long-Term Committed Loyalists
2897-DOVND,0,Segment 3: Short-Term High-Charge Users
3082-YVEKW,1,Segment 1: Long-Term Committed Loyalists
0191-EQUUH,1,Segment 1: Long-Term Committed Loyalists
7134-HBPBS,3,Segment 1: Long-Term Committed Loyalists
3489-HHPFY,0,Segment 3: Short-Term High-Charge Users
2926-JEJJC,1,Segment 1: Long-Term Committed Loyalists
8601-QACRS,2,Segment 3: Short-Term High-Charge Users
4950-BDEUX,2,Segment 3: Short-Term High-Charge Users
5789-LDFXO,1,Segment 1: Long-Term Committed Loyalists
0508-OOLTO,0,Segment 3: Short-Term High-Charge Users
2984-TBYKU,3,Segment 1: Long-Term Committed Loyalists
9822-WMWVG,0,Segment 3: Short-Term High-Charge Users
2391-SOORI,2,Segment 3: Short-Term High-Charge Users
9040-KZVWO,0,Segment 3: Short-Term High-Charge Users
2645-QTLMB,0,Segment 3: Short-Term High-Charge Users
4806-HIPDW,0,Segment 3: Short-Term High-Charge Users
1548-ARAGG,2,Segment 3: Short-Term High-Charge Users
6339-RZCBJ,3,Segment 1: Long-Term Committed Loyalists
4424-TKOPW,0,Segment 3: Short-Term High-Charge Users
4415-WNGVR,0,Segment 3: Short-Term High-Charge Users
2522-AHJXR,3,Segment 1: Long-Term Committed Loyalists
0412-UCCNP,1,Segment 1: Long-Term Committed Loyalists
1816-FLZDK,2,Segment 3: Short-Term High-Charge Users
7096-UCLNH,2,Segment 3: Short-Term High-Charge Users
8443-ZRDBZ,0,Segment 3: Short-Term High-Charge Users
9136-ALYBR,2,Segment 3: Short-Term High-Charge Users
4615-PIVVU,1,Segment 1: Long-Term Committed Loyalists
8885-QSQBX,2,Segment 3: Short-Term High-Charge Users
7479-NITWS,0,Segment 3: Short-Term High-Charge Users
8617-ENBDS,0,Segment 3: Short-Term High-Charge Users
9385-NXKDA,3,Segment 1: Long-Term Committed Loyalists
0430-IHCDJ,2,Segment 3: Short-Term High-Charge Users
2959-MJHIC,0,Segment 3: Short-Term High-Charge Users
6674-KVJHG,2,Segment 3: Short-Term High-Charge Users
1814-DKOLC,2,Segment 3: Short-Term High-Charge Users
4201-JMNGR,2,Segment 3: Short-Term High-Charge Users
9351-HXDMR,3,Segment 1: Long-Term Committed Loyalists
3537-HPKQT,0,Segment 3: Short-Term High-Charge Users
2129-ALKBS,2,Segment 3: Short-Term High-Charge Users
5821-MMEIL,1,Segment 1: Long-Term Committed Loyalists
5960-WPXQM,0,Segment 3: Short-Term High-Charge Users
0684-AOSIH,0,Segment 3: Short-Term High-Charge Users
8260-NGFNY,2,Segment 3: Short-Term High-Charge Users
1309-XGFSN,3,Segment 1: Long-Term Committed Loyalists
1866-RZZQS,0,Segment 3: Short-Term High-Charge Users
6968-URWQU,1,Segment 1: Long-Term Committed Loyalists
4742-TXUEX,1,Segment 1: Long-Term Committed Loyalists
9631-XEYKE,2,Segment 3: Short-Term High-Charge Users
8631-NBHFZ,3,Segment 1: Long-Term Committed Loyalists
1335-MXCSE,1,Segment 1: Long-Term Committed Loyalists
8873-TMKGR,1,Segment 1: Long-Term Committed Loyalists
8800-JOOCF,0,Segment 3: Short-Term High-Charge Users
1469-LBJQJ,3,Segment 1: Long-Term Committed Loyalists
4958-XCBDQ,0,Segment 3: Short-Term High-Charge Users
8337-UPOAQ,0,Segment 3: Short-Term High-Charge Users
0064-YIJGF,0,Segment 3: Short-Term High-Charge Users
2386-OWURY,0,Segment 3: Short-Term High-Charge Users
1725-IQNIY,3,Segment 1: Long-Term Committed Loyalists
0310-VQXAM,2,Segment 3: Short-Term High-Charge Users
6598-RFFVI,1,Segment 1: Long-Term Committed Loyalists
3453-RTHJQ,0,Segment 3: Short-Term High-Charge Users
6712-OAWRH,0,Segment 3: Short-Term High-Charge Users
6278-FEPBZ,2,Segment 3: Short-Term High-Charge Users
4280-DLSHD,2,Segment 3: Short-Term High-Charge Users
1508-DFXCU,0,Segment 3: Short-Term High-Charge Users
8614-VGMMV,2,Segment 3: Short-Term High-Charge Users
7868-BGSZA,3,Segment 1: Long-Term Committed Loyalists
2800-QQUSO,0,Segment 3: Short-Term High-Charge Users
2930-UOTMB,2,Segment 3: Short-Term High-Charge Users
7973-DZRKH,3,Segment 1: Long-Term Committed Loyalists
5914-DVBWJ,0,Segment 3: Short-Term High-Charge Users
7698-YFGEZ,2,Segment 3: Short-Term High-Charge Users
2533-QVMSK,3,Segment 1: Long-Term Committed Loyalists
9773-PEQBZ,0,Segment 3: Short-Term High-Charge Users
8644-XLFBW,0,Segment 3: Short-Term High-Charge Users
0650-BWOZN,0,Segment 3: Short-Term High-Charge Users
8625-AZYZY,0,Segment 3: Short-Term High-Charge Users
7785-RDVIG,2,Segment 3: Short-Term High-Charge Users
9602-WCXPI,1,Segment 1: Long-Term Committed Loyalists
2903-YYTBW,2,Segment 3: Short-Term High-Charge Users
3620-MWJNE,2,Segment 3: Short-Term High-Charge Users
8573-JGCZW,1,Segment 1: Long-Term Committed Loyalists
6837-HAEVO,3,Segment 1: Long-Term Committed Loyalists
6701-YVNQG,3,Segment 1: Long-Term Committed Loyalists
9306-CPCBC,0,Segment 3: Short-Term High-Charge Users
4304-XUMGI,3,Segment 1: Long-Term Committed Loyalists
9504-YAZWB,1,Segment 1: Long-Term Committed Loyalists
8819-ZBYNA,3,Segment 1: Long-Term Committed Loyalists
6174-NRBTZ,1,Segment 1: Long-Term Committed Loyalists
9481-IEBZY,3,Segment 1: Long-Term Committed Loyalists
1833-VGRUM,0,Segment 3: Short-Term High-Charge Users
6137-NICCO,0,Segment 3: Short-Term High-Charge Users
9065-ZCPQX,3,Segment 1: Long-Term Committed Loyalists
6402-EJMWF,2,Segment 3: Short-Term High-Charge Users
3620-EHIMZ,1,Segment 1: Long-Term Committed Loyalists
3213-VVOLG,1,Segment 1: Long-Term Committed Loyalists
6870-ECSHE,1,Segment 1: Long-Term Committed Loyalists
8747-UDCOI,1,Segment 1: Long-Term Committed Loyalists
8374-XGEJJ,0,Segment 3: Short-Term High-Charge Users
2656-TABEH,0,Segment 3: Short-Term High-Charge Users
6946-LMSQS,0,Segment 3: Short-Term High-Charge Users
4626-OZDTJ,3,Segment 1: Long-Term Committed Loyalists
9169-BSVIN,2,Segment 3: Short-Term High-Charge Users
2325-ZUSFD,1,Segment 1: Long-Term Committed Loyalists
8194-PEEBY,1,Segment 1: Long-Term Committed Loyalists
6872-HXFNF,1,Segment 1: Long-Term Committed Loyalists
3932-CMDTD,0,Segment 3: Short-Term High-Charge Users
7714-YXSMB,0,Segment 3: Short-Term High-Charge Users
8387-UGUSU,2,Segment 3: Short-Term High-Charge Users
1080-BWSYE,1,Segment 1: Long-Term Committed Loyalists
4039-HEUNW,0,Segment 3: Short-Term High-Charge Users
1194-HVAIF,0,Segment 3: Short-Term High-Charge Users
0812-WUPTB,0,Segment 3: Short-Term High-Charge Users
3594-UVONA,3,Segment 1: Long-Term Committed Loyalists
0004-TLHLJ,0,Segment 3: Short-Term High-Charge Users
1767-TGTKO,2,Segment 3: Short-Term High-Charge Users
8439-LTUGF,2,Segment 3: Short-Term High-Charge Users
8805-JNRAZ,2,Segment 3: Short-Term High-Charge Users
5089-IFSDP,3,Segment 1: Long-Term Committed Loyalists
6418-HNFED,3,Segment 1: Long-Term Committed Loyalists
0206-OYVOC,1,Segment 1: Long-Term Committed Loyalists
7291-CDTMJ,2,Segment 3: Short-Term High-Charge Users
7128-GGCNO,0,Segment 3: Short-Term High-Charge Users
0237-YFUTL,3,Segment 1: Long-Term Committed Loyalists
7691-KGKGP,2,Segment 3: Short-Term High-Charge Users
6710-HSJRD,3,Segment 1: Long-Term Committed Loyalists
3675-EQOZA,2,Segment 3: Short-Term High-Charge Users
0840-DCNZE,3,Segment 1: Long-Term Committed Loyalists
1732-FEKLD,3,Segment 1: Long-Term Committed Loyalists
9862-KJTYK,2,Segment 3: Short-Term High-Charge Users
0479-HMSWA,3,Segment 1: Long-Term Committed Loyalists
5854-KSRBJ,1,Segment 1: Long-Term Committed Loyalists
0365-BZUWY,0,Segment 3: Short-Term High-Charge Users
4817-VYYWS,0,Segment 3: Short-Term High-Charge Users
5701-SVCWR,2,Segment 3: Short-Term High-Charge Users
3129-AAQOU,1,Segment 1: Long-Term Committed Loyalists
4922-CVPDX,1,Segment 1: Long-Term Committed Loyalists
1396-QWFBJ,0,Segment 3: Short-Term High-Charge Users
1357-BIJKI,3,Segment 1: Long-Term Committed Loyalists
1099-BTKWT,1,Segment 1: Long-Term Committed Loyalists
5299-SJCZT,0,Segment 3: Short-Term High-Charge Users
2018-PZKMU,0,Segment 3: Short-Term High-Charge Users
7340-KEFQE,1,Segment 1: Long-Term Committed Loyalists
4570-QHXHL,2,Segment 3: Short-Term High-Charge Users
2403-BCASL,3,Segment 1: Long-Term Committed Loyalists
7392-YYPYJ,0,Segment 3: Short-Term High-Charge Users
2898-LSJGD,1,Segment 1: Long-Term Committed Loyalists
2223-GDSHL,3,Segment 1: Long-Term Committed Loyalists
7359-PTSXY,2,Segment 3: Short-Term High-Charge Users
9470-RTWDV,1,Segment 1: Long-Term Committed Loyalists
2176-OSJUV,3,Segment 1: Long-Term Committed Loyalists
9348-YVOMK,2,Segment 3: Short-Term High-Charge Users
8104-OSKWT,0,Segment 3: Short-Term High-Charge Users
4521-YEEHE,0,Segment 3: Short-Term High-Charge Users
4090-KPJIP,0,Segment 3: Short-Term High-Charge Users
3786-WOVKF,3,Segment 1: Long-Term Committed Loyalists
4503-BDXBD,0,Segment 3: Short-Term High-Charge Users
6086-ESGRL,0,Segment 3: Short-Term High-Charge Users
2592-HODOV,1,Segment 1: Long-Term Committed Loyalists
3886-CERTZ,3,Segment 1: Long-Term Committed Loyalists
7995-ZHHNZ,1,Segment 1: Long-Term Committed Loyalists
3824-RHKVR,2,Segment 3: Short-Term High-Charge Users
5816-SCGFC,2,Segment 3: Short-Term High-Charge Users
5989-AXPUC,3,Segment 1: Long-Term Committed Loyalists
4979-HPRFL,1,Segment 1: Long-Term Committed Loyalists
8590-OHDIW,1,Segment 1: Long-Term Committed Loyalists
8015-IHCGW,3,Segment 1: Long-Term Committed Loyalists
2332-TODQS,1,Segment 1: Long-Term Committed Loyalists
9278-VZKCD,3,Segment 1: Long-Term Committed Loyalists
8008-OTEZX,1,Segment 1: Long-Term Committed Loyalists
2773-OVBPK,3,Segment 1: Long-Term Committed Loyalists
5999-LCXAO,2,Segment 3: Short-Term High-Charge Users
5206-XZZQI,0,Segment 3: Short-Term High-Charge Users
4803-LBYPN,2,Segment 3: Short-Term High-Charge Users
5759-RCVCB,2,Segment 3: Short-Term High-Charge Users
6372-RFVNS,0,Segment 3: Short-Term High-Charge Users
2139-FQHLM,0,Segment 3: Short-Term High-Charge Users
8261-GWDBQ,3,Segment 1: Long-Term Committed Loyalists
1093-YSWCA,1,Segment 1: Long-Term Committed Loyalists
8938-UMKPI,0,Segment 3: Short-Term High-Charge Users
0991-BRRFB,2,Segment 3: Short-Term High-Charge Users
3882-IYOIJ,3,Segment 1: Long-Term Committed Loyalists
8749-TZYEC,1,Segment 1: Long-Term Committed Loyalists
1755-FZQEC,1,Segment 1: Long-Term Committed Loyalists
3115-JPJDD,3,Segment 1: Long-Term Committed Loyalists
5600-KTXFM,0,Segment 3: Short-Term High-Charge Users
3871-IKPYH,0,Segment 3: Short-Term High-Charge Users
6319-IEJWJ,0,Segment 3: Short-Term High-Charge Users
9025-AOMKI,0,Segment 3: Short-Term High-Charge Users
6339-TBELP,3,Segment 1: Long-Term Committed Loyalists
7964-YESJC,2,Segment 3: Short-Term High-Charge Users
6173-GOLSU,3,Segment 1: Long-Term Committed Loyalists
5275-SQEIZ,0,Segment 3: Short-Term High-Charge Users
7716-YTYHG,3,Segment 1: Long-Term Committed Loyalists
9938-ZREHM,1,Segment 1: Long-Term Committed Loyalists
7950-XWOVN,2,Segment 3: Short-Term High-Charge Users
4390-KYULV,2,Segment 3: Short-Term High-Charge Users
4647-MUZON,0,Segment 3: Short-Term High-Charge Users
9702-AIUJO,1,Segment 1: Long-Term Committed Loyalists
8849-PRIQJ,3,Segment 1: Long-Term Committed Loyalists
8851-RAGOV,2,Segment 3: Short-Term High-Charge Users
1304-NECVQ,0,Segment 3: Short-Term High-Charge Users
5396-IZEPB,2,Segment 3: Short-Term High-Charge Users
1729-VLAZJ,1,Segment 1: Long-Term Committed Loyalists
8285-ABVLB,1,Segment 1: Long-Term Committed Loyalists
0701-TJSEF,2,Segment 3: Short-Term High-Charge Users
5712-VBOXD,2,Segment 3: Short-Term High-Charge Users
6629-LADHQ,2,Segment 3: Short-Term High-Charge Users
8945-GRKHX,0,Segment 3: Short-Term High-Charge Users
1559-DTODC,2,Segment 3: Short-Term High-Charge Users
4797-MIWUM,2,Segment 3: Short-Term High-Charge Users
6959-UWKHF,2,Segment 3: Short-Term High-Charge Users
8720-RQSBJ,2,Segment 3: Short-Term High-Charge Users
4537-CIBHB,1,Segment 1: Long-Term Committed Loyalists
3815-SLMEF,2,Segment 3: Short-Term High-Charge Users
5154-VEKBL,2,Segment 3: Short-Term High-Charge Users
4324-AHJKS,2,Segment 3: Short-Term High-Charge Users
4355-CVPVS,3,Segment 1: Long-Term Committed Loyalists
4495-LHSSK,2,Segment 3: Short-Term High-Charge Users
5655-JSMZM,0,Segment 3: Short-Term High-Charge Users
5915-ANOEI,3,Segment 1: Long-Term Committed Loyalists
9861-PDSZP,3,Segment 1: Long-Term Committed Loyalists
4505-EXZHB,0,Segment 3: Short-Term High-Charge Users
7225-CBZPL,0,Segment 3: Short-Term High-Charge Users
6704-UTUKK,2,Segment 3: Short-Term High-Charge Users
4587-VVTOX,0,Segment 3: Short-Term High-Charge Users
2019-HDCZY,3,Segment 1: Long-Term Committed Loyalists
4652-NNHNY,0,Segment 3: Short-Term High-Charge Users
8788-DOXSU,1,Segment 1: Long-Term Committed Loyalists
7404-JLKQG,2,Segment 3: Short-Term High-Charge Users
7421-ZLUPA,2,Segment 3: Short-Term High-Charge Users
8972-HJWNV,0,Segment 3: Short-Term High-Charge Users
3274-NSDWE,1,Segment 1: Long-Term Committed Loyalists
2632-IVXVF,3,Segment 1: Long-Term Committed Loyalists
3692-JHONH,3,Segment 1: Long-Term Committed Loyalists
8915-NNTRC,3,Segment 1: Long-Term Committed Loyalists
5914-GXMDA,1,Segment 1: Long-Term Committed Loyalists
7463-IFMQU,1,Segment 1: Long-Term Committed Loyalists
2920-RNCEZ,0,Segment 3: Short-Term High-Charge Users
2541-YGPKE,1,Segment 1: Long-Term Committed Loyalists
8515-OCTJS,1,Segment 1: Long-Term Committed Loyalists
5382-TEMLV,2,Segment 3: Short-Term High-Charge Users
3441-CGZJH,1,Segment 1: Long-Term Committed Loyalists
9592-ERDKV,3,Segment 1: Long-Term Committed Loyalists
2860-RANUS,0,Segment 3: Short-Term High-Charge Users
5261-QSHQM,2,Segment 3: Short-Term High-Charge Users
4778-IZARL,3,Segment 1: Long-Term Committed Loyalists
0432-CAJZV,0,Segment 3: Short-Term High-Charge Users
7008-LZVOZ,1,Segment 1: Long-Term Committed Loyalists
8868-WOZGU,0,Segment 3: Short-Term High-Charge Users
1200-TUZHR,0,Segment 3: Short-Term High-Charge Users
9365-CSLBQ,1,Segment 1: Long-Term Committed Loyalists
1334-FJSVR,2,Segment 3: Short-Term High-Charge Users
5884-FBCTL,1,Segment 1: Long-Term Committed Loyalists
7130-CTCUS,2,Segment 3: Short-Term High-Charge Users
6242-FEGFD,3,Segment 1: Long-Term Committed Loyalists
7625-XCQRH,0,Segment 3: Short-Term High-Charge Users
6194-HBGQN,3,Segment 1: Long-Term Committed Loyalists
7634-WSWDB,2,Segment 3: Short-Term High-Charge Users
6986-IXNDM,0,Segment 3: Short-Term High-Charge Users
1731-TVIUK,0,Segment 3: Short-Term High-Charge Users
2987-BJXIK,3,Segment 1: Long-Term Committed Loyalists
9769-TSBZE,3,Segment 1: Long-Term Committed Loyalists
0406-BPDVR,3,Segment 1: Long-Term Committed Loyalists
0618-XWMSS,0,Segment 3: Short-Term High-Charge Users
1395-WSWXR,1,Segment 1: Long-Term Committed Loyalists
6023-GSSXW,1,Segment 1: Long-Term Committed Loyalists
6752-APNJL,2,Segment 3: Short-Term High-Charge Users
5276-KQWHG,0,Segment 3: Short-Term High-Charge Users
0420-HLGXF,0,Segment 3: Short-Term High-Charge Users
7446-KQISO,3,Segment 1: Long-Term Committed Loyalists
9823-EALYC,3,Segment 1: Long-Term Committed Loyalists
0582-AVCLN,1,Segment 1: Long-Term Committed Loyalists
5803-NQJZO,3,Segment 1: Long-Term Committed Loyalists
2565-JSLRY,2,Segment 3: Short-Term High-Charge Users
2607-DHDAK,1,Segment 1: Long-Term Committed Loyalists
1073-XXCZD,1,Segment 1: Long-Term Committed Loyalists
0743-HRVFF,1,Segment 1: Long-Term Committed Loyalists
4006-HKYHO,3,Segment 1: Long-Term Committed Loyalists
3727-JEZTU,2,Segment 3: Short-Term High-Charge Users
8143-ETQTI,1,Segment 1: Long-Term Committed Loyalists
6689-KXGBO,2,Segment 3: Short-Term High-Charge Users
9667-TKTVZ,2,Segment 3: Short-Term High-Charge Users
3657-COGMW,3,Segment 1: Long-Term Committed Loyalists
8570-KLJYJ,1,Segment 1: Long-Term Committed Loyalists
7754-IXRMC,2,Segment 3: Short-Term High-Charge Users
9473-CBZOP,1,Segment 1: Long-Term Committed Loyalists
2969-WGHQO,2,Segment 3: Short-Term High-Charge Users
6615-NGGZJ,0,Segment 3: Short-Term High-Charge Users
4334-HOWRP,3,Segment 1: Long-Term Committed Loyalists
4255-DDUOU,2,Segment 3: Short-Term High-Charge Users
5863-OOKCL,2,Segment 3: Short-Term High-Charge Users
1686-STUHN,1,Segment 1: Long-Term Committed Loyalists
1329-VHWNP,2,Segment 3: Short-Term High-Charge Users
2984-MIIZL,0,Segment 3: Short-Term High-Charge Users
0266-GMEAO,3,Segment 1: Long-Term Committed Loyalists
5590-YRFJT,2,Segment 3: Short-Term High-Charge Users
5574-NXZIU,3,Segment 1: Long-Term Committed Loyalists
0019-GFNTW,1,Segment 1: Long-Term Committed Loyalists
4256-ZWTZI,2,Segment 3: Short-Term High-Charge Users
8309-PPCED,3,Segment 1: Long-Term Committed Loyalists
4098-NAUKP,0,Segment 3: Short-Term High-Charge Users
5196-WPYOW,1,Segment 1: Long-Term Committed Loyalists
4608-LCIMN,2,Segment 3: Short-Term High-Charge Users
1485-YDHMM,0,Segment 3: Short-Term High-Charge Users
4054-CUMIA,2,Segment 3: Short-Term High-Charge Users
0603-TPMIB,1,Segment 1: Long-Term Committed Loyalists
2525-GVKQU,1,Segment 1: Long-Term Committed Loyalists
8161-QYMTT,0,Segment 3: Short-Term High-Charge Users
9581-GVBXT,1,Segment 1: Long-Term Committed Loyalists
5862-BRIXZ,1,Segment 1: Long-Term Committed Loyalists
5404-GGUKR,2,Segment 3: Short-Term High-Charge Users
3308-JSGML,3,Segment 1: Long-Term Committed Loyalists
2126-GSEGL,3,Segment 1: Long-Term Committed Loyalists
3677-TNKIO,0,Segment 3: Short-Term High-Charge Users
0440-QEXBZ,2,Segment 3: Short-Term High-Charge Users
2434-EEVDB,3,Segment 1: Long-Term Committed Loyalists
6762-QVYJO,1,Segment 1: Long-Term Committed Loyalists
6199-IWKGC,3,Segment 1: Long-Term Committed Loyalists
2675-DHUTR,0,Segment 3: Short-Term High-Charge Users
8152-VETUR,3,Segment 1: Long-Term Committed Loyalists
9667-EQRXU,2,Segment 3: Short-Term High-Charge Users
7446-YPODE,2,Segment 3: Short-Term High-Charge Users
9522-BNTHX,2,Segment 3: Short-Term High-Charge Users
4676-WLUHT,1,Segment 1: Long-Term Committed Loyalists
3329-WDIOK,2,Segment 3: Short-Term High-Charge Users
7980-MHFLQ,1,Segment 1: Long-Term Committed Loyalists
2873-ZLIWT,0,Segment 3: Short-Term High-Charge Users
3415-TAILE,2,Segment 3: Short-Term High-Charge Users
0757-WCUUZ,1,Segment 1: Long-Term Committed Loyalists
1629-DQQVB,2,Segment 3: Short-Term High-Charge Users
1915-IOFGU,0,Segment 3: Short-Term High-Charge Users
3045-XETSH,0,Segment 3: Short-Term High-Charge Users
0374-AACSZ,2,Segment 3: Short-Term High-Charge Users
7239-HZZCX,2,Segment 3: Short-Term High-Charge Users
4872-VXRIL,3,Segment 1: Long-Term Committed Loyalists
9140-CZQZZ,3,Segment 1: Long-Term Committed Loyalists
3423-HHXAO,1,Segment 1: Long-Term Committed Loyalists
9938-TKDGL,3,Segment 1: Long-Term Committed Loyalists
0531-ZZJWQ,0,Segment 3: Short-Term High-Charge Users
6537-QLGEX,2,Segment 3: Short-Term High-Charge Users
2688-BHGOG,0,Segment 3: Short-Term High-Charge Users
7683-CBDKJ,2,Segment 3: Short-Term High-Charge Users
0946-CLJTI,0,Segment 3: Short-Term High-Charge Users
3160-TYXLT,2,Segment 3: Short-Term High-Charge Users
1325-USMEC,3,Segment 1: Long-Term Committed Loyalists
0916-QOFDP,0,Segment 3: Short-Term High-Charge Users
0628-CNQRM,1,Segment 1: Long-Term Committed Loyalists
5606-AMZBO,0,Segment 3: Short-Term High-Charge Users
6199-IPCAO,1,Segment 1: Long-Term Committed Loyalists
7665-TOALD,0,Segment 3: Short-Term High-Charge Users
0112-QWPNC,3,Segment 1: Long-Term Committed Loyalists
0324-BRPCJ,3,Segment 1: Long-Term Committed Loyalists
2777-PHDEI,0,Segment 3: Short-Term High-Charge Users
5640-CAXOA,1,Segment 1: Long-Term Committed Loyalists
2235-EZAIK,3,Segment 1: Long-Term Committed Loyalists
3847-BAERP,2,Segment 3: Short-Term High-Charge Users
1196-AMORA,0,Segment 3: Short-Term High-Charge Users
4282-YMKNA,0,Segment 3: Short-Term High-Charge Users
1453-RZFON,2,Segment 3: Short-Term High-Charge Users
8263-OKETD,2,Segment 3: Short-Term High-Charge Users
0670-KDOMA,2,Segment 3: Short-Term High-Charge Users
2476-YGEFM,0,Segment 3: Short-Term High-Charge Users
8687-BAFGU,0,Segment 3: Short-Term High-Charge Users
0641-EVBOJ,0,Segment 3: Short-Term High-Charge Users
0829-XXPLX,0,Segment 3: Short-Term High-Charge Users
9974-JFBHQ,3,Segment 1: Long-Term Committed Loyalists
5356-RHIPP,2,Segment 3: Short-Term High-Charge Users
6624-JDRDS,2,Segment 3: Short-Term High-Charge Users
0608-JDVEC,1,Segment 1: Long-Term Committed Loyalists
9780-FKVVF,2,Segment 3: Short-Term High-Charge Users
1919-RTPQD,2,Segment 3: Short-Term High-Charge Users
5214-NLTIT,3,Segment 1: Long-Term Committed Loyalists
3345-PBBFH,2,Segment 3: Short-Term High-Charge Users
5055-BRMNE,3,Segment 1: Long-Term Committed Loyalists
9189-JWSHV,0,Segment 3: Short-Term High-Charge Users
2190-PHBHR,3,Segment 1: Long-Term Committed Loyalists
2650-GYRYL,1,Segment 1: Long-Term Committed Loyalists
0746-JTRFU,2,Segment 3: Short-Term High-Charge Users
5208-FVQKB,3,Segment 1: Long-Term Committed Loyalists
7184-LRUUR,1,Segment 1: Long-Term Committed Loyalists
6627-CFOSN,3,Segment 1: Long-Term Committed Loyalists
3982-JGSFD,1,Segment 1: Long-Term Committed Loyalists
1574-DYCWE,1,Segment 1: Long-Term Committed Loyalists
7247-XOZPB,3,Segment 1: Long-Term Committed Loyalists
2466-FCCPT,1,Segment 1: Long-Term Committed Loyalists
6211-WWLTF,3,Segment 1: Long-Term Committed Loyalists
4826-TZEVA,0,Segment 3: Short-Term High-Charge Users
6016-NXBNJ,1,Segment 1: Long-Term Committed Loyalists
9138-EFSMO,0,Segment 3: Short-Term High-Charge Users
0576-WNXXC,0,Segment 3: Short-Term High-Charge Users
4632-XJMEX,1,Segment 1: Long-Term Committed Loyalists
8910-LEDAG,0,Segment 3: Short-Term High-Charge Users
3452-GWUIN,0,Segment 3: Short-Term High-Charge Users
2716-GFZOR,0,Segment 3: Short-Term High-Charge Users
3724-UCSHY,2,Segment 3: Short-Term High-Charge Users
8626-XHBIE,1,Segment 1: Long-Term Committed Loyalists
4628-CTTLA,2,Segment 3: Short-Term High-Charge Users
3192-LNKRK,0,Segment 3: Short-Term High-Charge Users
4439-YRNVD,2,Segment 3: Short-Term High-Charge Users
2876-VBBBL,2,Segment 3: Short-Term High-Charge Users
6834-NXDCA,2,Segment 3: Short-Term High-Charge Users
2208-UGTGR,0,Segment 3: Short-Term High-Charge Users
3005-TYFRD,3,Segment 1: Long-Term Committed Loyalists
8670-MEFCP,3,Segment 1: Long-Term Committed Loyalists
3079-BCHLN,1,Segment 1: Long-Term Committed Loyalists
7777-UNYHB,2,Segment 3: Short-Term High-Charge Users
5597-GLBUC,0,Segment 3: Short-Term High-Charge Users
7278-CKDNC,0,Segment 3: Short-Term High-Charge Users
2748-MYRVK,3,Segment 1: Long-Term Committed Loyalists
8450-UYIBU,2,Segment 3: Short-Term High-Charge Users
2969-VAPYH,1,Segment 1: Long-Term Committed Loyalists
4822-YCXMX,0,Segment 3: Short-Term High-Charge Users
7181-OQCUT,0,Segment 3: Short-Term High-Charge Users
8474-UMLNT,2,Segment 3: Short-Term High-Charge Users
9821-POOTN,0,Segment 3: Short-Term High-Charge Users
3836-FZSDJ,1,Segment 1: Long-Term Committed Loyalists
9142-XMYJH,2,Segment 3: Short-Term High-Charge Users
6559-ILWKJ,1,Segment 1: Long-Term Committed Loyalists
0187-QSXOE,0,Segment 3: Short-Term High-Charge Users
7733-UDMTP,2,Segment 3: Short-Term High-Charge Users
2649-HWLYB,3,Segment 1: Long-Term Committed Loyalists
5214-CHIWJ,1,Segment 1: Long-Term Committed Loyalists
4229-CZMLL,0,Segment 3: Short-Term High-Charge Users
6904-JLBGY,3,Segment 1: Long-Term Committed Loyalists
2465-BLLEU,2,Segment 3: Short-Term High-Charge Users
1685-VAYJF,2,Segment 3: Short-Term High-Charge Users
8874-EJNSR,1,Segment 1: Long-Term Committed Loyalists
6917-YACBP,0,Segment 3: Short-Term High-Charge Users
5049-MUBWG,1,Segment 1: Long-Term Committed Loyalists
4223-WOZCM,2,Segment 3: Short-Term High-Charge Users
0769-MURVM,3,Segment 1: Long-Term Committed Loyalists
9253-VIFJQ,3,Segment 1: Long-Term Committed Loyalists
7030-FZTFM,3,Segment 1: Long-Term Committed Loyalists
9741-YLNTD,0,Segment 3: Short-Term High-Charge Users
5917-RYRMG,1,Segment 1: Long-Term Committed Loyalists
5120-ZBLAI,3,Segment 1: Long-Term Committed Loyalists
1194-BHJYC,3,Segment 1: Long-Term Committed Loyalists
3663-MITLP,0,Segment 3: Short-Term High-Charge Users
0906-QVPMS,3,Segment 1: Long-Term Committed Loyalists
9025-ZRPVR,2,Segment 3: Short-Term High-Charge Users
1905-OEILC,2,Segment 3: Short-Term High-Charge Users
7858-GTZSP,0,Segment 3: Short-Term High-Charge Users
3285-UCQVC,2,Segment 3: Short-Term High-Charge Users
6248-BSHKG,1,Segment 1: Long-Term Committed Loyalists
4685-TFLLS,1,Segment 1: Long-Term Committed Loyalists
3470-BTGQO,2,Segment 3: Short-Term High-Charge Users
1209-VFFOC,3,Segment 1: Long-Term Committed Loyalists
8224-DWCKX,0,Segment 3: Short-Term High-Charge Users
5482-PLVPE,2,Segment 3: Short-Term High-Charge Users
4553-DVPZG,0,Segment 3: Short-Term High-Charge Users
4902-OHLSK,0,Segment 3: Short-Term High-Charge Users
6917-IAYHD,2,Segment 3: Short-Term High-Charge Users
0495-ZBNGW,0,Segment 3: Short-Term High-Charge Users
8620-RJPZN,2,Segment 3: Short-Term High-Charge Users
7572-KPVKK,3,Segment 1: Long-Term Committed Loyalists
2642-MAWLJ,1,Segment 1: Long-Term Committed Loyalists
2357-COQEK,0,Segment 3: Short-Term High-Charge Users
7103-ZGVNT,3,Segment 1: Long-Term Committed Loyalists
3737-GCSPV,0,Segment 3: Short-Term High-Charge Users
2027-WKXMW,3,Segment 1: Long-Term Committed Loyalists
7137-NAXML,1,Segment 1: Long-Term Committed Loyalists
2428-ZMCTB,2,Segment 3: Short-Term High-Charge Users
2961-VNFKL,1,Segment 1: Long-Term Committed Loyalists
1768-HNVGJ,0,Segment 3: Short-Term High-Charge Users
6963-KQYQB,1,Segment 1: Long-Term Committed Loyalists
5934-RMPOV,0,Segment 3: Short-Term High-Charge Users
1207-BLKSA,1,Segment 1: Long-Term Committed Loyalists
4088-YLDSU,3,Segment 1: Long-Term Committed Loyalists
8316-BBQAY,3,Segment 1: Long-Term Committed Loyalists
1166-PQLGG,1,Segment 1: Long-Term Committed Loyalists
3146-JTQHR,1,Segment 1: Long-Term Committed Loyalists
4291-YZODP,1,Segment 1: Long-Term Committed Loyalists
4395-PZMSN,0,Segment 3: Short-Term High-Charge Users
6427-FEFIG,1,Segment 1: Long-Term Committed Loyalists
0017-IUDMW,3,Segment 1: Long-Term Committed Loyalists
8706-HRADD,2,Segment 3: Short-Term High-Charge Users
9955-QOPOY,3,Segment 1: Long-Term Committed Loyalists
4385-ZKVNW,2,Segment 3: Short-Term High-Charge Users
5446-DKWYW,3,Segment 1: Long-Term Committed Loyalists
2034-CGRHZ,0,Segment 3: Short-Term High-Charge Users
5797-APWZC,0,Segment 3: Short-Term High-Charge Users
3683-QKIUE,2,Segment 3: Short-Term High-Charge Users
4228-ZGYUW,0,Segment 3: Short-Term High-Charge Users
9031-ZVQPT,3,Segment 1: Long-Term Committed Loyalists
2990-IAJSV,3,Segment 1: Long-Term Committed Loyalists
8107-KNCIM,0,Segment 3: Short-Term High-Charge Users
9027-YFHQJ,2,Segment 3: Short-Term High-Charge Users
5176-LDKUH,0,Segment 3: Short-Term High-Charge Users
4644-OBGFZ,1,Segment 1: Long-Term Committed Loyalists
7926-IJOOU,2,Segment 3: Short-Term High-Charge Users
6480-YAGIY,3,Segment 1: Long-Term Committed Loyalists
4029-HPFVY,0,Segment 3: Short-Term High-Charge Users
7602-DBTOU,1,Segment 1: Long-Term Committed Loyalists
5345-BMKWB,2,Segment 3: Short-Term High-Charge Users
3519-ZKXGG,0,Segment 3: Short-Term High-Charge Users
5457-COLHT,3,Segment 1: Long-Term Committed Loyalists
6416-TVAIH,0,Segment 3: Short-Term High-Charge Users
5451-YHYPW,3,Segment 1: Long-Term Committed Loyalists
5108-ADXWO,0,Segment 3: Short-Term High-Charge Users
7998-WNZEM,3,Segment 1: Long-Term Committed Loyalists
3066-RRJIO,0,Segment 3: Short-Term High-Charge Users
4664-NJCMS,1,Segment 1: Long-Term Committed Loyalists
0307-BCOPK,1,Segment 1: Long-Term Committed Loyalists
7629-WFGLW,3,Segment 1: Long-Term Committed Loyalists
2542-HYGIQ,2,Segment 3: Short-Term High-Charge Users
6715-OFDBP,2,Segment 3: Short-Term High-Charge Users
5016-LIPDW,1,Segment 1: Long-Term Committed Loyalists
6481-LXPWL,1,Segment 1: Long-Term Committed Loyalists
1567-DSCIC,0,Segment 3: Short-Term High-Charge Users
2150-UWTFY,2,Segment 3: Short-Term High-Charge Users
6124-ACRHJ,2,Segment 3: Short-Term High-Charge Users
9362-MWODR,2,Segment 3: Short-Term High-Charge Users
9975-GPKZU,1,Segment 1: Long-Term Committed Loyalists
9625-RZFUK,1,Segment 1: Long-Term Committed Loyalists
5153-LXKDT,3,Segment 1: Long-Term Committed Loyalists
5161-UBZXI,3,Segment 1: Long-Term Committed Loyalists
1020-JPQOW,0,Segment 3: Short-Term High-Charge Users
7919-ZODZZ,1,Segment 1: Long-Term Committed Loyalists
0565-JUPYD,3,Segment 1: Long-Term Committed Loyalists
6867-ACCZI,1,Segment 1: Long-Term Committed Loyalists
5939-XAIXZ,2,Segment 3: Short-Term High-Charge Users
9054-FOWNV,0,Segment 3: Short-Term High-Charge Users
2683-BPJSO,0,Segment 3: Short-Term High-Charge Users
2157-MXBJS,1,Segment 1: Long-Term Committed Loyalists
8207-VVMYB,1,Segment 1: Long-Term Committed Loyalists
9732-EQMWY,0,Segment 3: Short-Term High-Charge Users
9360-AHGNL,3,Segment 1: Long-Term Committed Loyalists
1087-UDSIH,2,Segment 3: Short-Term High-Charge Users
5269-NRGDP,3,Segment 1: Long-Term Committed Loyalists
6195-MELTI,1,Segment 1: Long-Term Committed Loyalists
5485-WUYWF,2,Segment 3: Short-Term High-Charge Users
2121-JAFOM,3,Segment 1: Long-Term Committed Loyalists
8818-DOPVL,0,Segment 3: Short-Term High-Charge Users
2632-UCGVD,3,Segment 1: Long-Term Committed Loyalists
5445-PZWGX,3,Segment 1: Long-Term Committed Loyalists
1227-UDMZR,3,Segment 1: Long-Term Committed Loyalists
5198-HQAEN,0,Segment 3: Short-Term High-Charge Users
9170-CCKOU,0,Segment 3: Short-Term High-Charge Users
2167-FQSTQ,3,Segment 1: Long-Term Committed Loyalists
2819-GWENI,1,Segment 1: Long-Term Committed Loyalists
1043-YCUTE,1,Segment 1: Long-Term Committed Loyalists
3814-MLAXC,0,Segment 3: Short-Term High-Charge Users
3572-UUHRS,1,Segment 1: Long-Term Committed Loyalists
2692-PFYTJ,2,Segment 3: Short-Term High-Charge Users
1226-UDFZR,2,Segment 3: Short-Term High-Charge Users
5955-EPOAZ,2,Segment 3: Short-Term High-Charge Users
6821-JPCDC,3,Segment 1: Long-Term Committed Loyalists
8815-LMFLX,2,Segment 3: Short-Term High-Charge Users
9135-HSWOC,1,Segment 1: Long-Term Committed Loyalists
8582-KRHPJ,2,Segment 3: Short-Term High-Charge Users
5811-IWXYM,3,Segment 1: Long-Term Committed Loyalists
7044-YAACC,0,Segment 3: Short-Term High-Charge Users
8189-XRIKE,0,Segment 3: Short-Term High-Charge Users
1506-YJTYT,3,Segment 1: Long-Term Committed Loyalists
4123-DVHPH,0,Segment 3: Short-Term High-Charge Users
6425-YQLLO,3,Segment 1: Long-Term Committed Loyalists
5442-UTCVD,0,Segment 3: Short-Term High-Charge Users
2228-BZDEE,1,Segment 1: Long-Term Committed Loyalists
7734-DBOAI,2,Segment 3: Short-Term High-Charge Users
2789-CZANW,3,Segment 1: Long-Term Committed Loyalists
2091-RFFBA,0,Segment 3: Short-Term High-Charge Users
2114-MGINA,0,Segment 3: Short-Term High-Charge Users
7596-LDUXP,0,Segment 3: Short-Term High-Charge Users
3740-RLMVT,1,Segment 1: Long-Term Committed Loyalists
4489-SNOJF,0,Segment 3: Short-Term High-Charge Users
2192-OZITF,3,Segment 1: Long-Term Committed Loyalists
5651-CPDND,2,Segment 3: Short-Term High-Charge Users
2186-QZEYA,2,Segment 3: Short-Term High-Charge Users
1131-ALZWV,1,Segment 1: Long-Term Committed Loyalists
7729-XBTWX,1,Segment 1: Long-Term Committed Loyalists
9134-WYRVP,3,Segment 1: Long-Term Committed Loyalists
3284-SVCRO,1,Segment 1: Long-Term Committed Loyalists
9732-OUYRN,1,Segment 1: Long-Term Committed Loyalists
0559-CKHUS,1,Segment 1: Long-Term Committed Loyalists
2931-SVLTV,3,Segment 1: Long-Term Committed Loyalists
6899-PPEEA,0,Segment 3: Short-Term High-Charge Users
7504-UWHNB,0,Segment 3: Short-Term High-Charge Users
2582-FFFZR,2,Segment 3: Short-Term High-Charge Users
8908-NMQTX,3,Segment 1: Long-Term Committed Loyalists
2187-LZGPL,2,Segment 3: Short-Term High-Charge Users
1431-AIDJQ,3,Segment 1: Long-Term Committed Loyalists
6288-LBEAR,0,Segment 3: Short-Term High-Charge Users
4597-NUCQV,0,Segment 3: Short-Term High-Charge Users
9019-QVLZD,0,Segment 3: Short-Term High-Charge Users
8413-YNHNV,3,Segment 1: Long-Term Committed Loyalists
5808-TOTXO,1,Segment 1: Long-Term Committed Loyalists
4369-NYSCF,3,Segment 1: Long-Term Committed Loyalists
6333-YDVLT,3,Segment 1: Long-Term Committed Loyalists
5324-KTGCG,1,Segment 1: Long-Term Committed Loyalists
5599-HVLTW,0,Segment 3: Short-Term High-Charge Users
7394-LWLYN,0,Segment 3: Short-Term High-Charge Users
3707-LRWZD,0,Segment 3: Short-Term High-Charge Users
6873-UDNLD,0,Segment 3: Short-Term High-Charge Users
2700-LUEVA,2,Segment 3: Short-Term High-Charge Users
1455-ESIQH,0,Segment 3: Short-Term High-Charge Users
0958-YHXGP,0,Segment 3: Short-Term High-Charge Users
1101-SSWAG,2,Segment 3: Short-Term High-Charge Users
2979-SXESE,0,Segment 3: Short-Term High-Charge Users
4013-TLDHQ,0,Segment 3: Short-Term High-Charge Users
5743-KHMNA,1,Segment 1: Long-Term Committed Loyalists
4194-FJARJ,1,Segment 1: Long-Term Committed Loyalists
5325-UWTWJ,0,Segment 3: Short-Term High-Charge Users
3969-GYXEL,0,Segment 3: Short-Term High-Charge Users
9208-OLGAQ,0,Segment 3: Short-Term High-Charge Users
3244-CQPHU,3,Segment 1: Long-Term Committed Loyalists
2674-MLXMN,3,Segment 1: Long-Term Committed Loyalists
9708-HPXWZ,2,Segment 3: Short-Term High-Charge Users
6992-TKNYO,1,Segment 1: Long-Term Committed Loyalists
4468-YDOVK,2,Segment 3: Short-Term High-Charge Users
3754-DXMRT,2,Segment 3: Short-Term High-Charge Users
5792-JALQC,1,Segment 1: Long-Term Committed Loyalists
7130-VTEWQ,0,Segment 3: Short-Term High-Charge Users
2200-DSAAL,3,Segment 1: Long-Term Committed Loyalists
4302-ZYFEL,1,Segment 1: Long-Term Committed Loyalists
9351-LZYGF,2,Segment 3: Short-Term High-Charge Users
4366-CTOUZ,3,Segment 1: Long-Term Committed Loyalists
6121-VZNQB,2,Segment 3: Short-Term High-Charge Users
7903-CMPEY,0,Segment 3: Short-Term High-Charge Users
1518-OMDIK,2,Segment 3: Short-Term High-Charge Users
6671-NGWON,2,Segment 3: Short-Term High-Charge Users
0595-ITUDF,0,Segment 3: Short-Term High-Charge Users
6996-KNSML,0,Segment 3: Short-Term High-Charge Users
1955-IBMMB,1,Segment 1: Long-Term Committed Loyalists
0096-BXERS,2,Segment 3: Short-Term High-Charge Users
3806-YAZOV,2,Segment 3: Short-Term High-Charge Users
7998-ZLXWN,2,Segment 3: Short-Term High-Charge Users
6253-WRFHY,2,Segment 3: Short-Term High-Charge Users
9133-AYJZG,0,Segment 3: Short-Term High-Charge Users
2675-OTVVJ,0,Segment 3: Short-Term High-Charge Users
8680-CGLTP,1,Segment 1: Long-Term Committed Loyalists
8430-TWCBX,1,Segment 1: Long-Term Committed Loyalists
5018-GWURO,0,Segment 3: Short-Term High-Charge Users
6741-QRLUP,3,Segment 1: Long-Term Committed Loyalists
4737-HOBAX,3,Segment 1: Long-Term Committed Loyalists
0537-QYZZN,0,Segment 3: Short-Term High-Charge Users
3340-QBBFM,1,Segment 1: Long-Term Committed Loyalists
1704-NRWYE,0,Segment 3: Short-Term High-Charge Users
2592-SEIFQ,2,Segment 3: Short-Term High-Charge Users
8200-KLNYW,1,Segment 1: Long-Term Committed Loyalists
3372-CDXFJ,1,Segment 1: Long-Term Committed Loyalists
4781-ZXYGU,2,Segment 3: Short-Term High-Charge Users
7632-YUTXB,1,Segment 1: Long-Term Committed Loyalists
2718-YSKCS,1,Segment 1: Long-Term Committed Loyalists
9896-UYMIE,3,Segment 1: Long-Term Committed Loyalists
0853-NWIFK,3,Segment 1: Long-Term Committed Loyalists
8212-CRQXP,0,Segment 3: Short-Term High-Charge Users
6980-CDGFC,1,Segment 1: Long-Term Committed Loyalists
7691-XVTZH,3,Segment 1: Long-Term Committed Loyalists
2520-SGTTA,1,Segment 1: Long-Term Committed Loyalists
7481-ATQQS,0,Segment 3: Short-Term High-Charge Users
2277-VWCNI,2,Segment 3: Short-Term High-Charge Users
1088-CNNKB,3,Segment 1: Long-Term Committed Loyalists
8642-GVWRF,0,Segment 3: Short-Term High-Charge Users
1930-BZLHI,1,Segment 1: Long-Term Committed Loyalists
3400-ESFUW,1,Segment 1: Long-Term Committed Loyalists
5868-YTYKS,2,Segment 3: Short-Term High-Charge Users
3525-DVKFN,1,Segment 1: Long-Term Committed Loyalists
1482-OXZSY,0,Segment 3: Short-Term High-Charge Users
0377-JBKKT,2,Segment 3: Short-Term High-Charge Users
5778-BVOFB,2,Segment 3: Short-Term High-Charge Users
3373-YZZYM,2,Segment 3: Short-Term High-Charge Users
2057-ZBLPD,0,Segment 3: Short-Term High-Charge Users
0228-MAUWC,2,Segment 3: Short-Term High-Charge Users
5502-RLUYV,3,Segment 1: Long-Term Committed Loyalists
0023-HGHWL,2,Segment 3: Short-Term High-Charge Users
7663-YJHSN,3,Segment 1: Long-Term Committed Loyalists
4915-BFSXL,3,Segment 1: Long-Term Committed Loyalists
3086-RUCRN,3,Segment 1: Long-Term Committed Loyalists
5215-LNLDJ,2,Segment 3: Short-Term High-Charge Users
7576-JMYWV,0,Segment 3: Short-Term High-Charge Users
9039-RBEEE,2,Segment 3: Short-Term High-Charge Users
0257-KXZGU,2,Segment 3: Short-Term High-Charge Users
1307-ATKGB,0,Segment 3: Short-Term High-Charge Users
8417-FMLZI,0,Segment 3: Short-Term High-Charge Users
3714-XPXBW,3,Segment 1: Long-Term Committed Loyalists
1850-AKQEP,2,Segment 3: Short-Term High-Charge Users
2824-DXNKN,3,Segment 1: Long-Term Committed Loyalists
5227-JSCFE,1,Segment 1: Long-Term Committed Loyalists
0848-ZGQIJ,0,Segment 3: Short-Term High-Charge Users
3621-CHYVB,2,Segment 3: Short-Term High-Charge Users
8042-RNLKO,1,Segment 1: Long-Term Committed Loyalists
1792-UXAFY,0,Segment 3: Short-Term High-Charge Users
5372-FBKBN,2,Segment 3: Short-Term High-Charge Users
0420-TXVSG,3,Segment 1: Long-Term Committed Loyalists
6217-TOWGS,2,Segment 3: Short-Term High-Charge Users
0515-YPMCW,0,Segment 3: Short-Term High-Charge Users
0378-XSZPU,1,Segment 1: Long-Term Committed Loyalists
1045-LTCYT,2,Segment 3: Short-Term High-Charge Users
1544-JJMYL,1,Segment 1: Long-Term Committed Loyalists
4636-JGAAI,0,Segment 3: Short-Term High-Charge Users
6874-SGLHU,0,Segment 3: Short-Term High-Charge Users
5951-AOFIH,2,Segment 3: Short-Term High-Charge Users
4729-XKASR,2,Segment 3: Short-Term High-Charge Users
3059-NGMXB,2,Segment 3: Short-Term High-Charge Users
8652-YHIYU,0,Segment 3: Short-Term High-Charge Users
5278-PNYOX,3,Segment 1: Long-Term Committed Loyalists
5449-FIBXJ,0,Segment 3: Short-Term High-Charge Users
3486-HOOGQ,3,Segment 1: Long-Term Committed Loyalists
5061-PBXFW,2,Segment 3: Short-Term High-Charge Users
8630-FJLIB,0,Segment 3: Short-Term High-Charge Users
3891-NLXJB,1,Segment 1: Long-Term Committed Loyalists
4749-OJKQU,0,Segment 3: Short-Term High-Charge Users
0577-WHMEV,0,Segment 3: Short-Term High-Charge Users
5453-AXEPF,0,Segment 3: Short-Term High-Charge Users
3639-XJHKQ,2,Segment 3: Short-Term High-Charge Users
3716-LRGXK,3,Segment 1: Long-Term Committed Loyalists
2263-SFSQZ,1,Segment 1: Long-Term Committed Loyalists
9950-MTGYX,1,Segment 1: Long-Term Committed Loyalists
3397-AVTKU,1,Segment 1: Long-Term Committed Loyalists
4825-FUREZ,1,Segment 1: Long-Term Committed Loyalists
9837-BMCLM,0,Segment 3: Short-Term High-Charge Users
2672-OJQZP,2,Segment 3: Short-Term High-Charge Users
0137-UDEUO,2,Segment 3: Short-Term High-Charge Users
3134-DSHVC,3,Segment 1: Long-Term Committed Loyalists
6161-UUUTA,0,Segment 3: Short-Term High-Charge Users
7821-DPRQE,3,Segment 1: Long-Term Committed Loyalists
6543-XRMYR,0,Segment 3: Short-Term High-Charge Users
2001-EWBQU,3,Segment 1: Long-Term Committed Loyalists
4925-LMHOK,2,Segment 3: Short-Term High-Charge Users
1608-GMEWB,0,Segment 3: Short-Term High-Charge Users
6695-AMZUF,3,Segment 1: Long-Term Committed Loyalists
1455-UGQVH,0,Segment 3: Short-Term High-Charge Users
8410-BGQXN,2,Segment 3: Short-Term High-Charge Users
8280-MQRQN,2,Segment 3: Short-Term High-Charge Users
1619-YWUBB,1,Segment 1: Long-Term Committed Loyalists
7611-YKYTC,0,Segment 3: Short-Term High-Charge Users
2037-SGXHH,0,Segment 3: Short-Term High-Charge Users
3178-FESZO,0,Segment 3: Short-Term High-Charge Users
0365-GXEZS,0,Segment 3: Short-Term High-Charge Users
0082-OQIQY,0,Segment 3: Short-Term High-Charge Users
6087-MVHJH,0,Segment 3: Short-Term High-Charge Users
4603-JANFB,0,Segment 3: Short-Term High-Charge Users
3018-TFTSU,0,Segment 3: Short-Term High-Charge Users
3606-SBKRY,1,Segment 1: Long-Term Committed Loyalists
4806-KEXQR,0,Segment 3: Short-Term High-Charge Users
0667-NSRGI,3,Segment 1: Long-Term Committed Loyalists
7083-YNSKY,2,Segment 3: Short-Term High-Charge Users
6893-ODYYE,3,Segment 1: Long-Term Committed Loyalists
8242-JSVBO,2,Segment 3: Short-Term High-Charge Users
2479-BRAMR,0,Segment 3: Short-Term High-Charge Users
9541-ZPSEA,3,Segment 1: Long-Term Committed Loyalists
2665-NPTGL,0,Segment 3: Short-Term High-Charge Users
1139-WUOAH,1,Segment 1: Long-Term Committed Loyalists
4693-VWVBO,2,Segment 3: Short-Term High-Charge Users
7434-SHXLS,2,Segment 3: Short-Term High-Charge Users
6937-GCDGQ,1,Segment 1: Long-Term Committed Loyalists
0988-JRWWP,2,Segment 3: Short-Term High-Charge Users
5075-JSDKI,1,Segment 1: Long-Term Committed Loyalists
7908-QCBCA,0,Segment 3: Short-Term High-Charge Users
8644-XYTSV,2,Segment 3: Short-Term High-Charge Users
6711-FLDFB,0,Segment 3: Short-Term High-Charge Users
3873-WOSBC,1,Segment 1: Long-Term Committed Loyalists
7465-ZZRVX,0,Segment 3: Short-Term High-Charge Users
7975-JMZNT,3,Segment 1: Long-Term Committed Loyalists
7251-XFOIL,3,Segment 1: Long-Term Committed Loyalists
4116-IQRFR,1,Segment 1: Long-Term Committed Loyalists
3714-JTVOV,0,Segment 3: Short-Term High-Charge Users
8259-DZLIZ,1,Segment 1: Long-Term Committed Loyalists
0442-ZXKVS,3,Segment 1: Long-Term Committed Loyalists
7853-WNZSY,2,Segment 3: Short-Term High-Charge Users
3120-FAZKD,1,Segment 1: Long-Term Committed Loyalists
8606-OEGQZ,1,Segment 1: Long-Term Committed Loyalists
0225-ZORZP,0,Segment 3: Short-Term High-Charge Users
4702-IOQDC,0,Segment 3: Short-Term High-Charge Users
9489-JMTTN,3,Segment 1: Long-Term Committed Loyalists
0575-CUQOV,3,Segment 1: Long-Term Committed Loyalists
0967-BMLBD,1,Segment 1: Long-Term Committed Loyalists
6178-KFNHS,0,Segment 3: Short-Term High-Charge Users
2830-LEWOA,3,Segment 1: Long-Term Committed Loyalists
5006-MXVRN,1,Segment 1: Long-Term Committed Loyalists
1264-BYWMS,0,Segment 3: Short-Term High-Charge Users
9658-WYUFB,0,Segment 3: Short-Term High-Charge Users
8327-WKMIE,1,Segment 1: Long-Term Committed Loyalists
6917-FIJHC,1,Segment 1: Long-Term Committed Loyalists
5329-KRDTM,3,Segment 1: Long-Term Committed Loyalists
7797-EJMDP,2,Segment 3: Short-Term High-Charge Users
3530-VWVGU,2,Segment 3: Short-Term High-Charge Users
2013-SGDXK,0,Segment 3: Short-Term High-Charge Users
6368-NWMCE,2,Segment 3: Short-Term High-Charge Users
3633-CDBUW,0,Segment 3: Short-Term High-Charge Users
0707-HOVVN,3,Segment 1: Long-Term Committed Loyalists
8580-QVLOC,3,Segment 1: Long-Term Committed Loyalists
3956-MGXOG,0,Segment 3: Short-Term High-Charge Users
9274-UARKJ,0,Segment 3: Short-Term High-Charge Users
4077-HWUYD,3,Segment 1: Long-Term Committed Loyalists
2012-NWRPA,0,Segment 3: Short-Term High-Charge Users
8808-ELEHO,0,Segment 3: Short-Term High-Charge Users
0103-CSITQ,3,Segment 1: Long-Term Committed Loyalists
3506-LCJDC,2,Segment 3: Short-Term High-Charge Users
8671-KKKOS,2,Segment 3: Short-Term High-Charge Users
7305-ZWMAJ,1,Segment 1: Long-Term Committed Loyalists
9518-XXBXE,0,Segment 3: Short-Term High-Charge Users
3934-HXCFZ,0,Segment 3: Short-Term High-Charge Users
6578-KRMAW,0,Segment 3: Short-Term High-Charge Users
4860-IJUDE,0,Segment 3: Short-Term High-Charge Users
7666-WKRON,3,Segment 1: Long-Term Committed Loyalists
9688-YGXVR,0,Segment 3: Short-Term High-Charge Users
0423-UDIJQ,2,Segment 3: Short-Term High-Charge Users
1945-XISKS,1,Segment 1: Long-Term Committed Loyalists
4910-AQFFX,0,Segment 3: Short-Term High-Charge Users
2154-KVJFF,0,Segment 3: Short-Term High-Charge Users
5360-LJCNJ,3,Segment 1: Long-Term Committed Loyalists
2607-FBDFF,2,Segment 3: Short-Term High-Charge Users
9647-ERGBE,0,Segment 3: Short-Term High-Charge Users
3428-XZMAZ,0,Segment 3: Short-Term High-Charge Users
1100-DDVRV,2,Segment 3: Short-Term High-Charge Users
0378-TOVMS,0,Segment 3: Short-Term High-Charge Users
4355-HBJHH,3,Segment 1: Long-Term Committed Loyalists
6728-WYQBC,2,Segment 3: Short-Term High-Charge Users
9058-CBREO,2,Segment 3: Short-Term High-Charge Users
9029-FEGVJ,0,Segment 3: Short-Term High-Charge Users
7216-KAOID,1,Segment 1: Long-Term Committed Loyalists
0318-QUUOB,0,Segment 3: Short-Term High-Charge Users
6145-NNPNO,2,Segment 3: Short-Term High-Charge Users
5520-FVEWJ,0,Segment 3: Short-Term High-Charge Users
5339-TJFEK,3,Segment 1: Long-Term Committed Loyalists
5572-ZDXHY,0,Segment 3: Short-Term High-Charge Users
2074-GUHPQ,0,Segment 3: Short-Term High-Charge Users
4625-XMOYM,1,Segment 1: Long-Term Committed Loyalists
5827-MWCZK,3,Segment 1: Long-Term Committed Loyalists
1385-TQOZW,2,Segment 3: Short-Term High-Charge Users
5914-XRFQB,3,Segment 1: Long-Term Committed Loyalists
4329-YPDDQ,0,Segment 3: Short-Term High-Charge Users
4804-NCPET,1,Segment 1: Long-Term Committed Loyalists
3750-CKVKH,0,Segment 3: Short-Term High-Charge Users
5944-UGLLK,1,Segment 1: Long-Term Committed Loyalists
8063-GBATB,0,Segment 3: Short-Term High-Charge Users
7787-BNTZM,2,Segment 3: Short-Term High-Charge Users
2252-ISRNH,0,Segment 3: Short-Term High-Charge Users
9415-TPKRV,2,Segment 3: Short-Term High-Charge Users
5322-TEUJK,3,Segment 1: Long-Term Committed Loyalists
4547-KQRTM,0,Segment 3: Short-Term High-Charge Users
4877-EVATK,2,Segment 3: Short-Term High-Charge Users
1866-DIOQZ,3,Segment 1: Long-Term Committed Loyalists
8375-KVTHK,3,Segment 1: Long-Term Committed Loyalists
2697-NQBPF,0,Segment 3: Short-Term High-Charge Users
3709-OIJEA,0,Segment 3: Short-Term High-Charge Users
7639-SUPCW,2,Segment 3: Short-Term High-Charge Users
1386-ZIKUV,2,Segment 3: Short-Term High-Charge Users
0599-XNYDO,0,Segment 3: Short-Term High-Charge Users
6377-WHAOX,3,Segment 1: Long-Term Committed Loyalists
6855-VLGOS,1,Segment 1: Long-Term Committed Loyalists
8999-XXGNS,3,Segment 1: Long-Term Committed Loyalists
8746-OQQRW,2,Segment 3: Short-Term High-Charge Users
3181-MIZBN,2,Segment 3: Short-Term High-Charge Users
0471-ARVMX,3,Segment 1: Long-Term Committed Loyalists
7766-CLTIC,2,Segment 3: Short-Term High-Charge Users
5650-YLIBA,0,Segment 3: Short-Term High-Charge Users
0825-CPPQH,1,Segment 1: Long-Term Committed Loyalists
9084-OAYKL,1,Segment 1: Long-Term Committed Loyalists
6122-LJADA,3,Segment 1: Long-Term Committed Loyalists
2400-XIWIO,3,Segment 1: Long-Term Committed Loyalists
7524-VRLPL,3,Segment 1: Long-Term Committed Loyalists
1069-XAIEM,0,Segment 3: Short-Term High-Charge Users
7569-NMZYQ,3,Segment 1: Long-Term Committed Loyalists
5201-USSQZ,0,Segment 3: Short-Term High-Charge Users
2105-PHWON,0,Segment 3: Short-Term High-Charge Users
1494-EJZDW,1,Segment 1: Long-Term Committed Loyalists
4884-TVUQF,3,Segment 1: Long-Term Committed Loyalists
8003-EWNDZ,2,Segment 3: Short-Term High-Charge Users
1897-RCFUM,1,Segment 1: Long-Term Committed Loyalists
9256-JTBNZ,2,Segment 3: Short-Term High-Charge Users
4658-HCOHW,0,Segment 3: Short-Term High-Charge Users
2211-RMNHO,3,Segment 1: Long-Term Committed Loyalists
2432-TFSMK,0,Segment 3: Short-Term High-Charge Users
3440-JPSCL,0,Segment 3: Short-Term High-Charge Users
4929-ROART,2,Segment 3: Short-Term High-Charge Users
1834-ABKHQ,1,Segment 1: Long-Term Committed Loyalists
1741-WTPON,3,Segment 1: Long-Term Committed Loyalists
3932-IJWDZ,3,Segment 1: Long-Term Committed Loyalists
1240-HCBOH,1,Segment 1: Long-Term Committed Loyalists
3594-KADLU,2,Segment 3: Short-Term High-Charge Users
8065-BVEPF,3,Segment 1: Long-Term Committed Loyalists
3796-ENZGF,3,Segment 1: Long-Term Committed Loyalists
1734-ZMNTZ,1,Segment 1: Long-Term Committed Loyalists
2853-CWQFQ,2,Segment 3: Short-Term High-Charge Users
0813-TAXXS,3,Segment 1: Long-Term Committed Loyalists
2519-TWKFS,1,Segment 1: Long-Term Committed Loyalists
2889-FPWRM,3,Segment 1: Long-Term Committed Loyalists
0626-QXNGV,1,Segment 1: Long-Term Committed Loyalists
6723-CEGQI,1,Segment 1: Long-Term Committed Loyalists
6987-XQSJT,0,Segment 3: Short-Term High-Charge Users
4732-RRJZC,2,Segment 3: Short-Term High-Charge Users
9499-XPZXM,3,Segment 1: Long-Term Committed Loyalists
4338-EYCER,2,Segment 3: Short-Term High-Charge Users
3007-FDPEA,2,Segment 3: Short-Term High-Charge Users
6350-XFYGW,0,Segment 3: Short-Term High-Charge Users
4290-BSXUX,0,Segment 3: Short-Term High-Charge Users
8513-OLYGY,3,Segment 1: Long-Term Committed Loyalists
0311-QYWSS,2,Segment 3: Short-Term High-Charge Users
8705-DWKTI,0,Segment 3: Short-Term High-Charge Users
8755-IWJHN,3,Segment 1: Long-Term Committed Loyalists
0325-XBFAC,0,Segment 3: Short-Term High-Charge Users
4480-QQRHC,0,Segment 3: Short-Term High-Charge Users
0929-PECLO,3,Segment 1: Long-Term Committed Loyalists
3680-CTHUH,3,Segment 1: Long-Term Committed Loyalists
1202-KKGFU,2,Segment 3: Short-Term High-Charge Users
6112-KTHFQ,2,Segment 3: Short-Term High-Charge Users
1852-XEMDW,2,Segment 3: Short-Term High-Charge Users
2462-XIIJB,0,Segment 3: Short-Term High-Charge Users
4760-XOHVN,2,Segment 3: Short-Term High-Charge Users
1820-DJFPH,1,Segment 1: Long-Term Committed Loyalists
9426-SXNHE,2,Segment 3: Short-Term High-Charge Users
9068-FHQHD,1,Segment 1: Long-Term Committed Loyalists
1269-FOYWN,1,Segment 1: Long-Term Committed Loyalists
9470-YFUYI,3,Segment 1: Long-Term Committed Loyalists
7817-BOQPW,0,Segment 3: Short-Term High-Charge Users
7402-EYFXX,0,Segment 3: Short-Term High-Charge Users
1853-UDXBW,0,Segment 3: Short-Term High-Charge Users
9895-VFOXH,2,Segment 3: Short-Term High-Charge Users
5458-CQJTA,3,Segment 1: Long-Term Committed Loyalists
1230-QAJDW,2,Segment 3: Short-Term High-Charge Users
5701-ZIKJE,2,Segment 3: Short-Term High-Charge Users
5219-YIPTK,0,Segment 3: Short-Term High-Charge Users
5032-MIYKT,0,Segment 3: Short-Term High-Charge Users
7396-VJUZB,2,Segment 3: Short-Term High-Charge Users
9717-QEBGU,0,Segment 3: Short-Term High-Charge Users
5172-RKOCB,3,Segment 1: Long-Term Committed Loyalists
6509-TSGWN,2,Segment 3: Short-Term High-Charge Users
3540-RZJYU,0,Segment 3: Short-Term High-Charge Users
3178-CIFOT,1,Segment 1: Long-Term Committed Loyalists
2091-MJTFX,2,Segment 3: Short-Term High-Charge Users
4530-NDRKU,1,Segment 1: Long-Term Committed Loyalists
5985-TBABQ,1,Segment 1: Long-Term Committed Loyalists
9800-ONTFE,0,Segment 3: Short-Term High-Charge Users
6743-HHQPF,2,Segment 3: Short-Term High-Charge Users
8455-HIRAQ,2,Segment 3: Short-Term High-Charge Users
6616-AALSR,3,Segment 1: Long-Term Committed Loyalists
0883-EIBTI,2,Segment 3: Short-Term High-Charge Users
9415-ZNBSX,3,Segment 1: Long-Term Committed Loyalists
4018-KJYUY,2,Segment 3: Short-Term High-Charge Users
0722-TROQR,0,Segment 3: Short-Term High-Charge Users
7571-YXDAD,0,Segment 3: Short-Term High-Charge Users
3884-UEBXB,1,Segment 1: Long-Term Committed Loyalists
8780-RSYYU,2,Segment 3: Short-Term High-Charge Users
5537-UXXVS,2,Segment 3: Short-Term High-Charge Users
1791-PQHBB,2,Segment 3: Short-Term High-Charge Users
8701-DGLVH,1,Segment 1: Long-Term Committed Loyalists
8741-LQOBK,2,Segment 3: Short-Term High-Charge Users
3393-FMZPV,0,Segment 3: Short-Term High-Charge Users
8082-GHXOP,2,Segment 3: Short-Term High-Charge Users
6402-ZFPPI,0,Segment 3: Short-Term High-Charge Users
0980-FEXWF,1,Segment 1: Long-Term Committed Loyalists
7486-KSRVI,3,Segment 1: Long-Term Committed Loyalists
3011-WQKSZ,2,Segment 3: Short-Term High-Charge Users
8443-WVPSS,0,Segment 3: Short-Term High-Charge Users
3006-XIMLN,0,Segment 3: Short-Term High-Charge Users
8218-FFJDS,3,Segment 1: Long-Term Committed Loyalists
1986-PHGZF,2,Segment 3: Short-Term High-Charge Users
9965-YOKZB,0,Segment 3: Short-Term High-Charge Users
0504-HHAPI,0,Segment 3: Short-Term High-Charge Users
9360-OMDZZ,0,Segment 3: Short-Term High-Charge Users
6305-YLBMM,3,Segment 1: Long-Term Committed Loyalists
0345-XMMUG,3,Segment 1: Long-Term Committed Loyalists
8024-XNAFQ,3,Segment 1: Long-Term Committed Loyalists
3647-GMGDH,0,Segment 3: Short-Term High-Charge Users
2988-GBIVW,3,Segment 1: Long-Term Committed Loyalists
2832-SCUCO,2,Segment 3: Short-Term High-Charge Users
7036-ZZKBD,2,Segment 3: Short-Term High-Charge Users
3791-LGQCY,3,Segment 1: Long-Term Committed Loyalists
0265-PSUAE,0,Segment 3: Short-Term High-Charge Users
0463-TXOAK,1,Segment 1: Long-Term Committed Loyalists
0594-UFTUL,2,Segment 3: Short-Term High-Charge Users
9509-MPYOD,1,Segment 1: Long-Term Committed Loyalists
9128-CPXKI,3,Segment 1: Long-Term Committed Loyalists
0129-KPTWJ,3,Segment 1: Long-Term Committed Loyalists
8166-ZZTFS,3,Segment 1: Long-Term Committed Loyalists
5855-EIBDE,3,Segment 1: Long-Term Committed Loyalists
5365-LLFYV,2,Segment 3: Short-Term High-Charge Users
5956-YHHRX,0,Segment 3: Short-Term High-Charge Users
6008-NAIXK,1,Segment 1: Long-Term Committed Loyalists
2956-GGUCQ,0,Segment 3: Short-Term High-Charge Users
1928-BXYIV,2,Segment 3: Short-Term High-Charge Users
5760-FXFVO,0,Segment 3: Short-Term High-Charge Users
6595-COKXZ,2,Segment 3: Short-Term High-Charge Users
0961-ZWLVI,3,Segment 1: Long-Term Committed Loyalists
5181-OABFK,1,Segment 1: Long-Term Committed Loyalists
4007-NHVHI,0,Segment 3: Short-Term High-Charge Users
7816-VGHTO,1,Segment 1: Long-Term Committed Loyalists
5871-DGTXZ,1,Segment 1: Long-Term Committed Loyalists
7550-WIQVA,3,Segment 1: Long-Term Committed Loyalists
7544-ZVIKX,3,Segment 1: Long-Term Committed Loyalists
0016-QLJIS,3,Segment 1: Long-Term Committed Loyalists
7508-DQAKK,3,Segment 1: Long-Term Committed Loyalists
5176-OLSKT,3,Segment 1: Long-Term Committed Loyalists
9356-AXGMP,3,Segment 1: Long-Term Committed Loyalists
3556-BVQGL,1,Segment 1: Long-Term Committed Loyalists
0362-ZBZWJ,0,Segment 3: Short-Term High-Charge Users
8979-CAMGB,3,Segment 1: Long-Term Committed Loyalists
4211-MMAZN,2,Segment 3: Short-Term High-Charge Users
7581-EBBOU,3,Segment 1: Long-Term Committed Loyalists
4274-OWWYO,0,Segment 3: Short-Term High-Charge Users
5073-RZGBK,3,Segment 1: Long-Term Committed Loyalists
1541-ETJZO,2,Segment 3: Short-Term High-Charge Users
2192-CKRLV,1,Segment 1: Long-Term Committed Loyalists
3154-HMWUU,1,Segment 1: Long-Term Committed Loyalists
6119-SPUDB,1,Segment 1: Long-Term Committed Loyalists
6522-OIQSX,1,Segment 1: Long-Term Committed Loyalists
7813-ZGGAW,0,Segment 3: Short-Term High-Charge Users
8748-HFWBO,1,Segment 1: Long-Term Committed Loyalists
1052-QJIBV,1,Segment 1: Long-Term Committed Loyalists
1319-YLZJG,0,Segment 3: Short-Term High-Charge Users
4106-HADHQ,3,Segment 1: Long-Term Committed Loyalists
0723-FDLAY,3,Segment 1: Long-Term Committed Loyalists
3050-RLLXC,3,Segment 1: Long-Term Committed Loyalists
9298-WGMRW,3,Segment 1: Long-Term Committed Loyalists
2369-UAPKZ,0,Segment 3: Short-Term High-Charge Users
3088-LHEFH,0,Segment 3: Short-Term High-Charge Users
2778-OCLGR,2,Segment 3: Short-Term High-Charge Users
6583-KQJLK,0,Segment 3: Short-Term High-Charge Users
8544-JNBOX,1,Segment 1: Long-Term Committed Loyalists
6681-ZSEXG,1,Segment 1: Long-Term Committed Loyalists
6139-ZZRBQ,1,Segment 1: Long-Term Committed Loyalists
6116-RFVHN,0,Segment 3: Short-Term High-Charge Users
0637-KVDLV,0,Segment 3: Short-Term High-Charge Users
8884-FEEWR,1,Segment 1: Long-Term Committed Loyalists
3125-RAHBV,1,Segment 1: Long-Term Committed Loyalists
6633-MPWBS,2,Segment 3: Short-Term High-Charge Users
0373-AIVNJ,1,Segment 1: Long-Term Committed Loyalists
8785-EPNCG,2,Segment 3: Short-Term High-Charge Users
1682-VCOIO,1,Segment 1: Long-Term Committed Loyalists
5729-KLZAR,0,Segment 3: Short-Term High-Charge Users
2072-ZVJJX,1,Segment 1: Long-Term Committed Loyalists
8849-AYPTR,0,Segment 3: Short-Term High-Charge Users
9518-IMLHK,2,Segment 3: Short-Term High-Charge Users
1582-RAFML,2,Segment 3: Short-Term High-Charge Users
3646-ITDGM,1,Segment 1: Long-Term Committed Loyalists
8740-CRYFY,0,Segment 3: Short-Term High-Charge Users
3569-VLDHH,3,Segment 1: Long-Term Committed Loyalists
8224-KDLKN,1,Segment 1: Long-Term Committed Loyalists
7594-LZNWR,0,Segment 3: Short-Term High-Charge Users
4001-TSBTV,0,Segment 3: Short-Term High-Charge Users
2962-XPMCQ,2,Segment 3: Short-Term High-Charge Users
8727-XDPUD,1,Segment 1: Long-Term Committed Loyalists
1043-UXOVO,3,Segment 1: Long-Term Committed Loyalists
1064-FBXNK,1,Segment 1: Long-Term Committed Loyalists
3996-ZNWYK,1,Segment 1: Long-Term Committed Loyalists
2878-DHMIN,1,Segment 1: Long-Term Committed Loyalists
7762-ONLJY,1,Segment 1: Long-Term Committed Loyalists
1678-FYZOW,0,Segment 3: Short-Term High-Charge Users
5795-BKOYE,1,Segment 1: Long-Term Committed Loyalists
8627-EHGIP,1,Segment 1: Long-Term Committed Loyalists
7402-PWYJJ,3,Segment 1: Long-Term Committed Loyalists
5480-TBGPH,0,Segment 3: Short-Term High-Charge Users
0018-NYROU,0,Segment 3: Short-Term High-Charge Users
7501-VTYLJ,2,Segment 3: Short-Term High-Charge Users
7608-RGIRO,1,Segment 1: Long-Term Committed Loyalists
0480-BIXDE,0,Segment 3: Short-Term High-Charge Users
5895-QSXOD,0,Segment 3: Short-Term High-Charge Users
9814-AOUDH,1,Segment 1: Long-Term Committed Loyalists
6175-IRFIT,0,Segment 3: Short-Term High-Charge Users
8760-ZRHKE,3,Segment 1: Long-Term Committed Loyalists
1622-HSHSF,2,Segment 3: Short-Term High-Charge Users
8854-CCVSQ,0,Segment 3: Short-Term High-Charge Users
6749-UTDVX,3,Segment 1: Long-Term Committed Loyalists
5542-DHSXL,2,Segment 3: Short-Term High-Charge Users
9102-OXKFY,1,Segment 1: Long-Term Committed Loyalists
0511-JTEOY,0,Segment 3: Short-Term High-Charge Users
5216-WASFJ,0,Segment 3: Short-Term High-Charge Users
7808-DVWEP,2,Segment 3: Short-Term High-Charge Users
7067-KSAZT,3,Segment 1: Long-Term Committed Loyalists
2284-VFLKH,3,Segment 1: Long-Term Committed Loyalists
0366-NQSHS,2,Segment 3: Short-Term High-Charge Users
6532-YLWSI,1,Segment 1: Long-Term Committed Loyalists
3807-BPOMJ,3,Segment 1: Long-Term Committed Loyalists
3892-NXAZG,3,Segment 1: Long-Term Committed Loyalists
4948-WBBKL,0,Segment 3: Short-Term High-Charge Users
4182-BGSIQ,2,Segment 3: Short-Term High-Charge Users
9300-AGZNL,0,Segment 3: Short-Term High-Charge Users
0988-AADSA,3,Segment 1: Long-Term Committed Loyalists
9972-NKTFD,2,Segment 3: Short-Term High-Charge Users
3717-LNXKW,0,Segment 3: Short-Term High-Charge Users
5734-EJKXG,3,Segment 1: Long-Term Committed Loyalists
2207-RYYRL,1,Segment 1: Long-Term Committed Loyalists
6729-FZWSY,1,Segment 1: Long-Term Committed Loyalists
9695-IDRZR,3,Segment 1: Long-Term Committed Loyalists
8144-DGHXP,3,Segment 1: Long-Term Committed Loyalists
7814-LEEVE,2,Segment 3: Short-Term High-Charge Users
1112-CUNAO,0,Segment 3: Short-Term High-Charge Users
5175-AOBHI,2,Segment 3: Short-Term High-Charge Users
5174-RNGBH,2,Segment 3: Short-Term High-Charge Users
8631-WUXGY,0,Segment 3: Short-Term High-Charge Users
7270-BDIOA,0,Segment 3: Short-Term High-Charge Users
9565-JSNFM,1,Segment 1: Long-Term Committed Loyalists
5906-DVAPM,3,Segment 1: Long-Term Committed Loyalists
6654-QGBZZ,2,Segment 3: Short-Term High-Charge Users
8348-JLBUG,3,Segment 1: Long-Term Committed Loyalists
0607-DAAHE,1,Segment 1: Long-Term Committed Loyalists
5641-DMBFJ,3,Segment 1: Long-Term Committed Loyalists
9200-NLNPD,1,Segment 1: Long-Term Committed Loyalists
2664-XJZNO,3,Segment 1: Long-Term Committed Loyalists
9732-KPKBW,2,Segment 3: Short-Term High-Charge Users
3339-EAQNV,3,Segment 1: Long-Term Committed Loyalists
0921-OHLVP,0,Segment 3: Short-Term High-Charge Users
3389-YGYAI,0,Segment 3: Short-Term High-Charge Users
9560-ARGQJ,0,Segment 3: Short-Term High-Charge Users
8350-NYMVI,2,Segment 3: Short-Term High-Charge Users
1600-DILPE,2,Segment 3: Short-Term High-Charge Users
0536-ESJEP,3,Segment 1: Long-Term Committed Loyalists
4654-GGUII,1,Segment 1: Long-Term Committed Loyalists
6478-HRRCZ,1,Segment 1: Long-Term Committed Loyalists
8510-BBWMU,1,Segment 1: Long-Term Committed Loyalists
6857-TKDJV,1,Segment 1: Long-Term Committed Loyalists
2360-RDGRO,3,Segment 1: Long-Term Committed Loyalists
0584-BJQGZ,2,Segment 3: Short-Term High-Charge Users
5134-IKDAY,0,Segment 3: Short-Term High-Charge Users
1360-XFJMR,3,Segment 1: Long-Term Committed Loyalists
3070-DVEYC,0,Segment 3: Short-Term High-Charge Users
5730-RIITO,2,Segment 3: Short-Term High-Charge Users
9058-MJLZC,0,Segment 3: Short-Term High-Charge Users
5707-ORNDZ,2,Segment 3: Short-Term High-Charge Users
0902-XKXPN,1,Segment 1: Long-Term Committed Loyalists
5177-RVZNU,1,Segment 1: Long-Term Committed Loyalists
0056-EPFBG,1,Segment 1: Long-Term Committed Loyalists
8993-IZEUX,0,Segment 3: Short-Term High-Charge Users
8696-JKZNU,0,Segment 3: Short-Term High-Charge Users
5380-AFSSK,0,Segment 3: Short-Term High-Charge Users
8190-ZTQFB,1,Segment 1: Long-Term Committed Loyalists
0931-MHTEM,3,Segment 1: Long-Term Committed Loyalists
2055-PDADH,0,Segment 3: Short-Term High-Charge Users
7515-LODFU,1,Segment 1: Long-Term Committed Loyalists
0440-UEDAI,3,Segment 1: Long-Term Committed Loyalists
1337-BOZWO,1,Segment 1: Long-Term Committed Loyalists
0868-VJRDR,3,Segment 1: Long-Term Committed Loyalists
8714-EUHJO,0,Segment 3: Short-Term High-Charge Users
6344-SFJVH,2,Segment 3: Short-Term High-Charge Users
3950-VPYJB,1,Segment 1: Long-Term Committed Loyalists
8041-TMEID,3,Segment 1: Long-Term Committed Loyalists
7321-ZNSLA,1,Segment 1: Long-Term Committed Loyalists
6941-KXRRV,1,Segment 1: Long-Term Committed Loyalists
3721-CNEYS,0,Segment 3: Short-Term High-Charge Users
8727-JQFHV,1,Segment 1: Long-Term Committed Loyalists
9475-NNDGC,3,Segment 1: Long-Term Committed Loyalists
1355-KUSBG,2,Segment 3: Short-Term High-Charge Users
3688-FTHLT,2,Segment 3: Short-Term High-Charge Users
0899-LIIBW,0,Segment 3: Short-Term High-Charge Users
2568-OIADY,0,Segment 3: Short-Term High-Charge Users
1384-RCUXW,0,Segment 3: Short-Term High-Charge Users
5825-XJOCM,1,Segment 1: Long-Term Committed Loyalists
6848-YLDFR,3,Segment 1: Long-Term Committed Loyalists
8125-QPFJD,3,Segment 1: Long-Term Committed Loyalists
2320-YKQBO,2,Segment 3: Short-Term High-Charge Users
1193-RTSLK,0,Segment 3: Short-Term High-Charge Users
2302-ANTDP,3,Segment 1: Long-Term Committed Loyalists
5923-GXUOC,0,Segment 3: Short-Term High-Charge Users
4973-RLZVI,1,Segment 1: Long-Term Committed Loyalists
7869-ZYDST,2,Segment 3: Short-Term High-Charge Users
4501-UYKBC,1,Segment 1: Long-Term Committed Loyalists
1215-EXRMO,1,Segment 1: Long-Term Committed Loyalists
2305-MRGLV,0,Segment 3: Short-Term High-Charge Users
8404-VIOMB,3,Segment 1: Long-Term Committed Loyalists
5233-GEEAX,2,Segment 3: Short-Term High-Charge Users
2359-KLTEK,0,Segment 3: Short-Term High-Charge Users
5304-EFJLP,3,Segment 1: Long-Term Committed Loyalists
2673-ZALNP,1,Segment 1: Long-Term Committed Loyalists
9184-GALIL,2,Segment 3: Short-Term High-Charge Users
4393-RYCRE,3,Segment 1: Long-Term Committed Loyalists
9746-MDMBK,3,Segment 1: Long-Term Committed Loyalists
3162-ZJZFU,0,Segment 3: Short-Term High-Charge Users
8404-GFGCZ,2,Segment 3: Short-Term High-Charge Users
8875-AKBYH,0,Segment 3: Short-Term High-Charge Users
4432-ADRLB,2,Segment 3: Short-Term High-Charge Users
0533-UCAAU,3,Segment 1: Long-Term Committed Loyalists
1394-SUIUH,0,Segment 3: Short-Term High-Charge Users
3521-MNKLV,2,Segment 3: Short-Term High-Charge Users
2533-TIBIX,2,Segment 3: Short-Term High-Charge Users
8993-PHFWD,2,Segment 3: Short-Term High-Charge Users
1565-RHDJD,0,Segment 3: Short-Term High-Charge Users
7137-RYLPP,0,Segment 3: Short-Term High-Charge Users
3765-JXVKY,0,Segment 3: Short-Term High-Charge Users
5092-STPKP,2,Segment 3: Short-Term High-Charge Users
7330-WZLNC,0,Segment 3: Short-Term High-Charge Users
0114-PEGZZ,0,Segment 3: Short-Term High-Charge Users
3359-DSRKA,1,Segment 1: Long-Term Committed Loyalists
8639-NHQEI,3,Segment 1: Long-Term Committed Loyalists
7161-DFHUF,1,Segment 1: Long-Term Committed Loyalists
3957-LXOLK,0,Segment 3: Short-Term High-Charge Users
3720-DBRWL,3,Segment 1: Long-Term Committed Loyalists
6635-MYYYZ,3,Segment 1: Long-Term Committed Loyalists
8565-WUXZU,3,Segment 1: Long-Term Committed Loyalists
5281-BUZGT,0,Segment 3: Short-Term High-Charge Users
4994-OBRSZ,1,Segment 1: Long-Term Committed Loyalists
0562-FGDCR,3,Segment 1: Long-Term Committed Loyalists
2436-QBZFP,2,Segment 3: Short-Term High-Charge Users
3420-YJLQT,0,Segment 3: Short-Term High-Charge Users
6040-CGACY,2,Segment 3: Short-Term High-Charge Users
6582-PLFUU,1,Segment 1: Long-Term Committed Loyalists
8242-PDSGJ,1,Segment 1: Long-Term Committed Loyalists
0264-CNITK,1,Segment 1: Long-Term Committed Loyalists
0089-IIQKO,0,Segment 3: Short-Term High-Charge Users
7839-NUIAA,0,Segment 3: Short-Term High-Charge Users
6075-QMNRR,2,Segment 3: Short-Term High-Charge Users
5378-IKEEG,2,Segment 3: Short-Term High-Charge Users
5966-EMAZU,3,Segment 1: Long-Term Committed Loyalists
0440-EKDCF,1,Segment 1: Long-Term Committed Loyalists
4774-HHGGS,1,Segment 1: Long-Term Committed Loyalists
2718-GAXQD,2,Segment 3: Short-Term High-Charge Users
2055-BFOCC,3,Segment 1: Long-Term Committed Loyalists
8180-AKMJV,2,Segment 3: Short-Term High-Charge Users
4298-OYIFC,0,Segment 3: Short-Term High-Charge Users
5566-SOEZD,0,Segment 3: Short-Term High-Charge Users
9842-EFSYY,2,Segment 3: Short-Term High-Charge Users
2272-WUSPA,3,Segment 1: Long-Term Committed Loyalists
4584-LBNMK,1,Segment 1: Long-Term Committed Loyalists
3898-GUYTS,0,Segment 3: Short-Term High-Charge Users
0930-EHUZA,3,Segment 1: Long-Term Committed Loyalists
6413-XKKPU,0,Segment 3: Short-Term High-Charge Users
9975-SKRNR,2,Segment 3: Short-Term High-Charge Users
3703-KBKZP,0,Segment 3: Short-Term High-Charge Users
1449-XQEMT,2,Segment 3: Short-Term High-Charge Users
2626-URJFX,2,Segment 3: Short-Term High-Charge Users
4973-MGTON,3,Segment 1: Long-Term Committed Loyalists
3682-YEUWS,2,Segment 3: Short-Term High-Charge Users
1223-UNPKS,1,Segment 1: Long-Term Committed Loyalists
2612-RRIDN,0,Segment 3: Short-Term High-Charge Users
4735-ASGMA,0,Segment 3: Short-Term High-Charge Users
3446-QDSZF,2,Segment 3: Short-Term High-Charge Users
3669-LVWZB,2,Segment 3: Short-Term High-Charge Users
6892-EZDTG,0,Segment 3: Short-Term High-Charge Users
5117-IFGPS,0,Segment 3: Short-Term High-Charge Users
7379-FNIUJ,0,Segment 3: Short-Term High-Charge Users
1627-AFWVJ,1,Segment 1: Long-Term Committed Loyalists
9725-SCPZG,0,Segment 3: Short-Term High-Charge Users
5884-GCYMI,0,Segment 3: Short-Term High-Charge Users
3217-FZDMN,0,Segment 3: Short-Term High-Charge Users
4486-EFAEB,2,Segment 3: Short-Term High-Charge Users
0060-FUALY,0,Segment 3: Short-Term High-Charge Users
7853-GVUDZ,2,Segment 3: Short-Term High-Charge Users
7480-QNVZJ,0,Segment 3: Short-Term High-Charge Users
6954-OOYZZ,2,Segment 3: Short-Term High-Charge Users
7088-FBAWU,2,Segment 3: Short-Term High-Charge Users
8313-AFGBW,3,Segment 1: Long-Term Committed Loyalists
3943-KDREE,0,Segment 3: Short-Term High-Charge Users
9239-ZBZZV,2,Segment 3: Short-Term High-Charge Users
3097-IDVPU,2,Segment 3: Short-Term High-Charge Users
4398-HSCJH,2,Segment 3: Short-Term High-Charge Users
2197-OMWGI,1,Segment 1: Long-Term Committed Loyalists
2303-PJYHN,2,Segment 3: Short-Term High-Charge Users
9795-VOWON,1,Segment 1: Long-Term Committed Loyalists
1237-WIYYZ,2,Segment 3: Short-Term High-Charge Users
1987-AUELQ,1,Segment 1: Long-Term Committed Loyalists
7852-LECYP,0,Segment 3: Short-Term High-Charge Users
4430-UZIPO,2,Segment 3: Short-Term High-Charge Users
4822-LPTYJ,3,Segment 1: Long-Term Committed Loyalists
8165-CBKXO,1,Segment 1: Long-Term Committed Loyalists
6527-PZFPV,1,Segment 1: Long-Term Committed Loyalists
4855-SNKMY,2,Segment 3: Short-Term High-Charge Users
9593-CVZKR,1,Segment 1: Long-Term Committed Loyalists
8595-SIZNC,1,Segment 1: Long-Term Committed Loyalists
8008-HAWED,2,Segment 3: Short-Term High-Charge Users
7124-UGSUR,3,Segment 1: Long-Term Committed Loyalists
1862-SKORY,2,Segment 3: Short-Term High-Charge Users
5236-XMZJY,2,Segment 3: Short-Term High-Charge Users
4827-DPADN,3,Segment 1: Long-Term Committed Loyalists
2694-CIUMO,0,Segment 3: Short-Term High-Charge Users
5846-ABOBJ,1,Segment 1: Long-Term Committed Loyalists
1439-LCGVL,1,Segment 1: Long-Term Committed Loyalists
0909-SDHNU,2,Segment 3: Short-Term High-Charge Users
4647-XXZAM,2,Segment 3: Short-Term High-Charge Users
1502-XFCVR,3,Segment 1: Long-Term Committed Loyalists
7740-KKCXF,2,Segment 3: Short-Term High-Charge Users
5360-XGYAZ,3,Segment 1: Long-Term Committed Loyalists
9692-TUSXH,0,Segment 3: Short-Term High-Charge Users
7912-SYRQT,0,Segment 3: Short-Term High-Charge Users
3557-HTYWR,3,Segment 1: Long-Term Committed Loyalists
4816-JBHOV,2,Segment 3: Short-Term High-Charge Users
8920-NAVAY,3,Segment 1: Long-Term Committed Loyalists
1699-TLDLZ,1,Segment 1: Long-Term Committed Loyalists
5600-PDUJF,2,Segment 3: Short-Term High-Charge Users
8292-TYSPY,2,Segment 3: Short-Term High-Charge Users
0567-XRHCU,1,Segment 1: Long-Term Committed Loyalists
1867-BDVFH,0,Segment 3: Short-Term High-Charge Users
2067-QYTCF,3,Segment 1: Long-Term Committed Loyalists
2359-QWQUL,3,Segment 1: Long-Term Committed Loyalists
9103-TCIHJ,2,Segment 3: Short-Term High-Charge Users
7407-SUJIZ,2,Segment 3: Short-Term High-Charge Users
9150-KPBJQ,1,Segment 1: Long-Term Committed Loyalists
0052-DCKON,3,Segment 1: Long-Term Committed Loyalists
3654-ARMGP,3,Segment 1: Long-Term Committed Loyalists
9699-UBQFS,0,Segment 3: Short-Term High-Charge Users
9367-TCUYN,2,Segment 3: Short-Term High-Charge Users
1261-FWTTE,2,Segment 3: Short-Term High-Charge Users
3528-HFRIQ,2,Segment 3: Short-Term High-Charge Users
0708-SJDIS,2,Segment 3: Short-Term High-Charge Users
4140-WJAWW,2,Segment 3: Short-Term High-Charge Users
2073-QBVBI,1,Segment 1: Long-Term Committed Loyalists
6928-ONTRW,1,Segment 1: Long-Term Committed Loyalists
3320-VEOYC,0,Segment 3: Short-Term High-Charge Users
5231-FIQPA,1,Segment 1: Long-Term Committed Loyalists
6617-WLBQC,0,Segment 3: Short-Term High-Charge Users
2599-CIPQE,3,Segment 1: Long-Term Committed Loyalists
6653-CBBOM,0,Segment 3: Short-Term High-Charge Users
8774-GSBUN,1,Segment 1: Long-Term Committed Loyalists
7326-RIGQZ,0,Segment 3: Short-Term High-Charge Users
1401-FTHFQ,1,Segment 1: Long-Term Committed Loyalists
3247-ZVOUO,0,Segment 3: Short-Term High-Charge Users
0254-FNMCI,3,Segment 1: Long-Term Committed Loyalists
1848-LBZHY,2,Segment 3: Short-Term High-Charge Users
6101-IMRMM,0,Segment 3: Short-Term High-Charge Users
8118-TJAFG,0,Segment 3: Short-Term High-Charge Users
5429-LWCMV,0,Segment 3: Short-Term High-Charge Users
7298-IZWLY,2,Segment 3: Short-Term High-Charge Users
9758-MFWGD,1,Segment 1: Long-Term Committed Loyalists
3955-JBZZM,0,Segment 3: Short-Term High-Charge Users
1268-ASBGA,0,Segment 3: Short-Term High-Charge Users
8943-URTMR,0,Segment 3: Short-Term High-Charge Users
4815-TUMEQ,1,Segment 1: Long-Term Committed Loyalists
4713-LZDRV,0,Segment 3: Short-Term High-Charge Users
9909-IDLEK,0,Segment 3: Short-Term High-Charge Users
4092-OFQZS,1,Segment 1: Long-Term Committed Loyalists
1561-BWHIN,1,Segment 1: Long-Term Committed Loyalists
4325-NFSKC,0,Segment 3: Short-Term High-Charge Users
9927-DSWDF,0,Segment 3: Short-Term High-Charge Users
9500-LTVBP,0,Segment 3: Short-Term High-Charge Users
7252-NTGSS,2,Segment 3: Short-Term High-Charge Users
8149-AIQCG,0,Segment 3: Short-Term High-Charge Users
1360-JYXKQ,3,Segment 1: Long-Term Committed Loyalists
2955-PSXOE,2,Segment 3: Short-Term High-Charge Users
7762-URZQH,3,Segment 1: Long-Term Committed Loyalists
0899-WZRSD,3,Segment 1: Long-Term Committed Loyalists
3255-GRXMG,2,Segment 3: Short-Term High-Charge Users
4828-FAZPK,0,Segment 3: Short-Term High-Charge Users
6094-ZIVKX,1,Segment 1: Long-Term Committed Loyalists
6925-BAYGL,1,Segment 1: Long-Term Committed Loyalists
3262-EIDHV,3,Segment 1: Long-Term Committed Loyalists
7354-OIJLX,0,Segment 3: Short-Term High-Charge Users
1376-HHBDV,2,Segment 3: Short-Term High-Charge Users
6907-NZZIJ,0,Segment 3: Short-Term High-Charge Users
6133-OZILE,2,Segment 3: Short-Term High-Charge Users
4135-FRWKJ,3,Segment 1: Long-Term Committed Loyalists
2911-UREFD,2,Segment 3: Short-Term High-Charge Users
3744-ZRRDZ,0,Segment 3: Short-Term High-Charge Users
5673-TIYIB,2,Segment 3: Short-Term High-Charge Users
6551-ZCOTS,1,Segment 1: Long-Term Committed Loyalists
7191-ADRGF,1,Segment 1: Long-Term Committed Loyalists
5018-LXQQG,2,Segment 3: Short-Term High-Charge Users
6892-BOGQE,1,Segment 1: Long-Term Committed Loyalists
1602-IJQQE,0,Segment 3: Short-Term High-Charge Users
4628-WQCQQ,0,Segment 3: Short-Term High-Charge Users
1746-TGTWV,0,Segment 3: Short-Term High-Charge Users
5995-SNNEW,0,Segment 3: Short-Term High-Charge Users
8050-WYBND,1,Segment 1: Long-Term Committed Loyalists
2821-WARNZ,1,Segment 1: Long-Term Committed Loyalists
4879-GZLFH,0,Segment 3: Short-Term High-Charge Users
1644-IRKSF,0,Segment 3: Short-Term High-Charge Users
8314-HTWVE,1,Segment 1: Long-Term Committed Loyalists
9402-ROUMJ,3,Segment 1: Long-Term Committed Loyalists
2507-QZPQS,0,Segment 3: Short-Term High-Charge Users
7159-NOKYQ,3,Segment 1: Long-Term Committed Loyalists
5707-ZMDJP,3,Segment 1: Long-Term Committed Loyalists
8779-YIQQA,1,Segment 1: Long-Term Committed Loyalists
7136-IHZJA,2,Segment 3: Short-Term High-Charge Users
8966-OIQHG,1,Segment 1: Long-Term Committed Loyalists
7074-STDCN,2,Segment 3: Short-Term High-Charge Users
3705-PSNGL,1,Segment 1: Long-Term Committed Loyalists
8739-QOTTN,2,Segment 3: Short-Term High-Charge Users
1399-OUPJN,1,Segment 1: Long-Term Committed Loyalists
0277-BKSQP,2,Segment 3: Short-Term High-Charge Users
6502-HCJTI,0,Segment 3: Short-Term High-Charge Users
2606-RMDHZ,2,Segment 3: Short-Term High-Charge Users
5774-XZTQC,2,Segment 3: Short-Term High-Charge Users
2676-SSLTO,1,Segment 1: Long-Term Committed Loyalists
6266-QHOJZ,3,Segment 1: Long-Term Committed Loyalists
7269-JISCY,1,Segment 1: Long-Term Committed Loyalists
0363-SVHYR,3,Segment 1: Long-Term Committed Loyalists
8547-NSBBO,0,Segment 3: Short-Term High-Charge Users
8258-GSTJK,0,Segment 3: Short-Term High-Charge Users
6861-OKBCE,2,Segment 3: Short-Term High-Charge Users
9940-RHLFB,0,Segment 3: Short-Term High-Charge Users
6591-QGOYB,0,Segment 3: Short-Term High-Charge Users
9070-BCKQP,3,Segment 1: Long-Term Committed Loyalists
6421-SZVEM,0,Segment 3: Short-Term High-Charge Users
1328-EUZHC,1,Segment 1: Long-Term Committed Loyalists
2995-UPRYS,3,Segment 1: Long-Term Committed Loyalists
8878-RYUKI,2,Segment 3: Short-Term High-Charge Users
9633-DENPU,2,Segment 3: Short-Term High-Charge Users
7811-JIVPF,2,Segment 3: Short-Term High-Charge Users
7113-HIPFI,3,Segment 1: Long-Term Committed Loyalists
8541-QVFKM,0,Segment 3: Short-Term High-Charge Users
6686-YPGHK,0,Segment 3: Short-Term High-Charge Users
1383-EZRWL,2,Segment 3: Short-Term High-Charge Users
9258-CNWAC,3,Segment 1: Long-Term Committed Loyalists
5371-VYLSX,0,Segment 3: Short-Term High-Charge Users
6374-AFWOX,1,Segment 1: Long-Term Committed Loyalists
4759-TRPLW,0,Segment 3: Short-Term High-Charge Users
5317-FLPJF,3,Segment 1: Long-Term Committed Loyalists
7621-VPNET,0,Segment 3: Short-Term High-Charge Users
6034-YMTOB,0,Segment 3: Short-Term High-Charge Users
8563-IIOXK,2,Segment 3: Short-Term High-Charge Users
4903-CNOZC,1,Segment 1: Long-Term Committed Loyalists
4353-HYOJD,2,Segment 3: Short-Term High-Charge Users
8020-BWHYL,0,Segment 3: Short-Term High-Charge Users
7267-FRMJW,1,Segment 1: Long-Term Committed Loyalists
2982-VPSGI,0,Segment 3: Short-Term High-Charge Users
4188-FRABG,3,Segment 1: Long-Term Committed Loyalists
8199-ZLLSA,3,Segment 1: Long-Term Committed Loyalists
4128-ETESU,0,Segment 3: Short-Term High-Charge Users
0620-DLSLK,0,Segment 3: Short-Term High-Charge Users
4625-EWPTF,2,Segment 3: Short-Term High-Charge Users
5980-NOPLP,0,Segment 3: Short-Term High-Charge Users
3850-OKINF,3,Segment 1: Long-Term Committed Loyalists
6892-XPFPU,0,Segment 3: Short-Term High-Charge Users
8010-EZLOU,0,Segment 3: Short-Term High-Charge Users
1156-ZFYDO,2,Segment 3: Short-Term High-Charge Users
3295-YVUSR,0,Segment 3: Short-Term High-Charge Users
8016-NCFVO,3,Segment 1: Long-Term Committed Loyalists
4119-ZYPZY,3,Segment 1: Long-Term Committed Loyalists
5549-ZGHFB,1,Segment 1: Long-Term Committed Loyalists
7577-SWIFR,0,Segment 3: Short-Term High-Charge Users
0303-WMMRN,2,Segment 3: Short-Term High-Charge Users
6408-OTUBZ,3,Segment 1: Long-Term Committed Loyalists
5204-HMGYF,3,Segment 1: Long-Term Committed Loyalists
1078-TDCRN,2,Segment 3: Short-Term High-Charge Users
3727-OVPRY,1,Segment 1: Long-Term Committed Loyalists
3797-FKOGQ,0,Segment 3: Short-Term High-Charge Users
7622-NXQZR,2,Segment 3: Short-Term High-Charge Users
6196-HBOBZ,3,Segment 1: Long-Term Committed Loyalists
3970-XGJDU,1,Segment 1: Long-Term Committed Loyalists
7017-VFULY,2,Segment 3: Short-Term High-Charge Users
5562-YJQGT,2,Segment 3: Short-Term High-Charge Users
8807-OPMBM,1,Segment 1: Long-Term Committed Loyalists
5439-WIKXB,0,Segment 3: Short-Term High-Charge Users
9874-QLCLH,0,Segment 3: Short-Term High-Charge Users
8294-UIMBA,0,Segment 3: Short-Term High-Charge Users
8109-YUOHE,1,Segment 1: Long-Term Committed Loyalists
5840-NVDCG,1,Segment 1: Long-Term Committed Loyalists
8092-NLTGF,1,Segment 1: Long-Term Committed Loyalists
5928-QLDHB,0,Segment 3: Short-Term High-Charge Users
9840-EFJQB,0,Segment 3: Short-Term High-Charge Users
0696-UKTOX,2,Segment 3: Short-Term High-Charge Users
4801-KFYKL,2,Segment 3: Short-Term High-Charge Users
3472-OAOOR,2,Segment 3: Short-Term High-Charge Users
6135-OZQVA,2,Segment 3: Short-Term High-Charge Users
8062-YBDOE,0,Segment 3: Short-Term High-Charge Users
2252-JHJGE,3,Segment 1: Long-Term Committed Loyalists
4188-PCPIG,3,Segment 1: Long-Term Committed Loyalists
6000-APYLU,0,Segment 3: Short-Term High-Charge Users
7105-BENQF,1,Segment 1: Long-Term Committed Loyalists
7721-DVEKZ,2,Segment 3: Short-Term High-Charge Users
3566-VVORZ,2,Segment 3: Short-Term High-Charge Users
9507-HSMMZ,1,Segment 1: Long-Term Committed Loyalists
2480-SQIOB,2,Segment 3: Short-Term High-Charge Users
0947-IDHRQ,0,Segment 3: Short-Term High-Charge Users
7813-TKCVO,1,Segment 1: Long-Term Committed Loyalists
0128-MKWSG,2,Segment 3: Short-Term High-Charge Users
3672-YITQD,0,Segment 3: Short-Term High-Charge Users
4350-ZTLPI,3,Segment 1: Long-Term Committed Loyalists
9048-JVYVF,2,Segment 3: Short-Term High-Charge Users
0361-HJRDX,3,Segment 1: Long-Term Committed Loyalists
5727-MYATE,3,Segment 1: Long-Term Committed Loyalists
3823-KYNQY,1,Segment 1: Long-Term Committed Loyalists
8988-ECPJR,0,Segment 3: Short-Term High-Charge Users
7570-WELNY,3,Segment 1: Long-Term Committed Loyalists
3021-VLNRJ,3,Segment 1: Long-Term Committed Loyalists
3776-EKTKM,2,Segment 3: Short-Term High-Charge Users
2080-CAZNM,0,Segment 3: Short-Term High-Charge Users
1028-FFNJK,0,Segment 3: Short-Term High-Charge Users
6907-FLBER,2,Segment 3: Short-Term High-Charge Users
3001-UNBTL,0,Segment 3: Short-Term High-Charge Users
5982-PSMKW,3,Segment 1: Long-Term Committed Loyalists
3507-GASNP,1,Segment 1: Long-Term Committed Loyalists
7096-ZNBZI,1,Segment 1: Long-Term Committed Loyalists
1902-XBTFB,0,Segment 3: Short-Term High-Charge Users
1676-MQAOA,3,Segment 1: Long-Term Committed Loyalists
0786-IVLAW,3,Segment 1: Long-Term Committed Loyalists
7566-DSRLQ,3,Segment 1: Long-Term Committed Loyalists
0643-OKLRP,0,Segment 3: Short-Term High-Charge Users
7245-JMTTQ,3,Segment 1: Long-Term Committed Loyalists
6050-IJRHS,3,Segment 1: Long-Term Committed Loyalists
6202-JVYEU,2,Segment 3: Short-Term High-Charge Users
8591-TKMZH,3,Segment 1: Long-Term Committed Loyalists
0734-OXWBT,2,Segment 3: Short-Term High-Charge Users
4282-ACRXS,2,Segment 3: Short-Term High-Charge Users
0365-TRTPY,0,Segment 3: Short-Term High-Charge Users
7349-ALMUX,1,Segment 1: Long-Term Committed Loyalists
9381-NDKME,2,Segment 3: Short-Term High-Charge Users
6502-KUGLL,2,Segment 3: Short-Term High-Charge Users
1841-YSJGV,3,Segment 1: Long-Term Committed Loyalists
2794-XIMMO,3,Segment 1: Long-Term Committed Loyalists
8382-SHQEH,0,Segment 3: Short-Term High-Charge Users
3511-BFTJW,1,Segment 1: Long-Term Committed Loyalists
7668-XCFYV,0,Segment 3: Short-Term High-Charge Users
2983-ZANRP,0,Segment 3: Short-Term High-Charge Users
7845-URHJN,2,Segment 3: Short-Term High-Charge Users
3034-ZBEQN,1,Segment 1: Long-Term Committed Loyalists
5018-HEKFO,2,Segment 3: Short-Term High-Charge Users
2923-ARZLG,1,Segment 1: Long-Term Committed Loyalists
3976-NLDEZ,2,Segment 3: Short-Term High-Charge Users
2282-YGNOR,1,Segment 1: Long-Term Committed Loyalists
5336-UFNZP,3,Segment 1: Long-Term Committed Loyalists
6854-EXGSF,2,Segment 3: Short-Term High-Charge Users
1241-EZFMJ,1,Segment 1: Long-Term Committed Loyalists
9233-PSYHO,3,Segment 1: Long-Term Committed Loyalists
5376-PCKNB,3,Segment 1: Long-Term Committed Loyalists
8044-BGWPI,2,Segment 3: Short-Term High-Charge Users
4060-LDNLU,0,Segment 3: Short-Term High-Charge Users
3589-PPVKW,2,Segment 3: Short-Term High-Charge Users
8327-LZKAS,3,Segment 1: Long-Term Committed Loyalists
5887-IKKYO,3,Segment 1: Long-Term Committed Loyalists
1075-BGWOH,0,Segment 3: Short-Term High-Charge Users
1755-RMCXH,2,Segment 3: Short-Term High-Charge Users
0302-JOIVN,0,Segment 3: Short-Term High-Charge Users
3858-XHYJO,3,Segment 1: Long-Term Committed Loyalists
4299-SIMNS,0,Segment 3: Short-Term High-Charge Users
7025-IWFHT,0,Segment 3: Short-Term High-Charge Users
6261-LHRTG,2,Segment 3: Short-Term High-Charge Users
7841-FCRQD,1,Segment 1: Long-Term Committed Loyalists
2056-EVGZL,3,Segment 1: Long-Term Committed Loyalists
8777-MBMTS,3,Segment 1: Long-Term Committed Loyalists
7753-USQYQ,1,Segment 1: Long-Term Committed Loyalists
5366-IJEQJ,0,Segment 3: Short-Term High-Charge Users
7661-CPURM,0,Segment 3: Short-Term High-Charge Users
6233-HXJMX,0,Segment 3: Short-Term High-Charge Users
5902-WBLSE,1,Segment 1: Long-Term Committed Loyalists
1981-INRFU,0,Segment 3: Short-Term High-Charge Users
4971-PUYQO,0,Segment 3: Short-Term High-Charge Users
3239-TPHPZ,1,Segment 1: Long-Term Committed Loyalists
5115-GZDEL,3,Segment 1: Long-Term Committed Loyalists
3338-CVVEH,0,Segment 3: Short-Term High-Charge Users
8485-GJCDN,0,Segment 3: Short-Term High-Charge Users
2615-YVMYX,3,Segment 1: Long-Term Committed Loyalists
2851-STERV,1,Segment 1: Long-Term Committed Loyalists
4393-GEADV,3,Segment 1: Long-Term Committed Loyalists
8486-AYEQH,0,Segment 3: Short-Term High-Charge Users
1527-SXDPN,3,Segment 1: Long-Term Committed Loyalists
6029-WTIPC,0,Segment 3: Short-Term High-Charge Users
8634-CILSZ,3,Segment 1: Long-Term Committed Loyalists
5419-JKZNQ,0,Segment 3: Short-Term High-Charge Users
2495-KZNFB,0,Segment 3: Short-Term High-Charge Users
1409-PHXTF,3,Segment 1: Long-Term Committed Loyalists
4560-WQAQW,3,Segment 1: Long-Term Committed Loyalists
9591-YVTEB,2,Segment 3: Short-Term High-Charge Users
9309-BZGNT,1,Segment 1: Long-Term Committed Loyalists
4274-DRSQT,3,Segment 1: Long-Term Committed Loyalists
2027-DNKIV,1,Segment 1: Long-Term Committed Loyalists
8075-GXIUB,1,Segment 1: Long-Term Committed Loyalists
2885-HIJDH,3,Segment 1: Long-Term Committed Loyalists
5424-RLQLC,2,Segment 3: Short-Term High-Charge Users
6682-QJDGB,2,Segment 3: Short-Term High-Charge Users
6507-DTJZV,2,Segment 3: Short-Term High-Charge Users
8780-IXSTS,0,Segment 3: Short-Term High-Charge Users
7673-BQGKU,1,Segment 1: Long-Term Committed Loyalists
6723-WSNTY,3,Segment 1: Long-Term Committed Loyalists
9530-EHPOH,2,Segment 3: Short-Term High-Charge Users
2725-IWWBA,1,Segment 1: Long-Term Committed Loyalists
0345-HKJVM,0,Segment 3: Short-Term High-Charge Users
1061-PNTHC,3,Segment 1: Long-Term Committed Loyalists
0394-YONDK,1,Segment 1: Long-Term Committed Loyalists
6574-MCOEH,3,Segment 1: Long-Term Committed Loyalists
7399-QHBJS,3,Segment 1: Long-Term Committed Loyalists
3049-SOLAY,0,Segment 3: Short-Term High-Charge Users
0997-YTLNY,2,Segment 3: Short-Term High-Charge Users
3317-HRTNN,2,Segment 3: Short-Term High-Charge Users
9479-HYNYL,3,Segment 1: Long-Term Committed Loyalists
3235-ETOOB,0,Segment 3: Short-Term High-Charge Users
9708-KFDBY,2,Segment 3: Short-Term High-Charge Users
8058-INTPH,0,Segment 3: Short-Term High-Charge Users
3642-GKTCT,3,Segment 1: Long-Term Committed Loyalists
0774-RMNUW,3,Segment 1: Long-Term Committed Loyalists
1334-PDUKM,3,Segment 1: Long-Term Committed Loyalists
0756-MPZRL,1,Segment 1: Long-Term Committed Loyalists
2242-MFOTG,0,Segment 3: Short-Term High-Charge Users
2927-CVULT,3,Segment 1: Long-Term Committed Loyalists
2144-BFDSO,3,Segment 1: Long-Term Committed Loyalists
8745-PVESG,1,Segment 1: Long-Term Committed Loyalists
7647-GYYKX,1,Segment 1: Long-Term Committed Loyalists
5647-FXOTP,3,Segment 1: Long-Term Committed Loyalists
5569-OUICF,0,Segment 3: Short-Term High-Charge Users
8821-XNHVZ,0,Segment 3: Short-Term High-Charge Users
2082-OJVTK,0,Segment 3: Short-Term High-Charge Users
9700-ISPUP,2,Segment 3: Short-Term High-Charge Users
9839-ETQOE,2,Segment 3: Short-Term High-Charge Users
6078-VESFR,0,Segment 3: Short-Term High-Charge Users
9027-TMATR,3,Segment 1: Long-Term Committed Loyalists
5940-NFXKV,0,Segment 3: Short-Term High-Charge Users
1941-HOSAM,0,Segment 3: Short-Term High-Charge Users
9110-HSGTV,3,Segment 1: Long-Term Committed Loyalists
0704-VCUMB,1,Segment 1: Long-Term Committed Loyalists
6171-ZTVYB,2,Segment 3: Short-Term High-Charge Users
8053-WWDRO,2,Segment 3: Short-Term High-Charge Users
9564-KCLHR,2,Segment 3: Short-Term High-Charge Users
1935-IMVBB,0,Segment 3: Short-Term High-Charge Users
2535-PBCGC,3,Segment 1: Long-Term Committed Loyalists
2082-CEFLT,2,Segment 3: Short-Term High-Charge Users
1470-PSXNM,3,Segment 1: Long-Term Committed Loyalists
1213-NGCUN,2,Segment 3: Short-Term High-Charge Users
2498-XLDZR,1,Segment 1: Long-Term Committed Loyalists
9866-OCCKE,3,Segment 1: Long-Term Committed Loyalists
5338-YHWYT,1,Segment 1: Long-Term Committed Loyalists
7718-UPSKJ,3,Segment 1: Long-Term Committed Loyalists
8731-WBBMB,2,Segment 3: Short-Term High-Charge Users
1448-CYWKC,3,Segment 1: Long-Term Committed Loyalists
7901-IIDQV,1,Segment 1: Long-Term Committed Loyalists
2690-DVRVK,2,Segment 3: Short-Term High-Charge Users
5688-KZTSN,2,Segment 3: Short-Term High-Charge Users
1270-XKUCC,1,Segment 1: Long-Term Committed Loyalists
0334-ZFJSR,3,Segment 1: Long-Term Committed Loyalists
2894-QOJRX,2,Segment 3: Short-Term High-Charge Users
5747-PMBSQ,0,Segment 3: Short-Term High-Charge Users
5583-EJXRD,1,Segment 1: Long-Term Committed Loyalists
4565-EVZMJ,1,Segment 1: Long-Term Committed Loyalists
3143-JQEGI,0,Segment 3: Short-Term High-Charge Users
6386-SZZKH,3,Segment 1: Long-Term Committed Loyalists
3327-YBAKM,3,Segment 1: Long-Term Committed Loyalists
9441-QHEVC,2,Segment 3: Short-Term High-Charge Users
6705-LNMDD,2,Segment 3: Short-Term High-Charge Users
2580-ASVVY,1,Segment 1: Long-Term Committed Loyalists
3370-GQEAL,0,Segment 3: Short-Term High-Charge Users
5032-USPKF,3,Segment 1: Long-Term Committed Loyalists
2982-IHMFT,0,Segment 3: Short-Term High-Charge Users
3521-SYVOR,2,Segment 3: Short-Term High-Charge Users
4254-QPEDE,3,Segment 1: Long-Term Committed Loyalists
6283-GITPX,3,Segment 1: Long-Term Committed Loyalists
9526-JAWYF,0,Segment 3: Short-Term High-Charge Users
0771-CHWSK,3,Segment 1: Long-Term Committed Loyalists
9788-HNGUT,3,Segment 1: Long-Term Committed Loyalists
9495-REDIY,1,Segment 1: Long-Term Committed Loyalists
5375-XLDOF,3,Segment 1: Long-Term Committed Loyalists
1172-VIYBP,3,Segment 1: Long-Term Committed Loyalists
5649-VUKMC,0,Segment 3: Short-Term High-Charge Users
6559-PDZLR,0,Segment 3: Short-Term High-Charge Users
8992-OBVDG,2,Segment 3: Short-Term High-Charge Users
4273-MBHYA,0,Segment 3: Short-Term High-Charge Users
4724-WXVWF,0,Segment 3: Short-Term High-Charge Users
5701-GUXDC,1,Segment 1: Long-Term Committed Loyalists
1460-UZPRJ,1,Segment 1: Long-Term Committed Loyalists
6082-GLJIX,2,Segment 3: Short-Term High-Charge Users
5143-EGQFK,2,Segment 3: Short-Term High-Charge Users
4919-IKATY,0,Segment 3: Short-Term High-Charge Users
2495-TTHBQ,1,Segment 1: Long-Term Committed Loyalists
0485-ZBSLN,1,Segment 1: Long-Term Committed Loyalists
3810-PJUHR,1,Segment 1: Long-Term Committed Loyalists
9050-QLROH,0,Segment 3: Short-Term High-Charge Users
0847-HGRML,1,Segment 1: Long-Term Committed Loyalists
8232-CTLKO,1,Segment 1: Long-Term Committed Loyalists
9227-YBAXE,3,Segment 1: Long-Term Committed Loyalists
6168-WFVVF,0,Segment 3: Short-Term High-Charge Users
9860-LISIZ,2,Segment 3: Short-Term High-Charge Users
0112-QAWRZ,0,Segment 3: Short-Term High-Charge Users
0877-SDMBN,3,Segment 1: Long-Term Committed Loyalists
2786-GCDPI,0,Segment 3: Short-Term High-Charge Users
4043-MKDTV,3,Segment 1: Long-Term Committed Loyalists
8065-YKXKD,0,Segment 3: Short-Term High-Charge Users
9637-EIHEQ,2,Segment 3: Short-Term High-Charge Users
9229-RQABD,1,Segment 1: Long-Term Committed Loyalists
8313-KTIHG,2,Segment 3: Short-Term High-Charge Users
5320-BRKGK,3,Segment 1: Long-Term Committed Loyalists
6284-KMNUF,3,Segment 1: Long-Term Committed Loyalists
9689-PTNPG,0,Segment 3: Short-Term High-Charge Users
9465-RWMXL,0,Segment 3: Short-Term High-Charge Users
6229-UOLQL,1,Segment 1: Long-Term Committed Loyalists
2362-IBOOY,0,Segment 3: Short-Term High-Charge Users
3137-LUPIX,2,Segment 3: Short-Term High-Charge Users
0843-WTBXE,0,Segment 3: Short-Term High-Charge Users
6143-JQKEA,2,Segment 3: Short-Term High-Charge Users
8676-OOQEJ,2,Segment 3: Short-Term High-Charge Users
5515-IDEJJ,2,Segment 3: Short-Term High-Charge Users
9701-CDXHR,0,Segment 3: Short-Term High-Charge Users
7450-NWRTR,0,Segment 3: Short-Term High-Charge Users
8124-NZVGJ,1,Segment 1: Long-Term Committed Loyalists
2162-FRZAA,1,Segment 1: Long-Term Committed Loyalists
5376-DEQCP,0,Segment 3: Short-Term High-Charge Users
5118-MUEYH,3,Segment 1: Long-Term Committed Loyalists
9095-HFAFX,0,Segment 3: Short-Term High-Charge Users
5627-TVBPP,1,Segment 1: Long-Term Committed Loyalists
2379-ENZGV,0,Segment 3: Short-Term High-Charge Users
3936-QQFLL,2,Segment 3: Short-Term High-Charge Users
2589-AYCRP,1,Segment 1: Long-Term Committed Loyalists
4067-HLYQI,0,Segment 3: Short-Term High-Charge Users
5124-EOGYE,1,Segment 1: Long-Term Committed Loyalists
5057-RKGLH,1,Segment 1: Long-Term Committed Loyalists
0292-WEGCH,3,Segment 1: Long-Term Committed Loyalists
8910-ICHIU,3,Segment 1: Long-Term Committed Loyalists
4097-YODCF,3,Segment 1: Long-Term Committed Loyalists
9715-WZCLW,3,Segment 1: Long-Term Committed Loyalists
9786-YWNHU,3,Segment 1: Long-Term Committed Loyalists
6407-GSJNL,1,Segment 1: Long-Term Committed Loyalists
6005-OBZPH,0,Segment 3: Short-Term High-Charge Users
4049-ZPALD,3,Segment 1: Long-Term Committed Loyalists
7932-WPTDS,2,Segment 3: Short-Term High-Charge Users
3733-UOCWF,3,Segment 1: Long-Term Committed Loyalists
6833-JMZYP,0,Segment 3: Short-Term High-Charge Users
2722-VOJQL,3,Segment 1: Long-Term Committed Loyalists
1310-QRITU,2,Segment 3: Short-Term High-Charge Users
8961-QDZZJ,3,Segment 1: Long-Term Committed Loyalists
9715-SBVSU,1,Segment 1: Long-Term Committed Loyalists
8490-BXHEO,0,Segment 3: Short-Term High-Charge Users
7173-TETGO,3,Segment 1: Long-Term Committed Loyalists
7929-SKFGK,3,Segment 1: Long-Term Committed Loyalists
2300-RQGOI,1,Segment 1: Long-Term Committed Loyalists
3563-SVYLG,3,Segment 1: Long-Term Committed Loyalists
5228-EXCET,0,Segment 3: Short-Term High-Charge Users
6435-VWCCY,3,Segment 1: Long-Term Committed Loyalists
4998-IKFSE,0,Segment 3: Short-Term High-Charge Users
8630-QSGXK,3,Segment 1: Long-Term Committed Loyalists
2455-USLMV,0,Segment 3: Short-Term High-Charge Users
7394-FKDNK,0,Segment 3: Short-Term High-Charge Users
9488-FVZCC,3,Segment 1: Long-Term Committed Loyalists
6331-LWDTQ,2,Segment 3: Short-Term High-Charge Users
5995-WWKKG,1,Segment 1: Long-Term Committed Loyalists
1597-FZREH,2,Segment 3: Short-Term High-Charge Users
7879-CGSFV,3,Segment 1: Long-Term Committed Loyalists
9921-EZKBY,0,Segment 3: Short-Term High-Charge Users
7432-FFVAR,3,Segment 1: Long-Term Committed Loyalists
7246-ZGQDF,2,Segment 3: Short-Term High-Charge Users
7000-WCEVQ,2,Segment 3: Short-Term High-Charge Users
0727-IWKVK,0,Segment 3: Short-Term High-Charge Users
5959-BELXA,0,Segment 3: Short-Term High-Charge Users
4456-RHSNB,2,Segment 3: Short-Term High-Charge Users
3512-IZIKN,3,Segment 1: Long-Term Committed Loyalists
2481-SBOYW,1,Segment 1: Long-Term Committed Loyalists
7109-MFBYV,2,Segment 3: Short-Term High-Charge Users
1833-TCXKK,3,Segment 1: Long-Term Committed Loyalists
1832-PEUTS,3,Segment 1: Long-Term Committed Loyalists
6141-OOXUQ,2,Segment 3: Short-Term High-Charge Users
8660-BUETV,2,Segment 3: Short-Term High-Charge Users
0580-PIQHM,3,Segment 1: Long-Term Committed Loyalists
5696-CEIQJ,3,Segment 1: Long-Term Committed Loyalists
7503-ZGUZJ,0,Segment 3: Short-Term High-Charge Users
1696-HXOWK,3,Segment 1: Long-Term Committed Loyalists
3026-ATZYV,1,Segment 1: Long-Term Committed Loyalists
4012-YCFAI,1,Segment 1: Long-Term Committed Loyalists
2506-TNFCO,0,Segment 3: Short-Term High-Charge Users
9970-QBCDA,2,Segment 3: Short-Term High-Charge Users
8718-PTMEZ,2,Segment 3: Short-Term High-Charge Users
9496-IVVRP,2,Segment 3: Short-Term High-Charge Users
2207-OBZNX,2,Segment 3: Short-Term High-Charge Users
2657-VPXTA,0,Segment 3: Short-Term High-Charge Users
6551-VLJMV,1,Segment 1: Long-Term Committed Loyalists
1221-GHZEP,1,Segment 1: Long-Term Committed Loyalists
9289-LBQVU,3,Segment 1: Long-Term Committed Loyalists
6142-VSJQO,2,Segment 3: Short-Term High-Charge Users
3458-IDMFK,1,Segment 1: Long-Term Committed Loyalists
6933-FHBZC,1,Segment 1: Long-Term Committed Loyalists
0221-NAUXK,1,Segment 1: Long-Term Committed Loyalists
9770-KXGQU,3,Segment 1: Long-Term Committed Loyalists
6437-UKHMV,0,Segment 3: Short-Term High-Charge Users
6538-POCHL,0,Segment 3: Short-Term High-Charge Users
6726-NNFWD,3,Segment 1: Long-Term Committed Loyalists
3002-WQZWT,0,Segment 3: Short-Term High-Charge Users
4277-UDIEF,2,Segment 3: Short-Term High-Charge Users
1208-NBVFH,2,Segment 3: Short-Term High-Charge Users
4912-PIGUY,0,Segment 3: Short-Term High-Charge Users
1114-CENIM,2,Segment 3: Short-Term High-Charge Users
6060-DRTNL,0,Segment 3: Short-Term High-Charge Users
2725-TTRIQ,3,Segment 1: Long-Term Committed Loyalists
3374-TTZTK,3,Segment 1: Long-Term Committed Loyalists
8990-ZXLSU,0,Segment 3: Short-Term High-Charge Users
2275-RBYQS,2,Segment 3: Short-Term High-Charge Users
8473-VUVJN,0,Segment 3: Short-Term High-Charge Users
6289-CPNLD,1,Segment 1: Long-Term Committed Loyalists
5536-SLHPM,0,Segment 3: Short-Term High-Charge Users
4419-UJMUS,3,Segment 1: Long-Term Committed Loyalists
7794-JASDG,2,Segment 3: Short-Term High-Charge Users
7609-YBPXG,3,Segment 1: Long-Term Committed Loyalists
5519-TEEUH,1,Segment 1: Long-Term Committed Loyalists
7856-GANIL,3,Segment 1: Long-Term Committed Loyalists
0804-XBFBV,2,Segment 3: Short-Term High-Charge Users
2676-OXPPQ,2,Segment 3: Short-Term High-Charge Users
3703-TTEPD,2,Segment 3: Short-Term High-Charge Users
2799-TSLAG,1,Segment 1: Long-Term Committed Loyalists
0196-VULGZ,0,Segment 3: Short-Term High-Charge Users
8837-VVWLQ,0,Segment 3: Short-Term High-Charge Users
2696-NARTR,0,Segment 3: Short-Term High-Charge Users
2208-NKVVH,1,Segment 1: Long-Term Committed Loyalists
7614-QVWQL,1,Segment 1: Long-Term Committed Loyalists
1976-CFOCS,2,Segment 3: Short-Term High-Charge Users
4631-OACRM,0,Segment 3: Short-Term High-Charge Users
7139-JZFVG,1,Segment 1: Long-Term Committed Loyalists
4987-GQWPO,2,Segment 3: Short-Term High-Charge Users
3755-JBMNH,0,Segment 3: Short-Term High-Charge Users
1757-TCATG,1,Segment 1: Long-Term Committed Loyalists
6345-ULYRW,3,Segment 1: Long-Term Committed Loyalists
4776-XSKYQ,1,Segment 1: Long-Term Committed Loyalists
8048-DSDFQ,2,Segment 3: Short-Term High-Charge Users
5753-QQWPW,1,Segment 1: Long-Term Committed Loyalists
6010-DDPPW,1,Segment 1: Long-Term Committed Loyalists
1809-DMJHQ,2,Segment 3: Short-Term High-Charge Users
6693-FRIRW,0,Segment 3: Short-Term High-Charge Users
6586-MYGKD,3,Segment 1: Long-Term Committed Loyalists
3173-NVMPX,2,Segment 3: Short-Term High-Charge Users
0248-PGHBZ,3,Segment 1: Long-Term Committed Loyalists
0623-GDISB,2,Segment 3: Short-Term High-Charge Users
2892-GESUL,1,Segment 1: Long-Term Committed Loyalists
6923-EFPNL,2,Segment 3: Short-Term High-Charge Users
7472-EQOAV,3,Segment 1: Long-Term Committed Loyalists
9574-RKJIF,0,Segment 3: Short-Term High-Charge Users
2043-WVTQJ,2,Segment 3: Short-Term High-Charge Users
8034-RYTVV,3,Segment 1: Long-Term Committed Loyalists
3863-QSTYI,0,Segment 3: Short-Term High-Charge Users
2619-WFQWU,0,Segment 3: Short-Term High-Charge Users
5044-LRQAQ,0,Segment 3: Short-Term High-Charge Users
1716-LSAMB,1,Segment 1: Long-Term Committed Loyalists
1333-PBMXB,1,Segment 1: Long-Term Committed Loyalists
6546-OPBBH,1,Segment 1: Long-Term Committed Loyalists
5985-BEHZK,3,Segment 1: Long-Term Committed Loyalists
9127-QRZMH,1,Segment 1: Long-Term Committed Loyalists
5919-VCZYM,2,Segment 3: Short-Term High-Charge Users
9644-KVCNC,3,Segment 1: Long-Term Committed Loyalists
2137-DQMEV,1,Segment 1: Long-Term Committed Loyalists
8174-LNWMW,1,Segment 1: Long-Term Committed Loyalists
9279-CJEOJ,0,Segment 3: Short-Term High-Charge Users
7964-VEXDG,0,Segment 3: Short-Term High-Charge Users
2404-JIBFC,3,Segment 1: Long-Term Committed Loyalists
0778-NELLA,2,Segment 3: Short-Term High-Charge Users
8029-XYPWT,3,Segment 1: Long-Term Committed Loyalists
4614-NUVZD,0,Segment 3: Short-Term High-Charge Users
4632-PAOYU,1,Segment 1: Long-Term Committed Loyalists
3803-KMQFW,2,Segment 3: Short-Term High-Charge Users
6804-GDMOI,3,Segment 1: Long-Term Committed Loyalists
2990-OGYTD,3,Segment 1: Long-Term Committed Loyalists
6646-JPPHA,0,Segment 3: Short-Term High-Charge Users
9572-MTILT,3,Segment 1: Long-Term Committed Loyalists
7658-UYUQS,0,Segment 3: Short-Term High-Charge Users
7880-XSOJX,2,Segment 3: Short-Term High-Charge Users
9611-CTWIH,0,Segment 3: Short-Term High-Charge Users
4589-IUAJB,1,Segment 1: Long-Term Committed Loyalists
0329-GTIAJ,0,Segment 3: Short-Term High-Charge Users
8746-BFOAJ,1,Segment 1: Long-Term Committed Loyalists
8457-XIGKN,2,Segment 3: Short-Term High-Charge Users
6072-NUQCB,1,Segment 1: Long-Term Committed Loyalists
6629-CZTTH,2,Segment 3: Short-Term High-Charge Users
8838-GPHZP,1,Segment 1: Long-Term Committed Loyalists
8750-QWZAJ,1,Segment 1: Long-Term Committed Loyalists
5364-EVNIB,0,Segment 3: Short-Term High-Charge Users
6918-UMQCG,0,Segment 3: Short-Term High-Charge Users
0675-NCDYU,3,Segment 1: Long-Term Committed Loyalists
6339-DKLMK,2,Segment 3: Short-Term High-Charge Users
1346-PJWTK,3,Segment 1: Long-Term Committed Loyalists
5088-QZLRL,2,Segment 3: Short-Term High-Charge Users
8023-QHAIO,0,Segment 3: Short-Term High-Charge Users
4397-FRLTA,2,Segment 3: Short-Term High-Charge Users
3057-VJJQE,1,Segment 1: Long-Term Committed Loyalists
5087-SUURX,2,Segment 3: Short-Term High-Charge Users
2302-OUZXB,3,Segment 1: Long-Term Committed Loyalists
8133-ANHHJ,3,Segment 1: Long-Term Committed Loyalists
2270-CHBFN,0,Segment 3: Short-Term High-Charge Users
0013-EXCHZ,0,Segment 3: Short-Term High-Charge Users
5982-FPVQN,0,Segment 3: Short-Term High-Charge Users
9107-UKCKY,3,Segment 1: Long-Term Committed Loyalists
4654-ULTTN,3,Segment 1: Long-Term Committed Loyalists
5550-VFRLC,0,Segment 3: Short-Term High-Charge Users
5546-BYZSM,2,Segment 3: Short-Term High-Charge Users
1492-KGETH,3,Segment 1: Long-Term Committed Loyalists
4929-BSTRX,2,Segment 3: Short-Term High-Charge Users
4163-HFTUK,1,Segment 1: Long-Term Committed Loyalists
8215-NGSPE,1,Segment 1: Long-Term Committed Loyalists
2225-ZRGSG,3,Segment 1: Long-Term Committed Loyalists
8859-YSTWS,1,Segment 1: Long-Term Committed Loyalists
5271-YNWVR,3,Segment 1: Long-Term Committed Loyalists
7601-DHFWZ,1,Segment 1: Long-Term Committed Loyalists
2657-ALMWY,0,Segment 3: Short-Term High-Charge Users
6330-JKLPC,0,Segment 3: Short-Term High-Charge Users
4667-OHGKG,2,Segment 3: Short-Term High-Charge Users
1998-VHJHK,1,Segment 1: Long-Term Committed Loyalists
1707-HABPF,3,Segment 1: Long-Term Committed Loyalists
1660-HSOOQ,2,Segment 3: Short-Term High-Charge Users
7253-UVNDW,1,Segment 1: Long-Term Committed Loyalists
0487-VVUVK,2,Segment 3: Short-Term High-Charge Users
7228-OMTPN,0,Segment 3: Short-Term High-Charge Users
5063-IUOKK,1,Segment 1: Long-Term Committed Loyalists
4508-OEBEY,1,Segment 1: Long-Term Committed Loyalists
0027-KWYKW,0,Segment 3: Short-Term High-Charge Users
2308-STERM,2,Segment 3: Short-Term High-Charge Users
5982-XMDEX,1,Segment 1: Long-Term Committed Loyalists
6284-AHOOQ,0,Segment 3: Short-Term High-Charge Users
6051-PTVNS,1,Segment 1: Long-Term Committed Loyalists
2344-JMOGN,0,Segment 3: Short-Term High-Charge Users
3799-ISUZQ,0,Segment 3: Short-Term High-Charge Users
2877-VDUER,1,Segment 1: Long-Term Committed Loyalists
9152-AMKAK,1,Segment 1: Long-Term Committed Loyalists
1794-HBQTJ,2,Segment 3: Short-Term High-Charge Users
9432-VOFYX,0,Segment 3: Short-Term High-Charge Users
8049-WJCLQ,2,Segment 3: Short-Term High-Charge Users
6586-PSJOX,1,Segment 1: Long-Term Committed Loyalists
2460-FPSYH,2,Segment 3: Short-Term High-Charge Users
9705-ZJBCG,1,Segment 1: Long-Term Committed Loyalists
4818-DRBQT,0,Segment 3: Short-Term High-Charge Users
1320-HTRDR,0,Segment 3: Short-Term High-Charge Users
6847-KJLTS,3,Segment 1: Long-Term Committed Loyalists
9670-BPNXF,1,Segment 1: Long-Term Committed Loyalists
3913-FCUUW,3,Segment 1: Long-Term Committed Loyalists
3301-VKTGC,3,Segment 1: Long-Term Committed Loyalists
1493-AMTIE,2,Segment 3: Short-Term High-Charge Users
9555-SAHUZ,2,Segment 3: Short-Term High-Charge Users
0816-TSPHQ,2,Segment 3: Short-Term High-Charge Users
9932-WBWIK,2,Segment 3: Short-Term High-Charge Users
4619-EVPHY,0,Segment 3: Short-Term High-Charge Users
5286-YHCVC,3,Segment 1: Long-Term Committed Loyalists
6424-ELEYH,0,Segment 3: Short-Term High-Charge Users
4391-RESHN,0,Segment 3: Short-Term High-Charge Users
9115-YQHGA,2,Segment 3: Short-Term High-Charge Users
4462-CYWMH,3,Segment 1: Long-Term Committed Loyalists
8963-MQVYN,2,Segment 3: Short-Term High-Charge Users
2458-EOMRE,2,Segment 3: Short-Term High-Charge Users
9334-GWGOW,0,Segment 3: Short-Term High-Charge Users
6821-BUXUX,0,Segment 3: Short-Term High-Charge Users
5028-HTLJB,2,Segment 3: Short-Term High-Charge Users
9801-GDWGV,0,Segment 3: Short-Term High-Charge Users
6542-LWGXJ,2,Segment 3: Short-Term High-Charge Users
5567-GZKQY,1,Segment 1: Long-Term Committed Loyalists
1222-LRYKO,2,Segment 3: Short-Term High-Charge Users
2320-JRSDE,2,Segment 3: Short-Term High-Charge Users
2087-QAREY,2,Segment 3: Short-Term High-Charge Users
0601-WZHJF,2,Segment 3: Short-Term High-Charge Users
4423-JWZJN,3,Segment 1: Long-Term Committed Loyalists
5143-WMWOG,2,Segment 3: Short-Term High-Charge Users
6490-FGZAT,2,Segment 3: Short-Term High-Charge Users
5393-RXQSZ,0,Segment 3: Short-Term High-Charge Users
7452-FOLON,1,Segment 1: Long-Term Committed Loyalists
2320-TZRRH,1,Segment 1: Long-Term Committed Loyalists
0231-LXVAP,0,Segment 3: Short-Term High-Charge Users
9444-JTXHZ,0,Segment 3: Short-Term High-Charge Users
4942-VZZOM,3,Segment 1: Long-Term Committed Loyalists
5510-BOIUJ,2,Segment 3: Short-Term High-Charge Users
7502-BNYGS,2,Segment 3: Short-Term High-Charge Users
4291-HYEBC,1,Segment 1: Long-Term Committed Loyalists
6147-CBCRA,2,Segment 3: Short-Term High-Charge Users
6047-SUHPR,1,Segment 1: Long-Term Committed Loyalists
4471-KXAUH,0,Segment 3: Short-Term High-Charge Users
9752-ZNQUT,2,Segment 3: Short-Term High-Charge Users
7638-QVMVY,0,Segment 3: Short-Term High-Charge Users
1576-PFZIW,3,Segment 1: Long-Term Committed Loyalists
5666-MBJPT,1,Segment 1: Long-Term Committed Loyalists
7312-XSBAT,2,Segment 3: Short-Term High-Charge Users
3096-GKWEB,0,Segment 3: Short-Term High-Charge Users
2371-JQHZZ,0,Segment 3: Short-Term High-Charge Users
0674-GCDXG,3,Segment 1: Long-Term Committed Loyalists
1121-QSIVB,3,Segment 1: Long-Term Committed Loyalists
4396-KLSEH,2,Segment 3: Short-Term High-Charge Users
3244-DCJWY,0,Segment 3: Short-Term High-Charge Users
2824-MYYBN,0,Segment 3: Short-Term High-Charge Users
0875-CABNR,0,Segment 3: Short-Term High-Charge Users
6345-HOVES,2,Segment 3: Short-Term High-Charge Users
8318-LCNBW,1,Segment 1: Long-Term Committed Loyalists
6469-QJKZW,2,Segment 3: Short-Term High-Charge Users
0147-ESWWR,0,Segment 3: Short-Term High-Charge Users
1217-VASWC,3,Segment 1: Long-Term Committed Loyalists
7812-FZHPE,2,Segment 3: Short-Term High-Charge Users
6370-ZVHDV,1,Segment 1: Long-Term Committed Loyalists
5915-DGNVC,3,Segment 1: Long-Term Committed Loyalists
6260-XLACS,1,Segment 1: Long-Term Committed Loyalists
3566-CAAYU,1,Segment 1: Long-Term Committed Loyalists
4983-CCWMC,0,Segment 3: Short-Term High-Charge Users
9103-CXVOK,2,Segment 3: Short-Term High-Charge Users
2896-TBNBE,0,Segment 3: Short-Term High-Charge Users
4797-AXPXK,2,Segment 3: Short-Term High-Charge Users
5229-PRWKT,0,Segment 3: Short-Term High-Charge Users
6982-UQZLY,2,Segment 3: Short-Term High-Charge Users
2522-WLNSF,1,Segment 1: Long-Term Committed Loyalists
3841-CONLJ,2,Segment 3: Short-Term High-Charge Users
5057-LCOUI,2,Segment 3: Short-Term High-Charge Users
0193-ESZXP,3,Segment 1: Long-Term Committed Loyalists
4475-NVTLU,1,Segment 1: Long-Term Committed Loyalists
4369-HTUIF,0,Segment 3: Short-Term High-Charge Users
9386-LDCZR,3,Segment 1: Long-Term Committed Loyalists
9585-KKMFD,1,Segment 1: Long-Term Committed Loyalists
5399-ZIMKF,0,Segment 3: Short-Term High-Charge Users
0336-KXKFK,3,Segment 1: Long-Term Committed Loyalists
5619-XZZKR,1,Segment 1: Long-Term Committed Loyalists
3948-FVVRP,2,Segment 3: Short-Term High-Charge Users
5327-XOKKY,3,Segment 1: Long-Term Committed Loyalists
0983-TATYJ,1,Segment 1: Long-Term Committed Loyalists
1813-JYWTO,3,Segment 1: Long-Term Committed Loyalists
0156-FVPTA,2,Segment 3: Short-Term High-Charge Users
1984-FCOWB,3,Segment 1: Long-Term Committed Loyalists
0654-HMSHN,0,Segment 3: Short-Term High-Charge Users
6719-OXYBR,0,Segment 3: Short-Term High-Charge Users
3312-ZWLGF,0,Segment 3: Short-Term High-Charge Users
6476-YHMGA,2,Segment 3: Short-Term High-Charge Users
5287-QWLKY,3,Segment 1: Long-Term Committed Loyalists
0795-XCCTE,1,Segment 1: Long-Term Committed Loyalists
0168-XZKBB,0,Segment 3: Short-Term High-Charge Users
3785-NRHYR,2,Segment 3: Short-Term High-Charge Users
5196-SGOAK,0,Segment 3: Short-Term High-Charge Users
4537-DKTAL,2,Segment 3: Short-Term High-Charge Users
7072-MBHEV,0,Segment 3: Short-Term High-Charge Users
5602-BVFMK,1,Segment 1: Long-Term Committed Loyalists
6297-NOOPG,3,Segment 1: Long-Term Committed Loyalists
1891-UAWWU,0,Segment 3: Short-Term High-Charge Users
8204-TIFGJ,2,Segment 3: Short-Term High-Charge Users
8050-DVOJX,3,Segment 1: Long-Term Committed Loyalists
6108-OQZDQ,0,Segment 3: Short-Term High-Charge Users
0363-QJVFX,0,Segment 3: Short-Term High-Charge Users
8903-XEBGX,2,Segment 3: Short-Term High-Charge Users
8169-SAEJD,1,Segment 1: Long-Term Committed Loyalists
9840-DVNDC,0,Segment 3: Short-Term High-Charge Users
1089-XZWHH,1,Segment 1: Long-Term Committed Loyalists
2325-WINES,3,Segment 1: Long-Term Committed Loyalists
6064-ZATLR,1,Segment 1: Long-Term Committed Loyalists
3096-JRDSO,0,Segment 3: Short-Term High-Charge Users
7824-PANSQ,0,Segment 3: Short-Term High-Charge Users
8042-JVNFH,0,Segment 3: Short-Term High-Charge Users
9648-BCHKM,1,Segment 1: Long-Term Committed Loyalists
2888-ADFAO,1,Segment 1: Long-Term Committed Loyalists
8707-HOEDG,3,Segment 1: Long-Term Committed Loyalists
3374-LXDEV,0,Segment 3: Short-Term High-Charge Users
4072-IPYLT,2,Segment 3: Short-Term High-Charge Users
7167-PCEYD,1,Segment 1: Long-Term Committed Loyalists
4936-YPJNK,2,Segment 3: Short-Term High-Charge Users
1580-BMCMR,0,Segment 3: Short-Term High-Charge Users
4817-KEQSP,1,Segment 1: Long-Term Committed Loyalists
6408-WHTEF,3,Segment 1: Long-Term Committed Loyalists
9251-AWQGT,1,Segment 1: Long-Term Committed Loyalists
8749-CLJXC,2,Segment 3: Short-Term High-Charge Users
7989-VCQOH,0,Segment 3: Short-Term High-Charge Users
5049-GLYVG,2,Segment 3: Short-Term High-Charge Users
4199-QHJNM,3,Segment 1: Long-Term Committed Loyalists
8882-TLVRW,1,Segment 1: Long-Term Committed Loyalists
5883-GTGVD,0,Segment 3: Short-Term High-Charge Users
5135-GRQJV,3,Segment 1: Long-Term Committed Loyalists
2384-OVPSA,1,Segment 1: Long-Term Committed Loyalists
1371-WEPDS,1,Segment 1: Long-Term Committed Loyalists
3580-GICBM,1,Segment 1: Long-Term Committed Loyalists
4817-QRJSX,0,Segment 3: Short-Term High-Charge Users
9730-DRTMJ,1,Segment 1: Long-Term Committed Loyalists
4686-UXDML,0,Segment 3: Short-Term High-Charge Users
3349-ANQNH,3,Segment 1: Long-Term Committed Loyalists
2398-YPMUR,0,Segment 3: Short-Term High-Charge Users
0932-YIXYU,1,Segment 1: Long-Term Committed Loyalists
7480-SPLEF,1,Segment 1: Long-Term Committed Loyalists
7636-XUHWW,2,Segment 3: Short-Term High-Charge Users
1431-CYWMH,2,Segment 3: Short-Term High-Charge Users
5937-EORGB,0,Segment 3: Short-Term High-Charge Users
6349-JDHQP,1,Segment 1: Long-Term Committed Loyalists
5539-HIVAK,2,Segment 3: Short-Term High-Charge Users
5847-MXBEO,1,Segment 1: Long-Term Committed Loyalists
9985-MWVIX,0,Segment 3: Short-Term High-Charge Users
4583-PARNH,0,Segment 3: Short-Term High-Charge Users
1116-FRYVH,1,Segment 1: Long-Term Committed Loyalists
1421-HCERK,0,Segment 3: Short-Term High-Charge Users
9633-XQABV,0,Segment 3: Short-Term High-Charge Users
0716-BQNDX,3,Segment 1: Long-Term Committed Loyalists
1265-XTECC,3,Segment 1: Long-Term Committed Loyalists
1183-CANVH,1,Segment 1: Long-Term Committed Loyalists
1972-XMUWV,1,Segment 1: Long-Term Committed Loyalists
8679-LZBMD,3,Segment 1: Long-Term Committed Loyalists
3407-JMJQQ,3,Segment 1: Long-Term Committed Loyalists
6252-DFGTK,1,Segment 1: Long-Term Committed Loyalists
1539-LNKHM,2,Segment 3: Short-Term High-Charge Users
8645-KOMJQ,3,Segment 1: Long-Term Committed Loyalists
0289-IVARM,2,Segment 3: Short-Term High-Charge Users
9761-XUJWD,2,Segment 3: Short-Term High-Charge Users
4057-FKCZK,3,Segment 1: Long-Term Committed Loyalists
4291-TPNFG,3,Segment 1: Long-Term Committed Loyalists
6087-YPWHO,3,Segment 1: Long-Term Committed Loyalists
3090-QFUVD,2,Segment 3: Short-Term High-Charge Users
2237-ZFSMY,0,Segment 3: Short-Term High-Charge Users
1722-LDZJS,1,Segment 1: Long-Term Committed Loyalists
1818-ESQMW,0,Segment 3: Short-Term High-Charge Users
4871-JTKJF,0,Segment 3: Short-Term High-Charge Users
1415-YFWLT,0,Segment 3: Short-Term High-Charge Users
7401-RUBNK,0,Segment 3: Short-Term High-Charge Users
0506-YLVKJ,1,Segment 1: Long-Term Committed Loyalists
8661-BOYNW,3,Segment 1: Long-Term Committed Loyalists
6711-VTNRE,0,Segment 3: Short-Term High-Charge Users
4815-GBTCD,2,Segment 3: Short-Term High-Charge Users
2805-AUFQN,1,Segment 1: Long-Term Committed Loyalists
0980-PVMRC,2,Segment 3: Short-Term High-Charge Users
7233-DRTRF,3,Segment 1: Long-Term Committed Loyalists
3500-RMZLT,0,Segment 3: Short-Term High-Charge Users
3873-NFTGI,2,Segment 3: Short-Term High-Charge Users
1162-ECVII,3,Segment 1: Long-Term Committed Loyalists
7048-GXDAY,0,Segment 3: Short-Term High-Charge Users
8571-ZCMCX,1,Segment 1: Long-Term Committed Loyalists
1169-WCVAK,0,Segment 3: Short-Term High-Charge Users
4548-SDBKE,0,Segment 3: Short-Term High-Charge Users
8066-POXGX,2,Segment 3: Short-Term High-Charge Users
7129-CAKJW,0,Segment 3: Short-Term High-Charge Users
8695-ARGXZ,0,Segment 3: Short-Term High-Charge Users
3570-YUEKJ,2,Segment 3: Short-Term High-Charge Users
4143-OOBWZ,0,Segment 3: Short-Term High-Charge Users
1555-HAPSU,1,Segment 1: Long-Term Committed Loyalists
1697-NVVGY,2,Segment 3: Short-Term High-Charge Users
7854-EKTJL,2,Segment 3: Short-Term High-Charge Users
8464-EETCQ,1,Segment 1: Long-Term Committed Loyalists
2419-FSORS,3,Segment 1: Long-Term Committed Loyalists
8132-YPVBX,0,Segment 3: Short-Term High-Charge Users
9102-IAYHT,0,Segment 3: Short-Term High-Charge Users
6754-LZUKA,3,Segment 1: Long-Term Committed Loyalists
3422-LYEPQ,0,Segment 3: Short-Term High-Charge Users
8099-MZPUJ,3,Segment 1: Long-Term Committed Loyalists
0787-LHDYT,2,Segment 3: Short-Term High-Charge Users
2642-DTVCO,0,Segment 3: Short-Term High-Charge Users
0374-IOEGQ,2,Segment 3: Short-Term High-Charge Users
4361-JEIVL,2,Segment 3: Short-Term High-Charge Users
3197-NNYNB,3,Segment 1: Long-Term Committed Loyalists
3396-DKDEL,3,Segment 1: Long-Term Committed Loyalists
1752-OZXFY,1,Segment 1: Long-Term Committed Loyalists
9066-QRSDU,1,Segment 1: Long-Term Committed Loyalists
9112-WSNPU,0,Segment 3: Short-Term High-Charge Users
9867-NNXLC,2,Segment 3: Short-Term High-Charge Users
5321-NTRKC,3,Segment 1: Long-Term Committed Loyalists
1363-TXLSL,0,Segment 3: Short-Term High-Charge Users
9507-EXLTT,0,Segment 3: Short-Term High-Charge Users
3161-GETRM,0,Segment 3: Short-Term High-Charge Users
0402-OAMEN,1,Segment 1: Long-Term Committed Loyalists
6933-VLYFX,1,Segment 1: Long-Term Committed Loyalists
6754-WKSHP,1,Segment 1: Long-Term Committed Loyalists
9846-GKXAS,0,Segment 3: Short-Term High-Charge Users
6017-PPLPX,0,Segment 3: Short-Term High-Charge Users
4976-LNFVV,2,Segment 3: Short-Term High-Charge Users
5055-MGMGF,3,Segment 1: Long-Term Committed Loyalists
4641-FROLU,1,Segment 1: Long-Term Committed Loyalists
2862-JVEOY,1,Segment 1: Long-Term Committed Loyalists
2969-QWUBZ,2,Segment 3: Short-Term High-Charge Users
9822-BIIGN,0,Segment 3: Short-Term High-Charge Users
2077-MPJQO,0,Segment 3: Short-Term High-Charge Users
1534-OULXE,1,Segment 1: Long-Term Committed Loyalists
7136-RVDTZ,1,Segment 1: Long-Term Committed Loyalists
2971-SGAFL,0,Segment 3: Short-Term High-Charge Users
1480-IVEVR,0,Segment 3: Short-Term High-Charge Users
2905-KFQUV,0,Segment 3: Short-Term High-Charge Users
4581-SSPWD,0,Segment 3: Short-Term High-Charge Users
3370-HXOPH,0,Segment 3: Short-Term High-Charge Users
9391-YZEJW,3,Segment 1: Long-Term Committed Loyalists
9958-MEKUC,3,Segment 1: Long-Term Committed Loyalists
0281-CNTZX,1,Segment 1: Long-Term Committed Loyalists
6927-WTFIV,0,Segment 3: Short-Term High-Charge Users
4118-CEVPF,3,Segment 1: Long-Term Committed Loyalists
3398-ZOUAA,0,Segment 3: Short-Term High-Charge Users
9114-VEPUF,3,Segment 1: Long-Term Committed Loyalists
7876-BEUTG,2,Segment 3: Short-Term High-Charge Users
2338-BQEZT,2,Segment 3: Short-Term High-Charge Users
9873-MNDKV,2,Segment 3: Short-Term High-Charge Users
0378-NHQXU,0,Segment 3: Short-Term High-Charge Users
8241-JUIQO,1,Segment 1: Long-Term Committed Loyalists
2194-IIQOF,3,Segment 1: Long-Term Committed Loyalists
4512-ZUIYL,0,Segment 3: Short-Term High-Charge Users
9631-RXVJM,1,Segment 1: Long-Term Committed Loyalists
9584-EXCDZ,0,Segment 3: Short-Term High-Charge Users
7969-AULMZ,0,Segment 3: Short-Term High-Charge Users
5093-FEGLU,1,Segment 1: Long-Term Committed Loyalists
2621-UDNLU,2,Segment 3: Short-Term High-Charge Users
7526-IVLYU,2,Segment 3: Short-Term High-Charge Users
2428-HYUNX,1,Segment 1: Long-Term Committed Loyalists
9214-EKVXR,2,Segment 3: Short-Term High-Charge Users
3410-MHHUM,3,Segment 1: Long-Term Committed Loyalists
0568-ONFPC,2,Segment 3: Short-Term High-Charge Users
0733-VUNUW,2,Segment 3: Short-Term High-Charge Users
4550-EVXNY,0,Segment 3: Short-Term High-Charge Users
2122-YWVYA,0,Segment 3: Short-Term High-Charge Users
2968-SSGAA,0,Segment 3: Short-Term High-Charge Users
2296-DKZFP,3,Segment 1: Long-Term Committed Loyalists
4844-JJWUY,0,Segment 3: Short-Term High-Charge Users
6777-TGHTM,3,Segment 1: Long-Term Committed Loyalists
8909-BOLNL,1,Segment 1: Long-Term Committed Loyalists
6603-YRDCJ,1,Segment 1: Long-Term Committed Loyalists
3538-WZPHD,2,Segment 3: Short-Term High-Charge Users
3229-USWAR,3,Segment 1: Long-Term Committed Loyalists
2138-VFAPZ,1,Segment 1: Long-Term Committed Loyalists
6131-JLWZM,2,Segment 3: Short-Term High-Charge Users
4785-QRJHC,1,Segment 1: Long-Term Committed Loyalists
0269-XFESX,1,Segment 1: Long-Term Committed Loyalists
1709-EJDOX,1,Segment 1: Long-Term Committed Loyalists
4316-XCSLJ,2,Segment 3: Short-Term High-Charge Users
8610-WFCJF,0,Segment 3: Short-Term High-Charge Users
9693-XMUOB,2,Segment 3: Short-Term High-Charge Users
0383-CLDDA,3,Segment 1: Long-Term Committed Loyalists
4905-JEFDW,2,Segment 3: Short-Term High-Charge Users
2709-UQGNP,2,Segment 3: Short-Term High-Charge Users
3549-ZTMNH,1,Segment 1: Long-Term Committed Loyalists
7881-INRLC,0,Segment 3: Short-Term High-Charge Users
8033-ATFAS,2,Segment 3: Short-Term High-Charge Users
1635-NZATJ,1,Segment 1: Long-Term Committed Loyalists
0562-HKHML,1,Segment 1: Long-Term Committed Loyalists
8277-RVRSV,1,Segment 1: Long-Term Committed Loyalists
9943-VSZUV,0,Segment 3: Short-Term High-Charge Users
0117-LFRMW,2,Segment 3: Short-Term High-Charge Users
6172-FECYY,0,Segment 3: Short-Term High-Charge Users
7054-ENNGU,2,Segment 3: Short-Term High-Charge Users
1455-HFBXA,3,Segment 1: Long-Term Committed Loyalists
9402-CXWPL,3,Segment 1: Long-Term Committed Loyalists
1628-BIZYP,0,Segment 3: Short-Term High-Charge Users
1965-AKTSX,0,Segment 3: Short-Term High-Charge Users
0082-LDZUE,2,Segment 3: Short-Term High-Charge Users
4786-UKSNZ,2,Segment 3: Short-Term High-Charge Users
5343-SGUBI,3,Segment 1: Long-Term Committed Loyalists
0856-NAOES,2,Segment 3: Short-Term High-Charge Users
1976-AZZPJ,2,Segment 3: Short-Term High-Charge Users
7248-VZQLC,0,Segment 3: Short-Term High-Charge Users
6156-UZDLF,0,Segment 3: Short-Term High-Charge Users
3099-OONVS,2,Segment 3: Short-Term High-Charge Users
9500-WBGRP,1,Segment 1: Long-Term Committed Loyalists
5183-KLYEM,3,Segment 1: Long-Term Committed Loyalists
5144-PQCDZ,2,Segment 3: Short-Term High-Charge Users
8514-VZHEB,1,Segment 1: Long-Term Committed Loyalists
6625-IUTTT,3,Segment 1: Long-Term Committed Loyalists
9355-NPPFS,0,Segment 3: Short-Term High-Charge Users
0068-FIGTF,1,Segment 1: Long-Term Committed Loyalists
5965-GGPRW,3,Segment 1: Long-Term Committed Loyalists
8035-PWSEV,0,Segment 3: Short-Term High-Charge Users
2236-HILPA,1,Segment 1: Long-Term Committed Loyalists
1840-BIUOG,0,Segment 3: Short-Term High-Charge Users
1356-MKYSK,2,Segment 3: Short-Term High-Charge Users
6080-LNESI,1,Segment 1: Long-Term Committed Loyalists
1830-IPXVJ,1,Segment 1: Long-Term Committed Loyalists
5828-DWPIL,0,Segment 3: Short-Term High-Charge Users
8398-TBIYD,3,Segment 1: Long-Term Committed Loyalists
0011-IGKFF,0,Segment 3: Short-Term High-Charge Users
4192-GORJT,0,Segment 3: Short-Term High-Charge Users
6496-SLWHQ,0,Segment 3: Short-Term High-Charge Users
9912-GVSEQ,0,Segment 3: Short-Term High-Charge Users
2931-FSOHN,2,Segment 3: Short-Term High-Charge Users
9418-RUKPH,1,Segment 1: Long-Term Committed Loyalists
5383-MMTWC,0,Segment 3: Short-Term High-Charge Users
9971-ZWPBF,0,Segment 3: Short-Term High-Charge Users
4712-AUQZO,2,Segment 3: Short-Term High-Charge Users
9711-FJTBX,3,Segment 1: Long-Term Committed Loyalists
2908-ZTPNF,2,Segment 3: Short-Term High-Charge Users
7240-ETPTR,2,Segment 3: Short-Term High-Charge Users
2202-CUYXZ,0,Segment 3: Short-Term High-Charge Users
5995-OIGLP,2,Segment 3: Short-Term High-Charge Users
8421-WZOOW,3,Segment 1: Long-Term Committed Loyalists
6261-RCVNS,3,Segment 1: Long-Term Committed Loyalists
7951-QKZPL,1,Segment 1: Long-Term Committed Loyalists
1414-YADCW,3,Segment 1: Long-Term Committed Loyalists
8756-RDDLT,2,Segment 3: Short-Term High-Charge Users
2862-PFNIK,2,Segment 3: Short-Term High-Charge Users
5816-QVHRX,0,Segment 3: Short-Term High-Charge Users
4430-YHXGG,2,Segment 3: Short-Term High-Charge Users
6888-SBYAI,2,Segment 3: Short-Term High-Charge Users
7395-XWZOY,2,Segment 3: Short-Term High-Charge Users
7169-YWAMK,3,Segment 1: Long-Term Committed Loyalists
3640-PHQXK,0,Segment 3: Short-Term High-Charge Users
6877-LGWXO,0,Segment 3: Short-Term High-Charge Users
6859-RKMZJ,2,Segment 3: Short-Term High-Charge Users
2729-VNVAP,1,Segment 1: Long-Term Committed Loyalists
2957-JIRMN,3,Segment 1: Long-Term Committed Loyalists
2049-BAFNW,2,Segment 3: Short-Term High-Charge Users
3842-QTGDL,0,Segment 3: Short-Term High-Charge Users
7163-OCEQI,1,Segment 1: Long-Term Committed Loyalists
9782-LGXMC,2,Segment 3: Short-Term High-Charge Users
5975-BAICR,1,Segment 1: Long-Term Committed Loyalists
8019-ENHXU,0,Segment 3: Short-Term High-Charge Users
5167-GBFRE,2,Segment 3: Short-Term High-Charge Users
9033-EOXWV,1,Segment 1: Long-Term Committed Loyalists
4673-KKSLS,0,Segment 3: Short-Term High-Charge Users
4853-OITSN,0,Segment 3: Short-Term High-Charge Users
9800-OUIGR,1,Segment 1: Long-Term Committed Loyalists
1324-NLTJE,2,Segment 3: Short-Term High-Charge Users
2324-EFHVG,3,Segment 1: Long-Term Committed Loyalists
7094-MSZAO,2,Segment 3: Short-Term High-Charge Users
1522-VVDMG,0,Segment 3: Short-Term High-Charge Users
6907-CQGPN,2,Segment 3: Short-Term High-Charge Users
0780-XNZFN,1,Segment 1: Long-Term Committed Loyalists
0239-OXEXL,0,Segment 3: Short-Term High-Charge Users
2675-IJRGJ,1,Segment 1: Long-Term Committed Loyalists
7049-GKVZY,1,Segment 1: Long-Term Committed Loyalists
8577-QSOCG,1,Segment 1: Long-Term Committed Loyalists
3721-CNZHX,1,Segment 1: Long-Term Committed Loyalists
0212-ISBBF,2,Segment 3: Short-Term High-Charge Users
9185-TQCVP,0,Segment 3: Short-Term High-Charge Users
3585-YNADK,3,Segment 1: Long-Term Committed Loyalists
5271-DBYSJ,0,Segment 3: Short-Term High-Charge Users
1099-GODLO,1,Segment 1: Long-Term Committed Loyalists
6828-HMKWP,1,Segment 1: Long-Term Committed Loyalists
5567-WSELE,0,Segment 3: Short-Term High-Charge Users
1472-TNCWL,0,Segment 3: Short-Term High-Charge Users
8063-RJYNF,0,Segment 3: Short-Term High-Charge Users
0687-ZVTHB,3,Segment 1: Long-Term Committed Loyalists
2080-GKCWQ,0,Segment 3: Short-Term High-Charge Users
9661-ACXBS,0,Segment 3: Short-Term High-Charge Users
2193-SFWQW,3,Segment 1: Long-Term Committed Loyalists
5656-JAMLX,1,Segment 1: Long-Term Committed Loyalists
3462-BJQQA,0,Segment 3: Short-Term High-Charge Users
0442-TDYUO,1,Segment 1: Long-Term Committed Loyalists
6733-LRIZX,3,Segment 1: Long-Term Committed Loyalists
9503-XJUME,1,Segment 1: Long-Term Committed Loyalists
4367-NHWMM,2,Segment 3: Short-Term High-Charge Users
3727-RJMEO,0,Segment 3: Short-Term High-Charge Users
3779-OSWCF,3,Segment 1: Long-Term Committed Loyalists
6736-DHUQI,3,Segment 1: Long-Term Committed Loyalists
3915-ODIYG,3,Segment 1: Long-Term Committed Loyalists
1360-RCYRT,2,Segment 3: Short-Term High-Charge Users
2724-FJDYW,1,Segment 1: Long-Term Committed Loyalists
4451-RWASJ,1,Segment 1: Long-Term Committed Loyalists
6646-VRFOL,0,Segment 3: Short-Term High-Charge Users
3460-TJBWI,1,Segment 1: Long-Term Committed Loyalists
5917-HBSDW,2,Segment 3: Short-Term High-Charge Users
5685-IIXLY,0,Segment 3: Short-Term High-Charge Users
5671-UUNXD,3,Segment 1: Long-Term Committed Loyalists
0956-ACVZC,3,Segment 1: Long-Term Committed Loyalists
2325-NBPZG,0,Segment 3: Short-Term High-Charge Users
4250-ZBWLV,3,Segment 1: Long-Term Committed Loyalists
4482-FTFFX,2,Segment 3: Short-Term High-Charge Users
8859-DZTGQ,1,Segment 1: Long-Term Committed Loyalists
0440-MOGPM,3,Segment 1: Long-Term Committed Loyalists
0020-JDNXP,1,Segment 1: Long-Term Committed Loyalists
3752-CQSJI,2,Segment 3: Short-Term High-Charge Users
5025-GOOKI,2,Segment 3: Short-Term High-Charge Users
4698-KVLLG,1,Segment 1: Long-Term Committed Loyalists
5095-AESKG,0,Segment 3: Short-Term High-Charge Users
2887-JPYLU,2,Segment 3: Short-Term High-Charge Users
4770-QAZXN,2,Segment 3: Short-Term High-Charge Users
4896-CPRPF,1,Segment 1: Long-Term Committed Loyalists
1871-MOWRM,0,Segment 3: Short-Term High-Charge Users
9714-EDSUC,0,Segment 3: Short-Term High-Charge Users
2027-OAQQC,2,Segment 3: Short-Term High-Charge Users
0282-NVSJS,2,Segment 3: Short-Term High-Charge Users
9090-SGQXL,3,Segment 1: Long-Term Committed Loyalists
6595-YGXIT,0,Segment 3: Short-Term High-Charge Users
7353-YOWFP,1,Segment 1: Long-Term Committed Loyalists
9835-ZIITK,3,Segment 1: Long-Term Committed Loyalists
8008-ESFLK,3,Segment 1: Long-Term Committed Loyalists
7537-CBQUZ,3,Segment 1: Long-Term Committed Loyalists
1555-DJEQW,3,Segment 1: Long-Term Committed Loyalists
5649-TJHOV,2,Segment 3: Short-Term High-Charge Users
0519-XUZJU,0,Segment 3: Short-Term High-Charge Users
3363-EWLGO,2,Segment 3: Short-Term High-Charge Users
4750-UKWJK,1,Segment 1: Long-Term Committed Loyalists
6338-AVWCY,2,Segment 3: Short-Term High-Charge Users
1689-YQBYY,0,Segment 3: Short-Term High-Charge Users
4487-ZYJZK,1,Segment 1: Long-Term Committed Loyalists
2959-FENLU,0,Segment 3: Short-Term High-Charge Users
0708-LGSMF,2,Segment 3: Short-Term High-Charge Users
9253-QXKBE,0,Segment 3: Short-Term High-Charge Users
7634-HLQJR,1,Segment 1: Long-Term Committed Loyalists
0487-RPVUM,3,Segment 1: Long-Term Committed Loyalists
4079-ULGFR,2,Segment 3: Short-Term High-Charge Users
2516-XSJKX,3,Segment 1: Long-Term Committed Loyalists
0057-QBUQH,1,Segment 1: Long-Term Committed Loyalists
9445-SZLCH,0,Segment 3: Short-Term High-Charge Users
6599-SFQVE,2,Segment 3: Short-Term High-Charge Users
8331-ZXFOE,3,Segment 1: Long-Term Committed Loyalists
4003-FUSHP,2,Segment 3: Short-Term High-Charge Users
0356-ERHVT,2,Segment 3: Short-Term High-Charge Users
7325-ENZFI,1,Segment 1: Long-Term Committed Loyalists
4884-ZTHVF,0,Segment 3: Short-Term High-Charge Users
3920-HIHMQ,2,Segment 3: Short-Term High-Charge Users
3055-OYMSE,0,Segment 3: Short-Term High-Charge Users
0613-WUXUM,1,Segment 1: Long-Term Committed Loyalists
7568-PODML,2,Segment 3: Short-Term High-Charge Users
4458-KVRBJ,1,Segment 1: Long-Term Committed Loyalists
5349-IECLD,0,Segment 3: Short-Term High-Charge Users
1397-XKKWR,1,Segment 1: Long-Term Committed Loyalists
3945-GFWQL,2,Segment 3: Short-Term High-Charge Users
8097-OMULG,3,Segment 1: Long-Term Committed Loyalists
6013-BHCAW,3,Segment 1: Long-Term Committed Loyalists
0401-WDBXM,3,Segment 1: Long-Term Committed Loyalists
3387-PLKUI,2,Segment 3: Short-Term High-Charge Users
6096-EGVTU,1,Segment 1: Long-Term Committed Loyalists
3797-VTIDR,2,Segment 3: Short-Term High-Charge Users
5081-NWSUP,1,Segment 1: Long-Term Committed Loyalists
2580-ATZSQ,1,Segment 1: Long-Term Committed Loyalists
8085-MSNLK,3,Segment 1: Long-Term Committed Loyalists
9691-HKOVS,3,Segment 1: Long-Term Committed Loyalists
9881-VCZEP,2,Segment 3: Short-Term High-Charge Users
9526-BIHHD,2,Segment 3: Short-Term High-Charge Users
8757-TFHHJ,2,Segment 3: Short-Term High-Charge Users
4523-WXCEF,0,Segment 3: Short-Term High-Charge Users
1468-DEFNC,1,Segment 1: Long-Term Committed Loyalists
5119-KEPFY,0,Segment 3: Short-Term High-Charge Users
8364-TRMMK,2,Segment 3: Short-Term High-Charge Users
0916-KNFAJ,3,Segment 1: Long-Term Committed Loyalists
8319-QBEHW,1,Segment 1: Long-Term Committed Loyalists
3063-QFSZL,2,Segment 3: Short-Term High-Charge Users
8775-LHDJH,0,Segment 3: Short-Term High-Charge Users
9625-QNLUX,3,Segment 1: Long-Term Committed Loyalists
3097-NQYSN,0,Segment 3: Short-Term High-Charge Users
4024-CSNBY,3,Segment 1: Long-Term Committed Loyalists
7110-BDTWG,1,Segment 1: Long-Term Committed Loyalists
7493-GVFIO,1,Segment 1: Long-Term Committed Loyalists
0690-SRQID,2,Segment 3: Short-Term High-Charge Users
9605-WGJVW,0,Segment 3: Short-Term High-Charge Users
9114-DPSIA,3,Segment 1: Long-Term Committed Loyalists
4700-UBQMV,1,Segment 1: Long-Term Committed Loyalists
7711-GQBZC,1,Segment 1: Long-Term Committed Loyalists
3565-UNOCC,0,Segment 3: Short-Term High-Charge Users
4627-MIHJH,3,Segment 1: Long-Term Committed Loyalists
9795-NREXC,3,Segment 1: Long-Term Committed Loyalists
8573-CGOCC,2,Segment 3: Short-Term High-Charge Users
7356-AYNJP,2,Segment 3: Short-Term High-Charge Users
9249-FXSCK,3,Segment 1: Long-Term Committed Loyalists
5493-SDRDQ,2,Segment 3: Short-Term High-Charge Users
6286-SUUWT,2,Segment 3: Short-Term High-Charge Users
4819-HJPIW,2,Segment 3: Short-Term High-Charge Users
8654-DHAOW,2,Segment 3: Short-Term High-Charge Users
5438-QMDDL,2,Segment 3: Short-Term High-Charge Users
9812-GHVRI,0,Segment 3: Short-Term High-Charge Users
5553-AOINX,3,Segment 1: Long-Term Committed Loyalists
1228-ZLNBX,0,Segment 3: Short-Term High-Charge Users
4226-KKDON,2,Segment 3: Short-Term High-Charge Users
3831-YCPUO,3,Segment 1: Long-Term Committed Loyalists
7445-WMRBW,3,Segment 1: Long-Term Committed Loyalists
3308-DGHKL,1,Segment 1: Long-Term Committed Loyalists
9924-JPRMC,3,Segment 1: Long-Term Committed Loyalists
0080-EMYVY,1,Segment 1: Long-Term Committed Loyalists
6218-KNUBD,2,Segment 3: Short-Term High-Charge Users
7337-CINUD,1,Segment 1: Long-Term Committed Loyalists
7609-NRNCA,1,Segment 1: Long-Term Committed Loyalists
0623-EJQEG,3,Segment 1: Long-Term Committed Loyalists
7153-CHRBV,1,Segment 1: Long-Term Committed Loyalists
0871-URUWO,0,Segment 3: Short-Term High-Charge Users
9190-MFJLN,0,Segment 3: Short-Term High-Charge Users
6198-PNNSZ,3,Segment 1: Long-Term Committed Loyalists
3317-VLGQT,0,Segment 3: Short-Term High-Charge Users
4132-POCZS,2,Segment 3: Short-Term High-Charge Users
5614-DNZCE,3,Segment 1: Long-Term Committed Loyalists
1095-JUDTC,0,Segment 3: Short-Term High-Charge Users
3896-RCYYE,2,Segment 3: Short-Term High-Charge Users
9638-JIQYA,2,Segment 3: Short-Term High-Charge Users
3258-SANFR,2,Segment 3: Short-Term High-Charge Users
3726-TBHQT,3,Segment 1: Long-Term Committed Loyalists
3190-ITQXP,1,Segment 1: Long-Term Committed Loyalists
0870-VEMYL,2,Segment 3: Short-Term High-Charge Users
4833-QTJNO,3,Segment 1: Long-Term Committed Loyalists
3039-MJSLN,2,Segment 3: Short-Term High-Charge Users
0178-CIIKR,2,Segment 3: Short-Term High-Charge Users
5385-SUIRI,0,Segment 3: Short-Term High-Charge Users
3982-XWFZQ,2,Segment 3: Short-Term High-Charge Users
5774-QPLTF,1,Segment 1: Long-Term Committed Loyalists
2322-VCZHZ,0,Segment 3: Short-Term High-Charge Users
5010-IPEAQ,1,Segment 1: Long-Term Committed Loyalists
4009-ALQFH,0,Segment 3: Short-Term High-Charge Users
6383-ZTSIW,3,Segment 1: Long-Term Committed Loyalists
8990-YOZLV,3,Segment 1: Long-Term Committed Loyalists
3069-SSVSN,1,Segment 1: Long-Term Committed Loyalists
5222-IMUKT,0,Segment 3: Short-Term High-Charge Users
3627-FCRDW,0,Segment 3: Short-Term High-Charge Users
7562-GSUHK,0,Segment 3: Short-Term High-Charge Users
6685-XSHHU,1,Segment 1: Long-Term Committed Loyalists
8901-UPRHR,3,Segment 1: Long-Term Committed Loyalists
4903-UYAVB,2,Segment 3: Short-Term High-Charge Users
0118-JPNOY,0,Segment 3: Short-Term High-Charge Users
6776-TLWOI,2,Segment 3: Short-Term High-Charge Users
3845-FXCYS,2,Segment 3: Short-Term High-Charge Users
5857-XRECV,1,Segment 1: Long-Term Committed Loyalists
0725-CXOTM,3,Segment 1: Long-Term Committed Loyalists
4343-EJVQB,0,Segment 3: Short-Term High-Charge Users
9000-PLFUZ,1,Segment 1: Long-Term Committed Loyalists
3427-GGZZI,0,Segment 3: Short-Term High-Charge Users
7779-ORAEL,3,Segment 1: Long-Term Committed Loyalists
0644-OQMDK,0,Segment 3: Short-Term High-Charge Users
4077-CROMM,0,Segment 3: Short-Term High-Charge Users
3154-CFSZG,0,Segment 3: Short-Term High-Charge Users
2868-MZAGQ,0,Segment 3: Short-Term High-Charge Users
4847-QNOKA,2,Segment 3: Short-Term High-Charge Users
2220-IAHLS,2,Segment 3: Short-Term High-Charge Users
1658-XUHBX,3,Segment 1: Long-Term Committed Loyalists
6379-RXJRQ,0,Segment 3: Short-Term High-Charge Users
2378-HTWFW,0,Segment 3: Short-Term High-Charge Users
8650-RHRKE,2,Segment 3: Short-Term High-Charge Users
4377-VDHYI,0,Segment 3: Short-Term High-Charge Users
0475-RIJEP,0,Segment 3: Short-Term High-Charge Users
1260-TTRXI,2,Segment 3: Short-Term High-Charge Users
3719-TDVQB,1,Segment 1: Long-Term Committed Loyalists
6328-ZPBGN,0,Segment 3: Short-Term High-Charge Users
0201-MIBOL,3,Segment 1: Long-Term Committed Loyalists
4937-QPZPO,3,Segment 1: Long-Term Committed Loyalists
2925-VDZHY,3,Segment 1: Long-Term Committed Loyalists
6981-TDRFT,1,Segment 1: Long-Term Committed Loyalists
3413-CSSTH,2,Segment 3: Short-Term High-Charge Users
8033-VCZGH,3,Segment 1: Long-Term Committed Loyalists
4789-KWMXN,3,Segment 1: Long-Term Committed Loyalists
0224-NIJLP,1,Segment 1: Long-Term Committed Loyalists
7542-CYDDM,2,Segment 3: Short-Term High-Charge Users
4718-WXBGI,3,Segment 1: Long-Term Committed Loyalists
2867-UIMSS,0,Segment 3: Short-Term High-Charge Users
8495-PRWFH,2,Segment 3: Short-Term High-Charge Users
0439-IFYUN,0,Segment 3: Short-Term High-Charge Users
5716-LIBJC,0,Segment 3: Short-Term High-Charge Users
2868-LLSKM,3,Segment 1: Long-Term Committed Loyalists
8111-RKSPX,0,Segment 3: Short-Term High-Charge Users
2988-QRAJY,3,Segment 1: Long-Term Committed Loyalists
1585-MQSSU,2,Segment 3: Short-Term High-Charge Users
0071-NDAFP,1,Segment 1: Long-Term Committed Loyalists
2856-NNASM,0,Segment 3: Short-Term High-Charge Users
7328-ZJAJO,1,Segment 1: Long-Term Committed Loyalists
6458-CYIDZ,0,Segment 3: Short-Term High-Charge Users
8559-CIZFV,1,Segment 1: Long-Term Committed Loyalists
1090-PYKCI,3,Segment 1: Long-Term Committed Loyalists
3058-WQDRE,2,Segment 3: Short-Term High-Charge Users
7547-EKNFS,0,Segment 3: Short-Term High-Charge Users
2279-AXJJK,3,Segment 1: Long-Term Committed Loyalists
6769-DYBQN,0,Segment 3: Short-Term High-Charge Users
0909-SELIE,3,Segment 1: Long-Term Committed Loyalists
3417-TSCIC,1,Segment 1: Long-Term Committed Loyalists
1042-HFUCW,1,Segment 1: Long-Term Committed Loyalists
4439-JMPMT,0,Segment 3: Short-Term High-Charge Users
6537-OTKMY,2,Segment 3: Short-Term High-Charge Users
8999-EXMNO,1,Segment 1: Long-Term Committed Loyalists
6725-TPKJO,1,Segment 1: Long-Term Committed Loyalists
2446-BEGGB,0,Segment 3: Short-Term High-Charge Users
7162-WPHPM,3,Segment 1: Long-Term Committed Loyalists
1599-MMYRQ,3,Segment 1: Long-Term Committed Loyalists
8821-KVZKQ,3,Segment 1: Long-Term Committed Loyalists
1496-GGSUK,2,Segment 3: Short-Term High-Charge Users
6434-TTGJP,1,Segment 1: Long-Term Committed Loyalists
0042-JVWOJ,1,Segment 1: Long-Term Committed Loyalists
0130-SXOUN,3,Segment 1: Long-Term Committed Loyalists
2575-GFSOE,0,Segment 3: Short-Term High-Charge Users
2330-PQGDQ,3,Segment 1: Long-Term Committed Loyalists
1452-UZOSF,3,Segment 1: Long-Term Committed Loyalists
2097-YVPKN,1,Segment 1: Long-Term Committed Loyalists
2842-JTCCU,2,Segment 3: Short-Term High-Charge Users
8597-CTXVJ,3,Segment 1: Long-Term Committed Loyalists
6631-HMANX,3,Segment 1: Long-Term Committed Loyalists
9962-BFPDU,2,Segment 3: Short-Term High-Charge Users
3296-SILRA,0,Segment 3: Short-Term High-Charge Users
9681-OXGVC,0,Segment 3: Short-Term High-Charge Users
6394-HHHZM,2,Segment 3: Short-Term High-Charge Users
5995-LFTLE,1,Segment 1: Long-Term Committed Loyalists
5180-UCIIQ,2,Segment 3: Short-Term High-Charge Users
1932-UEDCX,0,Segment 3: Short-Term High-Charge Users
7153-OANIO,0,Segment 3: Short-Term High-Charge Users
5188-HGMLP,0,Segment 3: Short-Term High-Charge Users
0665-XHDJU,3,Segment 1: Long-Term Committed Loyalists
6521-YYTYI,0,Segment 3: Short-Term High-Charge Users
8878-HMWBV,2,Segment 3: Short-Term High-Charge Users
8265-HKSOW,3,Segment 1: Long-Term Committed Loyalists
3544-FBCAS,3,Segment 1: Long-Term Committed Loyalists
5331-RGMTT,3,Segment 1: Long-Term Committed Loyalists
4759-PXTAN,3,Segment 1: Long-Term Committed Loyalists
7054-DMVAS,1,Segment 1: Long-Term Committed Loyalists
3428-MMGUB,3,Segment 1: Long-Term Committed Loyalists
6549-BTYPG,3,Segment 1: Long-Term Committed Loyalists
7823-JSOAG,0,Segment 3: Short-Term High-Charge Users
3705-RHRFR,3,Segment 1: Long-Term Committed Loyalists
9374-YOLBJ,2,Segment 3: Short-Term High-Charge Users
9074-KGVOX,2,Segment 3: Short-Term High-Charge Users
6128-DAFVY,2,Segment 3: Short-Term High-Charge Users
9933-QRGTX,3,Segment 1: Long-Term Committed Loyalists
4476-OSWTN,3,Segment 1: Long-Term Committed Loyalists
3751-KTZEL,2,Segment 3: Short-Term High-Charge Users
1977-STDKI,0,Segment 3: Short-Term High-Charge Users
5066-GFJMM,2,Segment 3: Short-Term High-Charge Users
2661-GKBTK,3,Segment 1: Long-Term Committed Loyalists
0458-HEUZG,1,Segment 1: Long-Term Committed Loyalists
7268-WNTCP,1,Segment 1: Long-Term Committed Loyalists
0824-VWDPO,3,Segment 1: Long-Term Committed Loyalists
8409-WQJUX,1,Segment 1: Long-Term Committed Loyalists
2578-JQPHZ,3,Segment 1: Long-Term Committed Loyalists
3278-FSIXX,2,Segment 3: Short-Term High-Charge Users
5813-UECBU,0,Segment 3: Short-Term High-Charge Users
0328-GRPMV,0,Segment 3: Short-Term High-Charge Users
9746-UGFAC,1,Segment 1: Long-Term Committed Loyalists
2946-KIQSP,2,Segment 3: Short-Term High-Charge Users
0625-AFOHS,1,Segment 1: Long-Term Committed Loyalists
6726-WEXXK,0,Segment 3: Short-Term High-Charge Users
4636-OLWOE,1,Segment 1: Long-Term Committed Loyalists
4342-HENTK,0,Segment 3: Short-Term High-Charge Users
4685-ERGHK,3,Segment 1: Long-Term Committed Loyalists
0885-HMGPY,3,Segment 1: Long-Term Committed Loyalists
5003-OKNNK,1,Segment 1: Long-Term Committed Loyalists
4195-SMMNX,2,Segment 3: Short-Term High-Charge Users
7208-PSIHR,3,Segment 1: Long-Term Committed Loyalists
4012-ZTHBR,2,Segment 3: Short-Term High-Charge Users
0489-WMEMG,1,Segment 1: Long-Term Committed Loyalists
7435-ZNUYY,1,Segment 1: Long-Term Committed Loyalists
1354-YZFNB,1,Segment 1: Long-Term Committed Loyalists
6956-SMUCM,0,Segment 3: Short-Term High-Charge Users
2985-FMWYF,0,Segment 3: Short-Term High-Charge Users
2812-ENYMO,1,Segment 1: Long-Term Committed Loyalists
2717-HVIZY,2,Segment 3: Short-Term High-Charge Users
3223-WZWJM,0,Segment 3: Short-Term High-Charge Users
3422-GALYP,0,Segment 3: Short-Term High-Charge Users
9053-JZFKV,3,Segment 1: Long-Term Committed Loyalists
2530-ENDWQ,3,Segment 1: Long-Term Committed Loyalists
2890-WFBHU,3,Segment 1: Long-Term Committed Loyalists
0327-WFZSY,3,Segment 1: Long-Term Committed Loyalists
7977-HXJKU,1,Segment 1: Long-Term Committed Loyalists
6615-ZGEDR,2,Segment 3: Short-Term High-Charge Users
7033-CLAMM,1,Segment 1: Long-Term Committed Loyalists
4023-RTIQM,1,Segment 1: Long-Term Committed Loyalists
0864-FVJNJ,3,Segment 1: Long-Term Committed Loyalists
7356-IWLFW,0,Segment 3: Short-Term High-Charge Users
9541-PWTWO,3,Segment 1: Long-Term Committed Loyalists
3967-VQOGC,1,Segment 1: Long-Term Committed Loyalists
7872-RDDLZ,2,Segment 3: Short-Term High-Charge Users
9250-WYPLL,0,Segment 3: Short-Term High-Charge Users
6308-CQRBU,3,Segment 1: Long-Term Committed Loyalists
2754-XBHTB,0,Segment 3: Short-Term High-Charge Users
1597-LHYNC,0,Segment 3: Short-Term High-Charge Users
0186-CAERR,3,Segment 1: Long-Term Committed Loyalists
3043-SUDUA,2,Segment 3: Short-Term High-Charge Users
5442-BHQNG,0,Segment 3: Short-Term High-Charge Users
2169-RRLFW,1,Segment 1: Long-Term Committed Loyalists
5872-OEQNH,1,Segment 1: Long-Term Committed Loyalists
3162-KKZXO,3,Segment 1: Long-Term Committed Loyalists
7055-VKGDA,3,Segment 1: Long-Term Committed Loyalists
0754-UKWQP,0,Segment 3: Short-Term High-Charge Users
8873-GLDMH,0,Segment 3: Short-Term High-Charge Users
5696-JVVQY,1,Segment 1: Long-Term Committed Loyalists
8946-BFWSG,1,Segment 1: Long-Term Committed Loyalists
7493-TPUWZ,0,Segment 3: Short-Term High-Charge Users
0547-HURJB,2,Segment 3: Short-Term High-Charge Users
8904-OPDCK,2,Segment 3: Short-Term High-Charge Users
8845-LWKGE,1,Segment 1: Long-Term Committed Loyalists
1577-HKTFG,2,Segment 3: Short-Term High-Charge Users
8752-STIVR,0,Segment 3: Short-Term High-Charge Users
0691-NIKRI,3,Segment 1: Long-Term Committed Loyalists
5022-JNQEQ,0,Segment 3: Short-Term High-Charge Users
4558-FANTW,0,Segment 3: Short-Term High-Charge Users
3249-VHRIP,1,Segment 1: Long-Term Committed Loyalists
3736-BLEPA,0,Segment 3: Short-Term High-Charge Users
4701-LKOZD,3,Segment 1: Long-Term Committed Loyalists
6603-QWSPR,3,Segment 1: Long-Term Committed Loyalists
9921-QFQUL,0,Segment 3: Short-Term High-Charge Users
1929-ZCBHE,1,Segment 1: Long-Term Committed Loyalists
4378-MYPGO,3,Segment 1: Long-Term Committed Loyalists
8651-ENBZX,3,Segment 1: Long-Term Committed Loyalists
4129-LYCOI,3,Segment 1: Long-Term Committed Loyalists
7798-JVXYM,2,Segment 3: Short-Term High-Charge Users
8647-SDTWQ,0,Segment 3: Short-Term High-Charge Users
2696-ECXKC,3,Segment 1: Long-Term Committed Loyalists
2081-KJSQF,2,Segment 3: Short-Term High-Charge Users
7623-TRNQN,2,Segment 3: Short-Term High-Charge Users
3323-CPBWR,0,Segment 3: Short-Term High-Charge Users
9330-IJWIO,0,Segment 3: Short-Term High-Charge Users
3384-CTMSF,0,Segment 3: Short-Term High-Charge Users
0902-RFHOF,1,Segment 1: Long-Term Committed Loyalists
9286-DOJGF,0,Segment 3: Short-Term High-Charge Users
6048-QBXKL,2,Segment 3: Short-Term High-Charge Users
9661-MHUMO,2,Segment 3: Short-Term High-Charge Users
7718-RXDGG,0,Segment 3: Short-Term High-Charge Users
1025-FALIX,0,Segment 3: Short-Term High-Charge Users
3451-VAWLI,1,Segment 1: Long-Term Committed Loyalists
3407-QGWLG,2,Segment 3: Short-Term High-Charge Users
1842-EZJMK,0,Segment 3: Short-Term High-Charge Users
2347-WKKAE,0,Segment 3: Short-Term High-Charge Users
8735-DCXNF,2,Segment 3: Short-Term High-Charge Users
3214-IYUUQ,3,Segment 1: Long-Term Committed Loyalists
1936-UAFEH,3,Segment 1: Long-Term Committed Loyalists
3587-PMCOY,0,Segment 3: Short-Term High-Charge Users
8079-XRJRS,3,Segment 1: Long-Term Committed Loyalists
1027-LKKQQ,3,Segment 1: Long-Term Committed Loyalists
7148-XZPHA,0,Segment 3: Short-Term High-Charge Users
8073-IJDCM,2,Segment 3: Short-Term High-Charge Users
5309-TAIKL,2,Segment 3: Short-Term High-Charge Users
6856-RAURS,0,Segment 3: Short-Term High-Charge Users
8778-LMWTJ,0,Segment 3: Short-Term High-Charge Users
9717-IOAAF,1,Segment 1: Long-Term Committed Loyalists
8884-ADFVN,0,Segment 3: Short-Term High-Charge Users
2845-KDHVX,3,Segment 1: Long-Term Committed Loyalists
0848-SOMKO,1,Segment 1: Long-Term Committed Loyalists
2720-WGKHP,0,Segment 3: Short-Term High-Charge Users
6734-FQAJX,3,Segment 1: Long-Term Committed Loyalists
2869-ADAWR,0,Segment 3: Short-Term High-Charge Users
1535-VTJOQ,1,Segment 1: Long-Term Committed Loyalists
6368-TZZDT,1,Segment 1: Long-Term Committed Loyalists
0943-ZQPXH,0,Segment 3: Short-Term High-Charge Users
1293-BSEUN,1,Segment 1: Long-Term Committed Loyalists
9894-EZEWG,0,Segment 3: Short-Term High-Charge Users
1302-TPUBN,1,Segment 1: Long-Term Committed Loyalists
7851-FLGGQ,2,Segment 3: Short-Term High-Charge Users
0637-UBJRP,0,Segment 3: Short-Term High-Charge Users
0940-OUQEC,0,Segment 3: Short-Term High-Charge Users
2378-VTKDH,3,Segment 1: Long-Term Committed Loyalists
0927-CNGRH,2,Segment 3: Short-Term High-Charge Users
8608-OZTLB,3,Segment 1: Long-Term Committed Loyalists
2335-GSODA,1,Segment 1: Long-Term Committed Loyalists
1952-DVVSW,1,Segment 1: Long-Term Committed Loyalists
0702-PGIBZ,0,Segment 3: Short-Term High-Charge Users
6656-GULJQ,3,Segment 1: Long-Term Committed Loyalists
9853-JFZDU,2,Segment 3: Short-Term High-Charge Users
1963-VAUKV,2,Segment 3: Short-Term High-Charge Users
3777-XROBG,1,Segment 1: Long-Term Committed Loyalists
6994-FGRHH,3,Segment 1: Long-Term Committed Loyalists
4000-VGMQP,3,Segment 1: Long-Term Committed Loyalists
3999-WRNGR,2,Segment 3: Short-Term High-Charge Users
3466-RITXD,0,Segment 3: Short-Term High-Charge Users
2680-XKKNJ,1,Segment 1: Long-Term Committed Loyalists
3058-HJCUY,3,Segment 1: Long-Term Committed Loyalists
2974-GGUXS,0,Segment 3: Short-Term High-Charge Users
7994-XIRTR,1,Segment 1: Long-Term Committed Loyalists
3259-FDWOY,3,Segment 1: Long-Term Committed Loyalists
2101-RANCD,0,Segment 3: Short-Term High-Charge Users
7921-BEPCI,3,Segment 1: Long-Term Committed Loyalists
0807-ZABDG,2,Segment 3: Short-Term High-Charge Users
8510-TMWYB,1,Segment 1: Long-Term Committed Loyalists
3258-ZKPAI,3,Segment 1: Long-Term Committed Loyalists
1428-IEDPR,3,Segment 1: Long-Term Committed Loyalists
5298-GSTLM,3,Segment 1: Long-Term Committed Loyalists
4450-YOOHP,2,Segment 3: Short-Term High-Charge Users
6728-CZFEI,1,Segment 1: Long-Term Committed Loyalists
5748-RNCJT,3,Segment 1: Long-Term Committed Loyalists
3653-NCRDJ,1,Segment 1: Long-Term Committed Loyalists
6121-TNHBO,3,Segment 1: Long-Term Committed Loyalists
5119-NZPTV,0,Segment 3: Short-Term High-Charge Users
6519-ZHPXP,3,Segment 1: Long-Term Committed Loyalists
7739-LAXOG,0,Segment 3: Short-Term High-Charge Users
3472-QPRCH,1,Segment 1: Long-Term Committed Loyalists
8224-UAXBZ,1,Segment 1: Long-Term Committed Loyalists
9610-WCESF,1,Segment 1: Long-Term Committed Loyalists
9776-CLUJA,0,Segment 3: Short-Term High-Charge Users
2486-WYVVE,3,Segment 1: Long-Term Committed Loyalists
3865-ZYKAD,3,Segment 1: Long-Term Committed Loyalists
1422-DGUBX,0,Segment 3: Short-Term High-Charge Users
2999-AANRQ,1,Segment 1: Long-Term Committed Loyalists
8668-KNZTI,1,Segment 1: Long-Term Committed Loyalists
0480-KYJVA,1,Segment 1: Long-Term Committed Loyalists
6034-ZRYCV,3,Segment 1: Long-Term Committed Loyalists
9746-YKGXB,1,Segment 1: Long-Term Committed Loyalists
3926-YZVVX,1,Segment 1: Long-Term Committed Loyalists
6000-UKLWI,1,Segment 1: Long-Term Committed Loyalists
2079-FBMZK,0,Segment 3: Short-Term High-Charge Users
6332-FBZRI,3,Segment 1: Long-Term Committed Loyalists
2096-XOTMO,2,Segment 3: Short-Term High-Charge Users
3266-FTKHB,1,Segment 1: Long-Term Committed Loyalists
8221-EQDGL,2,Segment 3: Short-Term High-Charge Users
2346-LOCWC,1,Segment 1: Long-Term Committed Loyalists
6608-QQLVK,2,Segment 3: Short-Term High-Charge Users
0298-XACET,1,Segment 1: Long-Term Committed Loyalists
7560-QJAVJ,3,Segment 1: Long-Term Committed Loyalists
2995-YWTCD,1,Segment 1: Long-Term Committed Loyalists
3551-HUAZH,0,Segment 3: Short-Term High-Charge Users
9137-UIYPG,0,Segment 3: Short-Term High-Charge Users
2809-ZMYOQ,0,Segment 3: Short-Term High-Charge Users
5084-OOVCJ,2,Segment 3: Short-Term High-Charge Users
0254-WWRKD,1,Segment 1: Long-Term Committed Loyalists
7727-SHVZV,2,Segment 3: Short-Term High-Charge Users
6302-JGYRJ,3,Segment 1: Long-Term Committed Loyalists
5339-PXDVH,0,Segment 3: Short-Term High-Charge Users
2205-LPVGL,3,Segment 1: Long-Term Committed Loyalists
8782-NUUOL,3,Segment 1: Long-Term Committed Loyalists
3685-YLCMQ,3,Segment 1: Long-Term Committed Loyalists
7601-WFVZV,2,Segment 3: Short-Term High-Charge Users
4609-KNNWG,1,Segment 1: Long-Term Committed Loyalists
4868-AADLV,3,Segment 1: Long-Term Committed Loyalists
9529-OFXHY,0,Segment 3: Short-Term High-Charge Users
8634-MPHTR,0,Segment 3: Short-Term High-Charge Users
2669-QVCRG,0,Segment 3: Short-Term High-Charge Users
2478-EEWWM,2,Segment 3: Short-Term High-Charge Users
9174-IHETN,1,Segment 1: Long-Term Committed Loyalists
2233-TXSIU,1,Segment 1: Long-Term Committed Loyalists
9644-UMGQA,2,Segment 3: Short-Term High-Charge Users
3256-EZDBI,2,Segment 3: Short-Term High-Charge Users
8761-NSOBC,0,Segment 3: Short-Term High-Charge Users
0419-YAAPX,0,Segment 3: Short-Term High-Charge Users
8413-VONUO,0,Segment 3: Short-Term High-Charge Users
0872-CASZJ,3,Segment 1: Long-Term Committed Loyalists
4726-DLWQN,2,Segment 3: Short-Term High-Charge Users
8164-OCKUJ,1,Segment 1: Long-Term Committed Loyalists
3094-JOJAI,0,Segment 3: Short-Term High-Charge Users
9494-MRNYX,0,Segment 3: Short-Term High-Charge Users
2599-CZABP,2,Segment 3: Short-Term High-Charge Users
7945-PRBVF,1,Segment 1: Long-Term Committed Loyalists
4544-RXFMG,1,Segment 1: Long-Term Committed Loyalists
0859-YGKFW,1,Segment 1: Long-Term Committed Loyalists
1150-FTQGN,3,Segment 1: Long-Term Committed Loyalists
9223-UCPVT,0,Segment 3: Short-Term High-Charge Users
7196-LIWRH,1,Segment 1: Long-Term Committed Loyalists
5448-VWNAM,2,Segment 3: Short-Term High-Charge Users
1177-XZBJL,1,Segment 1: Long-Term Committed Loyalists
3518-FSTWG,3,Segment 1: Long-Term Committed Loyalists
9330-VOFSZ,3,Segment 1: Long-Term Committed Loyalists
4351-QLCSU,2,Segment 3: Short-Term High-Charge Users
0939-EREMR,2,Segment 3: Short-Term High-Charge Users
9389-ACWBI,0,Segment 3: Short-Term High-Charge Users
5419-JPRRN,0,Segment 3: Short-Term High-Charge Users
3644-QXEHN,0,Segment 3: Short-Term High-Charge Users
2911-IJORQ,3,Segment 1: Long-Term Committed Loyalists
5921-NGYRH,0,Segment 3: Short-Term High-Charge Users
2100-BDNSN,2,Segment 3: Short-Term High-Charge Users
5998-DZLYR,3,Segment 1: Long-Term Committed Loyalists
0488-GSLFR,0,Segment 3: Short-Term High-Charge Users
9318-NKNFC,2,Segment 3: Short-Term High-Charge Users
3985-HOYPM,1,Segment 1: Long-Term Committed Loyalists
9728-FTTVZ,0,Segment 3: Short-Term High-Charge Users
9548-LERKT,1,Segment 1: Long-Term Committed Loyalists
6576-FBXOJ,2,Segment 3: Short-Term High-Charge Users
4310-KEDTB,2,Segment 3: Short-Term High-Charge Users
7254-IQWOZ,0,Segment 3: Short-Term High-Charge Users
2474-BRUCM,0,Segment 3: Short-Term High-Charge Users
4062-HBMOS,0,Segment 3: Short-Term High-Charge Users
0742-NXBGR,0,Segment 3: Short-Term High-Charge Users
2676-ISHSF,2,Segment 3: Short-Term High-Charge Users
9236-NDUCW,1,Segment 1: Long-Term Committed Loyalists
4753-PADAS,3,Segment 1: Long-Term Committed Loyalists
6103-QCKFX,2,Segment 3: Short-Term High-Charge Users
7781-EWARA,3,Segment 1: Long-Term Committed Loyalists
6110-OHIHY,0,Segment 3: Short-Term High-Charge Users
7018-FPXHH,1,Segment 1: Long-Term Committed Loyalists
5889-LFOLL,0,Segment 3: Short-Term High-Charge Users
5708-EVONK,3,Segment 1: Long-Term Committed Loyalists
8708-XPXHZ,0,Segment 3: Short-Term High-Charge Users
0616-ATFGB,2,Segment 3: Short-Term High-Charge Users
0572-ZJKLT,3,Segment 1: Long-Term Committed Loyalists
5135-RDDQL,1,Segment 1: Long-Term Committed Loyalists
1353-LJWEM,2,Segment 3: Short-Term High-Charge Users
1794-SWWKL,2,Segment 3: Short-Term High-Charge Users
6166-YIPFO,3,Segment 1: Long-Term Committed Loyalists
7016-BPGEU,2,Segment 3: Short-Term High-Charge Users
6876-ADESB,2,Segment 3: Short-Term High-Charge Users
9332-GYWLO,2,Segment 3: Short-Term High-Charge Users
1963-SVUCV,2,Segment 3: Short-Term High-Charge Users
4184-VODJZ,3,Segment 1: Long-Term Committed Loyalists
0220-EBGCE,0,Segment 3: Short-Term High-Charge Users
1092-WPIVQ,1,Segment 1: Long-Term Committed Loyalists
7233-IOQNP,2,Segment 3: Short-Term High-Charge Users
2834-JKOOW,1,Segment 1: Long-Term Committed Loyalists
2754-VDLTR,0,Segment 3: Short-Term High-Charge Users
2400-FEQME,1,Segment 1: Long-Term Committed Loyalists
3190-XFANI,3,Segment 1: Long-Term Committed Loyalists
7551-DACSP,2,Segment 3: Short-Term High-Charge Users
4957-SREEC,1,Segment 1: Long-Term Committed Loyalists
7235-NXZCP,0,Segment 3: Short-Term High-Charge Users
0230-UBYPQ,1,Segment 1: Long-Term Committed Loyalists
4923-ADWXJ,2,Segment 3: Short-Term High-Charge Users
1763-KUAAW,1,Segment 1: Long-Term Committed Loyalists
1104-TNLZA,0,Segment 3: Short-Term High-Charge Users
5195-KPUNQ,3,Segment 1: Long-Term Committed Loyalists
0520-FDVVT,3,Segment 1: Long-Term Committed Loyalists
3439-GVUSX,2,Segment 3: Short-Term High-Charge Users
1444-VVSGW,3,Segment 1: Long-Term Committed Loyalists
5712-PTIWW,0,Segment 3: Short-Term High-Charge Users
5949-HGVJL,0,Segment 3: Short-Term High-Charge Users
5203-XEHAX,1,Segment 1: Long-Term Committed Loyalists
1635-HDGFT,1,Segment 1: Long-Term Committed Loyalists
3315-TOTBP,0,Segment 3: Short-Term High-Charge Users
8050-XGRVL,1,Segment 1: Long-Term Committed Loyalists
6661-HBGWL,0,Segment 3: Short-Term High-Charge Users
1518-VOWAV,2,Segment 3: Short-Term High-Charge Users
9828-QHFBK,2,Segment 3: Short-Term High-Charge Users
3908-MKIMJ,1,Segment 1: Long-Term Committed Loyalists
5012-YSPJJ,2,Segment 3: Short-Term High-Charge Users
5909-ECHUI,2,Segment 3: Short-Term High-Charge Users
1309-BXVOQ,0,Segment 3: Short-Term High-Charge Users
6728-VOIFY,3,Segment 1: Long-Term Committed Loyalists
9317-WZPGV,0,Segment 3: Short-Term High-Charge Users
4891-NLUBA,3,Segment 1: Long-Term Committed Loyalists
2856-HYAPG,0,Segment 3: Short-Term High-Charge Users
8969-PRHFK,1,Segment 1: Long-Term Committed Loyalists
0661-KQHNK,1,Segment 1: Long-Term Committed Loyalists
8709-KRDVL,0,Segment 3: Short-Term High-Charge Users
4488-PSYCG,2,Segment 3: Short-Term High-Charge Users
1427-VERSM,0,Segment 3: Short-Term High-Charge Users
9801-NOSHQ,1,Segment 1: Long-Term Committed Loyalists
6339-YPSAH,0,Segment 3: Short-Term High-Charge Users
3621-CEOVK,0,Segment 3: Short-Term High-Charge Users
6906-ANDWJ,0,Segment 3: Short-Term High-Charge Users
2159-TURXX,2,Segment 3: Short-Term High-Charge Users
1548-FEHVL,3,Segment 1: Long-Term Committed Loyalists
3795-CAWEX,3,Segment 1: Long-Term Committed Loyalists
6215-NQCPY,0,Segment 3: Short-Term High-Charge Users
5647-URDKA,1,Segment 1: Long-Term Committed Loyalists
2229-DPMBI,1,Segment 1: Long-Term Committed Loyalists
9626-WEQRM,2,Segment 3: Short-Term High-Charge Users
2188-SXWVT,1,Segment 1: Long-Term Committed Loyalists
6258-PVZWJ,3,Segment 1: Long-Term Committed Loyalists
1094-BKOSX,1,Segment 1: Long-Term Committed Loyalists
6969-MVBAI,0,Segment 3: Short-Term High-Charge Users
2978-XXSOG,2,Segment 3: Short-Term High-Charge Users
2342-CKIAO,2,Segment 3: Short-Term High-Charge Users
6953-PBDIN,3,Segment 1: Long-Term Committed Loyalists
3898-BSJYF,1,Segment 1: Long-Term Committed Loyalists
3938-YFPXD,3,Segment 1: Long-Term Committed Loyalists
7696-AMHOD,3,Segment 1: Long-Term Committed Loyalists
2453-SAFNS,3,Segment 1: Long-Term Committed Loyalists
9558-IHEZX,3,Segment 1: Long-Term Committed Loyalists
9617-UDPEU,1,Segment 1: Long-Term Committed Loyalists
6340-DACFT,1,Segment 1: Long-Term Committed Loyalists
4955-VCWBI,1,Segment 1: Long-Term Committed Loyalists
6813-GZQCG,1,Segment 1: Long-Term Committed Loyalists
7426-GSWPO,3,Segment 1: Long-Term Committed Loyalists
3389-KTRXV,1,Segment 1: Long-Term Committed Loyalists
3118-UHVVQ,1,Segment 1: Long-Term Committed Loyalists
1031-IIDEO,0,Segment 3: Short-Term High-Charge Users
5832-XKAES,0,Segment 3: Short-Term High-Charge Users
3205-MXZRA,1,Segment 1: Long-Term Committed Loyalists
4701-AHWMW,2,Segment 3: Short-Term High-Charge Users
8317-BVKSO,2,Segment 3: Short-Term High-Charge Users
5702-KVQRD,3,Segment 1: Long-Term Committed Loyalists
0083-PIVIK,3,Segment 1: Long-Term Committed Loyalists
9210-IAHGH,2,Segment 3: Short-Term High-Charge Users
6169-PGNCD,3,Segment 1: Long-Term Committed Loyalists
0023-XUOPT,0,Segment 3: Short-Term High-Charge Users
4592-IWTJI,2,Segment 3: Short-Term High-Charge Users
4909-JOUPP,3,Segment 1: Long-Term Committed Loyalists
4657-FWVFY,0,Segment 3: Short-Term High-Charge Users
2257-BOVXD,2,Segment 3: Short-Term High-Charge Users
7729-JTEEC,2,Segment 3: Short-Term High-Charge Users
7632-MNYOY,3,Segment 1: Long-Term Committed Loyalists
6518-LGAOV,0,Segment 3: Short-Term High-Charge Users
7242-QZLXF,2,Segment 3: Short-Term High-Charge Users
4576-CSAJH,1,Segment 1: Long-Term Committed Loyalists
1000-AJSLD,2,Segment 3: Short-Term High-Charge Users
9696-RMYBA,0,Segment 3: Short-Term High-Charge Users
8690-UPCZI,1,Segment 1: Long-Term Committed Loyalists
1062-LHZOD,0,Segment 3: Short-Term High-Charge Users
9770-LXDBK,2,Segment 3: Short-Term High-Charge Users
4086-WITJG,1,Segment 1: Long-Term Committed Loyalists
8344-WFMFH,2,Segment 3: Short-Term High-Charge Users
9600-NAXZN,0,Segment 3: Short-Term High-Charge Users
8822-KNBHV,3,Segment 1: Long-Term Committed Loyalists
8404-FYDIB,0,Segment 3: Short-Term High-Charge Users
2791-SFVEW,2,Segment 3: Short-Term High-Charge Users
6457-USBER,0,Segment 3: Short-Term High-Charge Users
6762-NSODU,1,Segment 1: Long-Term Committed Loyalists
4662-EKDPQ,2,Segment 3: Short-Term High-Charge Users
9248-OJYKK,0,Segment 3: Short-Term High-Charge Users
9888-ZCUMM,3,Segment 1: Long-Term Committed Loyalists
3398-FSHON,0,Segment 3: Short-Term High-Charge Users
3319-DWOEP,0,Segment 3: Short-Term High-Charge Users
1074-WVEVG,1,Segment 1: Long-Term Committed Loyalists
9979-RGMZT,0,Segment 3: Short-Term High-Charge Users
6437-UDQJM,3,Segment 1: Long-Term Committed Loyalists
1226-IENZN,0,Segment 3: Short-Term High-Charge Users
2108-GLPQB,2,Segment 3: Short-Term High-Charge Users
9259-PACGQ,2,Segment 3: Short-Term High-Charge Users
4415-IJZTP,0,Segment 3: Short-Term High-Charge Users
1465-VINDH,0,Segment 3: Short-Term High-Charge Users
5474-LAMUQ,1,Segment 1: Long-Term Committed Loyalists
3468-DRVQJ,2,Segment 3: Short-Term High-Charge Users
1122-YJBCS,1,Segment 1: Long-Term Committed Loyalists
4990-ALDGW,1,Segment 1: Long-Term Committed Loyalists
4816-OKWNX,3,Segment 1: Long-Term Committed Loyalists
3315-IKYZQ,1,Segment 1: Long-Term Committed Loyalists
2810-FTLEM,2,Segment 3: Short-Term High-Charge Users
4747-LCAQL,2,Segment 3: Short-Term High-Charge Users
3411-WLRSQ,0,Segment 3: Short-Term High-Charge Users
0898-XCGTF,3,Segment 1: Long-Term Committed Loyalists
8006-PYCSW,2,Segment 3: Short-Term High-Charge Users
8249-THVEC,1,Segment 1: Long-Term Committed Loyalists
8722-PRFDV,3,Segment 1: Long-Term Committed Loyalists
2164-SOQXL,2,Segment 3: Short-Term High-Charge Users
4020-KIUDI,2,Segment 3: Short-Term High-Charge Users
5850-BDWCY,2,Segment 3: Short-Term High-Charge Users
2038-YSEZE,2,Segment 3: Short-Term High-Charge Users
0827-ITJPH,1,Segment 1: Long-Term Committed Loyalists
8799-OXZMD,2,Segment 3: Short-Term High-Charge Users
1925-TIBLE,0,Segment 3: Short-Term High-Charge Users
1705-GUHPV,1,Segment 1: Long-Term Committed Loyalists
4779-ZGICK,1,Segment 1: Long-Term Committed Loyalists
0048-PIHNL,1,Segment 1: Long-Term Committed Loyalists
0818-OCPZO,0,Segment 3: Short-Term High-Charge Users
3967-KXAPS,3,Segment 1: Long-Term Committed Loyalists
1447-GIQMR,0,Segment 3: Short-Term High-Charge Users
3704-IEAXF,1,Segment 1: Long-Term Committed Loyalists
6810-VCAEX,1,Segment 1: Long-Term Committed Loyalists
0674-EYYZV,2,Segment 3: Short-Term High-Charge Users
4480-MBMLB,3,Segment 1: Long-Term Committed Loyalists
1395-OFUWC,2,Segment 3: Short-Term High-Charge Users
0822-QGCXA,0,Segment 3: Short-Term High-Charge Users
0872-NXJYS,0,Segment 3: Short-Term High-Charge Users
2832-KJCRD,0,Segment 3: Short-Term High-Charge Users
3588-WSTTJ,0,Segment 3: Short-Term High-Charge Users
4075-WKNIU,1,Segment 1: Long-Term Committed Loyalists
5090-EMGTC,3,Segment 1: Long-Term Committed Loyalists
2346-CZYIL,1,Segment 1: Long-Term Committed Loyalists
3798-EPWRR,2,Segment 3: Short-Term High-Charge Users
6258-NGCNG,2,Segment 3: Short-Term High-Charge Users
4186-ZBUEW,1,Segment 1: Long-Term Committed Loyalists
5274-XHAKY,0,Segment 3: Short-Term High-Charge Users
1442-BQPVU,2,Segment 3: Short-Term High-Charge Users
3978-YNKDD,1,Segment 1: Long-Term Committed Loyalists
4940-KHCWD,1,Segment 1: Long-Term Committed Loyalists
9412-ARGBX,3,Segment 1: Long-Term Committed Loyalists
1389-CXMLU,0,Segment 3: Short-Term High-Charge Users
9589-ABEPT,3,Segment 1: Long-Term Committed Loyalists
9388-ZEYVT,1,Segment 1: Long-Term Committed Loyalists
0305-SQECB,1,Segment 1: Long-Term Committed Loyalists
7605-SNLQG,2,Segment 3: Short-Term High-Charge Users
4670-TABXH,3,Segment 1: Long-Term Committed Loyalists
5561-NWEVX,0,Segment 3: Short-Term High-Charge Users
0064-SUDOG,1,Segment 1: Long-Term Committed Loyalists
8561-NMTBD,3,Segment 1: Long-Term Committed Loyalists
5161-XEUVX,3,Segment 1: Long-Term Committed Loyalists
8292-FRFZQ,1,Segment 1: Long-Term Committed Loyalists
8591-NXRCV,2,Segment 3: Short-Term High-Charge Users
7895-VONWT,2,Segment 3: Short-Term High-Charge Users
4526-RMTLL,1,Segment 1: Long-Term Committed Loyalists
6253-GNHWH,3,Segment 1: Long-Term Committed Loyalists
4566-NECEV,0,Segment 3: Short-Term High-Charge Users
8080-POTJR,3,Segment 1: Long-Term Committed Loyalists
6906-MPARY,3,Segment 1: Long-Term Committed Loyalists
3662-FXJFO,1,Segment 1: Long-Term Committed Loyalists
8107-RZLNV,3,Segment 1: Long-Term Committed Loyalists
0516-OOHAR,3,Segment 1: Long-Term Committed Loyalists
2027-CWDNU,0,Segment 3: Short-Term High-Charge Users
2737-WFVYW,2,Segment 3: Short-Term High-Charge Users
9912-OMZDS,3,Segment 1: Long-Term Committed Loyalists
3733-ZEECP,2,Segment 3: Short-Term High-Charge Users
7878-RTCZG,2,Segment 3: Short-Term High-Charge Users
2452-MRMZF,1,Segment 1: Long-Term Committed Loyalists
2272-QAGFO,0,Segment 3: Short-Term High-Charge Users
7103-IPXPJ,3,Segment 1: Long-Term Committed Loyalists
4342-HFXWS,1,Segment 1: Long-Term Committed Loyalists
3545-CNWRG,0,Segment 3: Short-Term High-Charge Users
1785-BPHTP,0,Segment 3: Short-Term High-Charge Users
4989-LIXVT,3,Segment 1: Long-Term Committed Loyalists
7315-WYOAW,0,Segment 3: Short-Term High-Charge Users
1173-XZPYF,0,Segment 3: Short-Term High-Charge Users
9850-OWRHQ,0,Segment 3: Short-Term High-Charge Users
3768-NLUBH,0,Segment 3: Short-Term High-Charge Users
8676-TRMJS,0,Segment 3: Short-Term High-Charge Users
2509-TFPJU,1,Segment 1: Long-Term Committed Loyalists
9530-GRMJG,3,Segment 1: Long-Term Committed Loyalists
6898-RBTLU,3,Segment 1: Long-Term Committed Loyalists
5481-NTDOH,3,Segment 1: Long-Term Committed Loyalists
2068-WWXQZ,1,Segment 1: Long-Term Committed Loyalists
7359-SSBJK,3,Segment 1: Long-Term Committed Loyalists
2061-VVFST,2,Segment 3: Short-Term High-Charge Users
0685-MLYYM,0,Segment 3: Short-Term High-Charge Users
0749-IRGQE,2,Segment 3: Short-Term High-Charge Users
2380-DAMQP,3,Segment 1: Long-Term Committed Loyalists
2256-YLYLP,3,Segment 1: Long-Term Committed Loyalists
1272-ILHFG,1,Segment 1: Long-Term Committed Loyalists
0164-XAIRP,1,Segment 1: Long-Term Committed Loyalists
5666-CYCYZ,0,Segment 3: Short-Term High-Charge Users
4011-ARPHK,2,Segment 3: Short-Term High-Charge Users
8182-PNAGI,2,Segment 3: Short-Term High-Charge Users
6365-HITVU,3,Segment 1: Long-Term Committed Loyalists
7558-IMLMT,1,Segment 1: Long-Term Committed Loyalists
9488-FYQAU,3,Segment 1: Long-Term Committed Loyalists
3590-TCXTB,2,Segment 3: Short-Term High-Charge Users
6994-KERXL,2,Segment 3: Short-Term High-Charge Users
7957-RYHQD,0,Segment 3: Short-Term High-Charge Users
2180-DXNEG,0,Segment 3: Short-Term High-Charge Users
1960-UOTYM,3,Segment 1: Long-Term Committed Loyalists
2740-JFBOK,2,Segment 3: Short-Term High-Charge Users
6500-JVEGC,3,Segment 1: Long-Term Committed Loyalists
5515-AKOAJ,0,Segment 3: Short-Term High-Charge Users
8976-OQHGT,2,Segment 3: Short-Term High-Charge Users
5245-VDBUR,1,Segment 1: Long-Term Committed Loyalists
6230-BSUXY,0,Segment 3: Short-Term High-Charge Users
8469-SNFFH,3,Segment 1: Long-Term Committed Loyalists
2144-ESWKO,1,Segment 1: Long-Term Committed Loyalists
1241-FPMOF,1,Segment 1: Long-Term Committed Loyalists
9928-BZVLZ,1,Segment 1: Long-Term Committed Loyalists
4114-QMKVN,3,Segment 1: Long-Term Committed Loyalists
2775-SEFEE,1,Segment 1: Long-Term Committed Loyalists
9003-CPATH,0,Segment 3: Short-Term High-Charge Users
1754-GKYPY,0,Segment 3: Short-Term High-Charge Users
5294-CDGWY,1,Segment 1: Long-Term Committed Loyalists
7956-XQWGU,2,Segment 3: Short-Term High-Charge Users
1591-MQJTP,3,Segment 1: Long-Term Committed Loyalists
5295-PCJOO,2,Segment 3: Short-Term High-Charge Users
2369-FEVNO,2,Segment 3: Short-Term High-Charge Users
9863-JZAIC,2,Segment 3: Short-Term High-Charge Users
7471-MQPOS,3,Segment 1: Long-Term Committed Loyalists
7660-HDPJV,0,Segment 3: Short-Term High-Charge Users
5115-SQAAU,1,Segment 1: Long-Term Committed Loyalists
9845-QOMAD,1,Segment 1: Long-Term Committed Loyalists
7672-VFMXZ,2,Segment 3: Short-Term High-Charge Users
9739-JLPQJ,3,Segment 1: Long-Term Committed Loyalists
9916-AYHTC,1,Segment 1: Long-Term Committed Loyalists
3855-ONCAR,0,Segment 3: Short-Term High-Charge Users
1488-SYSFC,2,Segment 3: Short-Term High-Charge Users
7931-PXHFC,1,Segment 1: Long-Term Committed Loyalists
3990-QYKBE,0,Segment 3: Short-Term High-Charge Users
0970-QXPXW,2,Segment 3: Short-Term High-Charge Users
3259-KNMRR,3,Segment 1: Long-Term Committed Loyalists
6120-RJKLU,3,Segment 1: Long-Term Committed Loyalists
9572-WUKSB,2,Segment 3: Short-Term High-Charge Users
5893-KCLGT,1,Segment 1: Long-Term Committed Loyalists
0076-LVEPS,2,Segment 3: Short-Term High-Charge Users
3640-JQGJG,2,Segment 3: Short-Term High-Charge Users
4919-MOAVT,0,Segment 3: Short-Term High-Charge Users
1596-OQSPS,2,Segment 3: Short-Term High-Charge Users
9867-XOBQA,1,Segment 1: Long-Term Committed Loyalists
9546-KDTRB,2,Segment 3: Short-Term High-Charge Users
3090-HAWSU,3,Segment 1: Long-Term Committed Loyalists
9820-RMCQV,2,Segment 3: Short-Term High-Charge Users
3174-RKMOW,0,Segment 3: Short-Term High-Charge Users
1760-CAZHT,2,Segment 3: Short-Term High-Charge Users
7839-QRKXN,2,Segment 3: Short-Term High-Charge Users
8441-SHIPE,1,Segment 1: Long-Term Committed Loyalists
5204-QZXPU,2,Segment 3: Short-Term High-Charge Users
4597-ELFTS,1,Segment 1: Long-Term Committed Loyalists
1320-GVNHT,3,Segment 1: Long-Term Committed Loyalists
1047-RNXZV,1,Segment 1: Long-Term Committed Loyalists
3541-ZNUHK,0,Segment 3: Short-Term High-Charge Users
8450-JOVAH,2,Segment 3: Short-Term High-Charge Users
8725-JEDFD,0,Segment 3: Short-Term High-Charge Users
7562-UXTPG,0,Segment 3: Short-Term High-Charge Users
8071-SBTRN,3,Segment 1: Long-Term Committed Loyalists
1113-IUJYX,0,Segment 3: Short-Term High-Charge Users
6668-CNMFP,0,Segment 3: Short-Term High-Charge Users
5626-MGTUK,0,Segment 3: Short-Term High-Charge Users
5681-LLOEI,3,Segment 1: Long-Term Committed Loyalists
8212-DJRCH,0,Segment 3: Short-Term High-Charge Users
4323-OHFOW,3,Segment 1: Long-Term Committed Loyalists
4933-BSAIP,1,Segment 1: Long-Term Committed Loyalists
2030-BTZRO,1,Segment 1: Long-Term Committed Loyalists
1116-DXXDF,3,Segment 1: Long-Term Committed Loyalists
9274-CNFMO,0,Segment 3: Short-Term High-Charge Users
7758-XKCBS,2,Segment 3: Short-Term High-Charge Users
8992-JQYUN,2,Segment 3: Short-Term High-Charge Users
6563-VNPMN,0,Segment 3: Short-Term High-Charge Users
0617-AQNWT,1,Segment 1: Long-Term Committed Loyalists
2267-WTPYD,3,Segment 1: Long-Term Committed Loyalists
0270-THENM,3,Segment 1: Long-Term Committed Loyalists
2446-PLQVO,0,Segment 3: Short-Term High-Charge Users
4707-MAXGU,1,Segment 1: Long-Term Committed Loyalists
2710-WYVXG,1,Segment 1: Long-Term Committed Loyalists
3005-NFMTA,0,Segment 3: Short-Term High-Charge Users
6300-BWMJX,0,Segment 3: Short-Term High-Charge Users
8784-CGILN,0,Segment 3: Short-Term High-Charge Users
5389-FFVKB,0,Segment 3: Short-Term High-Charge Users
7009-LGECI,2,Segment 3: Short-Term High-Charge Users
8444-WRIDW,0,Segment 3: Short-Term High-Charge Users
5022-KVDQT,0,Segment 3: Short-Term High-Charge Users
7976-CICYS,2,Segment 3: Short-Term High-Charge Users
1036-GUDCL,3,Segment 1: Long-Term Committed Loyalists
2005-DWQZJ,1,Segment 1: Long-Term Committed Loyalists
8148-WOCMK,1,Segment 1: Long-Term Committed Loyalists
7815-PDTHL,1,Segment 1: Long-Term Committed Loyalists
9451-LPGOO,0,Segment 3: Short-Term High-Charge Users
9173-IVZVP,1,Segment 1: Long-Term Committed Loyalists
9129-UXERG,0,Segment 3: Short-Term High-Charge Users
3635-JBPSG,1,Segment 1: Long-Term Committed Loyalists
7964-ZRKKG,3,Segment 1: Long-Term Committed Loyalists
5868-YWPDW,0,Segment 3: Short-Term High-Charge Users
6229-LSCKB,0,Segment 3: Short-Term High-Charge Users
2025-JKFWI,0,Segment 3: Short-Term High-Charge Users
4078-SAYYN,0,Segment 3: Short-Term High-Charge Users
1724-IQWNM,2,Segment 3: Short-Term High-Charge Users
8217-QYOHV,2,Segment 3: Short-Term High-Charge Users
5546-QUERU,1,Segment 1: Long-Term Committed Loyalists
9940-HPQPG,0,Segment 3: Short-Term High-Charge Users
6897-UUBNU,0,Segment 3: Short-Term High-Charge Users
6127-IYJOZ,2,Segment 3: Short-Term High-Charge Users
6618-RYATB,0,Segment 3: Short-Term High-Charge Users
8930-XOTDP,2,Segment 3: Short-Term High-Charge Users
5916-QEWPT,2,Segment 3: Short-Term High-Charge Users
5060-TQUQN,0,Segment 3: Short-Term High-Charge Users
0531-XBKMM,3,Segment 1: Long-Term Committed Loyalists
8465-SBRXP,3,Segment 1: Long-Term Committed Loyalists
2408-PSJVE,2,Segment 3: Short-Term High-Charge Users
9079-YEXQJ,3,Segment 1: Long-Term Committed Loyalists
9700-ZCLOT,2,Segment 3: Short-Term High-Charge Users
8738-JOKAR,1,Segment 1: Long-Term Committed Loyalists
4534-WGCIR,1,Segment 1: Long-Term Committed Loyalists
1930-WNXSB,0,Segment 3: Short-Term High-Charge Users
2685-SREOM,0,Segment 3: Short-Term High-Charge Users
3508-CFVZL,3,Segment 1: Long-Term Committed Loyalists
0402-CQAJN,0,Segment 3: Short-Term High-Charge Users
6692-UDPJC,0,Segment 3: Short-Term High-Charge Users
1273-MTETI,0,Segment 3: Short-Term High-Charge Users
0657-DOGUM,1,Segment 1: Long-Term Committed Loyalists
5480-HPRRX,2,Segment 3: Short-Term High-Charge Users
8792-AOROI,1,Segment 1: Long-Term Committed Loyalists
0295-PPHDO,0,Segment 3: Short-Term High-Charge Users
5146-YYFRZ,1,Segment 1: Long-Term Committed Loyalists
1195-OIYEJ,0,Segment 3: Short-Term High-Charge Users
5906-CVLHP,1,Segment 1: Long-Term Committed Loyalists
3452-SRFEG,0,Segment 3: Short-Term High-Charge Users
4070-OKWVH,3,Segment 1: Long-Term Committed Loyalists
5297-MDOIR,3,Segment 1: Long-Term Committed Loyalists
6369-MCAKO,3,Segment 1: Long-Term Committed Loyalists
4926-UMJZD,2,Segment 3: Short-Term High-Charge Users
6848-HJTXY,1,Segment 1: Long-Term Committed Loyalists
6341-AEVKX,3,Segment 1: Long-Term Committed Loyalists
4501-EQDRN,0,Segment 3: Short-Term High-Charge Users
2990-HWIML,0,Segment 3: Short-Term High-Charge Users
0682-USIXD,0,Segment 3: Short-Term High-Charge Users
6976-BWGLQ,1,Segment 1: Long-Term Committed Loyalists
7078-NVFAM,2,Segment 3: Short-Term High-Charge Users
8065-QBYTO,3,Segment 1: Long-Term Committed Loyalists
2133-TSRRM,0,Segment 3: Short-Term High-Charge Users
7384-GHBPI,2,Segment 3: Short-Term High-Charge Users
7603-USHJS,0,Segment 3: Short-Term High-Charge Users
7234-FECYN,0,Segment 3: Short-Term High-Charge Users
2511-ALLCS,1,Segment 1: Long-Term Committed Loyalists
3191-CSNMG,0,Segment 3: Short-Term High-Charge Users
7952-OBOYL,0,Segment 3: Short-Term High-Charge Users
7470-DYNOE,1,Segment 1: Long-Term Committed Loyalists
7853-OETYL,2,Segment 3: Short-Term High-Charge Users
1545-ACTAS,3,Segment 1: Long-Term Committed Loyalists
5876-HZVZM,2,Segment 3: Short-Term High-Charge Users
1400-MMYXY,0,Segment 3: Short-Term High-Charge Users
5126-RCXYW,1,Segment 1: Long-Term Committed Loyalists
3085-QUOZK,2,Segment 3: Short-Term High-Charge Users
2363-BJLSL,3,Segment 1: Long-Term Committed Loyalists
1956-YIFGE,0,Segment 3: Short-Term High-Charge Users
3926-CUQZX,2,Segment 3: Short-Term High-Charge Users
7921-LMDFQ,3,Segment 1: Long-Term Committed Loyalists
2925-MXLSX,1,Segment 1: Long-Term Committed Loyalists
5820-PTRYM,3,Segment 1: Long-Term Committed Loyalists
9609-BENEA,1,Segment 1: Long-Term Committed Loyalists
6211-WHMYA,2,Segment 3: Short-Term High-Charge Users
4459-BBGHE,2,Segment 3: Short-Term High-Charge Users
9945-PSVIP,1,Segment 1: Long-Term Committed Loyalists
1041-RXHRA,0,Segment 3: Short-Term High-Charge Users
1750-CSKKM,2,Segment 3: Short-Term High-Charge Users
9108-EJFJP,2,Segment 3: Short-Term High-Charge Users
0530-IJVDB,3,Segment 1: Long-Term Committed Loyalists
0508-SQWPL,1,Segment 1: Long-Term Committed Loyalists
2215-ZAFGX,0,Segment 3: Short-Term High-Charge Users
8213-TAZPM,3,Segment 1: Long-Term Committed Loyalists
7142-HVGBG,0,Segment 3: Short-Term High-Charge Users
1304-SEGFY,3,Segment 1: Long-Term Committed Loyalists
7242-EDTYC,1,Segment 1: Long-Term Committed Loyalists
2904-GGUAZ,3,Segment 1: Long-Term Committed Loyalists
8267-ZNYVZ,0,Segment 3: Short-Term High-Charge Users
5136-GFPMB,0,Segment 3: Short-Term High-Charge Users
2595-KIWPV,1,Segment 1: Long-Term Committed Loyalists
5243-SAOTC,0,Segment 3: Short-Term High-Charge Users
9398-MMQTO,0,Segment 3: Short-Term High-Charge Users
7619-PLRLP,3,Segment 1: Long-Term Committed Loyalists
6457-GIRWB,0,Segment 3: Short-Term High-Charge Users
6508-NJYRO,1,Segment 1: Long-Term Committed Loyalists
1450-SKCVI,0,Segment 3: Short-Term High-Charge Users
4710-NKCAW,2,Segment 3: Short-Term High-Charge Users
5306-BVTKJ,1,Segment 1: Long-Term Committed Loyalists
0357-NVCRI,2,Segment 3: Short-Term High-Charge Users
5570-PTWEH,0,Segment 3: Short-Term High-Charge Users
2371-KFUOG,3,Segment 1: Long-Term Committed Loyalists
0463-ZSDNT,2,Segment 3: Short-Term High-Charge Users
6502-MJQAE,0,Segment 3: Short-Term High-Charge Users
6257-DTAYD,3,Segment 1: Long-Term Committed Loyalists
4616-ULAOA,3,Segment 1: Long-Term Committed Loyalists
7693-LCKZL,0,Segment 3: Short-Term High-Charge Users
7746-AWNQW,2,Segment 3: Short-Term High-Charge Users
5996-EBTKM,3,Segment 1: Long-Term Committed Loyalists
2758-RNWXS,0,Segment 3: Short-Term High-Charge Users
2314-TNDJQ,3,Segment 1: Long-Term Committed Loyalists
2405-LBMUW,1,Segment 1: Long-Term Committed Loyalists
3454-JFUBC,1,Segment 1: Long-Term Committed Loyalists
0032-PGELS,2,Segment 3: Short-Term High-Charge Users
9039-ZVJDC,2,Segment 3: Short-Term High-Charge Users
6797-LNAQX,3,Segment 1: Long-Term Committed Loyalists
9013-AQORL,2,Segment 3: Short-Term High-Charge Users
2898-MRKPI,3,Segment 1: Long-Term Committed Loyalists
2750-BJLSB,3,Segment 1: Long-Term Committed Loyalists
3648-GZPHF,1,Segment 1: Long-Term Committed Loyalists
2075-RMJIK,2,Segment 3: Short-Term High-Charge Users
9588-YRFHY,1,Segment 1: Long-Term Committed Loyalists
6394-MFYNG,3,Segment 1: Long-Term Committed Loyalists
1564-NTYXF,0,Segment 3: Short-Term High-Charge Users
9364-YKUVW,2,Segment 3: Short-Term High-Charge Users
5392-AKEMH,2,Segment 3: Short-Term High-Charge Users
2451-YMUXS,3,Segment 1: Long-Term Committed Loyalists
3914-FDRHP,0,Segment 3: Short-Term High-Charge Users
3078-ZKNTS,1,Segment 1: Long-Term Committed Loyalists
1024-KPRBB,3,Segment 1: Long-Term Committed Loyalists
4690-PKDQG,0,Segment 3: Short-Term High-Charge Users
8155-IBNHG,0,Segment 3: Short-Term High-Charge Users
0886-QGENL,0,Segment 3: Short-Term High-Charge Users
9547-ITEFG,0,Segment 3: Short-Term High-Charge Users
1264-FUHCX,1,Segment 1: Long-Term Committed Loyalists
7789-CRUVC,3,Segment 1: Long-Term Committed Loyalists
6598-KELSS,1,Segment 1: Long-Term Committed Loyalists
8739-WWKDU,0,Segment 3: Short-Term High-Charge Users
8685-WHQPW,0,Segment 3: Short-Term High-Charge Users
4745-LSPLO,2,Segment 3: Short-Term High-Charge Users
8083-YTZES,0,Segment 3: Short-Term High-Charge Users
7240-FQLHE,0,Segment 3: Short-Term High-Charge Users
6664-FPDAC,3,Segment 1: Long-Term Committed Loyalists
9972-VAFJJ,3,Segment 1: Long-Term Committed Loyalists
0422-UXFAP,3,Segment 1: Long-Term Committed Loyalists
1904-WAJAA,1,Segment 1: Long-Term Committed Loyalists
5130-YPIRV,3,Segment 1: Long-Term Committed Loyalists
2843-CQMEG,2,Segment 3: Short-Term High-Charge Users
6439-PKTRR,3,Segment 1: Long-Term Committed Loyalists
5351-QESIO,2,Segment 3: Short-Term High-Charge Users
0786-VSSUD,2,Segment 3: Short-Term High-Charge Users
5568-DMXZS,2,Segment 3: Short-Term High-Charge Users
8468-FZTOE,3,Segment 1: Long-Term Committed Loyalists
6633-SYEUS,0,Segment 3: Short-Term High-Charge Users
6447-GORXK,2,Segment 3: Short-Term High-Charge Users
6967-PEJLL,1,Segment 1: Long-Term Committed Loyalists
3976-BWUCK,0,Segment 3: Short-Term High-Charge Users
5981-ZVXOT,3,Segment 1: Long-Term Committed Loyalists
1684-FLBGS,2,Segment 3: Short-Term High-Charge Users
1389-WNUIB,1,Segment 1: Long-Term Committed Loyalists
0376-OIWME,0,Segment 3: Short-Term High-Charge Users
3585-ISXZP,0,Segment 3: Short-Term High-Charge Users
0218-QNVAS,3,Segment 1: Long-Term Committed Loyalists
6583-QGCSI,0,Segment 3: Short-Term High-Charge Users
0804-YGEQV,1,Segment 1: Long-Term Committed Loyalists
7164-BPTUT,3,Segment 1: Long-Term Committed Loyalists
4174-LPGTI,1,Segment 1: Long-Term Committed Loyalists
2523-EWWZL,0,Segment 3: Short-Term High-Charge Users
0928-XUTSN,0,Segment 3: Short-Term High-Charge Users
2108-XWMPY,2,Segment 3: Short-Term High-Charge Users
0052-YNYOT,1,Segment 1: Long-Term Committed Loyalists
6304-IJFSQ,2,Segment 3: Short-Term High-Charge Users
9586-JGQKH,3,Segment 1: Long-Term Committed Loyalists
4501-VCPFK,2,Segment 3: Short-Term High-Charge Users
6075-SLNIL,0,Segment 3: Short-Term High-Charge Users
9347-AERRL,1,Segment 1: Long-Term Committed Loyalists
0093-XWZFY,0,Segment 3: Short-Term High-Charge Users
2274-XUATA,3,Segment 1: Long-Term Committed Loyalists
1980-KXVPM,0,Segment 3: Short-Term High-Charge Users
7703-ZEKEF,0,Segment 3: Short-Term High-Charge Users
0723-DRCLG,0,Segment 3: Short-Term High-Charge Users
5482-NUPNA,2,Segment 3: Short-Term High-Charge Users
6691-CCIHA,3,Segment 1: Long-Term Committed Loyalists
1685-BQULA,0,Segment 3: Short-Term High-Charge Users
9053-EJUNL,0,Segment 3: Short-Term High-Charge Users
0666-UXTJO,0,Segment 3: Short-Term High-Charge Users
1471-GIQKQ,2,Segment 3: Short-Term High-Charge Users
4807-IZYOZ,1,Segment 1: Long-Term Committed Loyalists
1122-JWTJW,0,Segment 3: Short-Term High-Charge Users
9710-NJERN,1,Segment 1: Long-Term Committed Loyalists
9837-FWLCH,2,Segment 3: Short-Term High-Charge Users
1699-HPSBG,2,Segment 3: Short-Term High-Charge Users
7203-OYKCT,3,Segment 1: Long-Term Committed Loyalists
1035-IPQPU,3,Segment 1: Long-Term Committed Loyalists
7398-LXGYX,0,Segment 3: Short-Term High-Charge Users
2823-LKABH,0,Segment 3: Short-Term High-Charge Users
8775-CEBBJ,2,Segment 3: Short-Term High-Charge Users
0550-DCXLH,2,Segment 3: Short-Term High-Charge Users
9281-CEDRU,3,Segment 1: Long-Term Committed Loyalists
2235-DWLJU,2,Segment 3: Short-Term High-Charge Users
0871-OPBXW,2,Segment 3: Short-Term High-Charge Users
3605-JISKB,1,Segment 1: Long-Term Committed Loyalists
6894-LFHLY,0,Segment 3: Short-Term High-Charge Users
9767-FFLEM,0,Segment 3: Short-Term High-Charge Users
0639-TSIQW,3,Segment 1: Long-Term Committed Loyalists
8456-QDAVC,0,Segment 3: Short-Term High-Charge Users
7750-EYXWZ,2,Segment 3: Short-Term High-Charge Users
2569-WGERO,1,Segment 1: Long-Term Committed Loyalists
6840-RESVB,3,Segment 1: Long-Term Committed Loyalists
2234-XADUH,3,Segment 1: Long-Term Committed Loyalists
4801-JZAZL,2,Segment 3: Short-Term High-Charge Users
8361-LTMKD,0,Segment 3: Short-Term High-Charge Users
3186-AJIEK,3,Segment 1: Long-Term Committed Loyalists
