customerID,BehaviorSegment,ChurnProbability_Raw,ChurnProbability,PredictedChurn,RiskLevel,ImportantRiskFactors
7590-VHVEG,Segment 3: Short-Term High-Charge Users,0.7722776109292929,77.23%,Yes,High Risk,Month-to-month Contract; Low Tenure (0-12m); Electronic Check Payment
5575-GNVDE,Segment 1: Long-Term Committed Loyalists,0.14469262072572595,14.47%,No,Low Risk,No Tech Support
3668-QPYBK,Segment 3: Short-Term High-Charge Users,0.7211671779835361,72.12%,Yes,High Risk,Month-to-month Contract; Low Tenure (0-12m); No Tech Support
7795-CFOCW,Segment 1: Long-Term Committed Loyalists,0.09959160944219436,9.96%,No,Low Risk,Stable Account Profile
9237-HQITU,Segment 3: Short-Term High-Charge Users,0.8290018849721122,82.9%,Yes,High Risk,Month-to-month Contract; Low Tenure (0-12m); Electronic Check Payment
9305-CDSKC,Segment 3: Short-Term High-Charge Users,0.9021556829573695,90.22%,Yes,High Risk,Month-to-month Contract; Low Tenure (0-12m); Electronic Check Payment
1452-KIOVK,Segment 3: Short-Term High-Charge Users,0.6281863928550816,62.82%,Yes,High Risk,Month-to-month Contract; No Tech Support; High Monthly Fee
6713-OKOMC,Segment 3: Short-Term High-Charge Users,0.47547541189313647,47.55%,No,Medium Risk,Month-to-month Contract; Low Tenure (0-12m); No Tech Support
7892-POOKP,Segment 3: Short-Term High-Charge Users,0.7694202134076413,76.94%,Yes,High Risk,Month-to-month Contract; Electronic Check Payment; High Monthly Fee
6388-TABGU,Segment 1: Long-Term Committed Loyalists,0.10367671344903827,10.37%,No,Low Risk,No Tech Support
9763-GRSKD,Segment 3: Short-Term High-Charge Users,0.3928996813706328,39.29%,No,Medium Risk,Month-to-month Contract; No Tech Support
7469-LKBCI,Segment 1: Long-Term Committed Loyalists,0.03719873555452602,3.72%,No,Low Risk,Stable Account Profile
8091-TTVAX,Segment 1: Long-Term Committed Loyalists,0.3888779554642811,38.89%,No,Medium Risk,No Tech Support; High Monthly Fee
0280-XJGEX,Segment 1: Long-Term Committed Loyalists,0.6131593798814797,61.32%,Yes,High Risk,Month-to-month Contract; No Tech Support; High Monthly Fee
5129-JLPIS,Segment 3: Short-Term High-Charge Users,0.6924646398330324,69.25%,Yes,High Risk,Month-to-month Contract; Electronic Check Payment; High Monthly Fee
3655-SNQYZ,Segment 1: Long-Term Committed Loyalists,0.10489496600501802,10.49%,No,Low Risk,High Monthly Fee
8191-XWSZG,Segment 1: Long-Term Committed Loyalists,0.07010083494171303,7.01%,No,Low Risk,Stable Account Profile
9959-WOFKT,Segment 1: Long-Term Committed Loyalists,0.2296478201655095,22.96%,No,Low Risk,No Tech Support; High Monthly Fee
4190-MFLUW,Segment 3: Short-Term High-Charge Users,0.42654741957043696,42.65%,No,Medium Risk,Month-to-month Contract; Low Tenure (0-12m)
4183-MYFRB,Segment 3: Short-Term High-Charge Users,0.7197441816512041,71.97%,Yes,High Risk,Month-to-month Contract; Electronic Check Payment; No Tech Support
8779-QRDMV,Segment 3: Short-Term High-Charge Users,0.8656927833243843,86.57%,Yes,High Risk,Month-to-month Contract; Low Tenure (0-12m); Electronic Check Payment
1680-VDCWW,Segment 1: Long-Term Committed Loyalists,0.1340929789796966,13.41%,No,Low Risk,Low Tenure (0-12m)
1066-JKSGK,Segment 3: Short-Term High-Charge Users,0.7079267920764536,70.79%,Yes,High Risk,Month-to-month Contract; Low Tenure (0-12m)
3638-WEABW,Segment 1: Long-Term Committed Loyalists,0.06197934566117239,6.2%,No,Low Risk,Stable Account Profile
6322-HRPFA,Segment 3: Short-Term High-Charge Users,0.18655937428460015,18.66%,No,Low Risk,Month-to-month Contract
6865-JZNKO,Segment 3: Short-Term High-Charge Users,0.24917598670577565,24.92%,No,Low Risk,Month-to-month Contract; No Tech Support
6467-CHFZW,Segment 3: Short-Term High-Charge Users,0.6717349417159906,67.17%,Yes,High Risk,Month-to-month Contract; Electronic Check Payment; No Tech Support
8665-UTDHZ,Segment 3: Short-Term High-Charge Users,0.7794272422524396,77.94%,Yes,High Risk,Month-to-month Contract; Low Tenure (0-12m); Electronic Check Payment
5248-YGIJN,Segment 1: Long-Term Committed Loyalists,0.015072208074910177,1.51%,No,Low Risk,High Monthly Fee
8773-HHUOZ,Segment 3: Short-Term High-Charge Users,0.4778464807446222,47.78%,No,Medium Risk,Month-to-month Contract; No Tech Support
3841-NFECX,Segment 1: Long-Term Committed Loyalists,0.08827415314202022,8.83%,No,Low Risk,High Monthly Fee
4929-XIHVW,Segment 3: Short-Term High-Charge Users,0.8521189312260004,85.21%,Yes,High Risk,Month-to-month Contract; Low Tenure (0-12m); No Tech Support
6827-IEAUQ,Segment 1: Long-Term Committed Loyalists,0.14169919862977398,14.17%,No,Low Risk,Stable Account Profile
7310-EGVHZ,Segment 3: Short-Term High-Charge Users,0.5644555748777971,56.45%,Yes,Medium Risk,Month-to-month Contract; Low Tenure (0-12m)
3413-BMNZE,Segment 3: Short-Term High-Charge Users,0.747270102439193,74.73%,Yes,High Risk,Month-to-month Contract; Low Tenure (0-12m); No Tech Support
6234-RAAPL,Segment 1: Long-Term Committed Loyalists,0.070145776662807,7.01%,No,Low Risk,High Monthly Fee
6047-YHPVI,Segment 3: Short-Term High-Charge Users,0.80689592691816,80.69%,Yes,High Risk,Month-to-month Contract; Low Tenure (0-12m); Electronic Check Payment
6572-ADKRS,Segment 3: Short-Term High-Charge Users,0.5017847758366931,50.18%,Yes,Medium Risk,Month-to-month Contract; No Tech Support; High Monthly Fee
5380-WJKOV,Segment 3: Short-Term High-Charge Users,0.7235254133032568,72.35%,Yes,High Risk,Month-to-month Contract; Electronic Check Payment; No Tech Support
8168-UQWWF,Segment 3: Short-Term High-Charge Users,0.8888045227521236,88.88%,Yes,High Risk,Month-to-month Contract; Low Tenure (0-12m); No Tech Support
8865-TNMNX,Segment 1: Long-Term Committed Loyalists,0.26692875331206073,26.69%,No,Low Risk,Low Tenure (0-12m); No Tech Support
9489-DEDVP,Segment 1: Long-Term Committed Loyalists,0.0603720467403105,6.04%,No,Low Risk,No Tech Support
9867-JCZSP,Segment 1: Long-Term Committed Loyalists,0.08522169817064125,8.52%,No,Low Risk,Stable Account Profile
4671-VJLCL,Segment 1: Long-Term Committed Loyalists,0.05058275699949057,5.06%,No,Low Risk,High Monthly Fee
4080-IIARD,Segment 3: Short-Term High-Charge Users,0.4103560544492547,41.04%,No,Medium Risk,Month-to-month Contract; Electronic Check Payment; High Monthly Fee
3714-NTNFO,Segment 3: Short-Term High-Charge Users,0.598787504729242,59.88%,Yes,Medium Risk,Month-to-month Contract; Electronic Check Payment; No Tech Support
5948-UJZLF,Segment 3: Short-Term High-Charge Users,0.7045283173747245,70.45%,Yes,High Risk,Month-to-month Contract; Low Tenure (0-12m); No Tech Support
7760-OYPDY,Segment 3: Short-Term High-Charge Users,0.8686915057935928,86.87%,Yes,High Risk,Month-to-month Contract; Low Tenure (0-12m); Electronic Check Payment
7639-LIAYI,Segment 1: Long-Term Committed Loyalists,0.06186628032810642,6.19%,No,Low Risk,High Monthly Fee
2954-PIBKO,Segment 1: Long-Term Committed Loyalists,0.06316535396580548,6.32%,No,Low Risk,Stable Account Profile
8012-SOUDQ,Segment 3: Short-Term High-Charge Users,0.655193556509997,65.52%,Yes,High Risk,Month-to-month Contract; Electronic Check Payment; No Tech Support
9420-LOJKX,Segment 3: Short-Term High-Charge Users,0.7279198993537507,72.79%,Yes,High Risk,Month-to-month Contract; No Tech Support; High Monthly Fee
6575-SUVOI,Segment 3: Short-Term High-Charge Users,0.22054886357692358,22.05%,No,Low Risk,Month-to-month Contract
7495-OOKFY,Segment 3: Short-Term High-Charge Users,0.8541119319706496,85.41%,Yes,High Risk,Month-to-month Contract; Low Tenure (0-12m); No Tech Support
4667-QONEA,Segment 1: Long-Term Committed Loyalists,0.14913537716742184,14.91%,No,Low Risk,High Monthly Fee
1658-BYGOY,Segment 3: Short-Term High-Charge Users,0.8164235217449869,81.64%,Yes,High Risk,Month-to-month Contract; Electronic Check Payment; No Tech Support
8769-KKTPH,Segment 1: Long-Term Committed Loyalists,0.33150636882060236,33.15%,No,Medium Risk,No Tech Support; High Monthly Fee
5067-XJQFU,Segment 1: Long-Term Committed Loyalists,0.46304879725462617,46.3%,No,Medium Risk,Electronic Check Payment; High Monthly Fee
3957-SQXML,Segment 1: Long-Term Committed Loyalists,0.036701646557723344,3.67%,No,Low Risk,Stable Account Profile
5954-BDFSG,Segment 1: Long-Term Committed Loyalists,0.18639401616852758,18.64%,No,Low Risk,High Monthly Fee
0434-CSFON,Segment 3: Short-Term High-Charge Users,0.6641351492008342,66.41%,Yes,High Risk,Month-to-month Contract; Electronic Check Payment; No Tech Support
1215-FIGMP,Segment 1: Long-Term Committed Loyalists,0.3424467960820601,34.24%,No,Medium Risk,Month-to-month Contract; No Tech Support; High Monthly Fee
0526-SXDJP,Segment 1: Long-Term Committed Loyalists,0.06805761482297601,6.81%,No,Low Risk,No Tech Support
0557-ASKVU,Segment 1: Long-Term Committed Loyalists,0.288484333963709,28.85%,No,Low Risk,Stable Account Profile
5698-BQJOH,Segment 3: Short-Term High-Charge Users,0.8682977612406332,86.83%,Yes,High Risk,Month-to-month Contract; Low Tenure (0-12m); Electronic Check Payment
5122-CYFXA,Segment 3: Short-Term High-Charge Users,0.6776661735784748,67.77%,Yes,High Risk,Month-to-month Contract; Low Tenure (0-12m); Electronic Check Payment
8627-ZYGSZ,Segment 3: Short-Term High-Charge Users,0.459156583359449,45.92%,No,Medium Risk,Electronic Check Payment; No Tech Support; High Monthly Fee
3410-YOQBQ,Segment 1: Long-Term Committed Loyalists,0.09161302344140179,9.16%,No,Low Risk,High Monthly Fee
3170-NMYVV,Segment 1: Long-Term Committed Loyalists,0.03291552647403222,3.29%,No,Low Risk,Stable Account Profile
7410-OIEDU,Segment 3: Short-Term High-Charge Users,0.7192302820717792,71.92%,Yes,High Risk,Month-to-month Contract; Low Tenure (0-12m); No Tech Support
2273-QCKXA,Segment 3: Short-Term High-Charge Users,0.6580174274793292,65.8%,Yes,High Risk,Month-to-month Contract; Low Tenure (0-12m)
0731-EBJQB,Segment 1: Long-Term Committed Loyalists,0.06608960114144587,6.61%,No,Low Risk,Electronic Check Payment
1891-QRQSA,Segment 1: Long-Term Committed Loyalists,0.267651351541231,26.77%,No,Low Risk,High Monthly Fee
8028-PNXHQ,Segment 1: Long-Term Committed Loyalists,0.028238679707674883,2.82%,No,Low Risk,Stable Account Profile
5630-AHZIL,Segment 3: Short-Term High-Charge Users,0.4796160141934356,47.96%,No,Medium Risk,Month-to-month Contract; Low Tenure (0-12m)
2673-CXQEU,Segment 1: Long-Term Committed Loyalists,0.42761016854139694,42.76%,No,Medium Risk,Electronic Check Payment; No Tech Support; High Monthly Fee
6416-JNVRK,Segment 1: Long-Term Committed Loyalists,0.2161483437446023,21.61%,No,Low Risk,No Tech Support
5590-ZSKRV,Segment 3: Short-Term High-Charge Users,0.38396065247007216,38.4%,No,Medium Risk,Month-to-month Contract; Low Tenure (0-12m); No Tech Support
0191-ZHSKZ,Segment 3: Short-Term High-Charge Users,0.37073364084958094,37.07%,No,Medium Risk,Month-to-month Contract; Electronic Check Payment; No Tech Support
3887-PBQAO,Segment 1: Long-Term Committed Loyalists,0.07742309742557775,7.74%,No,Low Risk,Stable Account Profile
5919-TMRGD,Segment 3: Short-Term High-Charge Users,0.9175046852027277,91.75%,Yes,High Risk,Month-to-month Contract; Low Tenure (0-12m); Electronic Check Payment
8108-UXRQN,Segment 3: Short-Term High-Charge Users,0.5388279592431515,53.88%,Yes,Medium Risk,Month-to-month Contract; Low Tenure (0-12m); Electronic Check Payment
9191-MYQKX,Segment 3: Short-Term High-Charge Users,0.8003837839682778,80.04%,Yes,High Risk,Month-to-month Contract; Low Tenure (0-12m); No Tech Support
9919-YLNNG,Segment 3: Short-Term High-Charge Users,0.6272618126716251,62.73%,Yes,High Risk,Month-to-month Contract; High Monthly Fee
0318-ZOPWS,Segment 1: Long-Term Committed Loyalists,0.019752964255108117,1.98%,No,Low Risk,Stable Account Profile
4445-ZJNMU,Segment 3: Short-Term High-Charge Users,0.8982431194296178,89.82%,Yes,High Risk,Month-to-month Contract; Low Tenure (0-12m); No Tech Support
4808-YNLEU,Segment 1: Long-Term Committed Loyalists,0.1788248919149207,17.88%,No,Low Risk,No Tech Support
1862-QRWPE,Segment 1: Long-Term Committed Loyalists,0.011684340617347229,1.17%,No,Low Risk,Stable Account Profile
2796-NNUFI,Segment 1: Long-Term Committed Loyalists,0.011101192119426758,1.11%,No,Low Risk,Stable Account Profile
3016-KSVCP,Segment 3: Short-Term High-Charge Users,0.43083085645813657,43.08%,No,Medium Risk,Month-to-month Contract; No Tech Support
4767-HZZHQ,Segment 3: Short-Term High-Charge Users,0.5197047049493839,51.97%,Yes,Medium Risk,Month-to-month Contract; No Tech Support; High Monthly Fee
2424-WVHPL,Segment 3: Short-Term High-Charge Users,0.7835759520755693,78.36%,Yes,High Risk,Month-to-month Contract; Low Tenure (0-12m); Electronic Check Payment
7233-PAHHL,Segment 1: Long-Term Committed Loyalists,0.03558140782743084,3.56%,No,Low Risk,High Monthly Fee
6067-NGCEU,Segment 1: Long-Term Committed Loyalists,0.31247437305395087,31.25%,No,Medium Risk,Month-to-month Contract; No Tech Support; High Monthly Fee
9848-JQJTX,Segment 1: Long-Term Committed Loyalists,0.21969495334919056,21.97%,No,Low Risk,No Tech Support; High Monthly Fee
8637-XJIVR,Segment 3: Short-Term High-Charge Users,0.7467225357648266,74.67%,Yes,High Risk,Month-to-month Contract; Low Tenure (0-12m); Electronic Check Payment
9803-FTJCG,Segment 1: Long-Term Committed Loyalists,0.09487265625047298,9.49%,No,Low Risk,Stable Account Profile
0278-YXOOG,Segment 3: Short-Term High-Charge Users,0.304006022593447,30.4%,No,Medium Risk,Month-to-month Contract; Low Tenure (0-12m)
3212-KXOCR,Segment 1: Long-Term Committed Loyalists,0.03221582118878241,3.22%,No,Low Risk,Stable Account Profile
4598-XLKNJ,Segment 3: Short-Term High-Charge Users,0.7784891429771108,77.85%,Yes,High Risk,Month-to-month Contract; Electronic Check Payment; No Tech Support
6380-ARCEH,Segment 3: Short-Term High-Charge Users,0.6515456094686993,65.15%,Yes,High Risk,Month-to-month Contract; Low Tenure (0-12m)
3679-XASPY,Segment 3: Short-Term High-Charge Users,0.6004271242387984,60.04%,Yes,High Risk,Month-to-month Contract; Low Tenure (0-12m); Electronic Check Payment
7123-WQUHX,Segment 1: Long-Term Committed Loyalists,0.26173656615976465,26.17%,No,Low Risk,High Monthly Fee
5386-THSLQ,Segment 1: Long-Term Committed Loyalists,0.14513105301462215,14.51%,No,Low Risk,No Tech Support
3192-NQECA,Segment 1: Long-Term Committed Loyalists,0.34754431866291907,34.75%,No,Medium Risk,High Monthly Fee
6180-YBIQI,Segment 3: Short-Term High-Charge Users,0.5485342285651162,54.85%,Yes,Medium Risk,Month-to-month Contract; Low Tenure (0-12m); No Tech Support
6728-DKUCO,Segment 1: Long-Term Committed Loyalists,0.2515004858571064,25.15%,No,Low Risk,Electronic Check Payment; No Tech Support; High Monthly Fee
9750-BOOHV,Segment 1: Long-Term Committed Loyalists,0.19224839677196426,19.22%,No,Low Risk,No Tech Support
8597-CWYHH,Segment 1: Long-Term Committed Loyalists,0.3738550029107833,37.39%,No,Medium Risk,No Tech Support; High Monthly Fee
2848-YXSMW,Segment 1: Long-Term Committed Loyalists,0.010817891746134404,1.08%,No,Low Risk,Stable Account Profile
0486-HECZI,Segment 3: Short-Term High-Charge Users,0.5826138516873764,58.26%,Yes,Medium Risk,Month-to-month Contract; Electronic Check Payment; No Tech Support
4549-ZDQYY,Segment 1: Long-Term Committed Loyalists,0.08141318137986131,8.14%,No,Low Risk,Stable Account Profile
5712-AHQNN,Segment 3: Short-Term High-Charge Users,0.5870530267535218,58.71%,Yes,Medium Risk,Month-to-month Contract; Electronic Check Payment; No Tech Support
4846-WHAFZ,Segment 3: Short-Term High-Charge Users,0.6969845045981212,69.7%,Yes,High Risk,Month-to-month Contract; Electronic Check Payment; No Tech Support
5256-SKJGO,Segment 1: Long-Term Committed Loyalists,0.15507337065514087,15.51%,No,Low Risk,Electronic Check Payment
3071-VBYPO,Segment 3: Short-Term High-Charge Users,0.6444823673215361,64.45%,Yes,High Risk,Month-to-month Contract; Low Tenure (0-12m); Electronic Check Payment
9560-BBZXK,Segment 1: Long-Term Committed Loyalists,0.12368530947896474,12.37%,No,Low Risk,No Tech Support
5299-RULOA,Segment 3: Short-Term High-Charge Users,0.8861387260900324,88.61%,Yes,High Risk,Month-to-month Contract; Low Tenure (0-12m); Electronic Check Payment
8402-OOOHJ,Segment 1: Long-Term Committed Loyalists,0.009694449050401698,0.97%,No,Low Risk,Stable Account Profile
9445-ZUEQE,Segment 3: Short-Term High-Charge Users,0.5293279486146364,52.93%,Yes,Medium Risk,Month-to-month Contract; High Monthly Fee
1091-SOZGA,Segment 1: Long-Term Committed Loyalists,0.47326175932573683,47.33%,No,Medium Risk,No Tech Support; High Monthly Fee
2928-HLDBA,Segment 3: Short-Term High-Charge Users,0.22634960835735776,22.63%,No,Low Risk,Month-to-month Contract; Low Tenure (0-12m)
0404-SWRVG,Segment 3: Short-Term High-Charge Users,0.858593565748277,85.86%,Yes,High Risk,Month-to-month Contract; Low Tenure (0-12m); Electronic Check Payment
6497-TILVL,Segment 3: Short-Term High-Charge Users,0.43638645150037614,43.64%,No,Medium Risk,Month-to-month Contract; Low Tenure (0-12m); No Tech Support
7219-TLZHO,Segment 3: Short-Term High-Charge Users,0.2523231123781852,25.23%,No,Low Risk,Month-to-month Contract; Low Tenure (0-12m)
4622-YNKIJ,Segment 1: Long-Term Committed Loyalists,0.19910480964204258,19.91%,No,Low Risk,Electronic Check Payment; High Monthly Fee
4412-YLTKF,Segment 3: Short-Term High-Charge Users,0.6825039976335601,68.25%,Yes,High Risk,Month-to-month Contract; Electronic Check Payment; No Tech Support
6734-PSBAW,Segment 1: Long-Term Committed Loyalists,0.00952730930866675,0.95%,No,Low Risk,Stable Account Profile
3930-ZGWVE,Segment 3: Short-Term High-Charge Users,0.5940546873092096,59.41%,Yes,Medium Risk,Month-to-month Contract; Low Tenure (0-12m)
2639-UGMAZ,Segment 1: Long-Term Committed Loyalists,0.24937649047270832,24.94%,No,Low Risk,Electronic Check Payment; No Tech Support
2876-GZYZC,Segment 3: Short-Term High-Charge Users,0.8065425355217763,80.65%,Yes,High Risk,Month-to-month Contract; Electronic Check Payment; No Tech Support
6207-WIOLX,Segment 3: Short-Term High-Charge Users,0.4895128451741264,48.95%,No,Medium Risk,Month-to-month Contract; No Tech Support
8587-XYZSF,Segment 1: Long-Term Committed Loyalists,0.06601735609060974,6.6%,No,Low Risk,Stable Account Profile
3091-FYHKI,Segment 3: Short-Term High-Charge Users,0.8523604859825534,85.24%,Yes,High Risk,Month-to-month Contract; Low Tenure (0-12m); Electronic Check Payment
2372-HWUHI,Segment 3: Short-Term High-Charge Users,0.7594008185299377,75.94%,Yes,High Risk,Month-to-month Contract; Low Tenure (0-12m); Electronic Check Payment
7799-LGRDP,Segment 1: Long-Term Committed Loyalists,0.0747961095387428,7.48%,No,Low Risk,Stable Account Profile
7850-VWJUU,Segment 3: Short-Term High-Charge Users,0.5450750957667783,54.51%,Yes,Medium Risk,Month-to-month Contract; No Tech Support; High Monthly Fee
3774-VBNXY,Segment 1: Long-Term Committed Loyalists,0.008612656168512778,0.86%,No,Low Risk,Stable Account Profile
6217-KDYWC,Segment 1: Long-Term Committed Loyalists,0.03721606295895421,3.72%,No,Low Risk,Stable Account Profile
0390-DCFDQ,Segment 3: Short-Term High-Charge Users,0.899481601521951,89.95%,Yes,High Risk,Month-to-month Contract; Low Tenure (0-12m); No Tech Support
3146-MSEGF,Segment 1: Long-Term Committed Loyalists,0.031235425164761264,3.12%,No,Low Risk,High Monthly Fee
4080-OGPJL,Segment 3: Short-Term High-Charge Users,0.6531594960119826,65.32%,Yes,High Risk,Month-to-month Contract; Low Tenure (0-12m); Electronic Check Payment
1095-WGNGG,Segment 1: Long-Term Committed Loyalists,0.2531072151387981,25.31%,No,Low Risk,No Tech Support; High Monthly Fee
2636-SJDOU,Segment 1: Long-Term Committed Loyalists,0.19368819081711497,19.37%,No,Low Risk,No Tech Support; High Monthly Fee
1131-QQZEB,Segment 1: Long-Term Committed Loyalists,0.0048906629310617004,0.49%,No,Low Risk,Stable Account Profile
5716-EZXZN,Segment 1: Long-Term Committed Loyalists,0.12190651403804338,12.19%,No,Low Risk,High Monthly Fee
6837-BJYDQ,Segment 1: Long-Term Committed Loyalists,0.08393829800292849,8.39%,No,Low Risk,Low Tenure (0-12m)
2135-RXIHG,Segment 3: Short-Term High-Charge Users,0.8088362330284197,80.88%,Yes,High Risk,Month-to-month Contract; Low Tenure (0-12m); Electronic Check Payment
6440-DKQGE,Segment 1: Long-Term Committed Loyalists,0.19075278412558844,19.08%,No,Low Risk,No Tech Support
3466-BYAVD,Segment 3: Short-Term High-Charge Users,0.32025583910004995,32.03%,No,Medium Risk,Month-to-month Contract
3780-YVMFA,Segment 3: Short-Term High-Charge Users,0.5701868506180046,57.02%,Yes,Medium Risk,Month-to-month Contract; Low Tenure (0-12m); Electronic Check Payment
3874-EQOEP,Segment 3: Short-Term High-Charge Users,0.8789244397263157,87.89%,Yes,High Risk,Month-to-month Contract; Low Tenure (0-12m); No Tech Support
1679-JRFBR,Segment 1: Long-Term Committed Loyalists,0.24626063769058612,24.63%,No,Low Risk,No Tech Support; High Monthly Fee
9073-ZZIAY,Segment 1: Long-Term Committed Loyalists,0.04211685336334256,4.21%,No,Low Risk,Electronic Check Payment; High Monthly Fee
3077-RSNTJ,Segment 3: Short-Term High-Charge Users,0.19225174162498446,19.23%,No,Low Risk,Month-to-month Contract; Low Tenure (0-12m)
6551-GNYDG,Segment 3: Short-Term High-Charge Users,0.6808121027142593,68.08%,Yes,High Risk,Month-to-month Contract; No Tech Support; High Monthly Fee
9167-APMXZ,Segment 3: Short-Term High-Charge Users,0.6347642305840675,63.48%,Yes,High Risk,Month-to-month Contract; No Tech Support; High Monthly Fee
2749-CTKAJ,Segment 1: Long-Term Committed Loyalists,0.024041244373406843,2.4%,No,Low Risk,Stable Account Profile
6371-NZYEG,Segment 1: Long-Term Committed Loyalists,0.11082974975964352,11.08%,No,Low Risk,No Tech Support
7554-NEWDD,Segment 1: Long-Term Committed Loyalists,0.067476293118818,6.75%,No,Low Risk,Low Tenure (0-12m)
8992-VONJD,Segment 3: Short-Term High-Charge Users,0.4907143176630809,49.07%,No,Medium Risk,Month-to-month Contract; Electronic Check Payment; No Tech Support
0867-MKZVY,Segment 3: Short-Term High-Charge Users,0.6364339673357468,63.64%,Yes,High Risk,Month-to-month Contract; Electronic Check Payment; No Tech Support
4482-EWFMI,Segment 3: Short-Term High-Charge Users,0.7966853704938988,79.67%,Yes,High Risk,Month-to-month Contract; Low Tenure (0-12m); Electronic Check Payment
4648-YPBTM,Segment 1: Long-Term Committed Loyalists,0.05603451368419459,5.6%,No,Low Risk,High Monthly Fee
2907-ILJBN,Segment 1: Long-Term Committed Loyalists,0.10611953327525947,10.61%,No,Low Risk,Low Tenure (0-12m)
6345-FZOQH,Segment 1: Long-Term Committed Loyalists,0.01189385167278156,1.19%,No,Low Risk,Stable Account Profile
3376-BMGFE,Segment 3: Short-Term High-Charge Users,0.8142288233593399,81.42%,Yes,High Risk,Month-to-month Contract; Low Tenure (0-12m); No Tech Support
5997-OPVFA,Segment 1: Long-Term Committed Loyalists,0.015808157168969845,1.58%,No,Low Risk,High Monthly Fee
3445-HXXGF,Segment 3: Short-Term High-Charge Users,0.5394522969602655,53.95%,Yes,Medium Risk,Month-to-month Contract; Electronic Check Payment; No Tech Support
1159-WFSGR,Segment 3: Short-Term High-Charge Users,0.21071550825706248,21.07%,No,Low Risk,Month-to-month Contract; Electronic Check Payment
7654-YWJUF,Segment 1: Long-Term Committed Loyalists,0.23023549227027595,23.02%,No,Low Risk,High Monthly Fee
1875-QIVME,Segment 3: Short-Term High-Charge Users,0.8829059847263716,88.29%,Yes,High Risk,Month-to-month Contract; Low Tenure (0-12m); Electronic Check Payment
6727-IOTLZ,Segment 1: Long-Term Committed Loyalists,0.11838581796755518,11.84%,No,Low Risk,High Monthly Fee
0691-JVSYA,Segment 1: Long-Term Committed Loyalists,0.479514445974222,47.95%,No,Medium Risk,No Tech Support; High Monthly Fee
5918-VUKWP,Segment 1: Long-Term Committed Loyalists,0.03353435545033277,3.35%,No,Low Risk,Stable Account Profile
1744-JHKYS,Segment 3: Short-Term High-Charge Users,0.08092497954604995,8.09%,No,Low Risk,Month-to-month Contract; Electronic Check Payment
2656-FMOKZ,Segment 3: Short-Term High-Charge Users,0.7008065207225351,70.08%,Yes,High Risk,Month-to-month Contract; No Tech Support; High Monthly Fee
2070-FNEXE,Segment 3: Short-Term High-Charge Users,0.6797783581655292,67.98%,Yes,High Risk,Month-to-month Contract; Low Tenure (0-12m); No Tech Support
5947-SGKCL,Segment 3: Short-Term High-Charge Users,0.7207014488524912,72.07%,Yes,High Risk,Month-to-month Contract; No Tech Support; High Monthly Fee
3712-PKXZA,Segment 1: Long-Term Committed Loyalists,0.04116426435576678,4.12%,No,Low Risk,Stable Account Profile
6317-YPKDH,Segment 3: Short-Term High-Charge Users,0.7306808158131488,73.07%,Yes,High Risk,Month-to-month Contract; Low Tenure (0-12m); No Tech Support
6582-OIVSP,Segment 3: Short-Term High-Charge Users,0.7349465347954633,73.49%,Yes,High Risk,Month-to-month Contract; Low Tenure (0-12m); No Tech Support
9367-WXLCH,Segment 3: Short-Term High-Charge Users,0.8481881503428839,84.82%,Yes,High Risk,Month-to-month Contract; Low Tenure (0-12m); No Tech Support
5524-KHNJP,Segment 1: Long-Term Committed Loyalists,0.2333393132710565,23.33%,No,Low Risk,No Tech Support; High Monthly Fee
1918-ZBFQJ,Segment 3: Short-Term High-Charge Users,0.7847012320767516,78.47%,Yes,High Risk,Month-to-month Contract; Electronic Check Payment; No Tech Support
1024-GUALD,Segment 3: Short-Term High-Charge Users,0.8236793876742801,82.37%,Yes,High Risk,Month-to-month Contract; Low Tenure (0-12m); Electronic Check Payment
4827-USJHP,Segment 3: Short-Term High-Charge Users,0.40315291660663743,40.32%,No,Medium Risk,Month-to-month Contract; No Tech Support
8167-GJLRN,Segment 3: Short-Term High-Charge Users,0.6643471600606629,66.43%,Yes,High Risk,Month-to-month Contract; Low Tenure (0-12m); Electronic Check Payment
0956-SYCWG,Segment 3: Short-Term High-Charge Users,0.16330288832180784,16.33%,No,Low Risk,Electronic Check Payment
8017-UVSZU,Segment 3: Short-Term High-Charge Users,0.27850610611163185,27.85%,No,Low Risk,Month-to-month Contract; No Tech Support
7100-FQPRV,Segment 1: Long-Term Committed Loyalists,0.1863011832160294,18.63%,No,Low Risk,High Monthly Fee
2472-OVKUP,Segment 3: Short-Term High-Charge Users,0.8678772360760266,86.79%,Yes,High Risk,Month-to-month Contract; Low Tenure (0-12m); Electronic Check Payment
2984-RGEYA,Segment 1: Long-Term Committed Loyalists,0.022052011746000313,2.21%,No,Low Risk,Stable Account Profile
9680-NIAUV,Segment 1: Long-Term Committed Loyalists,0.05147565940579455,5.15%,No,Low Risk,No Tech Support; High Monthly Fee
2146-EGVDT,Segment 1: Long-Term Committed Loyalists,0.0309989083697404,3.1%,No,Low Risk,Stable Account Profile
2604-IJPDU,Segment 3: Short-Term High-Charge Users,0.7237501138647783,72.38%,Yes,High Risk,Month-to-month Contract; Electronic Check Payment; High Monthly Fee
9178-JHUVJ,Segment 1: Long-Term Committed Loyalists,0.030693111729803817,3.07%,No,Low Risk,Stable Account Profile
6168-YBYNP,Segment 1: Long-Term Committed Loyalists,0.44656793672214207,44.66%,No,Medium Risk,Month-to-month Contract; Electronic Check Payment; High Monthly Fee
7255-SSFBC,Segment 1: Long-Term Committed Loyalists,0.1152377520086907,11.52%,No,Low Risk,High Monthly Fee
3645-DEYGF,Segment 3: Short-Term High-Charge Users,0.5690617787015321,56.91%,Yes,Medium Risk,Month-to-month Contract; Low Tenure (0-12m)
9323-HGFWY,Segment 1: Long-Term Committed Loyalists,0.34830086733688526,34.83%,No,Medium Risk,High Monthly Fee
8544-GOQSH,Segment 3: Short-Term High-Charge Users,0.6158947990228532,61.59%,Yes,High Risk,Month-to-month Contract; High Monthly Fee
3363-DTIVD,Segment 1: Long-Term Committed Loyalists,0.257221189585173,25.72%,No,Low Risk,Electronic Check Payment; No Tech Support; High Monthly Fee
7018-WBJNK,Segment 3: Short-Term High-Charge Users,0.6331614703017646,63.32%,Yes,High Risk,Month-to-month Contract; No Tech Support; High Monthly Fee
9142-KZXOP,Segment 3: Short-Term High-Charge Users,0.46095443683434195,46.1%,No,Medium Risk,Month-to-month Contract; No Tech Support
7674-YTAFD,Segment 3: Short-Term High-Charge Users,0.40002781810013466,40.0%,No,Medium Risk,High Monthly Fee
6348-SNFUS,Segment 1: Long-Term Committed Loyalists,0.024422036283931286,2.44%,No,Low Risk,Stable Account Profile
1285-OKIPP,Segment 3: Short-Term High-Charge Users,0.917307511870318,91.73%,Yes,High Risk,Month-to-month Contract; Low Tenure (0-12m); Electronic Check Payment
7825-ECJRF,Segment 3: Short-Term High-Charge Users,0.7861630825677854,78.62%,Yes,High Risk,Month-to-month Contract; Electronic Check Payment; High Monthly Fee
1347-KTTTA,Segment 1: Long-Term Committed Loyalists,0.4065847092901979,40.66%,No,Medium Risk,High Monthly Fee
7841-TZDMQ,Segment 3: Short-Term High-Charge Users,0.7664750341986817,76.65%,Yes,High Risk,Month-to-month Contract; Low Tenure (0-12m); No Tech Support
4195-NZGTA,Segment 3: Short-Term High-Charge Users,0.768532192871297,76.85%,Yes,High Risk,Month-to-month Contract; Low Tenure (0-12m); Electronic Check Payment
7157-SMCFK,Segment 1: Long-Term Committed Loyalists,0.11603398967441128,11.6%,No,Low Risk,Stable Account Profile
4709-LKHYG,Segment 1: Long-Term Committed Loyalists,0.03164759806169661,3.16%,No,Low Risk,Electronic Check Payment
2504-DSHIH,Segment 3: Short-Term High-Charge Users,0.6779924773076128,67.8%,Yes,High Risk,Month-to-month Contract; Electronic Check Payment; No Tech Support
0699-NDKJM,Segment 3: Short-Term High-Charge Users,0.3083679215123183,30.84%,No,Medium Risk,Month-to-month Contract; No Tech Support
9286-BHDQG,Segment 1: Long-Term Committed Loyalists,0.036539737399483956,3.65%,No,Low Risk,Stable Account Profile
0230-WEQUW,Segment 1: Long-Term Committed Loyalists,0.025391085010194714,2.54%,No,Low Risk,Stable Account Profile
2040-LDIWQ,Segment 1: Long-Term Committed Loyalists,0.05050936884458152,5.05%,No,Low Risk,High Monthly Fee
6496-JDSSB,Segment 3: Short-Term High-Charge Users,0.836378829162228,83.64%,Yes,High Risk,Month-to-month Contract; Low Tenure (0-12m); No Tech Support
9408-SSNVZ,Segment 3: Short-Term High-Charge Users,0.8150719600629123,81.51%,Yes,High Risk,Month-to-month Contract; Low Tenure (0-12m); Electronic Check Payment
4443-EMBNA,Segment 1: Long-Term Committed Loyalists,0.00666248168075719,0.67%,No,Low Risk,Stable Account Profile
6469-MRVET,Segment 3: Short-Term High-Charge Users,0.4403455629057579,44.03%,No,Medium Risk,Low Tenure (0-12m); Electronic Check Payment
0742-MOABM,Segment 3: Short-Term High-Charge Users,0.6166913818647962,61.67%,Yes,High Risk,Month-to-month Contract; Low Tenure (0-12m)
5961-VUSRV,Segment 1: Long-Term Committed Loyalists,0.1001404835254546,10.01%,No,Low Risk,Low Tenure (0-12m)
6778-JFCMK,Segment 1: Long-Term Committed Loyalists,0.2655273392886845,26.55%,No,Low Risk,No Tech Support
6341-JVQGF,Segment 1: Long-Term Committed Loyalists,0.3034827181565516,30.35%,No,Medium Risk,High Monthly Fee
2232-DMLXU,Segment 3: Short-Term High-Charge Users,0.7531918945408339,75.32%,Yes,High Risk,Month-to-month Contract; Low Tenure (0-12m); No Tech Support
4811-JBUVU,Segment 3: Short-Term High-Charge Users,0.5751059280526764,57.51%,Yes,Medium Risk,Month-to-month Contract; High Monthly Fee
0945-TSONX,Segment 1: Long-Term Committed Loyalists,0.07958178089247268,7.96%,No,Low Risk,High Monthly Fee
2651-ZCBXV,Segment 1: Long-Term Committed Loyalists,0.37199596072649455,37.2%,No,Medium Risk,High Monthly Fee
3316-UWXUY,Segment 3: Short-Term High-Charge Users,0.3397926940766507,33.98%,No,Medium Risk,Month-to-month Contract; High Monthly Fee
8937-RDTHP,Segment 3: Short-Term High-Charge Users,0.8501820251625369,85.02%,Yes,High Risk,Month-to-month Contract; Low Tenure (0-12m); No Tech Support
7083-MIOPC,Segment 1: Long-Term Committed Loyalists,0.009554107533607846,0.96%,No,Low Risk,Stable Account Profile
1984-GPTEH,Segment 3: Short-Term High-Charge Users,0.10023958057948178,10.02%,No,Low Risk,Month-to-month Contract; Electronic Check Payment
1251-KRREG,Segment 3: Short-Term High-Charge Users,0.7479444287129536,74.79%,Yes,High Risk,Month-to-month Contract; Low Tenure (0-12m); No Tech Support
0621-JFHOL,Segment 1: Long-Term Committed Loyalists,0.13616964985558794,13.62%,No,Low Risk,Low Tenure (0-12m)
9903-LYSAB,Segment 3: Short-Term High-Charge Users,0.6989729729311442,69.9%,Yes,High Risk,Month-to-month Contract; Electronic Check Payment; No Tech Support
0094-OIFMO,Segment 3: Short-Term High-Charge Users,0.8716998692286821,87.17%,Yes,High Risk,Month-to-month Contract; Low Tenure (0-12m); Electronic Check Payment
9227-UAQFT,Segment 1: Long-Term Committed Loyalists,0.04874798848041065,4.87%,No,Low Risk,Stable Account Profile
7301-ABVAD,Segment 1: Long-Term Committed Loyalists,0.039473932864266474,3.95%,No,Low Risk,High Monthly Fee
6614-FHDBO,Segment 1: Long-Term Committed Loyalists,0.161245048717144,16.12%,No,Low Risk,High Monthly Fee
7576-ASEJU,Segment 1: Long-Term Committed Loyalists,0.24527643122925216,24.53%,No,Low Risk,High Monthly Fee
9058-HRZSV,Segment 1: Long-Term Committed Loyalists,0.27182209479028424,27.18%,No,Low Risk,Month-to-month Contract; Electronic Check Payment; No Tech Support
4522-AKYLR,Segment 3: Short-Term High-Charge Users,0.4922966345019369,49.23%,No,Medium Risk,Month-to-month Contract; Electronic Check Payment; No Tech Support
0221-WMXNQ,Segment 3: Short-Term High-Charge Users,0.6704765358233784,67.05%,Yes,High Risk,Month-to-month Contract; Low Tenure (0-12m); Electronic Check Payment
0303-UNCIP,Segment 1: Long-Term Committed Loyalists,0.21407882011514626,21.41%,No,Low Risk,No Tech Support
9947-OTFQU,Segment 3: Short-Term High-Charge Users,0.7603629564561565,76.04%,Yes,High Risk,Month-to-month Contract; Electronic Check Payment; No Tech Support
0322-YINQP,Segment 3: Short-Term High-Charge Users,0.7500028890010981,75.0%,Yes,High Risk,Month-to-month Contract; Low Tenure (0-12m); No Tech Support
0959-WHOKV,Segment 1: Long-Term Committed Loyalists,0.48450467247928675,48.45%,No,Medium Risk,Electronic Check Payment; No Tech Support; High Monthly Fee
4075-JFPGR,Segment 1: Long-Term Committed Loyalists,0.35177689699365333,35.18%,No,Medium Risk,Electronic Check Payment; No Tech Support; High Monthly Fee
4629-NRXKX,Segment 3: Short-Term High-Charge Users,0.8027559884774689,80.28%,Yes,High Risk,Month-to-month Contract; Low Tenure (0-12m); Electronic Check Payment
9514-JDSKI,Segment 3: Short-Term High-Charge Users,0.8097412828408334,80.97%,Yes,High Risk,Month-to-month Contract; Low Tenure (0-12m); Electronic Check Payment
3282-ZISZV,Segment 1: Long-Term Committed Loyalists,0.2770024752830542,27.7%,No,Low Risk,High Monthly Fee
3675-YDUPJ,Segment 3: Short-Term High-Charge Users,0.185820999127887,18.58%,No,Low Risk,Month-to-month Contract; Low Tenure (0-12m)
4111-BNXIF,Segment 1: Long-Term Committed Loyalists,0.09710632828335397,9.71%,No,Low Risk,Electronic Check Payment
7017-VFHAY,Segment 1: Long-Term Committed Loyalists,0.19354666508973628,19.35%,No,Low Risk,High Monthly Fee
6655-LHBYW,Segment 1: Long-Term Committed Loyalists,0.3997483868137703,39.97%,No,Medium Risk,High Monthly Fee
4959-JOSRX,Segment 3: Short-Term High-Charge Users,0.7615248139047941,76.15%,Yes,High Risk,Month-to-month Contract; Low Tenure (0-12m); No Tech Support
5046-NUHWD,Segment 3: Short-Term High-Charge Users,0.4436614422873984,44.37%,No,Medium Risk,Month-to-month Contract; Electronic Check Payment; No Tech Support
7273-TEFQD,Segment 3: Short-Term High-Charge Users,0.7968954548297263,79.69%,Yes,High Risk,Month-to-month Contract; Low Tenure (0-12m); Electronic Check Payment
3606-TWKGI,Segment 3: Short-Term High-Charge Users,0.8578633911960863,85.79%,Yes,High Risk,Month-to-month Contract; Electronic Check Payment; No Tech Support
7529-ZDFXI,Segment 3: Short-Term High-Charge Users,0.5336576576233327,53.37%,Yes,Medium Risk,Month-to-month Contract; Electronic Check Payment; No Tech Support
7605-BDWDC,Segment 1: Long-Term Committed Loyalists,0.05281062070320454,5.28%,No,Low Risk,Stable Account Profile
1950-KSVVJ,Segment 1: Long-Term Committed Loyalists,0.4036372183156661,40.36%,No,Medium Risk,High Monthly Fee
0123-CRBRT,Segment 1: Long-Term Committed Loyalists,0.01856946938165178,1.86%,No,Low Risk,High Monthly Fee
6292-TOSSS,Segment 1: Long-Term Committed Loyalists,0.07793562133435908,7.79%,No,Low Risk,Stable Account Profile
3197-ARFOY,Segment 3: Short-Term High-Charge Users,0.734559792971056,73.46%,Yes,High Risk,Month-to-month Contract; High Monthly Fee
6323-AYBRX,Segment 1: Long-Term Committed Loyalists,0.2733760160860788,27.34%,No,Low Risk,Stable Account Profile
7014-ZZXAW,Segment 1: Long-Term Committed Loyalists,0.01023694873735255,1.02%,No,Low Risk,Stable Account Profile
4385-GZQXV,Segment 3: Short-Term High-Charge Users,0.794551400837068,79.46%,Yes,High Risk,Month-to-month Contract; Electronic Check Payment; High Monthly Fee
7633-MVPUY,Segment 1: Long-Term Committed Loyalists,0.06881563767268709,6.88%,No,Low Risk,Electronic Check Payment
6366-ZGQGL,Segment 3: Short-Term High-Charge Users,0.7418816008782839,74.19%,Yes,High Risk,Month-to-month Contract; Low Tenure (0-12m); No Tech Support
4716-HHKQH,Segment 3: Short-Term High-Charge Users,0.7185964202967576,71.86%,Yes,High Risk,Month-to-month Contract; Electronic Check Payment; High Monthly Fee
5940-AHUHD,Segment 3: Short-Term High-Charge Users,0.8814616774757491,88.15%,Yes,High Risk,Month-to-month Contract; Low Tenure (0-12m); No Tech Support
6432-TWQLB,Segment 3: Short-Term High-Charge Users,0.8707698193526657,87.08%,Yes,High Risk,Month-to-month Contract; Low Tenure (0-12m); Electronic Check Payment
4484-GLZOU,Segment 3: Short-Term High-Charge Users,0.7026798304960324,70.27%,Yes,High Risk,Month-to-month Contract; Electronic Check Payment; No Tech Support
3179-GBRWV,Segment 3: Short-Term High-Charge Users,0.3680960250654415,36.81%,No,Medium Risk,Month-to-month Contract; No Tech Support
8645-KWHJO,Segment 3: Short-Term High-Charge Users,0.6158494029512566,61.58%,Yes,High Risk,Month-to-month Contract; Electronic Check Payment
4130-MZLCC,Segment 3: Short-Term High-Charge Users,0.6109242146832433,61.09%,Yes,High Risk,Month-to-month Contract; Low Tenure (0-12m); No Tech Support
0314-TKOSI,Segment 3: Short-Term High-Charge Users,0.4881568489651971,48.82%,No,Medium Risk,Month-to-month Contract; Low Tenure (0-12m); No Tech Support
8229-MYEJZ,Segment 3: Short-Term High-Charge Users,0.4847515314847637,48.48%,No,Medium Risk,Month-to-month Contract; Low Tenure (0-12m); Electronic Check Payment
2080-SRCDE,Segment 3: Short-Term High-Charge Users,0.34426918221694086,34.43%,No,Medium Risk,Month-to-month Contract; Low Tenure (0-12m)
9577-WJVCQ,Segment 3: Short-Term High-Charge Users,0.18028409109082622,18.03%,No,Low Risk,Month-to-month Contract; No Tech Support
9512-UIBFX,Segment 3: Short-Term High-Charge Users,0.7102097693167476,71.02%,Yes,High Risk,Month-to-month Contract; No Tech Support; High Monthly Fee
6202-DYYFX,Segment 3: Short-Term High-Charge Users,0.44837509504124,44.84%,No,Medium Risk,No Tech Support; High Monthly Fee
3808-HFKDE,Segment 3: Short-Term High-Charge Users,0.44709006915257143,44.71%,No,Medium Risk,Month-to-month Contract; Electronic Check Payment; No Tech Support
5583-SXDAG,Segment 3: Short-Term High-Charge Users,0.9106178413363605,91.06%,Yes,High Risk,Month-to-month Contract; Low Tenure (0-12m); Electronic Check Payment
3488-PGMQJ,Segment 3: Short-Term High-Charge Users,0.8262974992530765,82.63%,Yes,High Risk,Month-to-month Contract; Low Tenure (0-12m); Electronic Check Payment
3580-REOAC,Segment 3: Short-Term High-Charge Users,0.5338431402075318,53.38%,Yes,Medium Risk,Month-to-month Contract; Low Tenure (0-12m); No Tech Support
7534-BFESC,Segment 3: Short-Term High-Charge Users,0.6764538977836848,67.65%,Yes,High Risk,Month-to-month Contract; Electronic Check Payment; No Tech Support
3727-OWVYD,Segment 1: Long-Term Committed Loyalists,0.14572978203058093,14.57%,No,Low Risk,No Tech Support
2294-SALNE,Segment 3: Short-Term High-Charge Users,0.36244934513092164,36.24%,No,Medium Risk,High Monthly Fee
4847-TAJYI,Segment 3: Short-Term High-Charge Users,0.8772329536253319,87.72%,Yes,High Risk,Month-to-month Contract; Low Tenure (0-12m); Electronic Check Payment
1563-IWQEX,Segment 3: Short-Term High-Charge Users,0.18624653470849156,18.62%,No,Low Risk,Month-to-month Contract; Low Tenure (0-12m)
8203-XJZRC,Segment 3: Short-Term High-Charge Users,0.5262425484427868,52.62%,Yes,Medium Risk,Month-to-month Contract; Low Tenure (0-12m)
6556-DBKZF,Segment 1: Long-Term Committed Loyalists,0.17995810203662255,18.0%,No,Low Risk,Electronic Check Payment; No Tech Support; High Monthly Fee
6851-WEFYX,Segment 3: Short-Term High-Charge Users,0.7401944041356783,74.02%,Yes,High Risk,Month-to-month Contract; Electronic Check Payment; No Tech Support
2985-JUUBZ,Segment 3: Short-Term High-Charge Users,0.3868053320821402,38.68%,No,Medium Risk,Month-to-month Contract; Electronic Check Payment; No Tech Support
6390-DSAZX,Segment 3: Short-Term High-Charge Users,0.8511794325616339,85.12%,Yes,High Risk,Month-to-month Contract; Low Tenure (0-12m); No Tech Support
0895-LMRSF,Segment 1: Long-Term Committed Loyalists,0.34252784714229056,34.25%,No,Medium Risk,No Tech Support
8098-LLAZX,Segment 3: Short-Term High-Charge Users,0.9093854977410245,90.94%,Yes,High Risk,Month-to-month Contract; Low Tenure (0-12m); Electronic Check Payment
8266-VBFQL,Segment 3: Short-Term High-Charge Users,0.84492412282979,84.49%,Yes,High Risk,Month-to-month Contract; Low Tenure (0-12m); Electronic Check Payment
8181-YHCMF,Segment 1: Long-Term Committed Loyalists,0.030593254808417333,3.06%,No,Low Risk,Stable Account Profile
2240-HSJQD,Segment 3: Short-Term High-Charge Users,0.5566666519194238,55.67%,Yes,Medium Risk,Month-to-month Contract; No Tech Support; High Monthly Fee
1248-DYXUB,Segment 1: Long-Term Committed Loyalists,0.051116853242413815,5.11%,No,Low Risk,Stable Account Profile
0265-EDXBD,Segment 3: Short-Term High-Charge Users,0.7028636029838855,70.29%,Yes,High Risk,Month-to-month Contract; Electronic Check Payment; No Tech Support
4115-BNPJY,Segment 1: Long-Term Committed Loyalists,0.08016631299762957,8.02%,No,Low Risk,High Monthly Fee
3167-SNQPL,Segment 3: Short-Term High-Charge Users,0.6481285114846758,64.81%,Yes,High Risk,Month-to-month Contract; Electronic Check Payment; No Tech Support
4091-TVOCN,Segment 1: Long-Term Committed Loyalists,0.18338490996281415,18.34%,No,Low Risk,No Tech Support; High Monthly Fee
1098-TDVUQ,Segment 3: Short-Term High-Charge Users,0.4780227935664584,47.8%,No,Medium Risk,Month-to-month Contract; Low Tenure (0-12m)
7277-OZCGZ,Segment 3: Short-Term High-Charge Users,0.6163779103157618,61.64%,Yes,High Risk,Month-to-month Contract; Electronic Check Payment; High Monthly Fee
1557-EMYVT,Segment 1: Long-Term Committed Loyalists,0.2652685783804108,26.53%,No,Low Risk,High Monthly Fee
2799-ARNLO,Segment 3: Short-Term High-Charge Users,0.785437798648101,78.54%,Yes,High Risk,Month-to-month Contract; Low Tenure (0-12m); Electronic Check Payment
7563-BIUPC,Segment 3: Short-Term High-Charge Users,0.8570040469869483,85.7%,Yes,High Risk,Month-to-month Contract; Low Tenure (0-12m); Electronic Check Payment
5027-YOCXN,Segment 1: Long-Term Committed Loyalists,0.399285548621687,39.93%,No,Medium Risk,High Monthly Fee
3973-SKMLN,Segment 1: Long-Term Committed Loyalists,0.010744662773235074,1.07%,No,Low Risk,Stable Account Profile
2321-OMBXY,Segment 1: Long-Term Committed Loyalists,0.3865171621862859,38.65%,No,Medium Risk,High Monthly Fee
2840-XANRC,Segment 3: Short-Term High-Charge Users,0.7587077756819745,75.87%,Yes,High Risk,Month-to-month Contract; Electronic Check Payment; No Tech Support
6745-JEFZB,Segment 3: Short-Term High-Charge Users,0.5528835931899293,55.29%,Yes,Medium Risk,Month-to-month Contract; High Monthly Fee
5020-ZSTTY,Segment 1: Long-Term Committed Loyalists,0.33394110283119505,33.39%,No,Medium Risk,High Monthly Fee
9880-TDQAC,Segment 1: Long-Term Committed Loyalists,0.09838930022575389,9.84%,No,Low Risk,Electronic Check Payment
8705-WZCYL,Segment 3: Short-Term High-Charge Users,0.7862576508334946,78.63%,Yes,High Risk,Month-to-month Contract; Low Tenure (0-12m); Electronic Check Payment
7102-JJVTX,Segment 1: Long-Term Committed Loyalists,0.24445793702651347,24.45%,No,Low Risk,Low Tenure (0-12m); No Tech Support
8626-PTQGE,Segment 1: Long-Term Committed Loyalists,0.02681756318048917,2.68%,No,Low Risk,Stable Account Profile
4983-CLMLV,Segment 1: Long-Term Committed Loyalists,0.4919172114343532,49.19%,No,Medium Risk,Month-to-month Contract; High Monthly Fee
5701-YVSVF,Segment 3: Short-Term High-Charge Users,0.7610814149982473,76.11%,Yes,High Risk,Month-to-month Contract; Low Tenure (0-12m); Electronic Check Payment
5804-LEPIM,Segment 3: Short-Term High-Charge Users,0.8306737662122567,83.07%,Yes,High Risk,Month-to-month Contract; Low Tenure (0-12m); Electronic Check Payment
5697-GOMBF,Segment 3: Short-Term High-Charge Users,0.4506304586861405,45.06%,No,Medium Risk,Month-to-month Contract; Electronic Check Payment; No Tech Support
2739-CACDQ,Segment 3: Short-Term High-Charge Users,0.6438940445702848,64.39%,Yes,High Risk,Month-to-month Contract; No Tech Support; High Monthly Fee
9385-EHGDO,Segment 1: Long-Term Committed Loyalists,0.027505864392821485,2.75%,No,Low Risk,Stable Account Profile
9498-FIMXL,Segment 1: Long-Term Committed Loyalists,0.1030624167631899,10.31%,No,Low Risk,Low Tenure (0-12m)
2379-GYFLQ,Segment 1: Long-Term Committed Loyalists,0.3059677440616669,30.6%,No,Medium Risk,No Tech Support; High Monthly Fee
0122-OAHPZ,Segment 3: Short-Term High-Charge Users,0.8514893861320106,85.15%,Yes,High Risk,Month-to-month Contract; Low Tenure (0-12m); Electronic Check Payment
2868-SNELZ,Segment 3: Short-Term High-Charge Users,0.8527570023088388,85.28%,Yes,High Risk,Month-to-month Contract; Low Tenure (0-12m); No Tech Support
4322-RCYMT,Segment 1: Long-Term Committed Loyalists,0.28973665695922657,28.97%,No,Low Risk,High Monthly Fee
6680-NENYN,Segment 1: Long-Term Committed Loyalists,0.6229122680270673,62.29%,Yes,High Risk,Electronic Check Payment; No Tech Support; High Monthly Fee
2088-IEBAU,Segment 1: Long-Term Committed Loyalists,0.041715048238140276,4.17%,No,Low Risk,Electronic Check Payment; High Monthly Fee
7982-VCELR,Segment 3: Short-Term High-Charge Users,0.624760500237842,62.48%,Yes,High Risk,Month-to-month Contract; No Tech Support; High Monthly Fee
1343-EHPYB,Segment 1: Long-Term Committed Loyalists,0.567227075089892,56.72%,Yes,Medium Risk,Month-to-month Contract; Electronic Check Payment; No Tech Support
6035-BXTTY,Segment 3: Short-Term High-Charge Users,0.26066369379423143,26.07%,No,Low Risk,Month-to-month Contract
6885-PKOAM,Segment 1: Long-Term Committed Loyalists,0.02082935659053858,2.08%,No,Low Risk,High Monthly Fee
7520-HQWJU,Segment 1: Long-Term Committed Loyalists,0.1349919926797901,13.5%,No,Low Risk,Month-to-month Contract; No Tech Support
9639-BUJXT,Segment 1: Long-Term Committed Loyalists,0.04025916258085311,4.03%,No,Low Risk,Stable Account Profile
5924-SNGKP,Segment 1: Long-Term Committed Loyalists,0.024142715540478785,2.41%,No,Low Risk,Stable Account Profile
0021-IKXGC,Segment 3: Short-Term High-Charge Users,0.8949806439168915,89.5%,Yes,High Risk,Month-to-month Contract; Low Tenure (0-12m); Electronic Check Payment
2034-GDRCN,Segment 3: Short-Term High-Charge Users,0.8909218089078424,89.09%,Yes,High Risk,Month-to-month Contract; Low Tenure (0-12m); Electronic Check Payment
8966-SNIZF,Segment 1: Long-Term Committed Loyalists,0.015439699464499466,1.54%,No,Low Risk,Stable Account Profile
6243-OZGFH,Segment 3: Short-Term High-Charge Users,0.495252053033674,49.53%,No,Medium Risk,Month-to-month Contract; Electronic Check Payment; No Tech Support
4654-DLAMQ,Segment 1: Long-Term Committed Loyalists,0.23820253231826582,23.82%,No,Low Risk,No Tech Support; High Monthly Fee
0513-RBGPE,Segment 1: Long-Term Committed Loyalists,0.057299371065314776,5.73%,No,Low Risk,Stable Account Profile
5160-UXJED,Segment 1: Long-Term Committed Loyalists,0.25705186731187923,25.71%,No,Low Risk,No Tech Support
4115-NZRKS,Segment 3: Short-Term High-Charge Users,0.8676230813148049,86.76%,Yes,High Risk,Month-to-month Contract; Low Tenure (0-12m); Electronic Check Payment
0219-YTZUE,Segment 3: Short-Term High-Charge Users,0.8902332946546458,89.02%,Yes,High Risk,Month-to-month Contract; Low Tenure (0-12m); No Tech Support
0623-IIHUG,Segment 3: Short-Term High-Charge Users,0.6769414298457888,67.69%,Yes,High Risk,Month-to-month Contract; Electronic Check Payment; No Tech Support
4572-DVCGN,Segment 3: Short-Term High-Charge Users,0.8092774957514017,80.93%,Yes,High Risk,Month-to-month Contract; Low Tenure (0-12m); No Tech Support
3351-NGXYI,Segment 3: Short-Term High-Charge Users,0.5566222877641708,55.66%,Yes,Medium Risk,Month-to-month Contract; Electronic Check Payment; No Tech Support
8984-EYLLL,Segment 1: Long-Term Committed Loyalists,0.34676825398504674,34.68%,No,Medium Risk,Electronic Check Payment; High Monthly Fee
9057-MSWCO,Segment 3: Short-Term High-Charge Users,0.5807808551368338,58.08%,Yes,Medium Risk,Month-to-month Contract; No Tech Support
9833-TGFHX,Segment 1: Long-Term Committed Loyalists,0.35925747205516784,35.93%,No,Medium Risk,Electronic Check Payment; No Tech Support; High Monthly Fee
9294-TDIPC,Segment 3: Short-Term High-Charge Users,0.1706961726583573,17.07%,No,Low Risk,Month-to-month Contract; Low Tenure (0-12m)
5229-DTFYB,Segment 1: Long-Term Committed Loyalists,0.2543441580341409,25.43%,No,Low Risk,High Monthly Fee
0104-PPXDV,Segment 1: Long-Term Committed Loyalists,0.14174803791466495,14.17%,No,Low Risk,No Tech Support
5176-LMJXE,Segment 1: Long-Term Committed Loyalists,0.009292847852333003,0.93%,No,Low Risk,Stable Account Profile
3583-KRKMD,Segment 3: Short-Term High-Charge Users,0.5202431226703373,52.02%,Yes,Medium Risk,Month-to-month Contract; High Monthly Fee
1010-DIAUQ,Segment 3: Short-Term High-Charge Users,0.8701679313284865,87.02%,Yes,High Risk,Month-to-month Contract; Low Tenure (0-12m); No Tech Support
9069-LGEUL,Segment 3: Short-Term High-Charge Users,0.32363762241480143,32.36%,No,Medium Risk,Month-to-month Contract; No Tech Support
7302-ZHMHP,Segment 3: Short-Term High-Charge Users,0.38434435460098576,38.43%,No,Medium Risk,Month-to-month Contract; Low Tenure (0-12m)
9571-EDEBV,Segment 1: Long-Term Committed Loyalists,0.24944206131981617,24.94%,No,Low Risk,No Tech Support; High Monthly Fee
3520-FJGCV,Segment 1: Long-Term Committed Loyalists,0.035739478297327106,3.57%,No,Low Risk,High Monthly Fee
6563-VRERX,Segment 1: Long-Term Committed Loyalists,0.014835372736044326,1.48%,No,Low Risk,Stable Account Profile
0259-GBZSH,Segment 3: Short-Term High-Charge Users,0.9009716416079264,90.1%,Yes,High Risk,Month-to-month Contract; Low Tenure (0-12m); Electronic Check Payment
6122-EFVKN,Segment 1: Long-Term Committed Loyalists,0.06937035069553836,6.94%,No,Low Risk,Stable Account Profile
2805-EDJPQ,Segment 1: Long-Term Committed Loyalists,0.33052703523122823,33.05%,No,Medium Risk,High Monthly Fee
6862-CQUMB,Segment 3: Short-Term High-Charge Users,0.6235222846920125,62.35%,Yes,High Risk,Month-to-month Contract; No Tech Support; High Monthly Fee
7156-MXBJE,Segment 1: Long-Term Committed Loyalists,0.23876430793279738,23.88%,No,Low Risk,High Monthly Fee
6158-HDPXZ,Segment 3: Short-Term High-Charge Users,0.7389322352505989,73.89%,Yes,High Risk,Month-to-month Contract; Low Tenure (0-12m); No Tech Support
9601-BRXPO,Segment 3: Short-Term High-Charge Users,0.7291607853883009,72.92%,Yes,High Risk,Month-to-month Contract; High Monthly Fee
2863-IMQDR,Segment 1: Long-Term Committed Loyalists,0.043222923694042556,4.32%,No,Low Risk,Electronic Check Payment; High Monthly Fee
5686-CMAWK,Segment 3: Short-Term High-Charge Users,0.46126088917271374,46.13%,No,Medium Risk,Electronic Check Payment; High Monthly Fee
5651-CRHKQ,Segment 1: Long-Term Committed Loyalists,0.28784526703711966,28.78%,No,Low Risk,High Monthly Fee
6905-NIQIN,Segment 3: Short-Term High-Charge Users,0.7367667892112874,73.68%,Yes,High Risk,Month-to-month Contract; Low Tenure (0-12m); No Tech Support
8204-YJCLA,Segment 1: Long-Term Committed Loyalists,0.02928263314571114,2.93%,No,Low Risk,Stable Account Profile
5167-ZFFMM,Segment 3: Short-Term High-Charge Users,0.8994153379848882,89.94%,Yes,High Risk,Month-to-month Contract; Low Tenure (0-12m); No Tech Support
6583-SZVGP,Segment 1: Long-Term Committed Loyalists,0.4306078267646112,43.06%,No,Medium Risk,No Tech Support; High Monthly Fee
4895-TMWIR,Segment 3: Short-Term High-Charge Users,0.40542261698578136,40.54%,No,Medium Risk,Month-to-month Contract; Low Tenure (0-12m)
0533-BNWKF,Segment 3: Short-Term High-Charge Users,0.5772082186465574,57.72%,Yes,Medium Risk,Month-to-month Contract; Electronic Check Payment; No Tech Support
1708-PBBOA,Segment 1: Long-Term Committed Loyalists,0.13500176502354946,13.5%,No,Low Risk,Electronic Check Payment
8782-LKFPK,Segment 3: Short-Term High-Charge Users,0.579788246155054,57.98%,Yes,Medium Risk,Month-to-month Contract; No Tech Support; High Monthly Fee
5522-JBWMO,Segment 3: Short-Term High-Charge Users,0.7518993555263894,75.19%,Yes,High Risk,Month-to-month Contract; Low Tenure (0-12m); Electronic Check Payment
3597-MVHJT,Segment 3: Short-Term High-Charge Users,0.7014743082974947,70.15%,Yes,High Risk,Month-to-month Contract; No Tech Support; High Monthly Fee
9774-NRNAU,Segment 3: Short-Term High-Charge Users,0.3587318448124543,35.87%,No,Medium Risk,Month-to-month Contract; High Monthly Fee
0224-RLWWD,Segment 3: Short-Term High-Charge Users,0.7882319779059607,78.82%,Yes,High Risk,Month-to-month Contract; Low Tenure (0-12m); Electronic Check Payment
9967-ATRFS,Segment 3: Short-Term High-Charge Users,0.13848221767818789,13.85%,No,Low Risk,Month-to-month Contract
3951-NJCVI,Segment 3: Short-Term High-Charge Users,0.7067259628836217,70.67%,Yes,High Risk,Month-to-month Contract; Electronic Check Payment; No Tech Support
2977-CEBSX,Segment 1: Long-Term Committed Loyalists,0.030913585379234176,3.09%,No,Low Risk,High Monthly Fee
0177-PXBAT,Segment 3: Short-Term High-Charge Users,0.5015716693756712,50.16%,Yes,Medium Risk,Month-to-month Contract; High Monthly Fee
6599-CEBNN,Segment 3: Short-Term High-Charge Users,0.6233840925592153,62.34%,Yes,High Risk,Month-to-month Contract; No Tech Support; High Monthly Fee
2519-ERQOJ,Segment 3: Short-Term High-Charge Users,0.3665368575568854,36.65%,No,Medium Risk,Month-to-month Contract; Electronic Check Payment
5876-QMYLD,Segment 1: Long-Term Committed Loyalists,0.02587586384521762,2.59%,No,Low Risk,Stable Account Profile
2277-AXSDC,Segment 1: Long-Term Committed Loyalists,0.03138269494432124,3.14%,No,Low Risk,Stable Account Profile
9442-JTWDL,Segment 1: Long-Term Committed Loyalists,0.11711734026868574,11.71%,No,Low Risk,Low Tenure (0-12m)
0979-PHULV,Segment 1: Long-Term Committed Loyalists,0.4110676820626192,41.11%,No,Medium Risk,Month-to-month Contract; No Tech Support; High Monthly Fee
3067-SVMTC,Segment 1: Long-Term Committed Loyalists,0.06748549786655599,6.75%,No,Low Risk,Stable Account Profile
5495-GPSRW,Segment 1: Long-Term Committed Loyalists,0.02141204523415503,2.14%,No,Low Risk,Stable Account Profile
7606-BPHHN,Segment 1: Long-Term Committed Loyalists,0.011827212160195106,1.18%,No,Low Risk,Stable Account Profile
4742-DRORA,Segment 1: Long-Term Committed Loyalists,0.24825414489116493,24.83%,No,Low Risk,No Tech Support; High Monthly Fee
0111-KLBQG,Segment 3: Short-Term High-Charge Users,0.610980667559751,61.1%,Yes,High Risk,Month-to-month Contract; No Tech Support; High Monthly Fee
4800-VHZKI,Segment 3: Short-Term High-Charge Users,0.730408089717408,73.04%,Yes,High Risk,Month-to-month Contract; Low Tenure (0-12m)
7989-CHGTL,Segment 3: Short-Term High-Charge Users,0.6787074162289972,67.87%,Yes,High Risk,Month-to-month Contract; Low Tenure (0-12m)
0334-GDDSO,Segment 3: Short-Term High-Charge Users,0.8718739476936501,87.19%,Yes,High Risk,Month-to-month Contract; Low Tenure (0-12m); Electronic Check Payment
4163-NCJAK,Segment 1: Long-Term Committed Loyalists,0.0471055209733918,4.71%,No,Low Risk,Stable Account Profile
5233-AOZUF,Segment 3: Short-Term High-Charge Users,0.6703781584765608,67.04%,Yes,High Risk,Month-to-month Contract; Electronic Check Payment; No Tech Support
5973-EJGDP,Segment 3: Short-Term High-Charge Users,0.5397596399088598,53.98%,Yes,Medium Risk,Month-to-month Contract; Electronic Check Payment; High Monthly Fee
1996-DBMUS,Segment 3: Short-Term High-Charge Users,0.4749672953642327,47.5%,No,Medium Risk,Month-to-month Contract; No Tech Support; High Monthly Fee
7916-VCCPB,Segment 3: Short-Term High-Charge Users,0.5358204394541599,53.58%,Yes,Medium Risk,Month-to-month Contract; No Tech Support; High Monthly Fee
4686-GEFRM,Segment 1: Long-Term Committed Loyalists,0.1666197141088895,16.66%,No,Low Risk,High Monthly Fee
5249-QYHEX,Segment 1: Long-Term Committed Loyalists,0.05570892753396297,5.57%,No,Low Risk,Stable Account Profile
0578-SKVMF,Segment 3: Short-Term High-Charge Users,0.6642079275809567,66.42%,Yes,High Risk,Month-to-month Contract; Electronic Check Payment; No Tech Support
5564-NEMQO,Segment 3: Short-Term High-Charge Users,0.903237500420362,90.32%,Yes,High Risk,Month-to-month Contract; Low Tenure (0-12m); No Tech Support
2233-FAGXV,Segment 3: Short-Term High-Charge Users,0.24432709854423132,24.43%,No,Low Risk,Month-to-month Contract; Low Tenure (0-12m)
5605-IYGFG,Segment 3: Short-Term High-Charge Users,0.7570851160251928,75.71%,Yes,High Risk,Month-to-month Contract; Low Tenure (0-12m); No Tech Support
7663-ZTEGJ,Segment 1: Long-Term Committed Loyalists,0.23947387391780367,23.95%,No,Low Risk,High Monthly Fee
3935-TBRZZ,Segment 1: Long-Term Committed Loyalists,0.027519755854407045,2.75%,No,Low Risk,Stable Account Profile
8111-BKVDS,Segment 3: Short-Term High-Charge Users,0.4388159017085615,43.88%,No,Medium Risk,Month-to-month Contract; Low Tenure (0-12m); No Tech Support
2055-SIFSS,Segment 3: Short-Term High-Charge Users,0.23314356582220122,23.31%,No,Low Risk,Month-to-month Contract; No Tech Support
2806-MLNTI,Segment 1: Long-Term Committed Loyalists,0.5288432215440296,52.88%,Yes,Medium Risk,No Tech Support; High Monthly Fee
8734-DKSTZ,Segment 3: Short-Term High-Charge Users,0.8006196129566826,80.06%,Yes,High Risk,Month-to-month Contract; Low Tenure (0-12m); Electronic Check Payment
4360-PNRQB,Segment 3: Short-Term High-Charge Users,0.6111151906997488,61.11%,Yes,High Risk,Month-to-month Contract; No Tech Support; High Monthly Fee
6152-ONASV,Segment 1: Long-Term Committed Loyalists,0.07871912421196856,7.87%,No,Low Risk,Stable Account Profile
9063-ZGTUY,Segment 3: Short-Term High-Charge Users,0.5756155934008376,57.56%,Yes,Medium Risk,Month-to-month Contract
7781-HVGMK,Segment 1: Long-Term Committed Loyalists,0.033865104690373356,3.39%,No,Low Risk,Stable Account Profile
2181-UAESM,Segment 3: Short-Term High-Charge Users,0.6674155717874485,66.74%,Yes,High Risk,Month-to-month Contract; Low Tenure (0-12m); Electronic Check Payment
2957-LOLHO,Segment 3: Short-Term High-Charge Users,0.520451874190345,52.05%,Yes,Medium Risk,Month-to-month Contract; Low Tenure (0-12m); No Tech Support
6048-NJXHX,Segment 1: Long-Term Committed Loyalists,0.028117240780081605,2.81%,No,Low Risk,Electronic Check Payment
2320-SLKMB,Segment 3: Short-Term High-Charge Users,0.3247028265849669,32.47%,No,Medium Risk,Month-to-month Contract
4980-URKXC,Segment 1: Long-Term Committed Loyalists,0.026391431839542533,2.64%,No,Low Risk,Stable Account Profile
4376-KFVRS,Segment 1: Long-Term Committed Loyalists,0.03541427504529459,3.54%,No,Low Risk,High Monthly Fee
5886-VLQVU,Segment 3: Short-Term High-Charge Users,0.5619894900366386,56.2%,Yes,Medium Risk,Month-to-month Contract; High Monthly Fee
3577-AMVUX,Segment 3: Short-Term High-Charge Users,0.6609067652197208,66.09%,Yes,High Risk,Month-to-month Contract; Low Tenure (0-12m)
0771-WLCLA,Segment 3: Short-Term High-Charge Users,0.5987650169395131,59.88%,Yes,Medium Risk,Month-to-month Contract; Electronic Check Payment; High Monthly Fee
5628-RKIFK,Segment 1: Long-Term Committed Loyalists,0.4318549483831658,43.19%,No,Medium Risk,Month-to-month Contract; No Tech Support; High Monthly Fee
0206-TBWLC,Segment 1: Long-Term Committed Loyalists,0.36361327917754444,36.36%,No,Medium Risk,High Monthly Fee
2937-FTHUR,Segment 3: Short-Term High-Charge Users,0.4683802544046058,46.84%,No,Medium Risk,Month-to-month Contract; Electronic Check Payment; No Tech Support
1910-FMXJM,Segment 3: Short-Term High-Charge Users,0.5638564169631702,56.39%,Yes,Medium Risk,Month-to-month Contract; Electronic Check Payment; No Tech Support
7752-XUSCI,Segment 1: Long-Term Committed Loyalists,0.6181089644874828,61.81%,Yes,High Risk,Month-to-month Contract; Electronic Check Payment; No Tech Support
4110-PFEUZ,Segment 3: Short-Term High-Charge Users,0.904223321910171,90.42%,Yes,High Risk,Month-to-month Contract; Low Tenure (0-12m); No Tech Support
0732-OCQOC,Segment 1: Long-Term Committed Loyalists,0.0475334544678701,4.75%,No,Low Risk,Stable Account Profile
5168-MSWXT,Segment 3: Short-Term High-Charge Users,0.8581714387348451,85.82%,Yes,High Risk,Month-to-month Contract; Low Tenure (0-12m); Electronic Check Payment
1090-ESELR,Segment 1: Long-Term Committed Loyalists,0.1279624476106058,12.8%,No,Low Risk,High Monthly Fee
8592-PLTMQ,Segment 1: Long-Term Committed Loyalists,0.054972002651154504,5.5%,No,Low Risk,Stable Account Profile
5760-WRAHC,Segment 3: Short-Term High-Charge Users,0.26174428303388025,26.17%,No,Low Risk,Month-to-month Contract
8847-GEOOQ,Segment 3: Short-Term High-Charge Users,0.26227112466447094,26.23%,No,Low Risk,Month-to-month Contract
0256-LTHVJ,Segment 3: Short-Term High-Charge Users,0.6436761186846368,64.37%,Yes,High Risk,Month-to-month Contract; Electronic Check Payment; No Tech Support
4785-FCIFB,Segment 1: Long-Term Committed Loyalists,0.0132521751326459,1.33%,No,Low Risk,Stable Account Profile
8313-NDOIA,Segment 3: Short-Term High-Charge Users,0.7917463888892897,79.17%,Yes,High Risk,Month-to-month Contract; Electronic Check Payment; No Tech Support
5149-CUZUJ,Segment 1: Long-Term Committed Loyalists,0.22568914375135113,22.57%,No,Low Risk,High Monthly Fee
0942-KOWSM,Segment 1: Long-Term Committed Loyalists,0.0728126570755873,7.28%,No,Low Risk,High Monthly Fee
4237-CLSMM,Segment 3: Short-Term High-Charge Users,0.192175245133,19.22%,No,Low Risk,Month-to-month Contract; Low Tenure (0-12m)
1452-VOQCH,Segment 3: Short-Term High-Charge Users,0.9323108614460659,93.23%,Yes,High Risk,Month-to-month Contract; Low Tenure (0-12m); Electronic Check Payment
4719-UMSIY,Segment 3: Short-Term High-Charge Users,0.14834932657849242,14.83%,No,Low Risk,Month-to-month Contract; Low Tenure (0-12m)
6614-VBEGU,Segment 3: Short-Term High-Charge Users,0.3345714640579933,33.46%,No,Medium Risk,Month-to-month Contract; No Tech Support
0880-TKATG,Segment 3: Short-Term High-Charge Users,0.8451675711297957,84.52%,Yes,High Risk,Month-to-month Contract; Low Tenure (0-12m); Electronic Check Payment
3811-VBYBZ,Segment 3: Short-Term High-Charge Users,0.9029697255029577,90.3%,Yes,High Risk,Month-to-month Contract; Low Tenure (0-12m); Electronic Check Payment
1480-BKXGA,Segment 1: Long-Term Committed Loyalists,0.045655753179349105,4.57%,No,Low Risk,High Monthly Fee
2996-XAUVF,Segment 1: Long-Term Committed Loyalists,0.07973113021775936,7.97%,No,Low Risk,Stable Account Profile
9076-AXYIK,Segment 1: Long-Term Committed Loyalists,0.27573339589408663,27.57%,No,Low Risk,Electronic Check Payment; High Monthly Fee
5968-XQIVE,Segment 1: Long-Term Committed Loyalists,0.2936994890152811,29.37%,No,Low Risk,Electronic Check Payment; No Tech Support; High Monthly Fee
8896-RAZCR,Segment 1: Long-Term Committed Loyalists,0.007463258028238943,0.75%,No,Low Risk,Stable Account Profile
4640-UHDOS,Segment 3: Short-Term High-Charge Users,0.5088368557980119,50.88%,Yes,Medium Risk,Month-to-month Contract; Electronic Check Payment; No Tech Support
4933-IKULF,Segment 1: Long-Term Committed Loyalists,0.05885930788362386,5.89%,No,Low Risk,Stable Account Profile
3583-EKAPL,Segment 3: Short-Term High-Charge Users,0.8111548453660428,81.12%,Yes,High Risk,Month-to-month Contract; Low Tenure (0-12m); Electronic Check Payment
1304-BCCFO,Segment 3: Short-Term High-Charge Users,0.5199727674073306,52.0%,Yes,Medium Risk,Month-to-month Contract; Low Tenure (0-12m); No Tech Support
4104-PVRPS,Segment 3: Short-Term High-Charge Users,0.20020730321358665,20.02%,No,Low Risk,Month-to-month Contract
9399-APLBT,Segment 3: Short-Term High-Charge Users,0.907690770364328,90.77%,Yes,High Risk,Month-to-month Contract; Low Tenure (0-12m); Electronic Check Payment
2359-KMGLI,Segment 3: Short-Term High-Charge Users,0.7293147661646113,72.93%,Yes,High Risk,Month-to-month Contract; Electronic Check Payment; No Tech Support
3780-DDGSE,Segment 3: Short-Term High-Charge Users,0.3682844311717402,36.83%,No,Medium Risk,Month-to-month Contract; Electronic Check Payment; High Monthly Fee
4431-EDMIQ,Segment 3: Short-Term High-Charge Users,0.4124506175441013,41.25%,No,Medium Risk,Month-to-month Contract; Low Tenure (0-12m); Electronic Check Payment
0306-JAELE,Segment 3: Short-Term High-Charge Users,0.8635087087047708,86.35%,Yes,High Risk,Month-to-month Contract; Low Tenure (0-12m); Electronic Check Payment
6227-HWPWX,Segment 3: Short-Term High-Charge Users,0.5421061682810103,54.21%,Yes,Medium Risk,Month-to-month Contract; No Tech Support
0486-LGCCH,Segment 1: Long-Term Committed Loyalists,0.03075087609979843,3.08%,No,Low Risk,Low Tenure (0-12m)
0447-BEMNG,Segment 3: Short-Term High-Charge Users,0.33787777335238817,33.79%,No,Medium Risk,Month-to-month Contract; No Tech Support
4612-SSVHJ,Segment 3: Short-Term High-Charge Users,0.7024598301976519,70.25%,Yes,High Risk,Month-to-month Contract; Electronic Check Payment; No Tech Support
5168-MQQCA,Segment 1: Long-Term Committed Loyalists,0.2843176540678306,28.43%,No,Low Risk,High Monthly Fee
5949-XIKAE,Segment 3: Short-Term High-Charge Users,0.8510744688152329,85.11%,Yes,High Risk,Month-to-month Contract; Low Tenure (0-12m); Electronic Check Payment
7971-HLVXI,Segment 1: Long-Term Committed Loyalists,0.11111984199340086,11.11%,No,Low Risk,No Tech Support; High Monthly Fee
9094-AZPHK,Segment 3: Short-Term High-Charge Users,0.8095637855487544,80.96%,Yes,High Risk,Month-to-month Contract; Electronic Check Payment; No Tech Support
3649-JPUGY,Segment 1: Long-Term Committed Loyalists,0.04395422650640732,4.4%,No,Low Risk,High Monthly Fee
4472-LVYGI,Segment 1: Long-Term Committed Loyalists,0.10178370418074993,10.18%,No,Low Risk,Low Tenure (0-12m)
8372-JUXUI,Segment 3: Short-Term High-Charge Users,0.9205809265326741,92.06%,Yes,High Risk,Month-to-month Contract; Low Tenure (0-12m); Electronic Check Payment
3552-CTCYF,Segment 1: Long-Term Committed Loyalists,0.30404832846312646,30.4%,No,Medium Risk,No Tech Support; High Monthly Fee
6778-YSNIH,Segment 3: Short-Term High-Charge Users,0.711662605088216,71.17%,Yes,High Risk,Month-to-month Contract; Low Tenure (0-12m); Electronic Check Payment
0388-EOPEX,Segment 3: Short-Term High-Charge Users,0.7803083596199235,78.03%,Yes,High Risk,Month-to-month Contract; Low Tenure (0-12m); Electronic Check Payment
5756-OZRIO,Segment 1: Long-Term Committed Loyalists,0.14118304964606979,14.12%,No,Low Risk,No Tech Support
6579-JPICP,Segment 3: Short-Term High-Charge Users,0.46718069653033156,46.72%,No,Medium Risk,Month-to-month Contract; Low Tenure (0-12m)
8205-OTCHB,Segment 1: Long-Term Committed Loyalists,0.4838668103782079,48.39%,No,Medium Risk,No Tech Support
4134-BSXLX,Segment 3: Short-Term High-Charge Users,0.16012019062659996,16.01%,No,Low Risk,Month-to-month Contract
0505-SPOOW,Segment 1: Long-Term Committed Loyalists,0.006971194076263824,0.7%,No,Low Risk,Stable Account Profile
6235-VDHOM,Segment 3: Short-Term High-Charge Users,0.665362646471488,66.54%,Yes,High Risk,Month-to-month Contract; Low Tenure (0-12m); Electronic Check Payment
7783-YKGDV,Segment 3: Short-Term High-Charge Users,0.8515703234089018,85.16%,Yes,High Risk,Month-to-month Contract; Low Tenure (0-12m); No Tech Support
4374-YMUSQ,Segment 1: Long-Term Committed Loyalists,0.2939328525749247,29.39%,No,Low Risk,High Monthly Fee
4513-CXYIX,Segment 1: Long-Term Committed Loyalists,0.09625327087384113,9.63%,No,Low Risk,No Tech Support; High Monthly Fee
3957-HHLMR,Segment 1: Long-Term Committed Loyalists,0.10600699726566111,10.6%,No,Low Risk,No Tech Support
7803-XOCCZ,Segment 3: Short-Term High-Charge Users,0.3010787640787944,30.11%,No,Medium Risk,Month-to-month Contract; High Monthly Fee
5736-YEJAX,Segment 1: Long-Term Committed Loyalists,0.04773541187956498,4.77%,No,Low Risk,High Monthly Fee
5609-CEBID,Segment 3: Short-Term High-Charge Users,0.791414429432418,79.14%,Yes,High Risk,Month-to-month Contract; Electronic Check Payment; No Tech Support
8981-FJGLA,Segment 3: Short-Term High-Charge Users,0.6760757366425771,67.61%,Yes,High Risk,Month-to-month Contract; Low Tenure (0-12m); No Tech Support
7218-HKQFK,Segment 3: Short-Term High-Charge Users,0.86692959374965,86.69%,Yes,High Risk,Month-to-month Contract; Low Tenure (0-12m); Electronic Check Payment
4636-QRJKY,Segment 3: Short-Term High-Charge Users,0.8411634262664167,84.12%,Yes,High Risk,Month-to-month Contract; Low Tenure (0-12m); Electronic Check Payment
1135-LMECX,Segment 3: Short-Term High-Charge Users,0.5953515553743811,59.54%,Yes,Medium Risk,Month-to-month Contract; Low Tenure (0-12m)
4332-MUOEZ,Segment 3: Short-Term High-Charge Users,0.4217487299620875,42.17%,No,Medium Risk,High Monthly Fee
8535-SFUTN,Segment 1: Long-Term Committed Loyalists,0.4868220813727037,48.68%,No,Medium Risk,Month-to-month Contract; Electronic Check Payment; No Tech Support
5956-VKDTT,Segment 3: Short-Term High-Charge Users,0.8591519971419833,85.92%,Yes,High Risk,Month-to-month Contract; Low Tenure (0-12m); Electronic Check Payment
8677-HDZEE,Segment 1: Long-Term Committed Loyalists,0.5132260969282517,51.32%,Yes,Medium Risk,Month-to-month Contract; High Monthly Fee
2475-MROZF,Segment 3: Short-Term High-Charge Users,0.37445325211416475,37.45%,No,Medium Risk,Month-to-month Contract; High Monthly Fee
9412-GHEEC,Segment 3: Short-Term High-Charge Users,0.6564863643610491,65.65%,Yes,High Risk,Month-to-month Contract; High Monthly Fee
3482-ABPKK,Segment 1: Long-Term Committed Loyalists,0.09508152880129239,9.51%,No,Low Risk,Stable Account Profile
6705-LXORM,Segment 3: Short-Term High-Charge Users,0.7818473450508752,78.18%,Yes,High Risk,Month-to-month Contract; Low Tenure (0-12m); Electronic Check Payment
0257-ZESQC,Segment 3: Short-Term High-Charge Users,0.5937834666500339,59.38%,Yes,Medium Risk,Month-to-month Contract; No Tech Support; High Monthly Fee
7531-GQHME,Segment 3: Short-Term High-Charge Users,0.19915997631652074,19.92%,No,Low Risk,Month-to-month Contract; Low Tenure (0-12m)
5174-ITUMV,Segment 1: Long-Term Committed Loyalists,0.48510897501753164,48.51%,No,Medium Risk,Electronic Check Payment; No Tech Support; High Monthly Fee
4109-CYRBD,Segment 3: Short-Term High-Charge Users,0.3184948790222406,31.85%,No,Medium Risk,Month-to-month Contract; Electronic Check Payment; No Tech Support
0913-XWSCN,Segment 3: Short-Term High-Charge Users,0.47020051554466535,47.02%,No,Medium Risk,Month-to-month Contract; No Tech Support; High Monthly Fee
6825-UYPFK,Segment 3: Short-Term High-Charge Users,0.5407928698601779,54.08%,Yes,Medium Risk,Month-to-month Contract; No Tech Support; High Monthly Fee
8397-MVTAZ,Segment 3: Short-Term High-Charge Users,0.7371235265300158,73.71%,Yes,High Risk,Month-to-month Contract; Electronic Check Payment; No Tech Support
0750-EBAIU,Segment 1: Long-Term Committed Loyalists,0.3042920041917661,30.43%,No,Medium Risk,Electronic Check Payment; No Tech Support; High Monthly Fee
8606-CIQUL,Segment 1: Long-Term Committed Loyalists,0.033324780086345054,3.33%,No,Low Risk,High Monthly Fee
3571-DPYUH,Segment 1: Long-Term Committed Loyalists,0.2586897225372031,25.87%,No,Low Risk,High Monthly Fee
7601-GNDYK,Segment 1: Long-Term Committed Loyalists,0.01151910852481923,1.15%,No,Low Risk,Stable Account Profile
0356-OBMAC,Segment 1: Long-Term Committed Loyalists,0.285669978755889,28.57%,No,Low Risk,High Monthly Fee
8067-NIOYM,Segment 1: Long-Term Committed Loyalists,0.013983508930008805,1.4%,No,Low Risk,Stable Account Profile
1403-GYAFU,Segment 1: Long-Term Committed Loyalists,0.007334240173240009,0.73%,No,Low Risk,Stable Account Profile
4234-XTNEA,Segment 3: Short-Term High-Charge Users,0.8670000600914928,86.7%,Yes,High Risk,Month-to-month Contract; Low Tenure (0-12m); Electronic Check Payment
1297-VQDRP,Segment 1: Long-Term Committed Loyalists,0.41854838658051163,41.85%,No,Medium Risk,High Monthly Fee
9282-IZGQK,Segment 3: Short-Term High-Charge Users,0.9304579757154342,93.05%,Yes,High Risk,Month-to-month Contract; Low Tenure (0-12m); Electronic Check Payment
5348-CAGXB,Segment 3: Short-Term High-Charge Users,0.8070895994821198,80.71%,Yes,High Risk,Month-to-month Contract; Low Tenure (0-12m); Electronic Check Payment
0621-HJWXJ,Segment 3: Short-Term High-Charge Users,0.3541213084919409,35.41%,No,Medium Risk,Month-to-month Contract; No Tech Support; High Monthly Fee
5844-QVTAT,Segment 1: Long-Term Committed Loyalists,0.16386317930555125,16.39%,No,Low Risk,No Tech Support
8905-IAZPF,Segment 1: Long-Term Committed Loyalists,0.2950193630939627,29.5%,No,Low Risk,No Tech Support; High Monthly Fee
5394-MEITZ,Segment 1: Long-Term Committed Loyalists,0.04673289228959045,4.67%,No,Low Risk,High Monthly Fee
6859-QNXIQ,Segment 1: Long-Term Committed Loyalists,0.038479760331881406,3.85%,No,Low Risk,High Monthly Fee
2782-LFZVW,Segment 3: Short-Term High-Charge Users,0.4353775075761479,43.54%,No,Medium Risk,Month-to-month Contract; Low Tenure (0-12m); No Tech Support
2866-IKBTM,Segment 3: Short-Term High-Charge Users,0.5468521094628085,54.69%,Yes,Medium Risk,Month-to-month Contract; Low Tenure (0-12m)
1342-JPNKI,Segment 3: Short-Term High-Charge Users,0.8538327920148316,85.38%,Yes,High Risk,Month-to-month Contract; Low Tenure (0-12m); No Tech Support
2817-NTQDO,Segment 3: Short-Term High-Charge Users,0.5516066688734595,55.16%,Yes,Medium Risk,Month-to-month Contract
7129-AZJDE,Segment 3: Short-Term High-Charge Users,0.4482467298599594,44.82%,No,Medium Risk,No Tech Support; High Monthly Fee
6986-IJDHX,Segment 3: Short-Term High-Charge Users,0.6118611063263156,61.19%,Yes,High Risk,Month-to-month Contract; No Tech Support; High Monthly Fee
2560-PPCHE,Segment 1: Long-Term Committed Loyalists,0.4195773861543926,41.96%,No,Medium Risk,High Monthly Fee
4676-MQUEA,Segment 1: Long-Term Committed Loyalists,0.3831256392170548,38.31%,No,Medium Risk,No Tech Support; High Monthly Fee
8138-EALND,Segment 3: Short-Term High-Charge Users,0.25374751642109855,25.37%,No,Low Risk,Month-to-month Contract
3580-HYCSP,Segment 1: Long-Term Committed Loyalists,0.09777706710784934,9.78%,No,Low Risk,No Tech Support; High Monthly Fee
1352-HNSAW,Segment 1: Long-Term Committed Loyalists,0.040773916548328654,4.08%,No,Low Risk,High Monthly Fee
2075-PUEPR,Segment 1: Long-Term Committed Loyalists,0.03718863217871858,3.72%,No,Low Risk,Stable Account Profile
1982-FEBTD,Segment 1: Long-Term Committed Loyalists,0.09054366781126687,9.05%,No,Low Risk,Stable Account Profile
5301-GAUUY,Segment 3: Short-Term High-Charge Users,0.611081499425143,61.11%,Yes,High Risk,Month-to-month Contract; No Tech Support; High Monthly Fee
5791-KAJFD,Segment 1: Long-Term Committed Loyalists,0.1335227824945461,13.35%,No,Low Risk,No Tech Support
2654-VBVPB,Segment 3: Short-Term High-Charge Users,0.5972269700170632,59.72%,Yes,Medium Risk,Month-to-month Contract; Low Tenure (0-12m)
1154-HYWWO,Segment 1: Long-Term Committed Loyalists,0.1583235049594084,15.83%,No,Low Risk,High Monthly Fee
2501-XWWTZ,Segment 3: Short-Term High-Charge Users,0.6591093256951107,65.91%,Yes,High Risk,Month-to-month Contract; Low Tenure (0-12m); Electronic Check Payment
3716-UVSPD,Segment 3: Short-Term High-Charge Users,0.7514072003575499,75.14%,Yes,High Risk,Month-to-month Contract; Low Tenure (0-12m); Electronic Check Payment
6815-ABQFQ,Segment 1: Long-Term Committed Loyalists,0.5430019516684497,54.3%,Yes,Medium Risk,Electronic Check Payment; High Monthly Fee
7343-EOBEU,Segment 3: Short-Term High-Charge Users,0.24820208144039207,24.82%,No,Low Risk,Month-to-month Contract; Low Tenure (0-12m)
3701-SFMUH,Segment 3: Short-Term High-Charge Users,0.45645576233277874,45.65%,No,Medium Risk,Month-to-month Contract; Low Tenure (0-12m); No Tech Support
6103-LIANB,Segment 1: Long-Term Committed Loyalists,0.29403255556738317,29.4%,No,Low Risk,No Tech Support; High Monthly Fee
7319-VENRZ,Segment 3: Short-Term High-Charge Users,0.4273297333626669,42.73%,No,Medium Risk,Month-to-month Contract; Low Tenure (0-12m)
5846-NEQVZ,Segment 1: Long-Term Committed Loyalists,0.08183018318387553,8.18%,No,Low Risk,High Monthly Fee
6967-QIQRV,Segment 3: Short-Term High-Charge Users,0.5031069375355054,50.31%,Yes,Medium Risk,Electronic Check Payment; High Monthly Fee
5781-RFZRP,Segment 1: Long-Term Committed Loyalists,0.05849567555357522,5.85%,No,Low Risk,High Monthly Fee
0939-YAPAF,Segment 3: Short-Term High-Charge Users,0.7521962610127828,75.22%,Yes,High Risk,Month-to-month Contract; Electronic Check Payment; No Tech Support
0308-IVGOK,Segment 1: Long-Term Committed Loyalists,0.23854029989387265,23.85%,No,Low Risk,Low Tenure (0-12m)
7293-LSCDV,Segment 1: Long-Term Committed Loyalists,0.04490392566931968,4.49%,No,Low Risk,Stable Account Profile
7025-WCBNE,Segment 1: Long-Term Committed Loyalists,0.1258637191847838,12.59%,No,Low Risk,Stable Account Profile
5756-JYOJT,Segment 1: Long-Term Committed Loyalists,0.22804520678995596,22.8%,No,Low Risk,Low Tenure (0-12m)
4710-FDUIZ,Segment 1: Long-Term Committed Loyalists,0.5059967998462741,50.6%,Yes,Medium Risk,No Tech Support; High Monthly Fee
6030-REHUX,Segment 3: Short-Term High-Charge Users,0.644032085814991,64.4%,Yes,High Risk,Month-to-month Contract; Electronic Check Payment; High Monthly Fee
9548-LIGTA,Segment 1: Long-Term Committed Loyalists,0.040547587830300345,4.05%,No,Low Risk,High Monthly Fee
5150-LJNSR,Segment 1: Long-Term Committed Loyalists,0.25852348836779776,25.85%,No,Low Risk,No Tech Support; High Monthly Fee
8270-RKSAP,Segment 3: Short-Term High-Charge Users,0.7332885012730581,73.33%,Yes,High Risk,Month-to-month Contract; Low Tenure (0-12m); Electronic Check Payment
6522-YRBXD,Segment 3: Short-Term High-Charge Users,0.6123447314244345,61.23%,Yes,High Risk,Month-to-month Contract; Electronic Check Payment; No Tech Support
2640-LYMOV,Segment 3: Short-Term High-Charge Users,0.2024552031735127,20.25%,No,Low Risk,Month-to-month Contract; Low Tenure (0-12m)
1218-VKFPE,Segment 3: Short-Term High-Charge Users,0.16016236687163438,16.02%,No,Low Risk,Month-to-month Contract; Low Tenure (0-12m)
3627-FHKBK,Segment 3: Short-Term High-Charge Users,0.7788067854240714,77.88%,Yes,High Risk,Month-to-month Contract; Low Tenure (0-12m); No Tech Support
2865-TCHJW,Segment 3: Short-Term High-Charge Users,0.892348436961872,89.23%,Yes,High Risk,Month-to-month Contract; Low Tenure (0-12m); Electronic Check Payment
1423-BMPBQ,Segment 3: Short-Term High-Charge Users,0.44498609180537696,44.5%,No,Medium Risk,Month-to-month Contract; Low Tenure (0-12m)
2393-DIVAI,Segment 3: Short-Term High-Charge Users,0.2593466387198889,25.93%,No,Low Risk,Month-to-month Contract; Low Tenure (0-12m)
5192-EBGOV,Segment 3: Short-Term High-Charge Users,0.9358129541135317,93.58%,Yes,High Risk,Month-to-month Contract; Low Tenure (0-12m); Electronic Check Payment
4568-KNYWR,Segment 1: Long-Term Committed Loyalists,0.07228709338184601,7.23%,No,Low Risk,No Tech Support
8752-IMQOS,Segment 1: Long-Term Committed Loyalists,0.06308958808879513,6.31%,No,Low Risk,Low Tenure (0-12m)
0742-LAFQK,Segment 1: Long-Term Committed Loyalists,0.1627454371168714,16.27%,No,Low Risk,Electronic Check Payment; No Tech Support; High Monthly Fee
0795-LAFGP,Segment 1: Long-Term Committed Loyalists,0.0474540384665952,4.75%,No,Low Risk,Electronic Check Payment; High Monthly Fee
0619-OLYUR,Segment 1: Long-Term Committed Loyalists,0.0700433303851478,7.0%,No,Low Risk,High Monthly Fee
5512-IDZEI,Segment 1: Long-Term Committed Loyalists,0.04686976202034739,4.69%,No,Low Risk,Electronic Check Payment
0459-SPZHJ,Segment 1: Long-Term Committed Loyalists,0.056078220618357356,5.61%,No,Low Risk,No Tech Support; High Monthly Fee
0215-BQKGS,Segment 3: Short-Term High-Charge Users,0.5467665144128453,54.68%,Yes,Medium Risk,Month-to-month Contract; No Tech Support; High Monthly Fee
9244-ZVAPM,Segment 3: Short-Term High-Charge Users,0.7484495257600724,74.84%,Yes,High Risk,Month-to-month Contract; Low Tenure (0-12m); No Tech Support
0719-SYFRB,Segment 3: Short-Term High-Charge Users,0.3787742547567683,37.88%,No,Medium Risk,Month-to-month Contract; Low Tenure (0-12m)
8208-EUMTE,Segment 1: Long-Term Committed Loyalists,0.07869253930262285,7.87%,No,Low Risk,Stable Account Profile
5172-MIGPM,Segment 3: Short-Term High-Charge Users,0.489504625527568,48.95%,No,Medium Risk,Month-to-month Contract; Low Tenure (0-12m)
1710-RCXUS,Segment 1: Long-Term Committed Loyalists,0.3190088965937216,31.9%,No,Medium Risk,No Tech Support; High Monthly Fee
0374-FIUCA,Segment 1: Long-Term Committed Loyalists,0.007591375773504912,0.76%,No,Low Risk,Stable Account Profile
5839-SUYVZ,Segment 3: Short-Term High-Charge Users,0.5688124522393084,56.88%,Yes,Medium Risk,Month-to-month Contract; High Monthly Fee
5173-ZXXXL,Segment 1: Long-Term Committed Loyalists,0.04986646310180411,4.99%,No,Low Risk,Low Tenure (0-12m)
1096-ADRUX,Segment 1: Long-Term Committed Loyalists,0.19156590567358311,19.16%,No,Low Risk,No Tech Support; High Monthly Fee
2001-MCUUW,Segment 1: Long-Term Committed Loyalists,0.43296135183442175,43.3%,No,Medium Risk,Electronic Check Payment; High Monthly Fee
2731-GJRDG,Segment 1: Long-Term Committed Loyalists,0.38526376327423123,38.53%,No,Medium Risk,High Monthly Fee
4723-BEGSG,Segment 1: Long-Term Committed Loyalists,0.028045777992427332,2.8%,No,Low Risk,High Monthly Fee
6516-NKQBO,Segment 1: Long-Term Committed Loyalists,0.12488250995585136,12.49%,No,Low Risk,High Monthly Fee
8672-OAUPW,Segment 1: Long-Term Committed Loyalists,0.1207449638040008,12.07%,No,Low Risk,Stable Account Profile
8207-DMRVL,Segment 1: Long-Term Committed Loyalists,0.03713437786980129,3.71%,No,Low Risk,High Monthly Fee
3419-SNJJD,Segment 1: Long-Term Committed Loyalists,0.4580940831751112,45.81%,No,Medium Risk,Month-to-month Contract; No Tech Support; High Monthly Fee
6543-CPZMK,Segment 3: Short-Term High-Charge Users,0.5919537176316555,59.2%,Yes,Medium Risk,Month-to-month Contract; Low Tenure (0-12m); Electronic Check Payment
4765-OXPPD,Segment 3: Short-Term High-Charge Users,0.4827040592035761,48.27%,No,Medium Risk,Month-to-month Contract; Low Tenure (0-12m)
2804-ETQDK,Segment 1: Long-Term Committed Loyalists,0.01756728279411166,1.76%,No,Low Risk,Stable Account Profile
6689-VRRTK,Segment 1: Long-Term Committed Loyalists,0.44147707165828926,44.15%,No,Medium Risk,No Tech Support; High Monthly Fee
7138-GIRSH,Segment 1: Long-Term Committed Loyalists,0.04351151060443174,4.35%,No,Low Risk,Stable Account Profile
9396-ZSFLL,Segment 3: Short-Term High-Charge Users,0.43833803664566506,43.83%,No,Medium Risk,Month-to-month Contract; No Tech Support
6464-KEXXH,Segment 3: Short-Term High-Charge Users,0.5018273292889521,50.18%,Yes,Medium Risk,Month-to-month Contract; Low Tenure (0-12m); No Tech Support
7134-MJPDY,Segment 1: Long-Term Committed Loyalists,0.48082188783244095,48.08%,No,Medium Risk,High Monthly Fee
5240-CAOYT,Segment 1: Long-Term Committed Loyalists,0.17621319211377803,17.62%,No,Low Risk,Month-to-month Contract; High Monthly Fee
4059-IIEBK,Segment 3: Short-Term High-Charge Users,0.8448035682784304,84.48%,Yes,High Risk,Month-to-month Contract; Low Tenure (0-12m); No Tech Support
4881-JVQOD,Segment 3: Short-Term High-Charge Users,0.5007928100925259,50.08%,Yes,Medium Risk,Month-to-month Contract; Low Tenure (0-12m); No Tech Support
0516-UXRMT,Segment 1: Long-Term Committed Loyalists,0.2615522522526951,26.16%,No,Low Risk,Electronic Check Payment; No Tech Support; High Monthly Fee
4851-BQDNX,Segment 3: Short-Term High-Charge Users,0.534054065288875,53.41%,Yes,Medium Risk,Electronic Check Payment; No Tech Support; High Monthly Fee
5148-HKFIR,Segment 1: Long-Term Committed Loyalists,0.018078523468421415,1.81%,No,Low Risk,Stable Account Profile
1009-IRMNA,Segment 3: Short-Term High-Charge Users,0.3060928375143782,30.61%,No,Medium Risk,Month-to-month Contract; Low Tenure (0-12m)
3003-CMDUU,Segment 3: Short-Term High-Charge Users,0.7013172034616472,70.13%,Yes,High Risk,Month-to-month Contract; Electronic Check Payment; High Monthly Fee
5016-IBERQ,Segment 3: Short-Term High-Charge Users,0.6555138638079899,65.55%,Yes,High Risk,Month-to-month Contract; Electronic Check Payment; No Tech Support
6797-UCJHZ,Segment 1: Long-Term Committed Loyalists,0.42054586706485225,42.05%,No,Medium Risk,No Tech Support; High Monthly Fee
2469-DTSGX,Segment 1: Long-Term Committed Loyalists,0.09434790623697822,9.43%,No,Low Risk,Electronic Check Payment; High Monthly Fee
4554-YGZIH,Segment 3: Short-Term High-Charge Users,0.5967199808564778,59.67%,Yes,Medium Risk,Month-to-month Contract; No Tech Support; High Monthly Fee
5099-BAILX,Segment 1: Long-Term Committed Loyalists,0.6247149682644199,62.47%,Yes,High Risk,Month-to-month Contract; High Monthly Fee
9931-KGHOA,Segment 3: Short-Term High-Charge Users,0.24543219753406065,24.54%,No,Low Risk,Month-to-month Contract; No Tech Support
1775-KWJKQ,Segment 1: Long-Term Committed Loyalists,0.014443845639044111,1.44%,No,Low Risk,High Monthly Fee
7665-VIGUD,Segment 1: Long-Term Committed Loyalists,0.07084151120275195,7.08%,No,Low Risk,Low Tenure (0-12m)
9411-TPQQV,Segment 1: Long-Term Committed Loyalists,0.1355531577700475,13.56%,No,Low Risk,Stable Account Profile
7207-RMRDB,Segment 1: Long-Term Committed Loyalists,0.5774913725792331,57.75%,Yes,Medium Risk,Month-to-month Contract; Electronic Check Payment; No Tech Support
7954-MLBUN,Segment 1: Long-Term Committed Loyalists,0.20539833217640271,20.54%,No,Low Risk,High Monthly Fee
2077-DDHJK,Segment 1: Long-Term Committed Loyalists,0.0858320366881874,8.58%,No,Low Risk,High Monthly Fee
4913-EHYUI,Segment 1: Long-Term Committed Loyalists,0.5393641848253363,53.94%,Yes,Medium Risk,No Tech Support; High Monthly Fee
0195-IESCP,Segment 3: Short-Term High-Charge Users,0.8554962877898213,85.55%,Yes,High Risk,Month-to-month Contract; Low Tenure (0-12m); Electronic Check Payment
9574-BOSMD,Segment 1: Long-Term Committed Loyalists,0.007548780677540692,0.75%,No,Low Risk,Stable Account Profile
4580-TMHJU,Segment 3: Short-Term High-Charge Users,0.39892747681015883,39.89%,No,Medium Risk,Month-to-month Contract; Electronic Check Payment; No Tech Support
0970-ETWGE,Segment 3: Short-Term High-Charge Users,0.9158439388338735,91.58%,Yes,High Risk,Month-to-month Contract; Low Tenure (0-12m); Electronic Check Payment
4908-XAXAY,Segment 1: Long-Term Committed Loyalists,0.30031964518406895,30.03%,No,Medium Risk,No Tech Support; High Monthly Fee
8404-VLQFB,Segment 3: Short-Term High-Charge Users,0.2483741348250734,24.84%,No,Low Risk,Month-to-month Contract; Electronic Check Payment
1626-ERCMM,Segment 3: Short-Term High-Charge Users,0.8041008854886116,80.41%,Yes,High Risk,Month-to-month Contract; Electronic Check Payment; No Tech Support
0887-HJGAR,Segment 3: Short-Term High-Charge Users,0.7742349017441523,77.42%,Yes,High Risk,Month-to-month Contract; Low Tenure (0-12m); No Tech Support
2391-IPLOP,Segment 1: Long-Term Committed Loyalists,0.16836325920333015,16.84%,No,Low Risk,Electronic Check Payment
5644-PDMZC,Segment 3: Short-Term High-Charge Users,0.8677859639091672,86.78%,Yes,High Risk,Month-to-month Contract; Low Tenure (0-12m); Electronic Check Payment
3509-GWQGF,Segment 3: Short-Term High-Charge Users,0.5085398616659019,50.85%,Yes,Medium Risk,Month-to-month Contract; No Tech Support
9576-ANLXO,Segment 3: Short-Term High-Charge Users,0.8019802789834956,80.2%,Yes,High Risk,Month-to-month Contract; Low Tenure (0-12m); No Tech Support
2024-BASKD,Segment 3: Short-Term High-Charge Users,0.9018731890500953,90.19%,Yes,High Risk,Month-to-month Contract; Low Tenure (0-12m); No Tech Support
5845-BZZIB,Segment 1: Long-Term Committed Loyalists,0.022643857107471993,2.26%,No,Low Risk,Stable Account Profile
1140-UKVZG,Segment 3: Short-Term High-Charge Users,0.20841441893091683,20.84%,No,Low Risk,Month-to-month Contract
4160-AMJTL,Segment 3: Short-Term High-Charge Users,0.22886380743751797,22.89%,No,Low Risk,Month-to-month Contract; Low Tenure (0-12m); Electronic Check Payment
5183-SNMJQ,Segment 3: Short-Term High-Charge Users,0.7810084083105614,78.1%,Yes,High Risk,Month-to-month Contract; Low Tenure (0-12m); High Monthly Fee
8100-PNJMH,Segment 1: Long-Term Committed Loyalists,0.02784678753139536,2.78%,No,Low Risk,High Monthly Fee
7838-LAZFO,Segment 1: Long-Term Committed Loyalists,0.2260635818172383,22.61%,No,Low Risk,No Tech Support; High Monthly Fee
4464-JCOLN,Segment 1: Long-Term Committed Loyalists,0.05018660632029641,5.02%,No,Low Risk,Low Tenure (0-12m)
2085-JVGAD,Segment 3: Short-Term High-Charge Users,0.09118964076754307,9.12%,No,Low Risk,Month-to-month Contract
5650-VDUDS,Segment 3: Short-Term High-Charge Users,0.649844927624308,64.98%,Yes,High Risk,Month-to-month Contract; Low Tenure (0-12m); No Tech Support
8095-WANWK,Segment 3: Short-Term High-Charge Users,0.47000500000578627,47.0%,No,Medium Risk,Month-to-month Contract; Low Tenure (0-12m); No Tech Support
3030-ZKIWL,Segment 3: Short-Term High-Charge Users,0.664801064477174,66.48%,Yes,High Risk,Month-to-month Contract; Low Tenure (0-12m)
9565-FLVCG,Segment 1: Long-Term Committed Loyalists,0.05874949784675542,5.87%,No,Low Risk,No Tech Support
8755-OGKNA,Segment 1: Long-Term Committed Loyalists,0.022892516534121554,2.29%,No,Low Risk,Stable Account Profile
2800-VEQXM,Segment 3: Short-Term High-Charge Users,0.8203008472203479,82.03%,Yes,High Risk,Month-to-month Contract; Low Tenure (0-12m); No Tech Support
7538-GWHML,Segment 3: Short-Term High-Charge Users,0.7908417384728306,79.08%,Yes,High Risk,Month-to-month Contract; Low Tenure (0-12m); Electronic Check Payment
5533-RJFTJ,Segment 3: Short-Term High-Charge Users,0.3603287127253781,36.03%,No,Medium Risk,Month-to-month Contract; No Tech Support
3859-CVCET,Segment 3: Short-Term High-Charge Users,0.6781122052323737,67.81%,Yes,High Risk,Month-to-month Contract; Low Tenure (0-12m); No Tech Support
0214-JHPFW,Segment 1: Long-Term Committed Loyalists,0.03737618446197241,3.74%,No,Low Risk,Stable Account Profile
5642-MHDQT,Segment 1: Long-Term Committed Loyalists,0.09176164945019387,9.18%,No,Low Risk,Stable Account Profile
3088-FVYWK,Segment 1: Long-Term Committed Loyalists,0.06494401925092937,6.49%,No,Low Risk,Stable Account Profile
3276-HDUEG,Segment 3: Short-Term High-Charge Users,0.9161778826628366,91.62%,Yes,High Risk,Month-to-month Contract; Low Tenure (0-12m); No Tech Support
9092-GDZKO,Segment 3: Short-Term High-Charge Users,0.1489567812506724,14.9%,No,Low Risk,Month-to-month Contract
0823-HSCDJ,Segment 3: Short-Term High-Charge Users,0.49370492693861506,49.37%,No,Medium Risk,Month-to-month Contract; Electronic Check Payment; No Tech Support
3729-OWRVL,Segment 1: Long-Term Committed Loyalists,0.3274152049727526,32.74%,No,Medium Risk,Electronic Check Payment; High Monthly Fee
2324-AALNO,Segment 1: Long-Term Committed Loyalists,0.05787606751401572,5.79%,No,Low Risk,Stable Account Profile
0822-GAVAP,Segment 3: Short-Term High-Charge Users,0.8337545751334058,83.38%,Yes,High Risk,Month-to-month Contract; Low Tenure (0-12m); Electronic Check Payment
5760-IFJOZ,Segment 3: Short-Term High-Charge Users,0.7073851324335815,70.74%,Yes,High Risk,Month-to-month Contract; Low Tenure (0-12m); No Tech Support
2826-UWHIS,Segment 3: Short-Term High-Charge Users,0.5308242477489942,53.08%,Yes,Medium Risk,Month-to-month Contract; No Tech Support; High Monthly Fee
1448-PWKYE,Segment 3: Short-Term High-Charge Users,0.8989958593591003,89.9%,Yes,High Risk,Month-to-month Contract; Low Tenure (0-12m); Electronic Check Payment
7501-IWUNG,Segment 1: Long-Term Committed Loyalists,0.046342430102790454,4.63%,No,Low Risk,High Monthly Fee
4957-TREIR,Segment 3: Short-Term High-Charge Users,0.41000963649340266,41.0%,No,Medium Risk,Month-to-month Contract; Low Tenure (0-12m)
7251-LJBQN,Segment 1: Long-Term Committed Loyalists,0.4797388435618589,47.97%,No,Medium Risk,High Monthly Fee
8040-MNRTF,Segment 3: Short-Term High-Charge Users,0.8814296647458438,88.14%,Yes,High Risk,Month-to-month Contract; Low Tenure (0-12m); No Tech Support
1536-HBSWP,Segment 3: Short-Term High-Charge Users,0.7455603861390016,74.56%,Yes,High Risk,Month-to-month Contract; Low Tenure (0-12m); Electronic Check Payment
5313-FPXWG,Segment 1: Long-Term Committed Loyalists,0.11002352006170824,11.0%,No,Low Risk,Stable Account Profile
0067-DKWBL,Segment 3: Short-Term High-Charge Users,0.8099241716639121,80.99%,Yes,High Risk,Month-to-month Contract; Low Tenure (0-12m); Electronic Check Payment
0946-FKYTX,Segment 1: Long-Term Committed Loyalists,0.20211016795934783,20.21%,No,Low Risk,No Tech Support
5076-YVXCM,Segment 3: Short-Term High-Charge Users,0.5021497075312994,50.21%,Yes,Medium Risk,Month-to-month Contract; No Tech Support; High Monthly Fee
8262-COGGB,Segment 3: Short-Term High-Charge Users,0.4916349940371267,49.16%,No,Medium Risk,Month-to-month Contract; Low Tenure (0-12m)
6663-JOCQO,Segment 1: Long-Term Committed Loyalists,0.23693579709770157,23.69%,No,Low Risk,High Monthly Fee
9620-QJREV,Segment 1: Long-Term Committed Loyalists,0.010578583733293461,1.06%,No,Low Risk,Stable Account Profile
2276-YDAVZ,Segment 3: Short-Term High-Charge Users,0.8559277760083952,85.59%,Yes,High Risk,Month-to-month Contract; Low Tenure (0-12m); No Tech Support
2682-KEVRP,Segment 1: Long-Term Committed Loyalists,0.02447525686856932,2.45%,No,Low Risk,Stable Account Profile
2480-JZOSN,Segment 3: Short-Term High-Charge Users,0.6760414160319838,67.6%,Yes,High Risk,Month-to-month Contract; Low Tenure (0-12m)
0078-XZMHT,Segment 1: Long-Term Committed Loyalists,0.05059920867478682,5.06%,No,Low Risk,High Monthly Fee
5896-NPFWW,Segment 3: Short-Term High-Charge Users,0.7724928745577216,77.25%,Yes,High Risk,Month-to-month Contract; Low Tenure (0-12m); Electronic Check Payment
9978-HYCIN,Segment 1: Long-Term Committed Loyalists,0.3469509772094164,34.7%,No,Medium Risk,No Tech Support; High Monthly Fee
8338-QIUNR,Segment 1: Long-Term Committed Loyalists,0.06830616319293538,6.83%,No,Low Risk,Stable Account Profile
1525-LNLOJ,Segment 1: Long-Term Committed Loyalists,0.06245628246525431,6.25%,No,Low Risk,No Tech Support
9450-TRJUU,Segment 3: Short-Term High-Charge Users,0.6522150067545901,65.22%,Yes,High Risk,Month-to-month Contract; Electronic Check Payment; No Tech Support
1766-GKNMI,Segment 3: Short-Term High-Charge Users,0.7133192257216507,71.33%,Yes,High Risk,Month-to-month Contract; Electronic Check Payment; No Tech Support
6942-LBFDP,Segment 3: Short-Term High-Charge Users,0.2885143436989207,28.85%,No,Low Risk,Month-to-month Contract; Low Tenure (0-12m)
1456-TWCGB,Segment 3: Short-Term High-Charge Users,0.6285139289053412,62.85%,Yes,High Risk,Month-to-month Contract; Low Tenure (0-12m); No Tech Support
7133-VBDCG,Segment 3: Short-Term High-Charge Users,0.600214830155899,60.02%,Yes,High Risk,Month-to-month Contract; No Tech Support; High Monthly Fee
7596-ZYWBB,Segment 1: Long-Term Committed Loyalists,0.033917805251603234,3.39%,No,Low Risk,Stable Account Profile
8329-UTMVM,Segment 1: Long-Term Committed Loyalists,0.4140536829566326,41.41%,No,Medium Risk,High Monthly Fee
3014-WJKSM,Segment 3: Short-Term High-Charge Users,0.5747508834856219,57.48%,Yes,Medium Risk,Month-to-month Contract; No Tech Support; High Monthly Fee
3347-YJZZE,Segment 3: Short-Term High-Charge Users,0.294107789161342,29.41%,No,Low Risk,Month-to-month Contract; No Tech Support; High Monthly Fee
1029-QFBEN,Segment 3: Short-Term High-Charge Users,0.5768679644065208,57.69%,Yes,Medium Risk,Month-to-month Contract; Low Tenure (0-12m)
7929-DMBCV,Segment 3: Short-Term High-Charge Users,0.5190878222519565,51.91%,Yes,Medium Risk,Month-to-month Contract; High Monthly Fee
9661-JALZV,Segment 1: Long-Term Committed Loyalists,0.031201170314570634,3.12%,No,Low Risk,Stable Account Profile
5433-KYGHE,Segment 3: Short-Term High-Charge Users,0.5627969057482376,56.28%,Yes,Medium Risk,Month-to-month Contract; High Monthly Fee
4312-KFRXN,Segment 1: Long-Term Committed Loyalists,0.0054757984250914165,0.55%,No,Low Risk,Stable Account Profile
5575-TPIZQ,Segment 3: Short-Term High-Charge Users,0.5288531254855311,52.89%,Yes,Medium Risk,Month-to-month Contract; No Tech Support; High Monthly Fee
0114-IGABW,Segment 1: Long-Term Committed Loyalists,0.03665888398305029,3.67%,No,Low Risk,Stable Account Profile
9944-AEXBM,Segment 3: Short-Term High-Charge Users,0.6539507357834263,65.4%,Yes,High Risk,Month-to-month Contract; No Tech Support; High Monthly Fee
1853-ARAAQ,Segment 3: Short-Term High-Charge Users,0.4062654330181615,40.63%,No,Medium Risk,Month-to-month Contract; No Tech Support
6952-OMNWB,Segment 1: Long-Term Committed Loyalists,0.2633754082249707,26.34%,No,Low Risk,Month-to-month Contract; No Tech Support; High Monthly Fee
4697-LUPSU,Segment 1: Long-Term Committed Loyalists,0.05780664457950252,5.78%,No,Low Risk,Low Tenure (0-12m)
8434-VGEQQ,Segment 1: Long-Term Committed Loyalists,0.012566402281402936,1.26%,No,Low Risk,Stable Account Profile
4952-YSOGZ,Segment 3: Short-Term High-Charge Users,0.8804150078184148,88.04%,Yes,High Risk,Month-to-month Contract; Low Tenure (0-12m); Electronic Check Payment
1589-AGTLK,Segment 3: Short-Term High-Charge Users,0.7756098357663925,77.56%,Yes,High Risk,Month-to-month Contract; Low Tenure (0-12m); Electronic Check Payment
5244-IRFIH,Segment 3: Short-Term High-Charge Users,0.7295823227086998,72.96%,Yes,High Risk,Month-to-month Contract; Electronic Check Payment; No Tech Support
6549-YMFAW,Segment 3: Short-Term High-Charge Users,0.25034533241398194,25.03%,No,Low Risk,Month-to-month Contract; Low Tenure (0-12m)
4950-HKQTE,Segment 1: Long-Term Committed Loyalists,0.08066648140374869,8.07%,No,Low Risk,Stable Account Profile
6786-OBWQR,Segment 3: Short-Term High-Charge Users,0.8278949935769588,82.79%,Yes,High Risk,Month-to-month Contract; Low Tenure (0-12m); Electronic Check Payment
2684-EIWEO,Segment 3: Short-Term High-Charge Users,0.5614382913577367,56.14%,Yes,Medium Risk,Month-to-month Contract; No Tech Support; High Monthly Fee
2753-JMMCV,Segment 1: Long-Term Committed Loyalists,0.07797317205012015,7.8%,No,Low Risk,High Monthly Fee
6439-GTPCA,Segment 3: Short-Term High-Charge Users,0.6442508403597254,64.43%,Yes,High Risk,Month-to-month Contract; Electronic Check Payment; High Monthly Fee
6621-YOBKI,Segment 3: Short-Term High-Charge Users,0.22664635491329946,22.66%,No,Low Risk,Month-to-month Contract; Low Tenure (0-12m)
1216-JWVUX,Segment 3: Short-Term High-Charge Users,0.6286099175407217,62.86%,Yes,High Risk,Month-to-month Contract; Electronic Check Payment; No Tech Support
7564-GHCVB,Segment 1: Long-Term Committed Loyalists,0.04753095985269228,4.75%,No,Low Risk,No Tech Support; High Monthly Fee
1173-NOEYG,Segment 3: Short-Term High-Charge Users,0.5903912856798548,59.04%,Yes,Medium Risk,Month-to-month Contract; No Tech Support; High Monthly Fee
7595-EHCDL,Segment 3: Short-Term High-Charge Users,0.35943916163745226,35.94%,No,Medium Risk,Month-to-month Contract; No Tech Support
6647-ZEDXT,Segment 1: Long-Term Committed Loyalists,0.3042980114911813,30.43%,No,Medium Risk,High Monthly Fee
2521-NPUZR,Segment 1: Long-Term Committed Loyalists,0.10669053488731824,10.67%,No,Low Risk,High Monthly Fee
1307-TVUFB,Segment 3: Short-Term High-Charge Users,0.5849984330916174,58.5%,Yes,Medium Risk,Month-to-month Contract; No Tech Support; High Monthly Fee
7503-MIOGA,Segment 1: Long-Term Committed Loyalists,0.02928259728572831,2.93%,No,Low Risk,High Monthly Fee
4381-MHQDC,Segment 1: Long-Term Committed Loyalists,0.04751694056127573,4.75%,No,Low Risk,Stable Account Profile
6923-JHPMP,Segment 3: Short-Term High-Charge Users,0.7446553398538894,74.47%,Yes,High Risk,Month-to-month Contract; Low Tenure (0-12m); Electronic Check Payment
5138-WVKYJ,Segment 3: Short-Term High-Charge Users,0.8476081861227447,84.76%,Yes,High Risk,Month-to-month Contract; Low Tenure (0-12m); Electronic Check Payment
4018-PPNDW,Segment 1: Long-Term Committed Loyalists,0.019642349597343824,1.96%,No,Low Risk,Stable Account Profile
1635-FJFCC,Segment 3: Short-Term High-Charge Users,0.6164433960506736,61.64%,Yes,High Risk,Month-to-month Contract; Low Tenure (0-12m); No Tech Support
2499-AJYUA,Segment 1: Long-Term Committed Loyalists,0.11549048978232695,11.55%,No,Low Risk,High Monthly Fee
6919-ELBGL,Segment 1: Long-Term Committed Loyalists,0.03917407440408341,3.92%,No,Low Risk,High Monthly Fee
3966-HRMZA,Segment 3: Short-Term High-Charge Users,0.812895914638611,81.29%,Yes,High Risk,Month-to-month Contract; Low Tenure (0-12m); No Tech Support
6425-JWTDV,Segment 1: Long-Term Committed Loyalists,0.015226244934962878,1.52%,No,Low Risk,Stable Account Profile
8405-IGQFX,Segment 1: Long-Term Committed Loyalists,0.189644601546944,18.96%,No,Low Risk,High Monthly Fee
8224-IVVPA,Segment 3: Short-Term High-Charge Users,0.23110031073306597,23.11%,No,Low Risk,Month-to-month Contract; No Tech Support
9477-LGWQI,Segment 1: Long-Term Committed Loyalists,0.07506348401308634,7.51%,No,Low Risk,No Tech Support; High Monthly Fee
1410-RSCMR,Segment 3: Short-Term High-Charge Users,0.4128282608206436,41.28%,No,Medium Risk,Month-to-month Contract; Low Tenure (0-12m); High Monthly Fee
3115-CZMZD,Segment 1: Long-Term Committed Loyalists,0.10028461475831583,10.03%,No,Low Risk,Low Tenure (0-12m)
0139-IVFJG,Segment 3: Short-Term High-Charge Users,0.6401330657846216,64.01%,Yes,High Risk,Month-to-month Contract; Low Tenure (0-12m); Electronic Check Payment
6683-VLCTZ,Segment 3: Short-Term High-Charge Users,0.8162764401305791,81.63%,Yes,High Risk,Month-to-month Contract; Electronic Check Payment; No Tech Support
5730-DBDSI,Segment 1: Long-Term Committed Loyalists,0.03771324480859615,3.77%,No,Low Risk,Stable Account Profile
0030-FNXPP,Segment 3: Short-Term High-Charge Users,0.2853176722673611,28.53%,No,Low Risk,Month-to-month Contract; Low Tenure (0-12m)
2189-WWOEW,Segment 3: Short-Term High-Charge Users,0.7026602614181736,70.27%,Yes,High Risk,Month-to-month Contract; No Tech Support; High Monthly Fee
5684-FJVYR,Segment 1: Long-Term Committed Loyalists,0.05874605534872552,5.87%,No,Low Risk,High Monthly Fee
4013-GUXND,Segment 3: Short-Term High-Charge Users,0.6439263568401665,64.39%,Yes,High Risk,Month-to-month Contract; Low Tenure (0-12m)
1894-IGFSG,Segment 3: Short-Term High-Charge Users,0.7084266145355713,70.84%,Yes,High Risk,Month-to-month Contract; Electronic Check Payment; No Tech Support
7379-POKDZ,Segment 3: Short-Term High-Charge Users,0.8271824313693711,82.72%,Yes,High Risk,Month-to-month Contract; Low Tenure (0-12m); Electronic Check Payment
1266-NZYUI,Segment 1: Long-Term Committed Loyalists,0.07552343247551262,7.55%,No,Low Risk,Stable Account Profile
7969-FFOWG,Segment 1: Long-Term Committed Loyalists,0.008861715388160234,0.89%,No,Low Risk,Stable Account Profile
4718-DHSMV,Segment 3: Short-Term High-Charge Users,0.4820991112872821,48.21%,No,Medium Risk,Month-to-month Contract; Low Tenure (0-12m); No Tech Support
5175-WLYXL,Segment 3: Short-Term High-Charge Users,0.5959009174651843,59.59%,Yes,Medium Risk,Month-to-month Contract; No Tech Support; High Monthly Fee
7817-OMJNA,Segment 1: Long-Term Committed Loyalists,0.06310506987639403,6.31%,No,Low Risk,Stable Account Profile
8728-SKJLR,Segment 3: Short-Term High-Charge Users,0.5865059248944323,58.65%,Yes,Medium Risk,Month-to-month Contract; Electronic Check Payment; High Monthly Fee
3137-NYQQI,Segment 1: Long-Term Committed Loyalists,0.21589097986485042,21.59%,No,Low Risk,No Tech Support
7706-DZNKK,Segment 3: Short-Term High-Charge Users,0.17325945257676378,17.33%,No,Low Risk,Month-to-month Contract; Low Tenure (0-12m)
0236-HFWSV,Segment 3: Short-Term High-Charge Users,0.8192423339286069,81.92%,Yes,High Risk,Month-to-month Contract; Electronic Check Payment; No Tech Support
3900-AQPHZ,Segment 3: Short-Term High-Charge Users,0.6545330160288991,65.45%,Yes,High Risk,Month-to-month Contract; Low Tenure (0-12m)
5842-POCOP,Segment 3: Short-Term High-Charge Users,0.807157294108595,80.72%,Yes,High Risk,Month-to-month Contract; Low Tenure (0-12m); No Tech Support
2037-XJFUP,Segment 3: Short-Term High-Charge Users,0.6827680639933443,68.28%,Yes,High Risk,Electronic Check Payment; No Tech Support; High Monthly Fee
8823-RLPWL,Segment 1: Long-Term Committed Loyalists,0.07532355879791283,7.53%,No,Low Risk,No Tech Support; High Monthly Fee
9505-SQFSW,Segment 3: Short-Term High-Charge Users,0.6813125096586551,68.13%,Yes,High Risk,Month-to-month Contract; Low Tenure (0-12m); No Tech Support
7314-OXENN,Segment 3: Short-Term High-Charge Users,0.8846113220812352,88.46%,Yes,High Risk,Month-to-month Contract; Low Tenure (0-12m); Electronic Check Payment
3758-CKOQL,Segment 1: Long-Term Committed Loyalists,0.34813519994057623,34.81%,No,Medium Risk,High Monthly Fee
0322-CHQRU,Segment 3: Short-Term High-Charge Users,0.7420647073489218,74.21%,Yes,High Risk,Month-to-month Contract; Low Tenure (0-12m); Electronic Check Payment
5676-CFLYY,Segment 1: Long-Term Committed Loyalists,0.06727937704026177,6.73%,No,Low Risk,High Monthly Fee
7521-AFHAB,Segment 3: Short-Term High-Charge Users,0.5975925602385339,59.76%,Yes,Medium Risk,Month-to-month Contract; Low Tenure (0-12m); No Tech Support
0285-INHLN,Segment 3: Short-Term High-Charge Users,0.2542254679944763,25.42%,No,Low Risk,Month-to-month Contract; No Tech Support
4678-DVQEO,Segment 3: Short-Term High-Charge Users,0.7612554871843814,76.13%,Yes,High Risk,Month-to-month Contract; Low Tenure (0-12m); Electronic Check Payment
5125-CNDSP,Segment 1: Long-Term Committed Loyalists,0.06907850343045506,6.91%,No,Low Risk,Stable Account Profile
0691-IFBQW,Segment 1: Long-Term Committed Loyalists,0.599327838701379,59.93%,Yes,Medium Risk,Electronic Check Payment; No Tech Support; High Monthly Fee
4992-LTJNE,Segment 1: Long-Term Committed Loyalists,0.04018227465960735,4.02%,No,Low Risk,No Tech Support
2202-OUTMO,Segment 3: Short-Term High-Charge Users,0.17973264180766274,17.97%,No,Low Risk,Month-to-month Contract
0810-BDHAW,Segment 3: Short-Term High-Charge Users,0.25842484756595485,25.84%,No,Low Risk,Electronic Check Payment; No Tech Support; High Monthly Fee
0229-LFJAF,Segment 1: Long-Term Committed Loyalists,0.04050363243232743,4.05%,No,Low Risk,Stable Account Profile
7131-ZQZNK,Segment 1: Long-Term Committed Loyalists,0.03732750666122697,3.73%,No,Low Risk,Stable Account Profile
3442-ZHHCC,Segment 1: Long-Term Committed Loyalists,0.2293406140526,22.93%,No,Low Risk,No Tech Support; High Monthly Fee
5726-CVNYA,Segment 1: Long-Term Committed Loyalists,0.05697668441925316,5.7%,No,Low Risk,Low Tenure (0-12m)
9871-ELEYA,Segment 1: Long-Term Committed Loyalists,0.05752104766220331,5.75%,No,Low Risk,Stable Account Profile
4257-GAESD,Segment 3: Short-Term High-Charge Users,0.5257164048663504,52.57%,Yes,Medium Risk,Month-to-month Contract; Low Tenure (0-12m); No Tech Support
5173-WXOQV,Segment 3: Short-Term High-Charge Users,0.49742179258904173,49.74%,No,Medium Risk,Month-to-month Contract; Low Tenure (0-12m)
2040-OBMLJ,Segment 3: Short-Term High-Charge Users,0.3669944647448519,36.7%,No,Medium Risk,High Monthly Fee
6286-ZHAOK,Segment 3: Short-Term High-Charge Users,0.21913885770212582,21.91%,No,Low Risk,Month-to-month Contract
3807-XHCJH,Segment 3: Short-Term High-Charge Users,0.6036511243058504,60.37%,Yes,High Risk,Month-to-month Contract; Low Tenure (0-12m); Electronic Check Payment
3009-JWMPU,Segment 1: Long-Term Committed Loyalists,0.5207829762329571,52.08%,Yes,Medium Risk,Electronic Check Payment; No Tech Support; High Monthly Fee
5671-RQRLP,Segment 1: Long-Term Committed Loyalists,0.12498970697280264,12.5%,No,Low Risk,No Tech Support; High Monthly Fee
1450-GALXR,Segment 3: Short-Term High-Charge Users,0.8726335605884208,87.26%,Yes,High Risk,Month-to-month Contract; Low Tenure (0-12m); Electronic Check Payment
8859-AXJZP,Segment 1: Long-Term Committed Loyalists,0.041926539066091055,4.19%,No,Low Risk,Stable Account Profile
3174-AKMAS,Segment 1: Long-Term Committed Loyalists,0.11605616891296718,11.61%,No,Low Risk,Stable Account Profile
3138-BKYAV,Segment 3: Short-Term High-Charge Users,0.8629074834162892,86.29%,Yes,High Risk,Month-to-month Contract; Low Tenure (0-12m); Electronic Check Payment
9926-PJHDQ,Segment 1: Long-Term Committed Loyalists,0.08552379648352784,8.55%,No,Low Risk,No Tech Support; High Monthly Fee
7382-DFJTU,Segment 3: Short-Term High-Charge Users,0.40838320681692103,40.84%,No,Medium Risk,Month-to-month Contract
2798-NYLMZ,Segment 1: Long-Term Committed Loyalists,0.34189034402340335,34.19%,No,Medium Risk,High Monthly Fee
4289-DTDKW,Segment 3: Short-Term High-Charge Users,0.7584781917074668,75.85%,Yes,High Risk,Month-to-month Contract; Electronic Check Payment; No Tech Support
1820-TQVEV,Segment 3: Short-Term High-Charge Users,0.9348714255999069,93.49%,Yes,High Risk,Month-to-month Contract; Low Tenure (0-12m); Electronic Check Payment
2239-JALAW,Segment 1: Long-Term Committed Loyalists,0.5826023170052205,58.26%,Yes,Medium Risk,No Tech Support; High Monthly Fee
4853-RULSV,Segment 1: Long-Term Committed Loyalists,0.3943519785115222,39.44%,No,Medium Risk,High Monthly Fee
8098-TDCBU,Segment 1: Long-Term Committed Loyalists,0.0236107148048847,2.36%,No,Low Risk,Electronic Check Payment
3551-GAEGL,Segment 1: Long-Term Committed Loyalists,0.20117971401495785,20.12%,No,Low Risk,No Tech Support
4785-NKHCX,Segment 3: Short-Term High-Charge Users,0.23516901040878854,23.52%,No,Low Risk,Month-to-month Contract; Low Tenure (0-12m)
3196-NVXLZ,Segment 3: Short-Term High-Charge Users,0.6470558567512441,64.71%,Yes,High Risk,Month-to-month Contract; No Tech Support; High Monthly Fee
6275-YDUVO,Segment 3: Short-Term High-Charge Users,0.8699133681583188,86.99%,Yes,High Risk,Month-to-month Contract; Low Tenure (0-12m); No Tech Support
0036-IHMOT,Segment 1: Long-Term Committed Loyalists,0.44462558796456336,44.46%,No,Medium Risk,High Monthly Fee
0115-TFERT,Segment 3: Short-Term High-Charge Users,0.7597315047101059,75.97%,Yes,High Risk,Month-to-month Contract; Electronic Check Payment; High Monthly Fee
4178-EGMON,Segment 1: Long-Term Committed Loyalists,0.06993823477854239,6.99%,No,Low Risk,High Monthly Fee
4220-TINQT,Segment 1: Long-Term Committed Loyalists,0.4621418789731309,46.21%,No,Medium Risk,Month-to-month Contract; Electronic Check Payment; High Monthly Fee
5318-YKDPV,Segment 1: Long-Term Committed Loyalists,0.09209773028585515,9.21%,No,Low Risk,High Monthly Fee
7975-TZMLR,Segment 1: Long-Term Committed Loyalists,0.5193767945330716,51.94%,Yes,Medium Risk,Electronic Check Payment; No Tech Support; High Monthly Fee
0295-QVKPB,Segment 3: Short-Term High-Charge Users,0.4549942718058147,45.5%,No,Medium Risk,Month-to-month Contract; Low Tenure (0-12m)
4335-BSMJS,Segment 1: Long-Term Committed Loyalists,0.013576124116256614,1.36%,No,Low Risk,Stable Account Profile
2311-QYMUQ,Segment 3: Short-Term High-Charge Users,0.6994796321549861,69.95%,Yes,High Risk,Month-to-month Contract; No Tech Support; High Monthly Fee
3643-AHCFP,Segment 3: Short-Term High-Charge Users,0.901954943168387,90.2%,Yes,High Risk,Month-to-month Contract; Low Tenure (0-12m); No Tech Support
9146-JRIOX,Segment 3: Short-Term High-Charge Users,0.27320436433991263,27.32%,No,Low Risk,Month-to-month Contract
3104-OWCGK,Segment 1: Long-Term Committed Loyalists,0.4274934821188265,42.75%,No,Medium Risk,Electronic Check Payment; No Tech Support; High Monthly Fee
5337-IIWKZ,Segment 3: Short-Term High-Charge Users,0.31997919387425794,32.0%,No,Medium Risk,Month-to-month Contract; Electronic Check Payment
9101-BWFSS,Segment 1: Long-Term Committed Loyalists,0.5501238911116095,55.01%,Yes,Medium Risk,Electronic Check Payment; High Monthly Fee
9650-VBUOG,Segment 1: Long-Term Committed Loyalists,0.025428144799563648,2.54%,No,Low Risk,Stable Account Profile
3487-EARAT,Segment 1: Long-Term Committed Loyalists,0.1882640893832199,18.83%,No,Low Risk,High Monthly Fee
2672-TGEFF,Segment 3: Short-Term High-Charge Users,0.6685177677402486,66.85%,Yes,High Risk,Month-to-month Contract; Electronic Check Payment; No Tech Support
9231-ZJYAM,Segment 3: Short-Term High-Charge Users,0.8473349486955251,84.73%,Yes,High Risk,Month-to-month Contract; Low Tenure (0-12m); Electronic Check Payment
4250-WAROZ,Segment 3: Short-Term High-Charge Users,0.3971096580417686,39.71%,No,Medium Risk,Month-to-month Contract; Electronic Check Payment; No Tech Support
8184-WMOFI,Segment 1: Long-Term Committed Loyalists,0.12687212600072376,12.69%,No,Low Risk,High Monthly Fee
6982-SSHFK,Segment 3: Short-Term High-Charge Users,0.738234317250329,73.82%,Yes,High Risk,Month-to-month Contract; Low Tenure (0-12m); No Tech Support
6092-QZVPP,Segment 3: Short-Term High-Charge Users,0.29629273083097685,29.63%,No,Low Risk,Month-to-month Contract; High Monthly Fee
4625-LAMOB,Segment 1: Long-Term Committed Loyalists,0.008748601249754231,0.87%,No,Low Risk,Stable Account Profile
0727-BMPLR,Segment 1: Long-Term Committed Loyalists,0.5952506217076325,59.53%,Yes,Medium Risk,Electronic Check Payment; No Tech Support; High Monthly Fee
0392-BZIUW,Segment 1: Long-Term Committed Loyalists,0.1620755995455807,16.21%,No,Low Risk,No Tech Support; High Monthly Fee
1038-ZAGBI,Segment 1: Long-Term Committed Loyalists,0.25282353519645256,25.28%,No,Low Risk,Low Tenure (0-12m)
6549-NNDYT,Segment 3: Short-Term High-Charge Users,0.45567157631701094,45.57%,No,Medium Risk,Month-to-month Contract; No Tech Support
3027-ZTDHO,Segment 3: Short-Term High-Charge Users,0.9170984503924118,91.71%,Yes,High Risk,Month-to-month Contract; Low Tenure (0-12m); Electronic Check Payment
0422-OHQHQ,Segment 1: Long-Term Committed Loyalists,0.06029288092301917,6.03%,No,Low Risk,Stable Account Profile
6916-HIJSE,Segment 1: Long-Term Committed Loyalists,0.022983856074179153,2.3%,No,Low Risk,High Monthly Fee
2316-ESMLS,Segment 1: Long-Term Committed Loyalists,0.16296832405645614,16.3%,No,Low Risk,Low Tenure (0-12m)
9778-OGKQZ,Segment 1: Long-Term Committed Loyalists,0.022132400852401646,2.21%,No,Low Risk,High Monthly Fee
7408-OFWXJ,Segment 1: Long-Term Committed Loyalists,0.013373435068197086,1.34%,No,Low Risk,High Monthly Fee
6007-TCTST,Segment 1: Long-Term Committed Loyalists,0.04044871329629613,4.04%,No,Low Risk,High Monthly Fee
2252-NKNSI,Segment 1: Long-Term Committed Loyalists,0.051062695168800465,5.11%,No,Low Risk,High Monthly Fee
8713-IGZSO,Segment 3: Short-Term High-Charge Users,0.275365486952203,27.54%,No,Low Risk,Month-to-month Contract; Low Tenure (0-12m)
7905-TVXTA,Segment 3: Short-Term High-Charge Users,0.4634871804889054,46.35%,No,Medium Risk,Month-to-month Contract; Low Tenure (0-12m); Electronic Check Payment
7695-PKLCZ,Segment 1: Long-Term Committed Loyalists,0.010071320782098627,1.01%,No,Low Risk,Stable Account Profile
2382-BCKQJ,Segment 1: Long-Term Committed Loyalists,0.5633278659096129,56.33%,Yes,Medium Risk,Electronic Check Payment; No Tech Support; High Monthly Fee
8374-UULRV,Segment 1: Long-Term Committed Loyalists,0.029234313080484277,2.92%,No,Low Risk,High Monthly Fee
2207-NHRJK,Segment 3: Short-Term High-Charge Users,0.7618865538266881,76.19%,Yes,High Risk,Month-to-month Contract; Low Tenure (0-12m); Electronic Check Payment
3224-DFQNQ,Segment 1: Long-Term Committed Loyalists,0.18704214169448635,18.7%,No,Low Risk,Electronic Check Payment; High Monthly Fee
5275-PMFUT,Segment 1: Long-Term Committed Loyalists,0.021939914401574136,2.19%,No,Low Risk,Stable Account Profile
4795-UXVCJ,Segment 1: Long-Term Committed Loyalists,0.014193525284865866,1.42%,No,Low Risk,Stable Account Profile
9777-IQHWP,Segment 1: Long-Term Committed Loyalists,0.11906018255576728,11.91%,No,Low Risk,No Tech Support; High Monthly Fee
0947-MUGVO,Segment 3: Short-Term High-Charge Users,0.7173716630462679,71.74%,Yes,High Risk,Month-to-month Contract; Electronic Check Payment; No Tech Support
9944-HKVVB,Segment 3: Short-Term High-Charge Users,0.8921043725199047,89.21%,Yes,High Risk,Month-to-month Contract; Low Tenure (0-12m); Electronic Check Payment
4124-MMETB,Segment 3: Short-Term High-Charge Users,0.7267119767036263,72.67%,Yes,High Risk,Month-to-month Contract; No Tech Support; High Monthly Fee
3671-SHRSP,Segment 3: Short-Term High-Charge Users,0.8260728527353237,82.61%,Yes,High Risk,Month-to-month Contract; Low Tenure (0-12m); High Monthly Fee
0979-MOZQI,Segment 1: Long-Term Committed Loyalists,0.10617608451914162,10.62%,No,Low Risk,Stable Account Profile
2732-ISEZX,Segment 3: Short-Term High-Charge Users,0.20740325796528067,20.74%,No,Low Risk,Month-to-month Contract; Low Tenure (0-12m)
3313-QKNKB,Segment 1: Long-Term Committed Loyalists,0.302514923185365,30.25%,No,Medium Risk,Electronic Check Payment; No Tech Support; High Monthly Fee
0323-XWWTN,Segment 1: Long-Term Committed Loyalists,0.1009946392179095,10.1%,No,Low Risk,Low Tenure (0-12m)
1937-OTUKY,Segment 1: Long-Term Committed Loyalists,0.06293674597188105,6.29%,No,Low Risk,High Monthly Fee
1573-LGXBA,Segment 1: Long-Term Committed Loyalists,0.3517757424444833,35.18%,No,Medium Risk,No Tech Support; High Monthly Fee
1764-VUUMT,Segment 1: Long-Term Committed Loyalists,0.019002958171704828,1.9%,No,Low Risk,Stable Account Profile
5073-WXOYN,Segment 3: Short-Term High-Charge Users,0.4813546502188904,48.14%,No,Medium Risk,Month-to-month Contract; Electronic Check Payment; No Tech Support
4713-ZBURT,Segment 1: Long-Term Committed Loyalists,0.2702175256204068,27.02%,No,Low Risk,No Tech Support; High Monthly Fee
3050-GBUSH,Segment 3: Short-Term High-Charge Users,0.6811048134584097,68.11%,Yes,High Risk,Month-to-month Contract; Low Tenure (0-12m); No Tech Support
0207-MDKNV,Segment 3: Short-Term High-Charge Users,0.7698438100971834,76.98%,Yes,High Risk,Month-to-month Contract; Electronic Check Payment; High Monthly Fee
7876-AEHIG,Segment 1: Long-Term Committed Loyalists,0.10462772078735191,10.46%,No,Low Risk,Stable Account Profile
7945-HLKEA,Segment 1: Long-Term Committed Loyalists,0.09901587212048281,9.9%,No,Low Risk,Electronic Check Payment
9342-VNIMQ,Segment 3: Short-Term High-Charge Users,0.2590015620192175,25.9%,No,Low Risk,Month-to-month Contract; No Tech Support
9851-KIELU,Segment 3: Short-Term High-Charge Users,0.7601594271486676,76.02%,Yes,High Risk,Month-to-month Contract; Low Tenure (0-12m); Electronic Check Payment
3523-BRGUW,Segment 1: Long-Term Committed Loyalists,0.01938999354940262,1.94%,No,Low Risk,Stable Account Profile
3908-BLSYF,Segment 3: Short-Term High-Charge Users,0.8180376567475711,81.8%,Yes,High Risk,Month-to-month Contract; Low Tenure (0-12m); Electronic Check Payment
3199-NPKCN,Segment 1: Long-Term Committed Loyalists,0.3080442317982363,30.8%,No,Medium Risk,Electronic Check Payment; High Monthly Fee
5170-PTRKA,Segment 1: Long-Term Committed Loyalists,0.09236631837362734,9.24%,No,Low Risk,Stable Account Profile
4661-NJEUX,Segment 3: Short-Term High-Charge Users,0.6967627899274336,69.68%,Yes,High Risk,Month-to-month Contract; Low Tenure (0-12m)
2123-AGEEN,Segment 3: Short-Term High-Charge Users,0.8609566215652372,86.1%,Yes,High Risk,Month-to-month Contract; Low Tenure (0-12m); Electronic Check Payment
1258-YMZNM,Segment 1: Long-Term Committed Loyalists,0.413515513666387,41.35%,No,Medium Risk,No Tech Support; High Monthly Fee
0048-LUMLS,Segment 3: Short-Term High-Charge Users,0.4830532388332409,48.31%,No,Medium Risk,No Tech Support; High Monthly Fee
7549-MYGPK,Segment 1: Long-Term Committed Loyalists,0.4801323878709141,48.01%,No,Medium Risk,Month-to-month Contract; Electronic Check Payment; No Tech Support
5898-IGSLP,Segment 3: Short-Term High-Charge Users,0.46798008931424334,46.8%,No,Medium Risk,Month-to-month Contract; Electronic Check Payment; High Monthly Fee
3804-RVTGV,Segment 1: Long-Term Committed Loyalists,0.610873772822455,61.09%,Yes,High Risk,Month-to-month Contract; No Tech Support; High Monthly Fee
6259-WJQLC,Segment 3: Short-Term High-Charge Users,0.6025177053215479,60.25%,Yes,High Risk,Month-to-month Contract; No Tech Support; High Monthly Fee
9227-LUNBG,Segment 3: Short-Term High-Charge Users,0.73469634695665,73.47%,Yes,High Risk,Month-to-month Contract; Low Tenure (0-12m); Electronic Check Payment
7997-EASSD,Segment 1: Long-Term Committed Loyalists,0.14466297225923333,14.47%,No,Low Risk,High Monthly Fee
0730-KOAVE,Segment 3: Short-Term High-Charge Users,0.5886290209975447,58.86%,Yes,Medium Risk,Month-to-month Contract; No Tech Support; High Monthly Fee
8975-SKGRX,Segment 1: Long-Term Committed Loyalists,0.08313529227381082,8.31%,No,Low Risk,High Monthly Fee
0678-RLHVP,Segment 1: Long-Term Committed Loyalists,0.4006880300967812,40.07%,No,Medium Risk,Electronic Check Payment; No Tech Support; High Monthly Fee
4315-MURBD,Segment 3: Short-Term High-Charge Users,0.8698620165306733,86.99%,Yes,High Risk,Month-to-month Contract; Low Tenure (0-12m); High Monthly Fee
2267-FPIMA,Segment 3: Short-Term High-Charge Users,0.48630412330549727,48.63%,No,Medium Risk,Month-to-month Contract; No Tech Support; High Monthly Fee
1051-GEJLJ,Segment 3: Short-Term High-Charge Users,0.5537748315196079,55.38%,Yes,Medium Risk,Month-to-month Contract; Low Tenure (0-12m)
9734-YWGEX,Segment 3: Short-Term High-Charge Users,0.8686795617749067,86.87%,Yes,High Risk,Month-to-month Contract; Low Tenure (0-12m); No Tech Support
2719-BDAQO,Segment 3: Short-Term High-Charge Users,0.746024444089768,74.6%,Yes,High Risk,Month-to-month Contract; Electronic Check Payment; No Tech Support
5285-MVEHD,Segment 1: Long-Term Committed Loyalists,0.517129461598422,51.71%,Yes,Medium Risk,No Tech Support; High Monthly Fee
0379-DJQHR,Segment 1: Long-Term Committed Loyalists,0.08908240903419858,8.91%,No,Low Risk,No Tech Support; High Monthly Fee
0781-LKXBR,Segment 3: Short-Term High-Charge Users,0.8968426730061924,89.68%,Yes,High Risk,Month-to-month Contract; Low Tenure (0-12m); Electronic Check Payment
5543-QDCRY,Segment 3: Short-Term High-Charge Users,0.6055804736975394,60.56%,Yes,High Risk,Month-to-month Contract; Low Tenure (0-12m); Electronic Check Payment
0297-RBCSG,Segment 1: Long-Term Committed Loyalists,0.34319258488593546,34.32%,No,Medium Risk,Stable Account Profile
4694-PHWFW,Segment 3: Short-Term High-Charge Users,0.20068742890221636,20.07%,No,Low Risk,Month-to-month Contract; Low Tenure (0-12m)
0835-JKADZ,Segment 1: Long-Term Committed Loyalists,0.1543844576272369,15.44%,No,Low Risk,Electronic Check Payment; High Monthly Fee
1907-UBQFC,Segment 3: Short-Term High-Charge Users,0.7920897715968952,79.21%,Yes,High Risk,Month-to-month Contract; Low Tenure (0-12m); Electronic Check Payment
7508-SMHXL,Segment 3: Short-Term High-Charge Users,0.6338434124893123,63.38%,Yes,High Risk,Month-to-month Contract; No Tech Support; High Monthly Fee
3865-YIOTT,Segment 1: Long-Term Committed Loyalists,0.21963761297043735,21.96%,No,Low Risk,No Tech Support; High Monthly Fee
5993-BQHEA,Segment 1: Long-Term Committed Loyalists,0.06356309557113345,6.36%,No,Low Risk,Low Tenure (0-12m)
6024-RUGGH,Segment 1: Long-Term Committed Loyalists,0.01504645309700986,1.5%,No,Low Risk,Stable Account Profile
6513-EECDB,Segment 3: Short-Term High-Charge Users,0.9295969422120796,92.96%,Yes,High Risk,Month-to-month Contract; Low Tenure (0-12m); Electronic Check Payment
3956-CJUST,Segment 3: Short-Term High-Charge Users,0.5579207828591431,55.79%,Yes,Medium Risk,Month-to-month Contract; No Tech Support; High Monthly Fee
4079-WWQQQ,Segment 1: Long-Term Committed Loyalists,0.023610119870905947,2.36%,No,Low Risk,Stable Account Profile
6103-BOCOU,Segment 3: Short-Term High-Charge Users,0.678250343390994,67.83%,Yes,High Risk,Month-to-month Contract; Electronic Check Payment; No Tech Support
5149-TGWDZ,Segment 1: Long-Term Committed Loyalists,0.43556040492168563,43.56%,No,Medium Risk,High Monthly Fee
7471-WNSUF,Segment 1: Long-Term Committed Loyalists,0.062162133771203755,6.22%,No,Low Risk,Stable Account Profile
8942-DBMHZ,Segment 3: Short-Term High-Charge Users,0.15979316898546686,15.98%,No,Low Risk,Month-to-month Contract; Low Tenure (0-12m)
4301-VVZKA,Segment 3: Short-Term High-Charge Users,0.7388728395234151,73.89%,Yes,High Risk,Month-to-month Contract; Electronic Check Payment; No Tech Support
9199-PWQVC,Segment 1: Long-Term Committed Loyalists,0.16227981535074326,16.23%,No,Low Risk,No Tech Support; High Monthly Fee
4824-GUCBY,Segment 3: Short-Term High-Charge Users,0.585755985803411,58.58%,Yes,Medium Risk,Month-to-month Contract; Electronic Check Payment; No Tech Support
5393-HJZSM,Segment 3: Short-Term High-Charge Users,0.2683932089932871,26.84%,No,Low Risk,Month-to-month Contract; High Monthly Fee
7074-IEVOJ,Segment 3: Short-Term High-Charge Users,0.8751065697719296,87.51%,Yes,High Risk,Month-to-month Contract; Low Tenure (0-12m); Electronic Check Payment
9625-QSTYE,Segment 3: Short-Term High-Charge Users,0.7795009953836444,77.95%,Yes,High Risk,Month-to-month Contract; Electronic Check Payment; No Tech Support
0862-PRCBS,Segment 1: Long-Term Committed Loyalists,0.21443915441957306,21.44%,No,Low Risk,High Monthly Fee
8812-ZRHFP,Segment 3: Short-Term High-Charge Users,0.49178218910409177,49.18%,No,Medium Risk,Electronic Check Payment; No Tech Support; High Monthly Fee
5146-CBVOE,Segment 3: Short-Term High-Charge Users,0.5362918721188034,53.63%,Yes,Medium Risk,Month-to-month Contract; No Tech Support; High Monthly Fee
0454-OKRCT,Segment 1: Long-Term Committed Loyalists,0.17337429064347576,17.34%,No,Low Risk,High Monthly Fee
5787-KXGIY,Segment 1: Long-Term Committed Loyalists,0.03050225914136579,3.05%,No,Low Risk,Stable Account Profile
4750-ZRXIU,Segment 3: Short-Term High-Charge Users,0.8873007452625059,88.73%,Yes,High Risk,Month-to-month Contract; Low Tenure (0-12m); Electronic Check Payment
4198-VFOEA,Segment 1: Long-Term Committed Loyalists,0.1605186807277384,16.05%,No,Low Risk,Low Tenure (0-12m)
6630-UJZMY,Segment 3: Short-Term High-Charge Users,0.8813747436491165,88.14%,Yes,High Risk,Month-to-month Contract; Low Tenure (0-12m); Electronic Check Payment
5709-LVOEQ,Segment 1: Long-Term Committed Loyalists,0.16294771135520542,16.29%,No,Low Risk,Low Tenure (0-12m); No Tech Support; High Monthly Fee
6400-BWQKW,Segment 3: Short-Term High-Charge Users,0.8056490590029237,80.56%,Yes,High Risk,Month-to-month Contract; Low Tenure (0-12m); Electronic Check Payment
2692-AQCPF,Segment 1: Long-Term Committed Loyalists,0.38590917680445636,38.59%,No,Medium Risk,High Monthly Fee
0347-UBKUZ,Segment 3: Short-Term High-Charge Users,0.23944780211281994,23.94%,No,Low Risk,Month-to-month Contract
0835-DUUIQ,Segment 1: Long-Term Committed Loyalists,0.060828464764762356,6.08%,No,Low Risk,Stable Account Profile
0811-GSDTP,Segment 3: Short-Term High-Charge Users,0.471638089400232,47.16%,No,Medium Risk,Month-to-month Contract; Electronic Check Payment; No Tech Support
7567-ECMCM,Segment 3: Short-Term High-Charge Users,0.598336688967757,59.83%,Yes,Medium Risk,Month-to-month Contract; No Tech Support; High Monthly Fee
6115-ZTBFQ,Segment 1: Long-Term Committed Loyalists,0.02707832870848246,2.71%,No,Low Risk,Stable Account Profile
6353-BRMMA,Segment 1: Long-Term Committed Loyalists,0.5035058939297671,50.35%,Yes,Medium Risk,Month-to-month Contract; No Tech Support; High Monthly Fee
6680-WKXRZ,Segment 3: Short-Term High-Charge Users,0.8334852586038057,83.35%,Yes,High Risk,Month-to-month Contract; Low Tenure (0-12m); No Tech Support
6231-WFGFH,Segment 3: Short-Term High-Charge Users,0.23078441321429863,23.08%,No,Low Risk,Month-to-month Contract; Low Tenure (0-12m)
9904-EHEVJ,Segment 3: Short-Term High-Charge Users,0.623472006416364,62.35%,Yes,High Risk,Month-to-month Contract; No Tech Support; High Monthly Fee
7028-DVOIQ,Segment 3: Short-Term High-Charge Users,0.7544600788325283,75.45%,Yes,High Risk,Month-to-month Contract; Electronic Check Payment; No Tech Support
6169-PPETC,Segment 1: Long-Term Committed Loyalists,0.007497944260208,0.75%,No,Low Risk,Stable Account Profile
4208-UFFGW,Segment 3: Short-Term High-Charge Users,0.7392125987057558,73.92%,Yes,High Risk,Month-to-month Contract; Low Tenure (0-12m); No Tech Support
8584-KMVXD,Segment 3: Short-Term High-Charge Users,0.756732982088089,75.67%,Yes,High Risk,Month-to-month Contract; Low Tenure (0-12m); Electronic Check Payment
8467-WYNSR,Segment 3: Short-Term High-Charge Users,0.28113675423516865,28.11%,No,Low Risk,Month-to-month Contract
0851-DFJKB,Segment 3: Short-Term High-Charge Users,0.4449589390044097,44.5%,No,Medium Risk,Month-to-month Contract; Electronic Check Payment
5382-SOYZL,Segment 3: Short-Term High-Charge Users,0.7985449578607257,79.85%,Yes,High Risk,Month-to-month Contract; Electronic Check Payment; No Tech Support
9448-REEVD,Segment 3: Short-Term High-Charge Users,0.7506760181879073,75.07%,Yes,High Risk,Month-to-month Contract; Low Tenure (0-12m); No Tech Support
3261-CQXOL,Segment 1: Long-Term Committed Loyalists,0.00543318434226539,0.54%,No,Low Risk,Stable Account Profile
8388-FYNPZ,Segment 3: Short-Term High-Charge Users,0.5031113859688744,50.31%,Yes,Medium Risk,Month-to-month Contract; Low Tenure (0-12m); Electronic Check Payment
4002-BQWPQ,Segment 3: Short-Term High-Charge Users,0.26294227314031027,26.29%,No,Low Risk,Month-to-month Contract; High Monthly Fee
5651-YLPRD,Segment 3: Short-Term High-Charge Users,0.6656873169284419,66.57%,Yes,High Risk,Month-to-month Contract; Electronic Check Payment; No Tech Support
2826-DXLQO,Segment 3: Short-Term High-Charge Users,0.47709701171586505,47.71%,No,Medium Risk,Month-to-month Contract; Low Tenure (0-12m); No Tech Support
4378-BZYFP,Segment 1: Long-Term Committed Loyalists,0.05512910145053731,5.51%,No,Low Risk,Stable Account Profile
9489-UTFKA,Segment 3: Short-Term High-Charge Users,0.38564666982224405,38.56%,No,Medium Risk,Month-to-month Contract; Low Tenure (0-12m); No Tech Support
4849-PYRLQ,Segment 1: Long-Term Committed Loyalists,0.07506483011730632,7.51%,No,Low Risk,High Monthly Fee
9117-SHLZX,Segment 3: Short-Term High-Charge Users,0.7742349017441523,77.42%,Yes,High Risk,Month-to-month Contract; Low Tenure (0-12m); No Tech Support
9889-TMAHG,Segment 3: Short-Term High-Charge Users,0.8112363034487785,81.12%,Yes,High Risk,Month-to-month Contract; Low Tenure (0-12m); High Monthly Fee
4541-RMRLG,Segment 3: Short-Term High-Charge Users,0.1863793037331942,18.64%,No,Low Risk,Month-to-month Contract; Low Tenure (0-12m); Electronic Check Payment
7764-BDPEE,Segment 3: Short-Term High-Charge Users,0.1906499100189692,19.06%,No,Low Risk,Month-to-month Contract; Low Tenure (0-12m)
3429-IFLEM,Segment 1: Long-Term Committed Loyalists,0.05747138363877318,5.75%,No,Low Risk,High Monthly Fee
3158-MOERK,Segment 3: Short-Term High-Charge Users,0.9164050125675908,91.64%,Yes,High Risk,Month-to-month Contract; Low Tenure (0-12m); Electronic Check Payment
7294-TMAOP,Segment 3: Short-Term High-Charge Users,0.914443449315666,91.44%,Yes,High Risk,Month-to-month Contract; Low Tenure (0-12m); Electronic Check Payment
5002-GCQFH,Segment 3: Short-Term High-Charge Users,0.510238452970149,51.02%,Yes,Medium Risk,Month-to-month Contract; No Tech Support; High Monthly Fee
0556-FJEGU,Segment 1: Long-Term Committed Loyalists,0.0519792457806641,5.2%,No,Low Risk,High Monthly Fee
8919-FYFQZ,Segment 3: Short-Term High-Charge Users,0.5369232264052365,53.69%,Yes,Medium Risk,Month-to-month Contract; Electronic Check Payment; No Tech Support
0604-THJFP,Segment 1: Long-Term Committed Loyalists,0.05270039500187727,5.27%,No,Low Risk,High Monthly Fee
2834-JRTUA,Segment 1: Long-Term Committed Loyalists,0.513450603981777,51.35%,Yes,Medium Risk,Electronic Check Payment; High Monthly Fee
5875-YPQFJ,Segment 3: Short-Term High-Charge Users,0.9336904732189544,93.37%,Yes,High Risk,Month-to-month Contract; Low Tenure (0-12m); Electronic Check Payment
5879-SESNB,Segment 3: Short-Term High-Charge Users,0.6801310468324526,68.01%,Yes,High Risk,Month-to-month Contract; Low Tenure (0-12m); Electronic Check Payment
6646-QVXLR,Segment 1: Long-Term Committed Loyalists,0.5190253345803174,51.9%,Yes,Medium Risk,Electronic Check Payment; No Tech Support; High Monthly Fee
6461-PPAXN,Segment 1: Long-Term Committed Loyalists,0.12141272971969834,12.14%,No,Low Risk,Stable Account Profile
3318-ISQFQ,Segment 3: Short-Term High-Charge Users,0.1697206516565112,16.97%,No,Low Risk,Month-to-month Contract
1106-HRLKZ,Segment 1: Long-Term Committed Loyalists,0.009568614046509103,0.96%,No,Low Risk,Stable Account Profile
2483-XSSMZ,Segment 1: Long-Term Committed Loyalists,0.18574648795541882,18.57%,No,Low Risk,Electronic Check Payment; No Tech Support
8603-IJWDN,Segment 3: Short-Term High-Charge Users,0.9348465151655548,93.48%,Yes,High Risk,Month-to-month Contract; Low Tenure (0-12m); Electronic Check Payment
8165-ZJRNM,Segment 1: Long-Term Committed Loyalists,0.006710987228044596,0.67%,No,Low Risk,Stable Account Profile
9369-XFEHK,Segment 3: Short-Term High-Charge Users,0.6297318519966462,62.97%,Yes,High Risk,Month-to-month Contract; No Tech Support; High Monthly Fee
2604-XVDAM,Segment 3: Short-Term High-Charge Users,0.4787970449891951,47.88%,No,Medium Risk,Month-to-month Contract; Low Tenure (0-12m); No Tech Support
3717-OFRTN,Segment 3: Short-Term High-Charge Users,0.49914832474858334,49.91%,No,Medium Risk,Month-to-month Contract; Low Tenure (0-12m)
9046-JBFWA,Segment 3: Short-Term High-Charge Users,0.08924237941106075,8.92%,No,Low Risk,Month-to-month Contract
3280-NMUVX,Segment 1: Long-Term Committed Loyalists,0.012522520763174649,1.25%,No,Low Risk,Stable Account Profile
1206-EHBDD,Segment 1: Long-Term Committed Loyalists,0.098575547782449,9.86%,No,Low Risk,No Tech Support; High Monthly Fee
8361-LBRDI,Segment 1: Long-Term Committed Loyalists,0.02299578285244,2.3%,No,Low Risk,Stable Account Profile
4883-KCPZJ,Segment 1: Long-Term Committed Loyalists,0.05363208793068124,5.36%,No,Low Risk,Stable Account Profile
9108-EQPNQ,Segment 1: Long-Term Committed Loyalists,0.10516835641004285,10.52%,No,Low Risk,Low Tenure (0-12m)
7277-KAMWT,Segment 1: Long-Term Committed Loyalists,0.036893066866835224,3.69%,No,Low Risk,Stable Account Profile
3842-IYKUE,Segment 3: Short-Term High-Charge Users,0.5643040916506824,56.43%,Yes,Medium Risk,Month-to-month Contract; High Monthly Fee
6641-XRPSU,Segment 3: Short-Term High-Charge Users,0.5956839332662013,59.57%,Yes,Medium Risk,Month-to-month Contract; No Tech Support
1374-DMZUI,Segment 3: Short-Term High-Charge Users,0.9121236329498157,91.21%,Yes,High Risk,Month-to-month Contract; Low Tenure (0-12m); Electronic Check Payment
2545-LXYVJ,Segment 1: Long-Term Committed Loyalists,0.007086687829708026,0.71%,No,Low Risk,Stable Account Profile
3234-VKACU,Segment 3: Short-Term High-Charge Users,0.6738784349448527,67.39%,Yes,High Risk,Month-to-month Contract; Low Tenure (0-12m); Electronic Check Payment
8357-EQXFO,Segment 3: Short-Term High-Charge Users,0.8833403778885086,88.33%,Yes,High Risk,Month-to-month Contract; Low Tenure (0-12m); Electronic Check Payment
1989-PRJHP,Segment 3: Short-Term High-Charge Users,0.6652358265964999,66.52%,Yes,High Risk,Month-to-month Contract; Electronic Check Payment; No Tech Support
8120-JDCAM,Segment 3: Short-Term High-Charge Users,0.7851405990609769,78.51%,Yes,High Risk,Month-to-month Contract; Low Tenure (0-12m); No Tech Support
8917-FAEMR,Segment 1: Long-Term Committed Loyalists,0.009694449050401698,0.97%,No,Low Risk,Stable Account Profile
7047-YXDMZ,Segment 3: Short-Term High-Charge Users,0.12281596013053367,12.28%,No,Low Risk,Month-to-month Contract
2858-EIMXH,Segment 1: Long-Term Committed Loyalists,0.45532025143829313,45.53%,No,Medium Risk,No Tech Support; High Monthly Fee
9524-EGPJC,Segment 3: Short-Term High-Charge Users,0.756144771932084,75.61%,Yes,High Risk,Month-to-month Contract; Electronic Check Payment; High Monthly Fee
6993-OHLXR,Segment 3: Short-Term High-Charge Users,0.8182622224452177,81.83%,Yes,High Risk,Month-to-month Contract; Low Tenure (0-12m); Electronic Check Payment
8818-XYFCQ,Segment 3: Short-Term High-Charge Users,0.6728099138564922,67.28%,Yes,High Risk,Month-to-month Contract; No Tech Support; High Monthly Fee
6419-ZTTLE,Segment 1: Long-Term Committed Loyalists,0.02654228586675875,2.65%,No,Low Risk,Electronic Check Payment
0929-HYQEW,Segment 3: Short-Term High-Charge Users,0.67732168820093,67.73%,Yes,High Risk,Month-to-month Contract; Low Tenure (0-12m); No Tech Support
6614-YOLAC,Segment 1: Long-Term Committed Loyalists,0.023244688416486817,2.32%,No,Low Risk,Stable Account Profile
7426-RHZGU,Segment 3: Short-Term High-Charge Users,0.8193945296675712,81.94%,Yes,High Risk,Month-to-month Contract; Low Tenure (0-12m); High Monthly Fee
4065-JJAVA,Segment 3: Short-Term High-Charge Users,0.7280227530026857,72.8%,Yes,High Risk,Month-to-month Contract; Low Tenure (0-12m); Electronic Check Payment
4695-VADHF,Segment 3: Short-Term High-Charge Users,0.4914410888204238,49.14%,No,Medium Risk,Month-to-month Contract; Electronic Check Payment; No Tech Support
3863-IUBJR,Segment 1: Long-Term Committed Loyalists,0.42308635753279195,42.31%,No,Medium Risk,Low Tenure (0-12m); No Tech Support
7649-SIJJF,Segment 1: Long-Term Committed Loyalists,0.039840467182605505,3.98%,No,Low Risk,High Monthly Fee
9361-YNQWJ,Segment 1: Long-Term Committed Loyalists,0.046993466770729346,4.7%,No,Low Risk,Stable Account Profile
3748-FVMZZ,Segment 3: Short-Term High-Charge Users,0.7141056023237798,71.41%,Yes,High Risk,Month-to-month Contract; Low Tenure (0-12m); Electronic Check Payment
9391-TTOYH,Segment 3: Short-Term High-Charge Users,0.12813284028679142,12.81%,No,Low Risk,Month-to-month Contract
1452-XRSJV,Segment 3: Short-Term High-Charge Users,0.2570714499046128,25.71%,No,Low Risk,Month-to-month Contract; No Tech Support
3422-WJOYD,Segment 1: Long-Term Committed Loyalists,0.10185582381895945,10.19%,No,Low Risk,Stable Account Profile
8242-SOQUO,Segment 3: Short-Term High-Charge Users,0.8589219799096341,85.89%,Yes,High Risk,Month-to-month Contract; Low Tenure (0-12m); Electronic Check Payment
7460-ITWWP,Segment 3: Short-Term High-Charge Users,0.6395295559584195,63.95%,Yes,High Risk,Month-to-month Contract; Electronic Check Payment; No Tech Support
7147-AYBAA,Segment 3: Short-Term High-Charge Users,0.5332033276449893,53.32%,Yes,Medium Risk,Month-to-month Contract; No Tech Support; High Monthly Fee
7868-TMWMZ,Segment 1: Long-Term Committed Loyalists,0.2865514752698689,28.66%,No,Low Risk,High Monthly Fee
4822-RVYBB,Segment 3: Short-Term High-Charge Users,0.9013990614934217,90.14%,Yes,High Risk,Month-to-month Contract; Low Tenure (0-12m); Electronic Check Payment
6732-FZUGP,Segment 1: Long-Term Committed Loyalists,0.23444564997682382,23.44%,No,Low Risk,No Tech Support; High Monthly Fee
8436-BJUMM,Segment 3: Short-Term High-Charge Users,0.7439861412385929,74.4%,Yes,High Risk,Month-to-month Contract; Electronic Check Payment; No Tech Support
4184-TJFAN,Segment 3: Short-Term High-Charge Users,0.7892195757656467,78.92%,Yes,High Risk,Month-to-month Contract; Low Tenure (0-12m); High Monthly Fee
8329-GWVPJ,Segment 3: Short-Term High-Charge Users,0.39336773938076025,39.34%,No,Medium Risk,Month-to-month Contract; No Tech Support
1352-VHKAJ,Segment 3: Short-Term High-Charge Users,0.26100013120438537,26.1%,No,Low Risk,Month-to-month Contract; High Monthly Fee
4145-UQXUQ,Segment 3: Short-Term High-Charge Users,0.8782483281774597,87.82%,Yes,High Risk,Month-to-month Contract; Low Tenure (0-12m); Electronic Check Payment
2632-TACXW,Segment 1: Long-Term Committed Loyalists,0.007623338674219945,0.76%,No,Low Risk,Stable Account Profile
8146-QQKZH,Segment 1: Long-Term Committed Loyalists,0.03388871442747428,3.39%,No,Low Risk,High Monthly Fee
1767-CJKBA,Segment 1: Long-Term Committed Loyalists,0.01799971949510481,1.8%,No,Low Risk,Stable Account Profile
6445-TNRXS,Segment 1: Long-Term Committed Loyalists,0.14601394730610978,14.6%,No,Low Risk,High Monthly Fee
4581-LNWUM,Segment 3: Short-Term High-Charge Users,0.6126793878540177,61.27%,Yes,High Risk,Month-to-month Contract; Electronic Check Payment; No Tech Support
4869-EPIUS,Segment 3: Short-Term High-Charge Users,0.37247463505780726,37.25%,No,Medium Risk,Electronic Check Payment; No Tech Support; High Monthly Fee
9948-YPTDG,Segment 3: Short-Term High-Charge Users,0.6239870950627191,62.4%,Yes,High Risk,Month-to-month Contract; Electronic Check Payment; No Tech Support
1236-WFCDV,Segment 3: Short-Term High-Charge Users,0.7149070900264315,71.49%,Yes,High Risk,Month-to-month Contract; No Tech Support; High Monthly Fee
1915-OAKWD,Segment 1: Long-Term Committed Loyalists,0.12702945410386007,12.7%,No,Low Risk,Stable Account Profile
7296-PIXQY,Segment 3: Short-Term High-Charge Users,0.6571691967734665,65.72%,Yes,High Risk,Month-to-month Contract; Electronic Check Payment; No Tech Support
4883-QICIH,Segment 3: Short-Term High-Charge Users,0.6179709382578735,61.8%,Yes,High Risk,Month-to-month Contract; No Tech Support
3354-OADJP,Segment 1: Long-Term Committed Loyalists,0.19827245811067226,19.83%,No,Low Risk,Low Tenure (0-12m)
3524-WQDSG,Segment 3: Short-Term High-Charge Users,0.6410105772854123,64.1%,Yes,High Risk,Month-to-month Contract; No Tech Support; High Monthly Fee
0810-DHDBD,Segment 1: Long-Term Committed Loyalists,0.09979437303381422,9.98%,No,Low Risk,High Monthly Fee
4026-SKKHW,Segment 3: Short-Term High-Charge Users,0.6502533773879763,65.03%,Yes,High Risk,Month-to-month Contract; Low Tenure (0-12m)
2829-HYVZP,Segment 1: Long-Term Committed Loyalists,0.014382639732840354,1.44%,No,Low Risk,Stable Account Profile
8329-IBCTI,Segment 3: Short-Term High-Charge Users,0.6028162985289178,60.28%,Yes,High Risk,Month-to-month Contract; Low Tenure (0-12m)
1271-SJBGZ,Segment 3: Short-Term High-Charge Users,0.6851750967867134,68.52%,Yes,High Risk,Month-to-month Contract; Low Tenure (0-12m); Electronic Check Payment
3845-JHAMY,Segment 3: Short-Term High-Charge Users,0.4379106946611363,43.79%,No,Medium Risk,Month-to-month Contract; No Tech Support
7013-PSXHK,Segment 1: Long-Term Committed Loyalists,0.2890265569591633,28.9%,No,Low Risk,High Monthly Fee
5669-SRAIP,Segment 3: Short-Term High-Charge Users,0.7085351619023016,70.85%,Yes,High Risk,Month-to-month Contract; Low Tenure (0-12m); Electronic Check Payment
5981-ITEMU,Segment 3: Short-Term High-Charge Users,0.6782598278028938,67.83%,Yes,High Risk,Month-to-month Contract; No Tech Support; High Monthly Fee
3486-NPGST,Segment 1: Long-Term Committed Loyalists,0.026433813964432347,2.64%,No,Low Risk,Stable Account Profile
6941-PMGEP,Segment 3: Short-Term High-Charge Users,0.8548637220055291,85.49%,Yes,High Risk,Month-to-month Contract; Low Tenure (0-12m); Electronic Check Payment
1624-WOIWJ,Segment 3: Short-Term High-Charge Users,0.7949465539021839,79.49%,Yes,High Risk,Month-to-month Contract; Low Tenure (0-12m); No Tech Support
2074-GKOWZ,Segment 3: Short-Term High-Charge Users,0.8732668377626773,87.33%,Yes,High Risk,Month-to-month Contract; Low Tenure (0-12m); No Tech Support
0376-YMCJC,Segment 3: Short-Term High-Charge Users,0.718166150463896,71.82%,Yes,High Risk,Month-to-month Contract; Electronic Check Payment; High Monthly Fee
6100-FJZDG,Segment 1: Long-Term Committed Loyalists,0.01726824201848728,1.73%,No,Low Risk,Stable Account Profile
4829-ZLJTK,Segment 1: Long-Term Committed Loyalists,0.07972979624964015,7.97%,No,Low Risk,Electronic Check Payment; No Tech Support; High Monthly Fee
1730-VFMWO,Segment 3: Short-Term High-Charge Users,0.23299591023533728,23.3%,No,Low Risk,Month-to-month Contract
7143-BQIBA,Segment 3: Short-Term High-Charge Users,0.38229475706197075,38.23%,No,Medium Risk,Month-to-month Contract; Low Tenure (0-12m)
3800-LYTRK,Segment 1: Long-Term Committed Loyalists,0.13496423483124745,13.5%,No,Low Risk,Stable Account Profile
0634-SZPQA,Segment 3: Short-Term High-Charge Users,0.6568676486047953,65.69%,Yes,High Risk,Month-to-month Contract; No Tech Support; High Monthly Fee
9646-NMHXE,Segment 1: Long-Term Committed Loyalists,0.010118717938718259,1.01%,No,Low Risk,Stable Account Profile
7030-NJVDP,Segment 3: Short-Term High-Charge Users,0.5633067056883232,56.33%,Yes,Medium Risk,Month-to-month Contract; Electronic Check Payment; High Monthly Fee
5536-RTPWK,Segment 3: Short-Term High-Charge Users,0.6733844710474117,67.34%,Yes,High Risk,Month-to-month Contract; No Tech Support; High Monthly Fee
8883-GRDWQ,Segment 1: Long-Term Committed Loyalists,0.17063224388739953,17.06%,No,Low Risk,Stable Account Profile
6166-ILMNY,Segment 3: Short-Term High-Charge Users,0.7860510820147054,78.61%,Yes,High Risk,Month-to-month Contract; Low Tenure (0-12m); No Tech Support
3097-NNSPB,Segment 3: Short-Term High-Charge Users,0.736459183437358,73.65%,Yes,High Risk,Month-to-month Contract; Low Tenure (0-12m); No Tech Support
7771-ZONAT,Segment 1: Long-Term Committed Loyalists,0.12099800375964875,12.1%,No,Low Risk,Stable Account Profile
0655-RBDUG,Segment 3: Short-Term High-Charge Users,0.900776640610805,90.08%,Yes,High Risk,Month-to-month Contract; Low Tenure (0-12m); No Tech Support
2111-DWYHN,Segment 3: Short-Term High-Charge Users,0.511748957638691,51.17%,Yes,Medium Risk,Month-to-month Contract; Low Tenure (0-12m)
4194-WHFCB,Segment 1: Long-Term Committed Loyalists,0.32222452432402854,32.22%,No,Medium Risk,Month-to-month Contract; High Monthly Fee
4121-AGSIN,Segment 1: Long-Term Committed Loyalists,0.047699610963255645,4.77%,No,Low Risk,Stable Account Profile
4361-BKAXE,Segment 1: Long-Term Committed Loyalists,0.5575290501194511,55.75%,Yes,Medium Risk,Month-to-month Contract; High Monthly Fee
9845-PEEKO,Segment 1: Long-Term Committed Loyalists,0.15407446934639685,15.41%,No,Low Risk,No Tech Support; High Monthly Fee
0455-XFASS,Segment 3: Short-Term High-Charge Users,0.7925358342569359,79.25%,Yes,High Risk,Month-to-month Contract; Low Tenure (0-12m); Electronic Check Payment
0301-KOBTQ,Segment 1: Long-Term Committed Loyalists,0.015661065352332894,1.57%,No,Low Risk,Stable Account Profile
1751-NCDLI,Segment 3: Short-Term High-Charge Users,0.704050422799529,70.41%,Yes,High Risk,Month-to-month Contract; Electronic Check Payment; No Tech Support
4367-NUYAO,Segment 1: Long-Term Committed Loyalists,0.06777436797967779,6.78%,No,Low Risk,Low Tenure (0-12m)
9878-TNQGW,Segment 3: Short-Term High-Charge Users,0.8646053330899588,86.46%,Yes,High Risk,Month-to-month Contract; Low Tenure (0-12m); Electronic Check Payment
9170-ARBTB,Segment 1: Long-Term Committed Loyalists,0.03944599064175306,3.94%,No,Low Risk,Stable Account Profile
4441-NIHPT,Segment 3: Short-Term High-Charge Users,0.7580296536839914,75.8%,Yes,High Risk,Month-to-month Contract; Electronic Check Payment; No Tech Support
8999-BOHSE,Segment 3: Short-Term High-Charge Users,0.8324003641254633,83.24%,Yes,High Risk,Month-to-month Contract; Low Tenure (0-12m); No Tech Support
7241-AJHFS,Segment 3: Short-Term High-Charge Users,0.38876332972259015,38.88%,No,Medium Risk,Month-to-month Contract; High Monthly Fee
7029-RPUAV,Segment 3: Short-Term High-Charge Users,0.7257197408104358,72.57%,Yes,High Risk,Month-to-month Contract; No Tech Support; High Monthly Fee
4546-FOKWR,Segment 3: Short-Term High-Charge Users,0.6329078192564692,63.29%,Yes,High Risk,Month-to-month Contract; No Tech Support; High Monthly Fee
9036-CSKBW,Segment 1: Long-Term Committed Loyalists,0.4082345498639089,40.82%,No,Medium Risk,No Tech Support; High Monthly Fee
5832-TRLPB,Segment 1: Long-Term Committed Loyalists,0.3374288770549232,33.74%,No,Medium Risk,High Monthly Fee
8590-YFFQO,Segment 1: Long-Term Committed Loyalists,0.07347890739419646,7.35%,No,Low Risk,Stable Account Profile
8659-IOOPU,Segment 1: Long-Term Committed Loyalists,0.12691990261040156,12.69%,No,Low Risk,Electronic Check Payment; High Monthly Fee
1338-CECEE,Segment 1: Long-Term Committed Loyalists,0.17764625840965595,17.76%,No,Low Risk,No Tech Support
7439-DKZTW,Segment 3: Short-Term High-Charge Users,0.9247146456625269,92.47%,Yes,High Risk,Month-to-month Contract; Low Tenure (0-12m); Electronic Check Payment
4646-QZXTF,Segment 3: Short-Term High-Charge Users,0.4349218484975884,43.49%,No,Medium Risk,Month-to-month Contract; Low Tenure (0-12m); High Monthly Fee
4607-CHPCA,Segment 3: Short-Term High-Charge Users,0.7126262896759418,71.26%,Yes,High Risk,Electronic Check Payment; No Tech Support; High Monthly Fee
9742-XOKTS,Segment 1: Long-Term Committed Loyalists,0.2035757041366052,20.36%,No,Low Risk,Electronic Check Payment; High Monthly Fee
6921-OZMFH,Segment 3: Short-Term High-Charge Users,0.5317787675930102,53.18%,Yes,Medium Risk,Month-to-month Contract; Low Tenure (0-12m)
9578-FOMUK,Segment 3: Short-Term High-Charge Users,0.2124089203115461,21.24%,No,Low Risk,Month-to-month Contract; Electronic Check Payment
4712-UYOOI,Segment 3: Short-Term High-Charge Users,0.181294655150119,18.13%,No,Low Risk,Month-to-month Contract; Electronic Check Payment
8824-RWFXJ,Segment 3: Short-Term High-Charge Users,0.6872062903586272,68.72%,Yes,High Risk,Month-to-month Contract; Low Tenure (0-12m); No Tech Support
7722-CVFXN,Segment 1: Long-Term Committed Loyalists,0.4926159917241507,49.26%,No,Medium Risk,Electronic Check Payment; High Monthly Fee
8717-VCTXJ,Segment 1: Long-Term Committed Loyalists,0.017277533004846867,1.73%,No,Low Risk,Stable Account Profile
7363-QTBIW,Segment 3: Short-Term High-Charge Users,0.8309584898071934,83.1%,Yes,High Risk,Month-to-month Contract; Low Tenure (0-12m); Electronic Check Payment
4159-NAAIX,Segment 1: Long-Term Committed Loyalists,0.20339395361527912,20.34%,No,Low Risk,No Tech Support; High Monthly Fee
0971-QIFJK,Segment 1: Long-Term Committed Loyalists,0.006136705511258553,0.61%,No,Low Risk,Stable Account Profile
9397-TZSHA,Segment 1: Long-Term Committed Loyalists,0.010702758616440312,1.07%,No,Low Risk,Stable Account Profile
3391-JSQEW,Segment 3: Short-Term High-Charge Users,0.2643305770141415,26.43%,No,Low Risk,Month-to-month Contract; No Tech Support
0343-QLUZP,Segment 1: Long-Term Committed Loyalists,0.0633847761227478,6.34%,No,Low Risk,No Tech Support
9763-PDTKK,Segment 3: Short-Term High-Charge Users,0.8134652737223034,81.35%,Yes,High Risk,Month-to-month Contract; Low Tenure (0-12m); High Monthly Fee
2176-LVPNX,Segment 1: Long-Term Committed Loyalists,0.028334540222347642,2.83%,No,Low Risk,High Monthly Fee
7627-JKIAZ,Segment 3: Short-Term High-Charge Users,0.6016888712033044,60.17%,Yes,High Risk,Month-to-month Contract; No Tech Support; High Monthly Fee
3312-UUMZW,Segment 3: Short-Term High-Charge Users,0.652560542485388,65.26%,Yes,High Risk,Month-to-month Contract; No Tech Support; High Monthly Fee
1271-UODNO,Segment 1: Long-Term Committed Loyalists,0.14207570930951732,14.21%,No,Low Risk,Stable Account Profile
8461-EFQYM,Segment 1: Long-Term Committed Loyalists,0.05394659140092115,5.39%,No,Low Risk,Electronic Check Payment
6900-RBKER,Segment 1: Long-Term Committed Loyalists,0.22349162555045193,22.35%,No,Low Risk,No Tech Support; High Monthly Fee
6891-JPYFF,Segment 1: Long-Term Committed Loyalists,0.49845901243184293,49.85%,No,Medium Risk,Month-to-month Contract; No Tech Support; High Monthly Fee
1459-QNFQT,Segment 1: Long-Term Committed Loyalists,0.03320112123841811,3.32%,No,Low Risk,Stable Account Profile
1047-NNCBF,Segment 3: Short-Term High-Charge Users,0.5175694514822581,51.76%,Yes,Medium Risk,Month-to-month Contract; No Tech Support; High Monthly Fee
3696-XRIEN,Segment 1: Long-Term Committed Loyalists,0.22916023727762388,22.92%,No,Low Risk,High Monthly Fee
4081-DYXAV,Segment 1: Long-Term Committed Loyalists,0.5369293509959389,53.69%,Yes,Medium Risk,No Tech Support
0074-HDKDG,Segment 1: Long-Term Committed Loyalists,0.18235253451836175,18.24%,No,Low Risk,No Tech Support
8791-GFXLZ,Segment 3: Short-Term High-Charge Users,0.4419714786422867,44.2%,No,Medium Risk,Month-to-month Contract; Low Tenure (0-12m); No Tech Support
8111-SLLHI,Segment 3: Short-Term High-Charge Users,0.7726874028575144,77.27%,Yes,High Risk,Month-to-month Contract; Electronic Check Payment; No Tech Support
0927-LCSMG,Segment 3: Short-Term High-Charge Users,0.7868459852038585,78.68%,Yes,High Risk,Month-to-month Contract; Low Tenure (0-12m); No Tech Support
9330-DHBFL,Segment 1: Long-Term Committed Loyalists,0.14189790038738312,14.19%,No,Low Risk,Stable Account Profile
0098-BOWSO,Segment 3: Short-Term High-Charge Users,0.10286520607871869,10.29%,No,Low Risk,Month-to-month Contract; Electronic Check Payment
3452-ABWRL,Segment 3: Short-Term High-Charge Users,0.6106186512172248,61.06%,Yes,High Risk,Month-to-month Contract; No Tech Support; High Monthly Fee
5859-HZYLF,Segment 1: Long-Term Committed Loyalists,0.012644600935462597,1.26%,No,Low Risk,Stable Account Profile
8257-RZAHR,Segment 3: Short-Term High-Charge Users,0.4600350870176088,46.0%,No,Medium Risk,Month-to-month Contract; No Tech Support
5293-WXJAK,Segment 3: Short-Term High-Charge Users,0.8652118938783142,86.52%,Yes,High Risk,Month-to-month Contract; Low Tenure (0-12m); High Monthly Fee
3156-QLHBO,Segment 3: Short-Term High-Charge Users,0.12119982246985937,12.12%,No,Low Risk,Month-to-month Contract; Low Tenure (0-12m)
2208-NQBCT,Segment 3: Short-Term High-Charge Users,0.5545918298562468,55.46%,Yes,Medium Risk,Month-to-month Contract; Electronic Check Payment; No Tech Support
1779-PWPMG,Segment 1: Long-Term Committed Loyalists,0.04074482532520501,4.07%,No,Low Risk,High Monthly Fee
6621-NRZAK,Segment 1: Long-Term Committed Loyalists,0.011378385693960182,1.14%,No,Low Risk,Stable Account Profile
0831-JNISG,Segment 1: Long-Term Committed Loyalists,0.008431177533944012,0.84%,No,Low Risk,Stable Account Profile
0774-IFUVM,Segment 3: Short-Term High-Charge Users,0.38997748875551597,39.0%,No,Medium Risk,Month-to-month Contract; Low Tenure (0-12m); No Tech Support
3082-WQRVY,Segment 1: Long-Term Committed Loyalists,0.05416787156076903,5.42%,No,Low Risk,Stable Account Profile
9553-DLCLU,Segment 1: Long-Term Committed Loyalists,0.1409548979047594,14.1%,No,Low Risk,High Monthly Fee
1641-BYBTK,Segment 3: Short-Term High-Charge Users,0.14863417882890603,14.86%,No,Low Risk,Month-to-month Contract; Low Tenure (0-12m)
2460-NGXBJ,Segment 3: Short-Term High-Charge Users,0.6352694954157181,63.53%,Yes,High Risk,Month-to-month Contract; Low Tenure (0-12m); No Tech Support
2446-ZKVAF,Segment 3: Short-Term High-Charge Users,0.37348723974488335,37.35%,No,Medium Risk,Month-to-month Contract; No Tech Support
0841-NULXI,Segment 3: Short-Term High-Charge Users,0.8523604859825534,85.24%,Yes,High Risk,Month-to-month Contract; Low Tenure (0-12m); Electronic Check Payment
3522-CDKHF,Segment 3: Short-Term High-Charge Users,0.5569832173554488,55.7%,Yes,Medium Risk,Month-to-month Contract; No Tech Support; High Monthly Fee
1430-SFQSA,Segment 1: Long-Term Committed Loyalists,0.10626881097289727,10.63%,No,Low Risk,Stable Account Profile
0411-EZJZE,Segment 3: Short-Term High-Charge Users,0.6703412094626318,67.03%,Yes,High Risk,Month-to-month Contract; Low Tenure (0-12m); Electronic Check Payment
7851-WZEKY,Segment 3: Short-Term High-Charge Users,0.9170395342127317,91.7%,Yes,High Risk,Month-to-month Contract; Low Tenure (0-12m); Electronic Check Payment
8844-TONUD,Segment 3: Short-Term High-Charge Users,0.7755795089116058,77.56%,Yes,High Risk,Month-to-month Contract; No Tech Support; High Monthly Fee
8807-ARQET,Segment 3: Short-Term High-Charge Users,0.39718440067666466,39.72%,No,Medium Risk,Month-to-month Contract; Electronic Check Payment; No Tech Support
8992-CEUEN,Segment 3: Short-Term High-Charge Users,0.5065044430351111,50.65%,Yes,Medium Risk,Month-to-month Contract; Low Tenure (0-12m); Electronic Check Payment
4320-QMLLA,Segment 3: Short-Term High-Charge Users,0.49379722743751076,49.38%,No,Medium Risk,Month-to-month Contract; Low Tenure (0-12m); No Tech Support
8777-PVYGU,Segment 1: Long-Term Committed Loyalists,0.1055174723285733,10.55%,No,Low Risk,No Tech Support
8292-ITGYJ,Segment 1: Long-Term Committed Loyalists,0.04349436190152598,4.35%,No,Low Risk,Stable Account Profile
6870-ZWMNX,Segment 1: Long-Term Committed Loyalists,0.08025211259091641,8.03%,No,Low Risk,High Monthly Fee
0621-CXBKL,Segment 1: Long-Term Committed Loyalists,0.07231179872094465,7.23%,No,Low Risk,Stable Account Profile
5268-DSMNQ,Segment 1: Long-Term Committed Loyalists,0.23680825523147225,23.68%,No,Low Risk,No Tech Support; High Monthly Fee
5334-JLAXU,Segment 1: Long-Term Committed Loyalists,0.32303339129924097,32.3%,No,Medium Risk,Month-to-month Contract; No Tech Support; High Monthly Fee
4086-YQSNZ,Segment 3: Short-Term High-Charge Users,0.849660124504911,84.97%,Yes,High Risk,Month-to-month Contract; Low Tenure (0-12m); Electronic Check Payment
6242-MBHPK,Segment 3: Short-Term High-Charge Users,0.7213666197068626,72.14%,Yes,High Risk,Month-to-month Contract; Electronic Check Payment; No Tech Support
5868-CZJDR,Segment 3: Short-Term High-Charge Users,0.7851094003159816,78.51%,Yes,High Risk,Month-to-month Contract; Low Tenure (0-12m); No Tech Support
9359-UGBTK,Segment 1: Long-Term Committed Loyalists,0.13812988604691154,13.81%,No,Low Risk,High Monthly Fee
0135-NMXAP,Segment 3: Short-Term High-Charge Users,0.8073708763361925,80.74%,Yes,High Risk,Month-to-month Contract; Low Tenure (0-12m); No Tech Support
4782-OSFXZ,Segment 1: Long-Term Committed Loyalists,0.07011467315154502,7.01%,No,Low Risk,High Monthly Fee
6479-OAUSD,Segment 1: Long-Term Committed Loyalists,0.00847259973996587,0.85%,No,Low Risk,Stable Account Profile
7129-ACFOG,Segment 3: Short-Term High-Charge Users,0.5993203467586483,59.93%,Yes,Medium Risk,Month-to-month Contract; Low Tenure (0-12m); Electronic Check Payment
4189-NAKJS,Segment 1: Long-Term Committed Loyalists,0.22392063999267486,22.39%,No,Low Risk,No Tech Support
5562-BETPV,Segment 1: Long-Term Committed Loyalists,0.20419120162388066,20.42%,No,Low Risk,Low Tenure (0-12m)
1282-IHQAC,Segment 1: Long-Term Committed Loyalists,0.16166692392220322,16.17%,No,Low Risk,No Tech Support
9127-FHJBZ,Segment 1: Long-Term Committed Loyalists,0.043130279559003275,4.31%,No,Low Risk,Electronic Check Payment; High Monthly Fee
6270-OMFIW,Segment 1: Long-Term Committed Loyalists,0.39653617804316926,39.65%,No,Medium Risk,Electronic Check Payment; No Tech Support; High Monthly Fee
1641-RQDAY,Segment 3: Short-Term High-Charge Users,0.7129823901886122,71.3%,Yes,High Risk,Month-to-month Contract; Electronic Check Payment; No Tech Support
0107-WESLM,Segment 3: Short-Term High-Charge Users,0.7450109901155818,74.5%,Yes,High Risk,Month-to-month Contract; Low Tenure (0-12m); Electronic Check Payment
6994-ORCWG,Segment 1: Long-Term Committed Loyalists,0.2879370618078082,28.79%,No,Low Risk,No Tech Support
1346-UFHAX,Segment 3: Short-Term High-Charge Users,0.6044016016781947,60.44%,Yes,High Risk,Month-to-month Contract; No Tech Support; High Monthly Fee
3992-YWPKO,Segment 3: Short-Term High-Charge Users,0.863779383768891,86.38%,Yes,High Risk,Month-to-month Contract; Low Tenure (0-12m); High Monthly Fee
2933-XEUJM,Segment 1: Long-Term Committed Loyalists,0.08438438487929557,8.44%,No,Low Risk,No Tech Support; High Monthly Fee
0125-LZQXK,Segment 3: Short-Term High-Charge Users,0.8028681509901553,80.29%,Yes,High Risk,Month-to-month Contract; Electronic Check Payment; High Monthly Fee
5461-QKNTN,Segment 3: Short-Term High-Charge Users,0.6356144522599407,63.56%,Yes,High Risk,Month-to-month Contract; Electronic Check Payment; High Monthly Fee
4835-YSJMR,Segment 1: Long-Term Committed Loyalists,0.11151631460871393,11.15%,No,Low Risk,Stable Account Profile
8399-YNDCH,Segment 3: Short-Term High-Charge Users,0.5019232027675484,50.19%,Yes,Medium Risk,Month-to-month Contract; No Tech Support
3164-YAXFY,Segment 3: Short-Term High-Charge Users,0.38538768056287204,38.54%,No,Medium Risk,Month-to-month Contract; Electronic Check Payment; No Tech Support
0887-WBJVH,Segment 1: Long-Term Committed Loyalists,0.3802841319115417,38.03%,No,Medium Risk,Electronic Check Payment; High Monthly Fee
4660-IRIBM,Segment 3: Short-Term High-Charge Users,0.6004589358234518,60.05%,Yes,High Risk,Month-to-month Contract; No Tech Support; High Monthly Fee
5673-FSSMF,Segment 3: Short-Term High-Charge Users,0.78233577201305,78.23%,Yes,High Risk,Month-to-month Contract; Low Tenure (0-12m); Electronic Check Payment
7670-ZBPOQ,Segment 1: Long-Term Committed Loyalists,0.08768152926599146,8.77%,No,Low Risk,Stable Account Profile
8089-UZWLX,Segment 1: Long-Term Committed Loyalists,0.25519268820549423,25.52%,No,Low Risk,No Tech Support; High Monthly Fee
0080-OROZO,Segment 3: Short-Term High-Charge Users,0.6264250004094161,62.64%,Yes,High Risk,Electronic Check Payment; High Monthly Fee
3916-NRPAP,Segment 3: Short-Term High-Charge Users,0.8214199524607273,82.14%,Yes,High Risk,Month-to-month Contract; Low Tenure (0-12m); No Tech Support
6807-SIWJI,Segment 1: Long-Term Committed Loyalists,0.46265783129215937,46.27%,No,Medium Risk,Electronic Check Payment; No Tech Support; High Monthly Fee
8221-HVAYI,Segment 1: Long-Term Committed Loyalists,0.06713497156900973,6.71%,No,Low Risk,Stable Account Profile
1579-KLYDT,Segment 3: Short-Term High-Charge Users,0.8869432562020919,88.69%,Yes,High Risk,Month-to-month Contract; Low Tenure (0-12m); Electronic Check Payment
5232-NXPAY,Segment 1: Long-Term Committed Loyalists,0.06644468155739346,6.64%,No,Low Risk,High Monthly Fee
8967-SZQAS,Segment 3: Short-Term High-Charge Users,0.48557703010096487,48.56%,No,Medium Risk,Month-to-month Contract; Electronic Check Payment; No Tech Support
4468-KAZHE,Segment 3: Short-Term High-Charge Users,0.46939071736898486,46.94%,No,Medium Risk,Month-to-month Contract; Electronic Check Payment; No Tech Support
0455-ENTCR,Segment 1: Long-Term Committed Loyalists,0.04472064940448914,4.47%,No,Low Risk,Electronic Check Payment; High Monthly Fee
8944-AILEF,Segment 3: Short-Term High-Charge Users,0.2531346499295209,25.31%,No,Low Risk,Month-to-month Contract
5542-NKVRU,Segment 1: Long-Term Committed Loyalists,0.010208797115120162,1.02%,No,Low Risk,Stable Account Profile
7126-RBHSD,Segment 3: Short-Term High-Charge Users,0.6039580617608709,60.4%,Yes,High Risk,Month-to-month Contract; Electronic Check Payment; No Tech Support
5370-IIVVL,Segment 1: Long-Term Committed Loyalists,0.4126336629830345,41.26%,No,Medium Risk,High Monthly Fee
6789-HJBWG,Segment 3: Short-Term High-Charge Users,0.49983168510487386,49.98%,No,Medium Risk,Month-to-month Contract; Low Tenure (0-12m); Electronic Check Payment
3927-NLNRY,Segment 1: Long-Term Committed Loyalists,0.49117279033499445,49.12%,No,Medium Risk,No Tech Support; High Monthly Fee
9087-EYCPR,Segment 1: Long-Term Committed Loyalists,0.014305268862723134,1.43%,No,Low Risk,Stable Account Profile
6791-YBNAK,Segment 3: Short-Term High-Charge Users,0.3797332699896247,37.97%,No,Medium Risk,Month-to-month Contract; No Tech Support
6358-LYNGM,Segment 3: Short-Term High-Charge Users,0.9323108614460659,93.23%,Yes,High Risk,Month-to-month Contract; Low Tenure (0-12m); Electronic Check Payment
6077-BDPXA,Segment 3: Short-Term High-Charge Users,0.8206886029931068,82.07%,Yes,High Risk,Month-to-month Contract; Low Tenure (0-12m); Electronic Check Payment
0013-MHZWF,Segment 3: Short-Term High-Charge Users,0.5024968425161076,50.25%,Yes,Medium Risk,Month-to-month Contract; Low Tenure (0-12m)
5494-HECPR,Segment 3: Short-Term High-Charge Users,0.9257568369724785,92.58%,Yes,High Risk,Month-to-month Contract; Low Tenure (0-12m); Electronic Check Payment
8268-YDIXR,Segment 1: Long-Term Committed Loyalists,0.29776200818312465,29.78%,No,Low Risk,Electronic Check Payment; No Tech Support; High Monthly Fee
9824-BEMCV,Segment 3: Short-Term High-Charge Users,0.7223525012990578,72.24%,Yes,High Risk,Month-to-month Contract; Electronic Check Payment; No Tech Support
1373-ORVIZ,Segment 3: Short-Term High-Charge Users,0.568281643078842,56.83%,Yes,Medium Risk,Month-to-month Contract; Low Tenure (0-12m); Electronic Check Payment
4291-SHSBH,Segment 3: Short-Term High-Charge Users,0.7961704338380944,79.62%,Yes,High Risk,Month-to-month Contract; Low Tenure (0-12m); Electronic Check Payment
6980-IMXXE,Segment 1: Long-Term Committed Loyalists,0.006465763285455752,0.65%,No,Low Risk,Stable Account Profile
9866-QEVEE,Segment 3: Short-Term High-Charge Users,0.6695084263040345,66.95%,Yes,High Risk,Month-to-month Contract; No Tech Support; High Monthly Fee
9897-KXHCM,Segment 3: Short-Term High-Charge Users,0.8468623082872591,84.69%,Yes,High Risk,Month-to-month Contract; Low Tenure (0-12m); Electronic Check Payment
0040-HALCW,Segment 1: Long-Term Committed Loyalists,0.04826518676610274,4.83%,No,Low Risk,Stable Account Profile
0784-GTUUK,Segment 1: Long-Term Committed Loyalists,0.03792347763303576,3.79%,No,Low Risk,Stable Account Profile
7979-CORPM,Segment 3: Short-Term High-Charge Users,0.6762045399217379,67.62%,Yes,High Risk,Month-to-month Contract; No Tech Support; High Monthly Fee
2294-DMMUS,Segment 1: Long-Term Committed Loyalists,0.17890201130220254,17.89%,No,Low Risk,Month-to-month Contract; No Tech Support; High Monthly Fee
0872-JCPIB,Segment 3: Short-Term High-Charge Users,0.3804912857874178,38.05%,No,Medium Risk,Month-to-month Contract; No Tech Support
3055-MJDSB,Segment 3: Short-Term High-Charge Users,0.5079918743971363,50.8%,Yes,Medium Risk,Month-to-month Contract; Low Tenure (0-12m); No Tech Support
9091-WTUUY,Segment 1: Long-Term Committed Loyalists,0.047924919669082924,4.79%,No,Low Risk,Stable Account Profile
1618-CFHME,Segment 3: Short-Term High-Charge Users,0.8783707202011283,87.84%,Yes,High Risk,Month-to-month Contract; Low Tenure (0-12m); Electronic Check Payment
3165-HDOEW,Segment 3: Short-Term High-Charge Users,0.7733343412153786,77.33%,Yes,High Risk,Month-to-month Contract; Low Tenure (0-12m); No Tech Support
6581-NQCBA,Segment 3: Short-Term High-Charge Users,0.6630368591574309,66.3%,Yes,High Risk,Month-to-month Contract; Electronic Check Payment
7115-IRDHS,Segment 1: Long-Term Committed Loyalists,0.00666248168075719,0.67%,No,Low Risk,Stable Account Profile
8496-DMZUK,Segment 1: Long-Term Committed Loyalists,0.21562653088439673,21.56%,No,Low Risk,No Tech Support; High Monthly Fee
2040-VZIKE,Segment 3: Short-Term High-Charge Users,0.504454750908362,50.45%,Yes,Medium Risk,Month-to-month Contract; No Tech Support; High Monthly Fee
9068-VPWQQ,Segment 1: Long-Term Committed Loyalists,0.06788119198912057,6.79%,No,Low Risk,High Monthly Fee
0178-SZBHO,Segment 3: Short-Term High-Charge Users,0.6062221241721935,60.62%,Yes,High Risk,Month-to-month Contract; Electronic Check Payment; No Tech Support
0384-RVBPI,Segment 3: Short-Term High-Charge Users,0.3295478920619974,32.95%,No,Medium Risk,Month-to-month Contract; No Tech Support
1689-MRZQR,Segment 3: Short-Term High-Charge Users,0.6238611407149021,62.39%,Yes,High Risk,Month-to-month Contract; Electronic Check Payment; No Tech Support
1299-AURJA,Segment 1: Long-Term Committed Loyalists,0.007563158750211793,0.76%,No,Low Risk,Stable Account Profile
4525-VZCZG,Segment 1: Long-Term Committed Loyalists,0.4228400328847375,42.28%,No,Medium Risk,Electronic Check Payment; High Monthly Fee
1543-LLLFT,Segment 1: Long-Term Committed Loyalists,0.2427059429920061,24.27%,No,Low Risk,High Monthly Fee
5835-BEQEU,Segment 3: Short-Term High-Charge Users,0.8662711112049082,86.63%,Yes,High Risk,Month-to-month Contract; Low Tenure (0-12m); Electronic Check Payment
2788-CJQAQ,Segment 1: Long-Term Committed Loyalists,0.03919932037293594,3.92%,No,Low Risk,Stable Account Profile
5565-FILXA,Segment 3: Short-Term High-Charge Users,0.8243181836695579,82.43%,Yes,High Risk,Month-to-month Contract; Electronic Check Payment; No Tech Support
0319-QZTCO,Segment 3: Short-Term High-Charge Users,0.6450878652227933,64.51%,Yes,High Risk,Month-to-month Contract; Low Tenure (0-12m); No Tech Support
2120-SMPEX,Segment 3: Short-Term High-Charge Users,0.09781161209192069,9.78%,No,Low Risk,Month-to-month Contract
0096-FCPUF,Segment 3: Short-Term High-Charge Users,0.21766261053276376,21.77%,No,Low Risk,Month-to-month Contract; No Tech Support
0668-OGMHD,Segment 3: Short-Term High-Charge Users,0.48166160755796816,48.17%,No,Medium Risk,Month-to-month Contract; Electronic Check Payment; No Tech Support
5552-ZNFSJ,Segment 3: Short-Term High-Charge Users,0.7758765535721861,77.59%,Yes,High Risk,Month-to-month Contract; Low Tenure (0-12m); Electronic Check Payment
2223-KAGMX,Segment 3: Short-Term High-Charge Users,0.4108836790553606,41.09%,No,Medium Risk,Month-to-month Contract
6507-ZJSUR,Segment 3: Short-Term High-Charge Users,0.7416610672628343,74.17%,Yes,High Risk,Month-to-month Contract; Electronic Check Payment; No Tech Support
9408-HRXRK,Segment 3: Short-Term High-Charge Users,0.5912857301893768,59.13%,Yes,Medium Risk,Month-to-month Contract; Electronic Check Payment; No Tech Support
5593-SUAOO,Segment 3: Short-Term High-Charge Users,0.40091487112169866,40.09%,No,Medium Risk,No Tech Support; High Monthly Fee
7321-PKUYW,Segment 3: Short-Term High-Charge Users,0.7970248625804731,79.7%,Yes,High Risk,Month-to-month Contract; Low Tenure (0-12m); Electronic Check Payment
2833-SLKDQ,Segment 3: Short-Term High-Charge Users,0.7418430541923993,74.18%,Yes,High Risk,Month-to-month Contract; Low Tenure (0-12m); No Tech Support
6766-HFKLA,Segment 1: Long-Term Committed Loyalists,0.31438376189144546,31.44%,No,Medium Risk,High Monthly Fee
7595-EUIVN,Segment 3: Short-Term High-Charge Users,0.8932511304789815,89.33%,Yes,High Risk,Month-to-month Contract; Low Tenure (0-12m); Electronic Check Payment
7617-EYGLW,Segment 3: Short-Term High-Charge Users,0.54785750667208,54.79%,Yes,Medium Risk,Month-to-month Contract; Low Tenure (0-12m); Electronic Check Payment
2026-TGDHM,Segment 3: Short-Term High-Charge Users,0.8472335089307138,84.72%,Yes,High Risk,Month-to-month Contract; Low Tenure (0-12m); Electronic Check Payment
9220-ZNKJI,Segment 1: Long-Term Committed Loyalists,0.11892012008533705,11.89%,No,Low Risk,High Monthly Fee
4030-VPZBD,Segment 3: Short-Term High-Charge Users,0.7908184501131394,79.08%,Yes,High Risk,Month-to-month Contract; Low Tenure (0-12m); Electronic Check Payment
2226-ICFDO,Segment 1: Long-Term Committed Loyalists,0.023490019430926663,2.35%,No,Low Risk,High Monthly Fee
0723-VSOBE,Segment 1: Long-Term Committed Loyalists,0.28668395103244065,28.67%,No,Low Risk,Electronic Check Payment; No Tech Support
5529-GIBVH,Segment 1: Long-Term Committed Loyalists,0.01461092237262931,1.46%,No,Low Risk,Stable Account Profile
4187-CINZD,Segment 1: Long-Term Committed Loyalists,0.4418328805711753,44.18%,No,Medium Risk,No Tech Support; High Monthly Fee
9992-UJOEL,Segment 3: Short-Term High-Charge Users,0.745948558046814,74.59%,Yes,High Risk,Month-to-month Contract; Low Tenure (0-12m); No Tech Support
4741-WWJQZ,Segment 3: Short-Term High-Charge Users,0.6544874609324767,65.45%,Yes,High Risk,Month-to-month Contract; Low Tenure (0-12m); Electronic Check Payment
6625-UTXEW,Segment 3: Short-Term High-Charge Users,0.4814441372436573,48.14%,No,Medium Risk,Month-to-month Contract; Low Tenure (0-12m); Electronic Check Payment
6818-WOBHJ,Segment 1: Long-Term Committed Loyalists,0.37675575818666807,37.68%,No,Medium Risk,Month-to-month Contract; No Tech Support; High Monthly Fee
6244-BESBM,Segment 1: Long-Term Committed Loyalists,0.1749391375534364,17.49%,No,Low Risk,High Monthly Fee
1004-NOZNR,Segment 1: Long-Term Committed Loyalists,0.31690995786237425,31.69%,No,Medium Risk,No Tech Support; High Monthly Fee
1251-STYSZ,Segment 3: Short-Term High-Charge Users,0.7654411387986361,76.54%,Yes,High Risk,Month-to-month Contract; Low Tenure (0-12m); Electronic Check Payment
2612-PHGOX,Segment 1: Long-Term Committed Loyalists,0.06917841459266448,6.92%,No,Low Risk,High Monthly Fee
2408-TZMJL,Segment 1: Long-Term Committed Loyalists,0.5550854860402239,55.51%,Yes,Medium Risk,Electronic Check Payment; No Tech Support; High Monthly Fee
8480-PPONV,Segment 1: Long-Term Committed Loyalists,0.23340783241522772,23.34%,No,Low Risk,High Monthly Fee
8780-IHCRN,Segment 1: Long-Term Committed Loyalists,0.015873813542087344,1.59%,No,Low Risk,Stable Account Profile
4598-ZADCK,Segment 1: Long-Term Committed Loyalists,0.15652729552859765,15.65%,No,Low Risk,Electronic Check Payment
1257-SXUXQ,Segment 3: Short-Term High-Charge Users,0.1742363646929635,17.42%,No,Low Risk,Month-to-month Contract; Low Tenure (0-12m)
9681-KYGYB,Segment 3: Short-Term High-Charge Users,0.573141229376173,57.31%,Yes,Medium Risk,Month-to-month Contract; Electronic Check Payment; No Tech Support
7182-OVLBJ,Segment 1: Long-Term Committed Loyalists,0.270939466460533,27.09%,No,Low Risk,No Tech Support; High Monthly Fee
5095-ETBRJ,Segment 1: Long-Term Committed Loyalists,0.04008975484706448,4.01%,No,Low Risk,Stable Account Profile
7005-CYUIL,Segment 1: Long-Term Committed Loyalists,0.10297271677327208,10.3%,No,Low Risk,Electronic Check Payment; High Monthly Fee
4821-WQOYN,Segment 1: Long-Term Committed Loyalists,0.02459397070258564,2.46%,No,Low Risk,Stable Account Profile
4730-AWNAU,Segment 1: Long-Term Committed Loyalists,0.15312205176059793,15.31%,No,Low Risk,Stable Account Profile
3452-FLHYD,Segment 1: Long-Term Committed Loyalists,0.03302898345416818,3.3%,No,Low Risk,Stable Account Profile
2388-LAESQ,Segment 1: Long-Term Committed Loyalists,0.04074482532520501,4.07%,No,Low Risk,High Monthly Fee
9531-NSBMR,Segment 1: Long-Term Committed Loyalists,0.01952531604806862,1.95%,No,Low Risk,Stable Account Profile
6260-ONULR,Segment 3: Short-Term High-Charge Users,0.6980985308271711,69.81%,Yes,High Risk,Month-to-month Contract; Low Tenure (0-12m); No Tech Support
4389-UEFCZ,Segment 1: Long-Term Committed Loyalists,0.2033781206778135,20.34%,No,Low Risk,Electronic Check Payment; No Tech Support; High Monthly Fee
8711-LOBKY,Segment 1: Long-Term Committed Loyalists,0.020154134581505875,2.02%,No,Low Risk,Stable Account Profile
9134-CEQMF,Segment 3: Short-Term High-Charge Users,0.878060985028353,87.81%,Yes,High Risk,Month-to-month Contract; Low Tenure (0-12m); Electronic Check Payment
8985-OOPOS,Segment 3: Short-Term High-Charge Users,0.5513845872417702,55.14%,Yes,Medium Risk,Low Tenure (0-12m); High Monthly Fee
8800-ZKRFW,Segment 3: Short-Term High-Charge Users,0.6505177980692901,65.05%,Yes,High Risk,Month-to-month Contract; Electronic Check Payment; High Monthly Fee
2616-FLVQC,Segment 1: Long-Term Committed Loyalists,0.04595490690543598,4.6%,No,Low Risk,Stable Account Profile
9968-FFVVH,Segment 1: Long-Term Committed Loyalists,0.10532725569562947,10.53%,No,Low Risk,Stable Account Profile
3108-PCCGG,Segment 1: Long-Term Committed Loyalists,0.08076642901899037,8.08%,No,Low Risk,No Tech Support; High Monthly Fee
7993-PYKOF,Segment 3: Short-Term High-Charge Users,0.7185276511611995,71.85%,Yes,High Risk,Month-to-month Contract; Low Tenure (0-12m); Electronic Check Payment
8390-FESFV,Segment 1: Long-Term Committed Loyalists,0.03494111033249263,3.49%,No,Low Risk,High Monthly Fee
3022-BEXHZ,Segment 1: Long-Term Committed Loyalists,0.24180648572967758,24.18%,No,Low Risk,High Monthly Fee
5027-XWQHA,Segment 3: Short-Term High-Charge Users,0.6700110733137516,67.0%,Yes,High Risk,Month-to-month Contract; Low Tenure (0-12m); Electronic Check Payment
6248-TKCQV,Segment 1: Long-Term Committed Loyalists,0.06130546275934234,6.13%,No,Low Risk,High Monthly Fee
6729-GDNGC,Segment 3: Short-Term High-Charge Users,0.5461660710841943,54.62%,Yes,Medium Risk,Month-to-month Contract; No Tech Support; High Monthly Fee
6198-ZFIOJ,Segment 3: Short-Term High-Charge Users,0.8259843138711069,82.6%,Yes,High Risk,Month-to-month Contract; Low Tenure (0-12m); Electronic Check Payment
5989-OMNJE,Segment 1: Long-Term Committed Loyalists,0.2916759713059828,29.17%,No,Low Risk,Electronic Check Payment; No Tech Support
4566-QVRRW,Segment 3: Short-Term High-Charge Users,0.624691292471807,62.47%,Yes,High Risk,Month-to-month Contract; Low Tenure (0-12m); Electronic Check Payment
1291-CUOCY,Segment 1: Long-Term Committed Loyalists,0.1373216376709571,13.73%,No,Low Risk,High Monthly Fee
9795-SHUHB,Segment 1: Long-Term Committed Loyalists,0.04303326069474229,4.3%,No,Low Risk,Stable Account Profile
3230-IUALN,Segment 1: Long-Term Committed Loyalists,0.06279941873053428,6.28%,No,Low Risk,High Monthly Fee
0042-RLHYP,Segment 1: Long-Term Committed Loyalists,0.012052011746000308,1.21%,No,Low Risk,Stable Account Profile
8519-IMDHU,Segment 3: Short-Term High-Charge Users,0.7429150230815031,74.29%,Yes,High Risk,Month-to-month Contract; No Tech Support; High Monthly Fee
4945-RVMTE,Segment 3: Short-Term High-Charge Users,0.31237074465014036,31.24%,No,Medium Risk,Month-to-month Contract; No Tech Support
0201-OAMXR,Segment 1: Long-Term Committed Loyalists,0.5041274360256192,50.41%,Yes,Medium Risk,High Monthly Fee
1866-NXPSP,Segment 1: Long-Term Committed Loyalists,0.245785510964085,24.58%,No,Low Risk,High Monthly Fee
3372-KWFBM,Segment 3: Short-Term High-Charge Users,0.8036601328005126,80.37%,Yes,High Risk,Month-to-month Contract; Electronic Check Payment; No Tech Support
7831-QGOXH,Segment 3: Short-Term High-Charge Users,0.7783340835500198,77.83%,Yes,High Risk,Month-to-month Contract; Electronic Check Payment; No Tech Support
6393-WRYZE,Segment 3: Short-Term High-Charge Users,0.733413703975335,73.34%,Yes,High Risk,Month-to-month Contract; Electronic Check Payment; No Tech Support
3941-XTSKM,Segment 1: Long-Term Committed Loyalists,0.2590834802622727,25.91%,No,Low Risk,No Tech Support
1661-CZBAU,Segment 1: Long-Term Committed Loyalists,0.13214483642181155,13.21%,No,Low Risk,High Monthly Fee
6599-RCLCJ,Segment 3: Short-Term High-Charge Users,0.7016761370529861,70.17%,Yes,High Risk,Month-to-month Contract; Electronic Check Payment; High Monthly Fee
9831-BPFRI,Segment 3: Short-Term High-Charge Users,0.6205703314280593,62.06%,Yes,High Risk,Electronic Check Payment; High Monthly Fee
5158-RIVOP,Segment 1: Long-Term Committed Loyalists,0.04686671757003698,4.69%,No,Low Risk,Low Tenure (0-12m)
9788-YTFGE,Segment 3: Short-Term High-Charge Users,0.1940680243718325,19.41%,No,Low Risk,Month-to-month Contract; Low Tenure (0-12m)
9277-JOOMO,Segment 3: Short-Term High-Charge Users,0.20285077253358955,20.29%,No,Low Risk,Month-to-month Contract; Low Tenure (0-12m)
1907-YLNYW,Segment 3: Short-Term High-Charge Users,0.4868853925081076,48.69%,No,Medium Risk,Month-to-month Contract; Low Tenure (0-12m); Electronic Check Payment
1725-MIMXW,Segment 3: Short-Term High-Charge Users,0.6560565225558651,65.61%,Yes,High Risk,Month-to-month Contract; Low Tenure (0-12m)
8947-YRTDV,Segment 1: Long-Term Committed Loyalists,0.23419039881844686,23.42%,No,Low Risk,No Tech Support; High Monthly Fee
3161-ONRWK,Segment 1: Long-Term Committed Loyalists,0.09418533611224403,9.42%,No,Low Risk,Stable Account Profile
0114-RSRRW,Segment 3: Short-Term High-Charge Users,0.20974097464475872,20.97%,No,Low Risk,Month-to-month Contract; Low Tenure (0-12m)
4565-NLZBV,Segment 1: Long-Term Committed Loyalists,0.01295732564540682,1.3%,No,Low Risk,Stable Account Profile
0031-PVLZI,Segment 3: Short-Term High-Charge Users,0.3295897380138171,32.96%,No,Medium Risk,Month-to-month Contract; Low Tenure (0-12m)
7206-GZCDC,Segment 3: Short-Term High-Charge Users,0.9332827213056082,93.33%,Yes,High Risk,Month-to-month Contract; Low Tenure (0-12m); Electronic Check Payment
6682-VCIXC,Segment 1: Long-Term Committed Loyalists,0.12123488598445427,12.12%,No,Low Risk,Stable Account Profile
4791-QRGMF,Segment 1: Long-Term Committed Loyalists,0.502618860878367,50.26%,Yes,Medium Risk,No Tech Support; High Monthly Fee
6475-VHUIZ,Segment 3: Short-Term High-Charge Users,0.3762895993667228,37.63%,No,Medium Risk,Month-to-month Contract; Electronic Check Payment
3910-MRQOY,Segment 1: Long-Term Committed Loyalists,0.010893751435409833,1.09%,No,Low Risk,Stable Account Profile
0661-WCQNQ,Segment 1: Long-Term Committed Loyalists,0.17441498275730788,17.44%,No,Low Risk,Stable Account Profile
7537-RBWEA,Segment 3: Short-Term High-Charge Users,0.7583119471585117,75.83%,Yes,High Risk,Month-to-month Contract; Low Tenure (0-12m); No Tech Support
4656-CAURT,Segment 1: Long-Term Committed Loyalists,0.012909176516325387,1.29%,No,Low Risk,Stable Account Profile
0121-SNYRK,Segment 1: Long-Term Committed Loyalists,0.10196365065508889,10.2%,No,Low Risk,Stable Account Profile
1768-ZAIFU,Segment 3: Short-Term High-Charge Users,0.8421553083111577,84.22%,Yes,High Risk,Month-to-month Contract; Low Tenure (0-12m); Electronic Check Payment
4671-LXRDQ,Segment 3: Short-Term High-Charge Users,0.7585893108126803,75.86%,Yes,High Risk,Month-to-month Contract; Low Tenure (0-12m); No Tech Support
3733-LSYCE,Segment 3: Short-Term High-Charge Users,0.5852553576348192,58.53%,Yes,Medium Risk,Month-to-month Contract; No Tech Support; High Monthly Fee
6265-FRMTQ,Segment 1: Long-Term Committed Loyalists,0.017696471966297294,1.77%,No,Low Risk,Stable Account Profile
1934-SJVJK,Segment 3: Short-Term High-Charge Users,0.7079267920764536,70.79%,Yes,High Risk,Month-to-month Contract; Low Tenure (0-12m)
3838-OZURD,Segment 1: Long-Term Committed Loyalists,0.5153410472110289,51.53%,Yes,Medium Risk,Month-to-month Contract; No Tech Support; High Monthly Fee
1371-DWPAZ,Segment 1: Long-Term Committed Loyalists,0.09612117835204152,9.61%,No,Low Risk,Low Tenure (0-12m)
9269-CQOOL,Segment 3: Short-Term High-Charge Users,0.7218006751643427,72.18%,Yes,High Risk,Month-to-month Contract; Low Tenure (0-12m); No Tech Support
2017-CCBLH,Segment 1: Long-Term Committed Loyalists,0.06677641264808837,6.68%,No,Low Risk,Low Tenure (0-12m)
7690-KPNCU,Segment 1: Long-Term Committed Loyalists,0.18171414336601413,18.17%,No,Low Risk,No Tech Support; High Monthly Fee
0536-BGFMZ,Segment 3: Short-Term High-Charge Users,0.09676340462805609,9.68%,No,Low Risk,Month-to-month Contract
2293-IJWPS,Segment 1: Long-Term Committed Loyalists,0.5342877656043312,53.43%,Yes,Medium Risk,No Tech Support; High Monthly Fee
2845-HSJCY,Segment 3: Short-Term High-Charge Users,0.7870544789502274,78.71%,Yes,High Risk,Month-to-month Contract; Electronic Check Payment; No Tech Support
5469-NUJUR,Segment 1: Long-Term Committed Loyalists,0.02877597446466775,2.88%,No,Low Risk,Stable Account Profile
1184-PJVDB,Segment 3: Short-Term High-Charge Users,0.8244719948712163,82.45%,Yes,High Risk,Month-to-month Contract; Low Tenure (0-12m); Electronic Check Payment
2625-TRCZQ,Segment 3: Short-Term High-Charge Users,0.4515103135574881,45.15%,No,Medium Risk,Month-to-month Contract; Electronic Check Payment; No Tech Support
4102-HLENU,Segment 1: Long-Term Committed Loyalists,0.0422556040174899,4.23%,No,Low Risk,No Tech Support
7266-GSSJX,Segment 3: Short-Term High-Charge Users,0.17059303075711998,17.06%,No,Low Risk,Month-to-month Contract; Low Tenure (0-12m); Electronic Check Payment
7722-VJRQD,Segment 1: Long-Term Committed Loyalists,0.03615033276151285,3.62%,No,Low Risk,Stable Account Profile
7073-QETQY,Segment 1: Long-Term Committed Loyalists,0.062467390483557615,6.25%,No,Low Risk,Electronic Check Payment
9415-DPEWS,Segment 3: Short-Term High-Charge Users,0.7651417417169961,76.51%,Yes,High Risk,Month-to-month Contract; Electronic Check Payment; High Monthly Fee
5624-RYAMH,Segment 3: Short-Term High-Charge Users,0.17241461077115008,17.24%,No,Low Risk,Month-to-month Contract; Low Tenure (0-12m); Electronic Check Payment
0196-JTUQI,Segment 3: Short-Term High-Charge Users,0.7694058759429147,76.94%,Yes,High Risk,Month-to-month Contract; Low Tenure (0-12m); No Tech Support
7130-YXBRO,Segment 1: Long-Term Committed Loyalists,0.4861402538688972,48.61%,No,Medium Risk,Month-to-month Contract; No Tech Support; High Monthly Fee
9272-LSVYH,Segment 3: Short-Term High-Charge Users,0.6067535179408101,60.68%,Yes,High Risk,Month-to-month Contract; Low Tenure (0-12m); No Tech Support
7943-RQCHR,Segment 3: Short-Term High-Charge Users,0.8884575288363112,88.85%,Yes,High Risk,Month-to-month Contract; Low Tenure (0-12m); Electronic Check Payment
3793-MMFUH,Segment 3: Short-Term High-Charge Users,0.8447383652103205,84.47%,Yes,High Risk,Month-to-month Contract; Electronic Check Payment; No Tech Support
3249-ZPQRG,Segment 3: Short-Term High-Charge Users,0.8410144375822479,84.1%,Yes,High Risk,Month-to-month Contract; Low Tenure (0-12m); Electronic Check Payment
2568-BRGYX,Segment 3: Short-Term High-Charge Users,0.8220733113182831,82.21%,Yes,High Risk,Month-to-month Contract; Low Tenure (0-12m); Electronic Check Payment
3084-DOWLE,Segment 1: Long-Term Committed Loyalists,0.016809683217840522,1.68%,No,Low Risk,High Monthly Fee
1084-MNSMJ,Segment 1: Long-Term Committed Loyalists,0.05244909245224127,5.24%,No,Low Risk,High Monthly Fee
7721-JXEAW,Segment 3: Short-Term High-Charge Users,0.44965040797323574,44.97%,No,Medium Risk,Month-to-month Contract; No Tech Support
7249-WBIYX,Segment 3: Short-Term High-Charge Users,0.8621665826533795,86.22%,Yes,High Risk,Month-to-month Contract; Low Tenure (0-12m); Electronic Check Payment
4238-HFHSN,Segment 3: Short-Term High-Charge Users,0.44102476548797037,44.1%,No,Medium Risk,Month-to-month Contract; Electronic Check Payment; No Tech Support
6250-CGGUN,Segment 1: Long-Term Committed Loyalists,0.17976140925831186,17.98%,No,Low Risk,Electronic Check Payment; High Monthly Fee
5478-JJVZK,Segment 3: Short-Term High-Charge Users,0.22207794163086078,22.21%,No,Low Risk,Month-to-month Contract; No Tech Support
7596-IIWYC,Segment 1: Long-Term Committed Loyalists,0.014451991336177406,1.45%,No,Low Risk,Stable Account Profile
6567-HOOPW,Segment 3: Short-Term High-Charge Users,0.9312684637832032,93.13%,Yes,High Risk,Month-to-month Contract; Low Tenure (0-12m); Electronic Check Payment
9793-WECQC,Segment 3: Short-Term High-Charge Users,0.6204820260662854,62.05%,Yes,High Risk,Month-to-month Contract; No Tech Support; High Monthly Fee
4291-HPAXL,Segment 3: Short-Term High-Charge Users,0.6131061273888685,61.31%,Yes,High Risk,Month-to-month Contract; Low Tenure (0-12m)
8999-YPYBV,Segment 1: Long-Term Committed Loyalists,0.0608226226259629,6.08%,No,Low Risk,High Monthly Fee
1839-FBNFR,Segment 1: Long-Term Committed Loyalists,0.009487556180872991,0.95%,No,Low Risk,Stable Account Profile
3164-AALRN,Segment 1: Long-Term Committed Loyalists,0.6273635275527988,62.74%,Yes,High Risk,Low Tenure (0-12m); No Tech Support
3071-MVJCD,Segment 1: Long-Term Committed Loyalists,0.02910938566468987,2.91%,No,Low Risk,High Monthly Fee
1697-BCSHV,Segment 3: Short-Term High-Charge Users,0.2451006844474207,24.51%,No,Low Risk,Month-to-month Contract; No Tech Support
0562-KBDVM,Segment 1: Long-Term Committed Loyalists,0.04227850032990738,4.23%,No,Low Risk,Stable Account Profile
1131-SUEKT,Segment 1: Long-Term Committed Loyalists,0.36367304689613267,36.37%,No,Medium Risk,High Monthly Fee
3717-OEAUQ,Segment 3: Short-Term High-Charge Users,0.8242328520676157,82.42%,Yes,High Risk,Month-to-month Contract; Low Tenure (0-12m); No Tech Support
4538-WNTMJ,Segment 1: Long-Term Committed Loyalists,0.0324129141608683,3.24%,No,Low Risk,Stable Account Profile
3334-CTHOL,Segment 3: Short-Term High-Charge Users,0.7473734745138603,74.74%,Yes,High Risk,Month-to-month Contract; Low Tenure (0-12m); No Tech Support
4704-ERYFC,Segment 3: Short-Term High-Charge Users,0.6864354459921521,68.64%,Yes,High Risk,Month-to-month Contract; Electronic Check Payment; No Tech Support
9432-RUVSL,Segment 1: Long-Term Committed Loyalists,0.21531155868044555,21.53%,No,Low Risk,High Monthly Fee
8060-HIWJJ,Segment 1: Long-Term Committed Loyalists,0.04367881396530425,4.37%,No,Low Risk,High Monthly Fee
7684-XSZIY,Segment 1: Long-Term Committed Loyalists,0.013658345425402795,1.37%,No,Low Risk,Stable Account Profile
9089-UOWJG,Segment 3: Short-Term High-Charge Users,0.42956287882257166,42.96%,No,Medium Risk,Month-to-month Contract; Low Tenure (0-12m); No Tech Support
8621-MNIHH,Segment 3: Short-Term High-Charge Users,0.6787101400801929,67.87%,Yes,High Risk,Month-to-month Contract; Electronic Check Payment; No Tech Support
8039-ACLPL,Segment 1: Long-Term Committed Loyalists,0.0596108266135596,5.96%,No,Low Risk,No Tech Support
9885-AIBVB,Segment 3: Short-Term High-Charge Users,0.6865366209567851,68.65%,Yes,High Risk,Month-to-month Contract; Electronic Check Payment; No Tech Support
1934-MKPXS,Segment 1: Long-Term Committed Loyalists,0.013715016836786302,1.37%,No,Low Risk,Stable Account Profile
2592-YKDIF,Segment 3: Short-Term High-Charge Users,0.4974151820863399,49.74%,No,Medium Risk,Month-to-month Contract; Low Tenure (0-12m)
2272-JKMSI,Segment 1: Long-Term Committed Loyalists,0.39051661766781964,39.05%,No,Medium Risk,Electronic Check Payment; High Monthly Fee
0471-LVHGK,Segment 1: Long-Term Committed Loyalists,0.37925634135918285,37.93%,No,Medium Risk,Electronic Check Payment; No Tech Support; High Monthly Fee
9518-RWHZL,Segment 1: Long-Term Committed Loyalists,0.4585729001789084,45.86%,No,Medium Risk,No Tech Support; High Monthly Fee
8714-CTZJW,Segment 3: Short-Term High-Charge Users,0.8496545087411539,84.97%,Yes,High Risk,Month-to-month Contract; Low Tenure (0-12m); No Tech Support
3569-EDBPQ,Segment 3: Short-Term High-Charge Users,0.6056295833241008,60.56%,Yes,High Risk,Month-to-month Contract; Electronic Check Payment; High Monthly Fee
3131-NWVFJ,Segment 1: Long-Term Committed Loyalists,0.06997467970414915,7.0%,No,Low Risk,Stable Account Profile
7521-YXVZY,Segment 3: Short-Term High-Charge Users,0.19241033110365205,19.24%,No,Low Risk,Month-to-month Contract; Low Tenure (0-12m)
5419-CONWX,Segment 3: Short-Term High-Charge Users,0.8881005832128263,88.81%,Yes,High Risk,Month-to-month Contract; Low Tenure (0-12m); No Tech Support
6240-EURKS,Segment 3: Short-Term High-Charge Users,0.594163231651219,59.42%,Yes,Medium Risk,Month-to-month Contract; Electronic Check Payment; No Tech Support
2373-NTKOD,Segment 3: Short-Term High-Charge Users,0.5271922749759963,52.72%,Yes,Medium Risk,Month-to-month Contract; Low Tenure (0-12m); Electronic Check Payment
1970-KKFWL,Segment 1: Long-Term Committed Loyalists,0.04811892634257644,4.81%,No,Low Risk,Stable Account Profile
6960-HVYXR,Segment 3: Short-Term High-Charge Users,0.9129964580814995,91.3%,Yes,High Risk,Month-to-month Contract; Low Tenure (0-12m); Electronic Check Payment
9337-SRRNI,Segment 1: Long-Term Committed Loyalists,0.017247440879527398,1.72%,No,Low Risk,Stable Account Profile
0895-UADGO,Segment 1: Long-Term Committed Loyalists,0.09944068852196397,9.94%,No,Low Risk,Low Tenure (0-12m)
5678-VFNEQ,Segment 1: Long-Term Committed Loyalists,0.2641175770588157,26.41%,No,Low Risk,No Tech Support; High Monthly Fee
5977-CKHON,Segment 3: Short-Term High-Charge Users,0.5833418630907824,58.33%,Yes,Medium Risk,Month-to-month Contract; No Tech Support; High Monthly Fee
7024-OHCCK,Segment 3: Short-Term High-Charge Users,0.9186295521338473,91.86%,Yes,High Risk,Month-to-month Contract; Low Tenure (0-12m); Electronic Check Payment
2692-BUCFV,Segment 3: Short-Term High-Charge Users,0.7073813034863423,70.74%,Yes,High Risk,Month-to-month Contract; No Tech Support; High Monthly Fee
7861-UVUFT,Segment 3: Short-Term High-Charge Users,0.7801611784833774,78.02%,Yes,High Risk,Month-to-month Contract; Electronic Check Payment; No Tech Support
1830-GGFNM,Segment 1: Long-Term Committed Loyalists,0.11694817011744126,11.69%,No,Low Risk,High Monthly Fee
5302-BDJNT,Segment 3: Short-Term High-Charge Users,0.6029790733518542,60.3%,Yes,High Risk,Month-to-month Contract; Electronic Check Payment; High Monthly Fee
5223-UZAVK,Segment 1: Long-Term Committed Loyalists,0.35921596718062226,35.92%,No,Medium Risk,No Tech Support; High Monthly Fee
4859-ZSRDZ,Segment 1: Long-Term Committed Loyalists,0.050213896429685746,5.02%,No,Low Risk,Stable Account Profile
5651-WYIPH,Segment 3: Short-Term High-Charge Users,0.4482480477868498,44.82%,No,Medium Risk,Month-to-month Contract; No Tech Support
9350-VLHMB,Segment 1: Long-Term Committed Loyalists,0.32001702367408197,32.0%,No,Medium Risk,Month-to-month Contract; No Tech Support; High Monthly Fee
3498-LZGQZ,Segment 1: Long-Term Committed Loyalists,0.03813813390729013,3.81%,No,Low Risk,Stable Account Profile
8785-CJSHH,Segment 3: Short-Term High-Charge Users,0.5692108524610808,56.92%,Yes,Medium Risk,Month-to-month Contract; Electronic Check Payment; No Tech Support
5357-TZHPP,Segment 3: Short-Term High-Charge Users,0.8192681665659935,81.93%,Yes,High Risk,Month-to-month Contract; Low Tenure (0-12m); No Tech Support
3870-SPZSI,Segment 1: Long-Term Committed Loyalists,0.08820315757315378,8.82%,No,Low Risk,High Monthly Fee
0680-DFNNY,Segment 3: Short-Term High-Charge Users,0.8207757417616492,82.08%,Yes,High Risk,Month-to-month Contract; Electronic Check Payment; No Tech Support
7560-QRBXH,Segment 1: Long-Term Committed Loyalists,0.01563914330527512,1.56%,No,Low Risk,Stable Account Profile
7077-XJMET,Segment 3: Short-Term High-Charge Users,0.524791414503936,52.48%,Yes,Medium Risk,Month-to-month Contract; Low Tenure (0-12m); Electronic Check Payment
8752-GHJFU,Segment 1: Long-Term Committed Loyalists,0.14830486680111463,14.83%,No,Low Risk,Electronic Check Payment; High Monthly Fee
6896-SRVYQ,Segment 3: Short-Term High-Charge Users,0.5115860325863074,51.16%,Yes,Medium Risk,Month-to-month Contract; Electronic Check Payment; No Tech Support
7767-UXAGJ,Segment 3: Short-Term High-Charge Users,0.7982402002091047,79.82%,Yes,High Risk,Month-to-month Contract; Low Tenure (0-12m); Electronic Check Payment
4652-ODEVH,Segment 1: Long-Term Committed Loyalists,0.022916459438645623,2.29%,No,Low Risk,Stable Account Profile
6510-UPNKS,Segment 1: Long-Term Committed Loyalists,0.08179030120771155,8.18%,No,Low Risk,Stable Account Profile
6718-BDGHG,Segment 1: Long-Term Committed Loyalists,0.18171528514222604,18.17%,No,Low Risk,Stable Account Profile
9046-DQMTP,Segment 3: Short-Term High-Charge Users,0.08862184372348478,8.86%,No,Low Risk,Month-to-month Contract
6439-LAJXL,Segment 3: Short-Term High-Charge Users,0.39915144942682007,39.92%,No,Medium Risk,Month-to-month Contract; Low Tenure (0-12m)
1571-SAVHK,Segment 3: Short-Term High-Charge Users,0.8573233707641803,85.73%,Yes,High Risk,Month-to-month Contract; Low Tenure (0-12m); High Monthly Fee
9052-VKDUW,Segment 1: Long-Term Committed Loyalists,0.30397710166418634,30.4%,No,Medium Risk,Month-to-month Contract; No Tech Support; High Monthly Fee
9546-CQJSU,Segment 3: Short-Term High-Charge Users,0.9086462716640114,90.86%,Yes,High Risk,Month-to-month Contract; Low Tenure (0-12m); Electronic Check Payment
1666-JZPZT,Segment 3: Short-Term High-Charge Users,0.2339566610136623,23.4%,No,Low Risk,Month-to-month Contract; No Tech Support
5777-KJIRB,Segment 1: Long-Term Committed Loyalists,0.21427348136056323,21.43%,No,Low Risk,No Tech Support
0506-LVNGN,Segment 3: Short-Term High-Charge Users,0.820210388774452,82.02%,Yes,High Risk,Month-to-month Contract; Low Tenure (0-12m); No Tech Support
7677-SJJJK,Segment 1: Long-Term Committed Loyalists,0.10250373647741891,10.25%,No,Low Risk,Low Tenure (0-12m)
2480-EJWYP,Segment 1: Long-Term Committed Loyalists,0.41904713291004125,41.9%,No,Medium Risk,No Tech Support; High Monthly Fee
3253-HKOKL,Segment 1: Long-Term Committed Loyalists,0.3769133562858469,37.69%,No,Medium Risk,Electronic Check Payment; No Tech Support; High Monthly Fee
7055-HNEOJ,Segment 3: Short-Term High-Charge Users,0.6481140110439149,64.81%,Yes,High Risk,Month-to-month Contract; Low Tenure (0-12m)
5514-YQENT,Segment 1: Long-Term Committed Loyalists,0.38464178297163437,38.46%,No,Medium Risk,Electronic Check Payment; High Monthly Fee
3211-AAPKX,Segment 3: Short-Term High-Charge Users,0.6900063548776829,69.0%,Yes,High Risk,Month-to-month Contract; High Monthly Fee
8445-DNBAE,Segment 3: Short-Term High-Charge Users,0.7722967903966584,77.23%,Yes,High Risk,Month-to-month Contract; Low Tenure (0-12m); Electronic Check Payment
2951-QOQTK,Segment 3: Short-Term High-Charge Users,0.8271780968780967,82.72%,Yes,High Risk,Month-to-month Contract; Low Tenure (0-12m); High Monthly Fee
2958-NHPPS,Segment 3: Short-Term High-Charge Users,0.1010994946258771,10.11%,No,Low Risk,Month-to-month Contract; Electronic Check Payment
6806-YDEUL,Segment 3: Short-Term High-Charge Users,0.24102696792589365,24.1%,No,Low Risk,Month-to-month Contract; Low Tenure (0-12m)
1735-XMJVH,Segment 3: Short-Term High-Charge Users,0.16843421312401072,16.84%,No,Low Risk,Month-to-month Contract; Low Tenure (0-12m)
6890-PFRQX,Segment 3: Short-Term High-Charge Users,0.3083074368095221,30.83%,No,Medium Risk,Month-to-month Contract; No Tech Support
0222-CNVPT,Segment 3: Short-Term High-Charge Users,0.34367878204391594,34.37%,No,Medium Risk,Month-to-month Contract; No Tech Support
5899-OUVKV,Segment 3: Short-Term High-Charge Users,0.6552127680200104,65.52%,Yes,High Risk,Month-to-month Contract; Electronic Check Payment; No Tech Support
8681-ICONS,Segment 3: Short-Term High-Charge Users,0.12863291277436723,12.86%,No,Low Risk,Month-to-month Contract
1621-YNCJH,Segment 1: Long-Term Committed Loyalists,0.22058123783114256,22.06%,No,Low Risk,High Monthly Fee
3473-XIIIT,Segment 3: Short-Term High-Charge Users,0.8088076135840048,80.88%,Yes,High Risk,Month-to-month Contract; Electronic Check Payment; No Tech Support
6362-QHAFM,Segment 1: Long-Term Committed Loyalists,0.6113029042614073,61.13%,Yes,High Risk,Electronic Check Payment; High Monthly Fee
7893-IXHRQ,Segment 3: Short-Term High-Charge Users,0.49315630591070647,49.32%,No,Medium Risk,Month-to-month Contract; Low Tenure (0-12m); Electronic Check Payment
3070-BDOQC,Segment 1: Long-Term Committed Loyalists,0.30845345591042916,30.85%,No,Medium Risk,Electronic Check Payment; No Tech Support; High Monthly Fee
2952-QAYZF,Segment 3: Short-Term High-Charge Users,0.8829899427892637,88.3%,Yes,High Risk,Month-to-month Contract; Low Tenure (0-12m); Electronic Check Payment
6234-PFPXL,Segment 3: Short-Term High-Charge Users,0.540808051729344,54.08%,Yes,Medium Risk,Month-to-month Contract; High Monthly Fee
9824-QCJPK,Segment 1: Long-Term Committed Loyalists,0.018335154980259817,1.83%,No,Low Risk,Stable Account Profile
4763-PGDPO,Segment 3: Short-Term High-Charge Users,0.7892433397967583,78.92%,Yes,High Risk,Month-to-month Contract; Low Tenure (0-12m); Electronic Check Payment
4283-IVYCI,Segment 3: Short-Term High-Charge Users,0.39099662806495333,39.1%,No,Medium Risk,Month-to-month Contract; Low Tenure (0-12m)
1866-OBPNR,Segment 3: Short-Term High-Charge Users,0.7490840571896226,74.91%,Yes,High Risk,Month-to-month Contract; Low Tenure (0-12m); No Tech Support
8205-MQUGY,Segment 3: Short-Term High-Charge Users,0.5345191558465242,53.45%,Yes,Medium Risk,Month-to-month Contract; Low Tenure (0-12m); Electronic Check Payment
8970-ANWXO,Segment 1: Long-Term Committed Loyalists,0.3305464729761161,33.05%,No,Medium Risk,High Monthly Fee
9480-BQJEI,Segment 1: Long-Term Committed Loyalists,0.28424526632081526,28.42%,No,Low Risk,No Tech Support; High Monthly Fee
5394-SVGJV,Segment 3: Short-Term High-Charge Users,0.6100539156250206,61.01%,Yes,High Risk,Month-to-month Contract; High Monthly Fee
6979-TNDEU,Segment 3: Short-Term High-Charge Users,0.17127891596460912,17.13%,No,Low Risk,Month-to-month Contract; Low Tenure (0-12m)
9777-WJJPR,Segment 3: Short-Term High-Charge Users,0.5760053198640837,57.6%,Yes,Medium Risk,Month-to-month Contract; No Tech Support; High Monthly Fee
9283-LZQOH,Segment 3: Short-Term High-Charge Users,0.6247904780077569,62.48%,Yes,High Risk,Month-to-month Contract; No Tech Support; High Monthly Fee
7079-QRCBC,Segment 3: Short-Term High-Charge Users,0.802129798301129,80.21%,Yes,High Risk,Month-to-month Contract; Electronic Check Payment; No Tech Support
9495-SKLKD,Segment 3: Short-Term High-Charge Users,0.5776503934451819,57.77%,Yes,Medium Risk,Month-to-month Contract; No Tech Support; High Monthly Fee
6048-UWKAL,Segment 1: Long-Term Committed Loyalists,0.2088692158111238,20.89%,No,Low Risk,High Monthly Fee
5067-DGXLL,Segment 3: Short-Term High-Charge Users,0.20452458232053983,20.45%,No,Low Risk,Month-to-month Contract; Low Tenure (0-12m)
5469-CTCWN,Segment 1: Long-Term Committed Loyalists,0.41234147178315844,41.23%,No,Medium Risk,Electronic Check Payment; No Tech Support; High Monthly Fee
9851-QXEEQ,Segment 3: Short-Term High-Charge Users,0.7646788170708747,76.47%,Yes,High Risk,Month-to-month Contract; Electronic Check Payment; No Tech Support
6281-FKEWS,Segment 1: Long-Term Committed Loyalists,0.30195299409981385,30.2%,No,Medium Risk,Electronic Check Payment; No Tech Support
8898-KASCD,Segment 1: Long-Term Committed Loyalists,0.1883156070702364,18.83%,No,Low Risk,Stable Account Profile
9242-TKFSV,Segment 1: Long-Term Committed Loyalists,0.027778683240342984,2.78%,No,Low Risk,Stable Account Profile
9290-SHCMB,Segment 3: Short-Term High-Charge Users,0.8070898645564564,80.71%,Yes,High Risk,Month-to-month Contract; Electronic Check Payment; No Tech Support
0743-HNPFG,Segment 1: Long-Term Committed Loyalists,0.11285672056667022,11.29%,No,Low Risk,Stable Account Profile
2277-BKJKN,Segment 1: Long-Term Committed Loyalists,0.22476825703417158,22.48%,No,Low Risk,Electronic Check Payment; No Tech Support; High Monthly Fee
9809-IMGCQ,Segment 3: Short-Term High-Charge Users,0.8091326018862515,80.91%,Yes,High Risk,Month-to-month Contract; Electronic Check Payment; No Tech Support
5208-HFSBT,Segment 3: Short-Term High-Charge Users,0.7028300491468531,70.28%,Yes,High Risk,Month-to-month Contract; Low Tenure (0-12m)
5035-PGZXH,Segment 1: Long-Term Committed Loyalists,0.5711447641334273,57.11%,Yes,Medium Risk,Electronic Check Payment; No Tech Support; High Monthly Fee
8695-WDYEA,Segment 3: Short-Term High-Charge Users,0.6659408868036075,66.59%,Yes,High Risk,Month-to-month Contract; Low Tenure (0-12m); No Tech Support
6543-JXSOO,Segment 1: Long-Term Committed Loyalists,0.13936558157602838,13.94%,No,Low Risk,Stable Account Profile
8016-ZMGMO,Segment 1: Long-Term Committed Loyalists,0.14364366217470934,14.36%,No,Low Risk,No Tech Support; High Monthly Fee
8605-ITULD,Segment 3: Short-Term High-Charge Users,0.5468521094628085,54.69%,Yes,Medium Risk,Month-to-month Contract; Low Tenure (0-12m)
3254-YRILK,Segment 3: Short-Term High-Charge Users,0.7775285433421473,77.75%,Yes,High Risk,Month-to-month Contract; Electronic Check Payment; No Tech Support
6416-YJTTB,Segment 3: Short-Term High-Charge Users,0.6083383094773238,60.83%,Yes,High Risk,Month-to-month Contract; Low Tenure (0-12m); No Tech Support
2667-WYLWJ,Segment 1: Long-Term Committed Loyalists,0.3085013606285626,30.85%,No,Medium Risk,Low Tenure (0-12m)
4472-VESGY,Segment 1: Long-Term Committed Loyalists,0.3207691500175802,32.08%,No,Medium Risk,Month-to-month Contract; No Tech Support; High Monthly Fee
3195-TQDZX,Segment 3: Short-Term High-Charge Users,0.21744668356333732,21.74%,No,Low Risk,Month-to-month Contract; Low Tenure (0-12m); Electronic Check Payment
3128-YOVTD,Segment 3: Short-Term High-Charge Users,0.41121841967582967,41.12%,No,Medium Risk,Month-to-month Contract; No Tech Support; High Monthly Fee
0529-ONKER,Segment 3: Short-Term High-Charge Users,0.6955525104960789,69.56%,Yes,High Risk,Month-to-month Contract; Electronic Check Payment; No Tech Support
1728-CXQBE,Segment 3: Short-Term High-Charge Users,0.45082488733038084,45.08%,No,Medium Risk,Month-to-month Contract; Electronic Check Payment; No Tech Support
7041-TXQJH,Segment 3: Short-Term High-Charge Users,0.37581331720000044,37.58%,No,Medium Risk,Month-to-month Contract; No Tech Support
5014-GSOUQ,Segment 1: Long-Term Committed Loyalists,0.032540993277838055,3.25%,No,Low Risk,Stable Account Profile
5724-BIDBU,Segment 1: Long-Term Committed Loyalists,0.22652803588791595,22.65%,No,Low Risk,Electronic Check Payment; No Tech Support
0481-SUMCB,Segment 1: Long-Term Committed Loyalists,0.45868636357578463,45.87%,No,Medium Risk,No Tech Support; High Monthly Fee
1769-GRUIK,Segment 3: Short-Term High-Charge Users,0.6809057919952646,68.09%,Yes,High Risk,Month-to-month Contract; Electronic Check Payment; No Tech Support
5240-IJOQT,Segment 3: Short-Term High-Charge Users,0.9332246579702674,93.32%,Yes,High Risk,Month-to-month Contract; Low Tenure (0-12m); Electronic Check Payment
8819-WFGGJ,Segment 1: Long-Term Committed Loyalists,0.07049001772684307,7.05%,No,Low Risk,No Tech Support
7427-AUFPY,Segment 1: Long-Term Committed Loyalists,0.05896938257761788,5.9%,No,Low Risk,Stable Account Profile
2811-POVEX,Segment 3: Short-Term High-Charge Users,0.633795458238674,63.38%,Yes,High Risk,Month-to-month Contract; No Tech Support; High Monthly Fee
1092-GANHU,Segment 3: Short-Term High-Charge Users,0.7070405589691569,70.7%,Yes,High Risk,Month-to-month Contract; Electronic Check Payment; No Tech Support
7898-PDWQE,Segment 1: Long-Term Committed Loyalists,0.04354438717229115,4.35%,No,Low Risk,High Monthly Fee
9972-EWRJS,Segment 1: Long-Term Committed Loyalists,0.015093490141648791,1.51%,No,Low Risk,Stable Account Profile
9314-IJWSQ,Segment 3: Short-Term High-Charge Users,0.7924117587526689,79.24%,Yes,High Risk,Month-to-month Contract; Electronic Check Payment; No Tech Support
0661-XEYAN,Segment 3: Short-Term High-Charge Users,0.8195275018285126,81.95%,Yes,High Risk,Month-to-month Contract; Low Tenure (0-12m); No Tech Support
5799-JRCZO,Segment 1: Long-Term Committed Loyalists,0.02997808711315373,3.0%,No,Low Risk,Stable Account Profile
1921-KYSAY,Segment 1: Long-Term Committed Loyalists,0.21127532680327044,21.13%,No,Low Risk,Electronic Check Payment
6198-RTPMF,Segment 3: Short-Term High-Charge Users,0.7396016056265502,73.96%,Yes,High Risk,Month-to-month Contract; Electronic Check Payment; No Tech Support
2924-KHUVI,Segment 1: Long-Term Committed Loyalists,0.48313171946001643,48.31%,No,Medium Risk,Electronic Check Payment; No Tech Support; High Monthly Fee
1925-GMVBW,Segment 3: Short-Term High-Charge Users,0.2304132716519716,23.04%,No,Low Risk,Month-to-month Contract; Low Tenure (0-12m)
7881-EVUAD,Segment 3: Short-Term High-Charge Users,0.7770249494179476,77.7%,Yes,High Risk,Month-to-month Contract; Low Tenure (0-12m); Electronic Check Payment
6184-DYUOB,Segment 3: Short-Term High-Charge Users,0.2909013327936804,29.09%,No,Low Risk,Month-to-month Contract; Low Tenure (0-12m)
9207-ZPANB,Segment 1: Long-Term Committed Loyalists,0.16123327215636182,16.12%,No,Low Risk,Electronic Check Payment
5766-XQXMQ,Segment 3: Short-Term High-Charge Users,0.34869692801346996,34.87%,No,Medium Risk,Month-to-month Contract; No Tech Support
9327-QSDED,Segment 3: Short-Term High-Charge Users,0.5203765714486666,52.04%,Yes,Medium Risk,Month-to-month Contract; Low Tenure (0-12m); No Tech Support
1656-DRSMG,Segment 1: Long-Term Committed Loyalists,0.36645198270785084,36.65%,No,Medium Risk,Month-to-month Contract; High Monthly Fee
3012-VFFMN,Segment 3: Short-Term High-Charge Users,0.19528778824040677,19.53%,No,Low Risk,Month-to-month Contract; Low Tenure (0-12m)
2984-AFWNC,Segment 3: Short-Term High-Charge Users,0.8363394341450626,83.63%,Yes,High Risk,Month-to-month Contract; Low Tenure (0-12m); Electronic Check Payment
0640-YJTPY,Segment 1: Long-Term Committed Loyalists,0.0079257302641452,0.79%,No,Low Risk,Stable Account Profile
8096-LOIST,Segment 3: Short-Term High-Charge Users,0.4902511430846844,49.03%,No,Medium Risk,Month-to-month Contract; Electronic Check Payment; No Tech Support
9764-REAFF,Segment 1: Long-Term Committed Loyalists,0.08839803729453634,8.84%,No,Low Risk,Stable Account Profile
3703-VAVCL,Segment 3: Short-Term High-Charge Users,0.8152476446049904,81.52%,Yes,High Risk,Month-to-month Contract; Low Tenure (0-12m); High Monthly Fee
7107-UBYKY,Segment 3: Short-Term High-Charge Users,0.0797020616734785,7.97%,No,Low Risk,Month-to-month Contract; Electronic Check Payment
4881-GQJTW,Segment 3: Short-Term High-Charge Users,0.19651502397122428,19.65%,No,Low Risk,Month-to-month Contract
8519-QJGJD,Segment 3: Short-Term High-Charge Users,0.687058477716544,68.71%,Yes,High Risk,Month-to-month Contract; Electronic Check Payment; No Tech Support
7876-DNYAP,Segment 1: Long-Term Committed Loyalists,0.006079978738454059,0.61%,No,Low Risk,Stable Account Profile
7905-NJMXS,Segment 3: Short-Term High-Charge Users,0.4119558841093657,41.2%,No,Medium Risk,Month-to-month Contract; Low Tenure (0-12m); Electronic Check Payment
2882-WDTBA,Segment 1: Long-Term Committed Loyalists,0.05569666964680105,5.57%,No,Low Risk,High Monthly Fee
2091-GPPIQ,Segment 1: Long-Term Committed Loyalists,0.10012104305253573,10.01%,No,Low Risk,Electronic Check Payment; High Monthly Fee
6326-MTTXK,Segment 3: Short-Term High-Charge Users,0.8736467742295618,87.36%,Yes,High Risk,Month-to-month Contract; Low Tenure (0-12m); Electronic Check Payment
5071-FBJFS,Segment 3: Short-Term High-Charge Users,0.5995742220784576,59.96%,Yes,Medium Risk,Month-to-month Contract; Low Tenure (0-12m); Electronic Check Payment
2796-UUZZO,Segment 3: Short-Term High-Charge Users,0.33271367518098655,33.27%,No,Medium Risk,Month-to-month Contract; No Tech Support; High Monthly Fee
2429-AYKKO,Segment 1: Long-Term Committed Loyalists,0.016324834355237246,1.63%,No,Low Risk,Stable Account Profile
9798-OPFEM,Segment 1: Long-Term Committed Loyalists,0.007583870451809466,0.76%,No,Low Risk,Electronic Check Payment
0330-IVZHA,Segment 3: Short-Term High-Charge Users,0.7794269674269453,77.94%,Yes,High Risk,Month-to-month Contract; Low Tenure (0-12m); Electronic Check Payment
3794-NFNCH,Segment 3: Short-Term High-Charge Users,0.26126762848284546,26.13%,No,Low Risk,Month-to-month Contract; No Tech Support
5193-QLVZB,Segment 1: Long-Term Committed Loyalists,0.3172590707820837,31.73%,No,Medium Risk,No Tech Support; High Monthly Fee
7114-AEOZE,Segment 1: Long-Term Committed Loyalists,0.03215892492624235,3.22%,No,Low Risk,Stable Account Profile
2886-KEFUM,Segment 1: Long-Term Committed Loyalists,0.5308400989978211,53.08%,Yes,Medium Risk,Electronic Check Payment; No Tech Support; High Monthly Fee
5522-NYKPB,Segment 3: Short-Term High-Charge Users,0.6173251223610853,61.73%,Yes,High Risk,Month-to-month Contract; Electronic Check Payment; High Monthly Fee
4237-RLAQD,Segment 3: Short-Term High-Charge Users,0.7742349017441523,77.42%,Yes,High Risk,Month-to-month Contract; Low Tenure (0-12m); No Tech Support
9957-YODKZ,Segment 3: Short-Term High-Charge Users,0.8661726809393,86.62%,Yes,High Risk,Month-to-month Contract; Low Tenure (0-12m); Electronic Check Payment
6518-KZXCB,Segment 1: Long-Term Committed Loyalists,0.03693730006659825,3.69%,No,Low Risk,Stable Account Profile
2245-ADZFJ,Segment 1: Long-Term Committed Loyalists,0.08683895507252784,8.68%,No,Low Risk,High Monthly Fee
7776-QGYJC,Segment 3: Short-Term High-Charge Users,0.5252525120340246,52.53%,Yes,Medium Risk,Month-to-month Contract; High Monthly Fee
9313-QOLTZ,Segment 3: Short-Term High-Charge Users,0.06709615825193523,6.71%,No,Low Risk,Month-to-month Contract
9651-GTSAQ,Segment 1: Long-Term Committed Loyalists,0.5085159020290918,50.85%,Yes,Medium Risk,No Tech Support; High Monthly Fee
3186-BAXNB,Segment 3: Short-Term High-Charge Users,0.8603708454786456,86.04%,Yes,High Risk,Month-to-month Contract; Low Tenure (0-12m); Electronic Check Payment
4672-FOTSD,Segment 3: Short-Term High-Charge Users,0.42304322638477254,42.3%,No,Medium Risk,Month-to-month Contract; Low Tenure (0-12m); Electronic Check Payment
0637-YLETY,Segment 3: Short-Term High-Charge Users,0.7218385030643781,72.18%,Yes,High Risk,Month-to-month Contract; No Tech Support; High Monthly Fee
9818-XQCUV,Segment 3: Short-Term High-Charge Users,0.20182555573427485,20.18%,No,Low Risk,Month-to-month Contract; Low Tenure (0-12m)
7338-ERIVA,Segment 1: Long-Term Committed Loyalists,0.11019075233730602,11.02%,No,Low Risk,Stable Account Profile
1157-BQCUW,Segment 3: Short-Term High-Charge Users,0.9323108614460659,93.23%,Yes,High Risk,Month-to-month Contract; Low Tenure (0-12m); Electronic Check Payment
8259-NFJTV,Segment 3: Short-Term High-Charge Users,0.4278668695615151,42.79%,No,Medium Risk,Month-to-month Contract; Low Tenure (0-12m)
3223-DWFIO,Segment 3: Short-Term High-Charge Users,0.7745110684936181,77.45%,Yes,High Risk,Month-to-month Contract; Low Tenure (0-12m); Electronic Check Payment
2660-EMUBI,Segment 3: Short-Term High-Charge Users,0.8916949061656225,89.17%,Yes,High Risk,Month-to-month Contract; Low Tenure (0-12m); Electronic Check Payment
6968-GMKPR,Segment 3: Short-Term High-Charge Users,0.5287218798470511,52.87%,Yes,Medium Risk,Month-to-month Contract; Electronic Check Payment; No Tech Support
4751-ERMAN,Segment 1: Long-Term Committed Loyalists,0.08331476734656194,8.33%,No,Low Risk,No Tech Support; High Monthly Fee
1436-ZMJAN,Segment 3: Short-Term High-Charge Users,0.44337101469157564,44.34%,No,Medium Risk,Month-to-month Contract; Low Tenure (0-12m); No Tech Support
3292-PBZEJ,Segment 3: Short-Term High-Charge Users,0.8388435777481588,83.88%,Yes,High Risk,Month-to-month Contract; Low Tenure (0-12m); Electronic Check Payment
0799-DDIHE,Segment 3: Short-Term High-Charge Users,0.525613275382844,52.56%,Yes,Medium Risk,Month-to-month Contract; Electronic Check Payment; No Tech Support
3070-FNFZQ,Segment 1: Long-Term Committed Loyalists,0.015195400392247113,1.52%,No,Low Risk,Stable Account Profile
2812-SFXMJ,Segment 3: Short-Term High-Charge Users,0.6337864685521922,63.38%,Yes,High Risk,Month-to-month Contract; Low Tenure (0-12m)
7675-OZCZG,Segment 3: Short-Term High-Charge Users,0.7575890424831433,75.76%,Yes,High Risk,Month-to-month Contract; Low Tenure (0-12m); Electronic Check Payment
5014-WUQMG,Segment 1: Long-Term Committed Loyalists,0.34380773666811776,34.38%,No,Medium Risk,Electronic Check Payment; No Tech Support; High Monthly Fee
5312-TSZVC,Segment 1: Long-Term Committed Loyalists,0.07990371564480606,7.99%,No,Low Risk,Stable Account Profile
2003-CKLOR,Segment 1: Long-Term Committed Loyalists,0.5697707143132338,56.98%,Yes,Medium Risk,Month-to-month Contract; Electronic Check Payment; No Tech Support
0993-OSGPT,Segment 1: Long-Term Committed Loyalists,0.11543072828414074,11.54%,No,Low Risk,Stable Account Profile
9254-RBFON,Segment 3: Short-Term High-Charge Users,0.6087689591514013,60.88%,Yes,High Risk,High Monthly Fee
1205-WNWPJ,Segment 3: Short-Term High-Charge Users,0.46851741280559916,46.85%,No,Medium Risk,Month-to-month Contract; Low Tenure (0-12m)
9391-EOYLI,Segment 3: Short-Term High-Charge Users,0.7734957953841629,77.35%,Yes,High Risk,Month-to-month Contract; Low Tenure (0-12m); Electronic Check Payment
7108-DGVUU,Segment 1: Long-Term Committed Loyalists,0.23483191549104382,23.48%,No,Low Risk,No Tech Support; High Monthly Fee
2782-JEEBU,Segment 3: Short-Term High-Charge Users,0.3551295755109283,35.51%,No,Medium Risk,Month-to-month Contract
5127-BZENZ,Segment 1: Long-Term Committed Loyalists,0.10693403374662085,10.69%,No,Low Risk,No Tech Support
2720-FVBQP,Segment 3: Short-Term High-Charge Users,0.5754077633648865,57.54%,Yes,Medium Risk,Month-to-month Contract; Low Tenure (0-12m); No Tech Support
9906-NHHVC,Segment 1: Long-Term Committed Loyalists,0.1387453083464073,13.87%,No,Low Risk,No Tech Support
4522-XRWWI,Segment 1: Long-Term Committed Loyalists,0.3006222869023956,30.06%,No,Medium Risk,High Monthly Fee
3766-EJLFL,Segment 1: Long-Term Committed Loyalists,0.23055690864159875,23.06%,No,Low Risk,High Monthly Fee
5939-SXWHM,Segment 1: Long-Term Committed Loyalists,0.017169034317670317,1.72%,No,Low Risk,Stable Account Profile
8152-UOBNY,Segment 1: Long-Term Committed Loyalists,0.4768781720310891,47.69%,No,Medium Risk,Electronic Check Payment; High Monthly Fee
7351-KYHQH,Segment 3: Short-Term High-Charge Users,0.4820001592953275,48.2%,No,Medium Risk,Month-to-month Contract; Low Tenure (0-12m); Electronic Check Payment
7643-RCHXS,Segment 1: Long-Term Committed Loyalists,0.02108154871119324,2.11%,No,Low Risk,Electronic Check Payment
8246-SHFGA,Segment 3: Short-Term High-Charge Users,0.2044791888816183,20.45%,No,Low Risk,Month-to-month Contract
8387-MOJJT,Segment 3: Short-Term High-Charge Users,0.5814504749473195,58.15%,Yes,Medium Risk,Month-to-month Contract; No Tech Support; High Monthly Fee
0620-XEFWH,Segment 3: Short-Term High-Charge Users,0.1510956345824691,15.11%,No,Low Risk,Month-to-month Contract; Low Tenure (0-12m)
6485-QXWWE,Segment 1: Long-Term Committed Loyalists,0.02928976632875914,2.93%,No,Low Risk,Stable Account Profile
2761-OCIAX,Segment 3: Short-Term High-Charge Users,0.841991265769129,84.2%,Yes,High Risk,Month-to-month Contract; Low Tenure (0-12m); Electronic Check Payment
7321-VGNKU,Segment 3: Short-Term High-Charge Users,0.8301539919187925,83.02%,Yes,High Risk,Month-to-month Contract; Low Tenure (0-12m); Electronic Check Payment
5327-CNLUQ,Segment 1: Long-Term Committed Loyalists,0.16790711983032836,16.79%,No,Low Risk,No Tech Support; High Monthly Fee
7552-KEYGT,Segment 1: Long-Term Committed Loyalists,0.019973202853144134,2.0%,No,Low Risk,Stable Account Profile
5816-JMLGY,Segment 1: Long-Term Committed Loyalists,0.050469860290387615,5.05%,No,Low Risk,High Monthly Fee
3068-OMWZA,Segment 3: Short-Term High-Charge Users,0.9375714487024165,93.76%,Yes,High Risk,Month-to-month Contract; Low Tenure (0-12m); Electronic Check Payment
2927-QRRQV,Segment 1: Long-Term Committed Loyalists,0.36927365638031945,36.93%,No,Medium Risk,Electronic Check Payment; No Tech Support; High Monthly Fee
6032-KRXXO,Segment 3: Short-Term High-Charge Users,0.6832338880032204,68.32%,Yes,High Risk,Month-to-month Contract; Electronic Check Payment; No Tech Support
7459-RRWQZ,Segment 3: Short-Term High-Charge Users,0.48399171577902866,48.4%,No,Medium Risk,Month-to-month Contract; No Tech Support
6265-SXWBU,Segment 1: Long-Term Committed Loyalists,0.19847382579801814,19.85%,No,Low Risk,No Tech Support; High Monthly Fee
7941-RCJOW,Segment 1: Long-Term Committed Loyalists,0.027004351294584672,2.7%,No,Low Risk,Stable Account Profile
6374-NTQLP,Segment 1: Long-Term Committed Loyalists,0.15604822268319463,15.6%,No,Low Risk,High Monthly Fee
4154-AQUGT,Segment 3: Short-Term High-Charge Users,0.7338250599613154,73.38%,Yes,High Risk,Month-to-month Contract; High Monthly Fee
2387-KDZQY,Segment 1: Long-Term Committed Loyalists,0.04985559609817358,4.99%,No,Low Risk,Stable Account Profile
3584-WKTTW,Segment 1: Long-Term Committed Loyalists,0.4155254269958606,41.55%,No,Medium Risk,Electronic Check Payment; High Monthly Fee
3399-BMLVW,Segment 1: Long-Term Committed Loyalists,0.05228247969503841,5.23%,No,Low Risk,Stable Account Profile
1971-DTCZB,Segment 1: Long-Term Committed Loyalists,0.016911609924900727,1.69%,No,Low Risk,High Monthly Fee
3092-IGHWF,Segment 1: Long-Term Committed Loyalists,0.4406205327417206,44.06%,No,Medium Risk,Electronic Check Payment; No Tech Support; High Monthly Fee
3374-PZLXD,Segment 3: Short-Term High-Charge Users,0.08102397380835495,8.1%,No,Low Risk,Month-to-month Contract
3813-DHBBB,Segment 1: Long-Term Committed Loyalists,0.054369254635879244,5.44%,No,Low Risk,Stable Account Profile
2812-REYAT,Segment 1: Long-Term Committed Loyalists,0.0661935366450048,6.62%,No,Low Risk,Stable Account Profile
6518-PPLMZ,Segment 1: Long-Term Committed Loyalists,0.03743307359288733,3.74%,No,Low Risk,Stable Account Profile
4939-KYYPY,Segment 3: Short-Term High-Charge Users,0.27744424376775345,27.74%,No,Low Risk,Month-to-month Contract; Electronic Check Payment
8017-LXHFA,Segment 3: Short-Term High-Charge Users,0.7587215851727269,75.87%,Yes,High Risk,Month-to-month Contract; Electronic Check Payment; No Tech Support
5930-GBIWP,Segment 1: Long-Term Committed Loyalists,0.045449337434669126,4.54%,No,Low Risk,High Monthly Fee
6022-KOUQO,Segment 3: Short-Term High-Charge Users,0.6496718398357011,64.97%,Yes,High Risk,Month-to-month Contract; Low Tenure (0-12m)
6352-TWCAU,Segment 3: Short-Term High-Charge Users,0.7170191206856353,71.7%,Yes,High Risk,Month-to-month Contract; Electronic Check Payment; No Tech Support
2361-UPSND,Segment 1: Long-Term Committed Loyalists,0.15393848578423014,15.39%,No,Low Risk,High Monthly Fee
6035-RIIOM,Segment 1: Long-Term Committed Loyalists,0.3403538550482623,34.04%,No,Medium Risk,No Tech Support; High Monthly Fee
2929-QNSRW,Segment 1: Long-Term Committed Loyalists,0.5237157477455652,52.37%,Yes,Medium Risk,Electronic Check Payment; No Tech Support; High Monthly Fee
1262-OPMFY,Segment 3: Short-Term High-Charge Users,0.7807933463664289,78.08%,Yes,High Risk,Month-to-month Contract; Low Tenure (0-12m); No Tech Support
9504-DSHWM,Segment 3: Short-Term High-Charge Users,0.3149845701604066,31.5%,No,Medium Risk,Month-to-month Contract
5035-BVCXS,Segment 3: Short-Term High-Charge Users,0.6780351576392237,67.8%,Yes,High Risk,Month-to-month Contract; Low Tenure (0-12m); No Tech Support
6267-DCFFZ,Segment 3: Short-Term High-Charge Users,0.7048587590739788,70.49%,Yes,High Risk,Month-to-month Contract; Electronic Check Payment; No Tech Support
3533-UVMOM,Segment 1: Long-Term Committed Loyalists,0.05564390846180874,5.56%,No,Low Risk,No Tech Support; High Monthly Fee
2439-LYPMQ,Segment 3: Short-Term High-Charge Users,0.765270458164189,76.53%,Yes,High Risk,Month-to-month Contract; Electronic Check Payment; No Tech Support
4248-QPAVC,Segment 3: Short-Term High-Charge Users,0.662549223520889,66.25%,Yes,High Risk,Month-to-month Contract; No Tech Support; High Monthly Fee
1899-VXWXM,Segment 1: Long-Term Committed Loyalists,0.5746186249732258,57.46%,Yes,Medium Risk,No Tech Support; High Monthly Fee
1478-VPOAD,Segment 3: Short-Term High-Charge Users,0.7520699637763567,75.21%,Yes,High Risk,Month-to-month Contract; Low Tenure (0-12m); Electronic Check Payment
9995-HOTOH,Segment 1: Long-Term Committed Loyalists,0.1317033327842599,13.17%,No,Low Risk,Electronic Check Payment; No Tech Support
2988-PLAHS,Segment 3: Short-Term High-Charge Users,0.6523879419085998,65.24%,Yes,High Risk,Low Tenure (0-12m); Electronic Check Payment; No Tech Support
1371-OJCEK,Segment 1: Long-Term Committed Loyalists,0.04856115770468096,4.86%,No,Low Risk,Stable Account Profile
4999-IEZLT,Segment 1: Long-Term Committed Loyalists,0.12593436773922412,12.59%,No,Low Risk,Stable Account Profile
8883-ANODQ,Segment 1: Long-Term Committed Loyalists,0.11294864694619809,11.29%,No,Low Risk,No Tech Support; High Monthly Fee
4690-LLKUA,Segment 3: Short-Term High-Charge Users,0.581985442154623,58.2%,Yes,Medium Risk,Month-to-month Contract; Electronic Check Payment; No Tech Support
2351-RRBUE,Segment 1: Long-Term Committed Loyalists,0.09259239565149689,9.26%,No,Low Risk,Low Tenure (0-12m)
5980-BDHPY,Segment 1: Long-Term Committed Loyalists,0.016899556007511737,1.69%,No,Low Risk,High Monthly Fee
1498-DQNRX,Segment 3: Short-Term High-Charge Users,0.11511589892320581,11.51%,No,Low Risk,Month-to-month Contract
9469-WEJBT,Segment 3: Short-Term High-Charge Users,0.585177826698032,58.52%,Yes,Medium Risk,Month-to-month Contract; Electronic Check Payment; High Monthly Fee
3331-HQDTW,Segment 3: Short-Term High-Charge Users,0.576396198965792,57.64%,Yes,Medium Risk,Month-to-month Contract; No Tech Support; High Monthly Fee
9490-DFPMD,Segment 3: Short-Term High-Charge Users,0.6910680453320418,69.11%,Yes,High Risk,Month-to-month Contract; Electronic Check Payment; No Tech Support
2581-VKIRT,Segment 1: Long-Term Committed Loyalists,0.0792090434368779,7.92%,No,Low Risk,Stable Account Profile
5442-XSDCW,Segment 3: Short-Term High-Charge Users,0.7087773745879385,70.88%,Yes,High Risk,Month-to-month Contract; Low Tenure (0-12m); No Tech Support
7426-WEIJX,Segment 3: Short-Term High-Charge Users,0.4027185795997084,40.27%,No,Medium Risk,Month-to-month Contract; Electronic Check Payment; No Tech Support
2851-MMUTZ,Segment 3: Short-Term High-Charge Users,0.2329261185640434,23.29%,No,Low Risk,Month-to-month Contract
3049-NDXFL,Segment 3: Short-Term High-Charge Users,0.9140230421246585,91.4%,Yes,High Risk,Month-to-month Contract; Low Tenure (0-12m); No Tech Support
8580-AECUZ,Segment 3: Short-Term High-Charge Users,0.9322383525826803,93.22%,Yes,High Risk,Month-to-month Contract; Low Tenure (0-12m); Electronic Check Payment
3307-TLCUD,Segment 3: Short-Term High-Charge Users,0.35204773393004657,35.2%,No,Medium Risk,Month-to-month Contract; No Tech Support
6625-FLENO,Segment 1: Long-Term Committed Loyalists,0.020568840520639797,2.06%,No,Low Risk,Stable Account Profile
2967-MXRAV,Segment 1: Long-Term Committed Loyalists,0.17098335833457876,17.1%,No,Low Risk,Low Tenure (0-12m)
7963-GQRMY,Segment 3: Short-Term High-Charge Users,0.6903573809527792,69.04%,Yes,High Risk,Month-to-month Contract; Low Tenure (0-12m); No Tech Support
8189-HBVRW,Segment 3: Short-Term High-Charge Users,0.4383313476808729,43.83%,No,Medium Risk,Month-to-month Contract; Electronic Check Payment; No Tech Support
4163-KIUHY,Segment 3: Short-Term High-Charge Users,0.046866579770730436,4.69%,No,Low Risk,Month-to-month Contract; Electronic Check Payment
1228-FZFRV,Segment 1: Long-Term Committed Loyalists,0.5516475277968967,55.16%,Yes,Medium Risk,Month-to-month Contract; No Tech Support; High Monthly Fee
3500-NSDOA,Segment 1: Long-Term Committed Loyalists,0.07456076425647568,7.46%,No,Low Risk,High Monthly Fee
1171-TYKUR,Segment 3: Short-Term High-Charge Users,0.07318347858184371,7.32%,No,Low Risk,Month-to-month Contract; Electronic Check Payment
3761-FLYZI,Segment 1: Long-Term Committed Loyalists,0.4378974564913926,43.79%,No,Medium Risk,Month-to-month Contract; No Tech Support; High Monthly Fee
2058-DCJBE,Segment 3: Short-Term High-Charge Users,0.806428951132834,80.64%,Yes,High Risk,Month-to-month Contract; Low Tenure (0-12m); Electronic Check Payment
5364-XYIRR,Segment 3: Short-Term High-Charge Users,0.7164456747724485,71.64%,Yes,High Risk,Month-to-month Contract; Electronic Check Payment; No Tech Support
4829-AUOAX,Segment 3: Short-Term High-Charge Users,0.5818404575655852,58.18%,Yes,Medium Risk,Month-to-month Contract; No Tech Support; High Monthly Fee
1219-NNDDO,Segment 3: Short-Term High-Charge Users,0.8276449386053126,82.76%,Yes,High Risk,Month-to-month Contract; Low Tenure (0-12m); Electronic Check Payment
8388-DMKAE,Segment 1: Long-Term Committed Loyalists,0.04279410673503721,4.28%,No,Low Risk,Low Tenure (0-12m)
4403-BWPAY,Segment 1: Long-Term Committed Loyalists,0.10399152249639099,10.4%,No,Low Risk,Stable Account Profile
9659-QEQSY,Segment 3: Short-Term High-Charge Users,0.4746057831316372,47.46%,No,Medium Risk,Month-to-month Contract; Electronic Check Payment; High Monthly Fee
5405-ZMYXQ,Segment 3: Short-Term High-Charge Users,0.7787160635385986,77.87%,Yes,High Risk,Month-to-month Contract; Low Tenure (0-12m); No Tech Support
5047-LHVLY,Segment 3: Short-Term High-Charge Users,0.7817180622187936,78.17%,Yes,High Risk,Month-to-month Contract; Low Tenure (0-12m); No Tech Support
1442-OKRJE,Segment 1: Long-Term Committed Loyalists,0.3399111820119431,33.99%,No,Medium Risk,No Tech Support; High Monthly Fee
4737-AQCPU,Segment 1: Long-Term Committed Loyalists,0.057811530712444464,5.78%,No,Low Risk,High Monthly Fee
9158-VCTQB,Segment 1: Long-Term Committed Loyalists,0.5687536727869963,56.88%,Yes,Medium Risk,Month-to-month Contract; High Monthly Fee
2808-CHTDM,Segment 1: Long-Term Committed Loyalists,0.028318737728418187,2.83%,No,Low Risk,Stable Account Profile
6311-UEUME,Segment 3: Short-Term High-Charge Users,0.6773713471664096,67.74%,Yes,High Risk,Month-to-month Contract; Electronic Check Payment; No Tech Support
0793-TWELN,Segment 3: Short-Term High-Charge Users,0.7631036546828316,76.31%,Yes,High Risk,Month-to-month Contract; Low Tenure (0-12m); Electronic Check Payment
3283-WCWXT,Segment 1: Long-Term Committed Loyalists,0.06014703025540036,6.01%,No,Low Risk,Low Tenure (0-12m)
1060-ENTOF,Segment 1: Long-Term Committed Loyalists,0.2591350365197669,25.91%,No,Low Risk,High Monthly Fee
0999-QXNSA,Segment 3: Short-Term High-Charge Users,0.4956741075968482,49.57%,No,Medium Risk,Month-to-month Contract; Low Tenure (0-12m); No Tech Support
5451-MHQOF,Segment 1: Long-Term Committed Loyalists,0.06280039834143868,6.28%,No,Low Risk,Stable Account Profile
4836-WNFNO,Segment 1: Long-Term Committed Loyalists,0.008534472730026317,0.85%,No,Low Risk,Stable Account Profile
9225-BZLNZ,Segment 1: Long-Term Committed Loyalists,0.12952979955523186,12.95%,No,Low Risk,Electronic Check Payment; No Tech Support; High Monthly Fee
0354-VXMJC,Segment 1: Long-Term Committed Loyalists,0.010033898808130904,1.0%,No,Low Risk,Stable Account Profile
4422-QVIJA,Segment 3: Short-Term High-Charge Users,0.22430123961023635,22.43%,No,Low Risk,Month-to-month Contract; No Tech Support
9365-SRSZE,Segment 3: Short-Term High-Charge Users,0.6161568625649214,61.62%,Yes,High Risk,Month-to-month Contract; Electronic Check Payment; No Tech Support
6839-ITVZJ,Segment 3: Short-Term High-Charge Users,0.4341893935726949,43.42%,No,Medium Risk,Month-to-month Contract; Electronic Check Payment
8332-OSJDW,Segment 1: Long-Term Committed Loyalists,0.0672256127581153,6.72%,No,Low Risk,Low Tenure (0-12m)
4735-BJKOU,Segment 1: Long-Term Committed Loyalists,0.009694449050401698,0.97%,No,Low Risk,Stable Account Profile
0274-JKUJR,Segment 3: Short-Term High-Charge Users,0.4130967839459128,41.31%,No,Medium Risk,Month-to-month Contract; Low Tenure (0-12m); No Tech Support
5740-YHGTW,Segment 1: Long-Term Committed Loyalists,0.24426487592688456,24.43%,No,Low Risk,Month-to-month Contract; No Tech Support; High Monthly Fee
8917-SZTTJ,Segment 1: Long-Term Committed Loyalists,0.022536870839692434,2.25%,No,Low Risk,Stable Account Profile
1696-MZVAU,Segment 1: Long-Term Committed Loyalists,0.2222101486453602,22.22%,No,Low Risk,No Tech Support
7359-WWYJV,Segment 1: Long-Term Committed Loyalists,0.03765784165921216,3.77%,No,Low Risk,High Monthly Fee
0375-HVGXO,Segment 3: Short-Term High-Charge Users,0.8310267981223256,83.1%,Yes,High Risk,Month-to-month Contract; Low Tenure (0-12m); Electronic Check Payment
4906-ZHGPK,Segment 1: Long-Term Committed Loyalists,0.13803228190427896,13.8%,No,Low Risk,Electronic Check Payment; High Monthly Fee
8593-WHYHV,Segment 3: Short-Term High-Charge Users,0.8826506952631502,88.27%,Yes,High Risk,Month-to-month Contract; Low Tenure (0-12m); Electronic Check Payment
3795-GWTRD,Segment 1: Long-Term Committed Loyalists,0.05657977990589635,5.66%,No,Low Risk,High Monthly Fee
1298-PHBTI,Segment 1: Long-Term Committed Loyalists,0.12472435627231732,12.47%,No,Low Risk,Electronic Check Payment; High Monthly Fee
6223-DHJGV,Segment 1: Long-Term Committed Loyalists,0.013799543004728146,1.38%,No,Low Risk,Stable Account Profile
6961-MJKBO,Segment 1: Long-Term Committed Loyalists,0.010669626232334792,1.07%,No,Low Risk,Stable Account Profile
6097-EQISJ,Segment 1: Long-Term Committed Loyalists,0.4461479395225414,44.61%,No,Medium Risk,No Tech Support; High Monthly Fee
4423-YLHDV,Segment 3: Short-Term High-Charge Users,0.7886930401921495,78.87%,Yes,High Risk,Month-to-month Contract; No Tech Support; High Monthly Fee
8158-WPEZG,Segment 3: Short-Term High-Charge Users,0.5373276016671765,53.73%,Yes,Medium Risk,Month-to-month Contract; Low Tenure (0-12m); Electronic Check Payment
0107-YHINA,Segment 3: Short-Term High-Charge Users,0.9224137799157508,92.24%,Yes,High Risk,Month-to-month Contract; Low Tenure (0-12m); Electronic Check Payment
4918-FYJNT,Segment 3: Short-Term High-Charge Users,0.4573490607278513,45.73%,No,Medium Risk,Month-to-month Contract; Electronic Check Payment; High Monthly Fee
0727-BNRLG,Segment 1: Long-Term Committed Loyalists,0.14988108572825629,14.99%,No,Low Risk,High Monthly Fee
4854-CIDCF,Segment 3: Short-Term High-Charge Users,0.7980614984222908,79.81%,Yes,High Risk,Month-to-month Contract; Low Tenure (0-12m); Electronic Check Payment
8640-SDGKB,Segment 3: Short-Term High-Charge Users,0.7355190431605743,73.55%,Yes,High Risk,Month-to-month Contract; Low Tenure (0-12m); Electronic Check Payment
3280-MRDOF,Segment 1: Long-Term Committed Loyalists,0.13282504927069114,13.28%,No,Low Risk,Stable Account Profile
6435-SRWBJ,Segment 3: Short-Term High-Charge Users,0.8631831124905807,86.32%,Yes,High Risk,Month-to-month Contract; Low Tenure (0-12m); Electronic Check Payment
9964-WBQDJ,Segment 1: Long-Term Committed Loyalists,0.01023694873735255,1.02%,No,Low Risk,Stable Account Profile
6303-KFWSL,Segment 1: Long-Term Committed Loyalists,0.18895963162267898,18.9%,No,Low Risk,Electronic Check Payment; No Tech Support
1702-CCFNJ,Segment 3: Short-Term High-Charge Users,0.21434826245864122,21.43%,No,Low Risk,Month-to-month Contract
8932-CZHRQ,Segment 1: Long-Term Committed Loyalists,0.2353360277140373,23.53%,No,Low Risk,No Tech Support; High Monthly Fee
0386-CWRGM,Segment 1: Long-Term Committed Loyalists,0.008994161926761382,0.9%,No,Low Risk,Stable Account Profile
5515-RUGKN,Segment 3: Short-Term High-Charge Users,0.5043322298750972,50.43%,Yes,Medium Risk,Month-to-month Contract; Low Tenure (0-12m); No Tech Support
0404-AHASP,Segment 1: Long-Term Committed Loyalists,0.011904504674852595,1.19%,No,Low Risk,Stable Account Profile
7279-NMVJC,Segment 1: Long-Term Committed Loyalists,0.08866481052613637,8.87%,No,Low Risk,Stable Account Profile
2081-VEYEH,Segment 3: Short-Term High-Charge Users,0.7431953670939403,74.32%,Yes,High Risk,Month-to-month Contract; Low Tenure (0-12m); Electronic Check Payment
6407-UTSLV,Segment 3: Short-Term High-Charge Users,0.8485504265082785,84.86%,Yes,High Risk,Month-to-month Contract; Low Tenure (0-12m); No Tech Support
4116-TZAQJ,Segment 3: Short-Term High-Charge Users,0.7003768093966045,70.04%,Yes,High Risk,Month-to-month Contract; Low Tenure (0-12m); No Tech Support
9060-HJJRW,Segment 1: Long-Term Committed Loyalists,0.23616168800847434,23.62%,No,Low Risk,No Tech Support
2587-YNLES,Segment 1: Long-Term Committed Loyalists,0.04670069457055067,4.67%,No,Low Risk,Low Tenure (0-12m)
7398-SKNQZ,Segment 3: Short-Term High-Charge Users,0.8529938900841824,85.3%,Yes,High Risk,Month-to-month Contract; Low Tenure (0-12m); Electronic Check Payment
5935-FCCNB,Segment 3: Short-Term High-Charge Users,0.7899662975354925,79.0%,Yes,High Risk,Month-to-month Contract; Electronic Check Payment; No Tech Support
1958-RNRKS,Segment 3: Short-Term High-Charge Users,0.2765401377601493,27.65%,No,Low Risk,Month-to-month Contract; Electronic Check Payment; No Tech Support
5136-RGMZO,Segment 3: Short-Term High-Charge Users,0.32266704081590597,32.27%,No,Medium Risk,Month-to-month Contract; Electronic Check Payment; High Monthly Fee
8345-MVDYC,Segment 1: Long-Term Committed Loyalists,0.09030854070265122,9.03%,No,Low Risk,High Monthly Fee
8226-BXGES,Segment 1: Long-Term Committed Loyalists,0.20029129561973313,20.03%,No,Low Risk,No Tech Support; High Monthly Fee
3877-JRJIP,Segment 3: Short-Term High-Charge Users,0.7818597050171734,78.19%,Yes,High Risk,Month-to-month Contract; Low Tenure (0-12m); Electronic Check Payment
8375-DKEBR,Segment 3: Short-Term High-Charge Users,0.9326742670869033,93.27%,Yes,High Risk,Month-to-month Contract; Low Tenure (0-12m); Electronic Check Payment
9705-IOVQQ,Segment 1: Long-Term Committed Loyalists,0.4073530829601587,40.74%,No,Medium Risk,Electronic Check Payment; No Tech Support; High Monthly Fee
1015-OWJKI,Segment 3: Short-Term High-Charge Users,0.3791122077998032,37.91%,No,Medium Risk,Month-to-month Contract; Low Tenure (0-12m)
7511-YMXVQ,Segment 3: Short-Term High-Charge Users,0.6850682475281756,68.51%,Yes,High Risk,Month-to-month Contract; Low Tenure (0-12m); Electronic Check Payment
2040-XBAVJ,Segment 1: Long-Term Committed Loyalists,0.03923394963927597,3.92%,No,Low Risk,High Monthly Fee
7551-JOHTI,Segment 3: Short-Term High-Charge Users,0.5676553081561002,56.77%,Yes,Medium Risk,Month-to-month Contract; Low Tenure (0-12m)
8887-IPQNC,Segment 3: Short-Term High-Charge Users,0.5261161274798397,52.61%,Yes,Medium Risk,Month-to-month Contract; Low Tenure (0-12m); No Tech Support
8646-JCOMS,Segment 1: Long-Term Committed Loyalists,0.2285528158786371,22.86%,No,Low Risk,High Monthly Fee
9804-ICWBG,Segment 3: Short-Term High-Charge Users,0.9336904732189544,93.37%,Yes,High Risk,Month-to-month Contract; Low Tenure (0-12m); Electronic Check Payment
1222-KJNZD,Segment 3: Short-Term High-Charge Users,0.08696336700685844,8.7%,No,Low Risk,Month-to-month Contract
0106-GHRQR,Segment 3: Short-Term High-Charge Users,0.36834208666228957,36.83%,No,Medium Risk,Month-to-month Contract; No Tech Support; High Monthly Fee
5318-IXUZF,Segment 3: Short-Term High-Charge Users,0.8723027813848102,87.23%,Yes,High Risk,Month-to-month Contract; Low Tenure (0-12m); No Tech Support
3768-VHXQO,Segment 1: Long-Term Committed Loyalists,0.011241280741670351,1.12%,No,Low Risk,Stable Account Profile
8952-WCVCD,Segment 1: Long-Term Committed Loyalists,0.42508491738292176,42.51%,No,Medium Risk,No Tech Support; High Monthly Fee
2418-TPEUN,Segment 1: Long-Term Committed Loyalists,0.01651110181144507,1.65%,No,Low Risk,Stable Account Profile
3963-RYFNS,Segment 1: Long-Term Committed Loyalists,0.06453267393491857,6.45%,No,Low Risk,High Monthly Fee
3198-VELRD,Segment 3: Short-Term High-Charge Users,0.8827034786641936,88.27%,Yes,High Risk,Month-to-month Contract; Low Tenure (0-12m); No Tech Support
8540-ZQGEA,Segment 1: Long-Term Committed Loyalists,0.022303012460878173,2.23%,No,Low Risk,Stable Account Profile
1320-REHCS,Segment 1: Long-Term Committed Loyalists,0.4576695649683082,45.77%,No,Medium Risk,Month-to-month Contract; Electronic Check Payment; High Monthly Fee
4137-JOPHL,Segment 1: Long-Term Committed Loyalists,0.1823029245337037,18.23%,No,Low Risk,High Monthly Fee
9436-ZBZCT,Segment 3: Short-Term High-Charge Users,0.8024999769047599,80.25%,Yes,High Risk,Month-to-month Contract; Electronic Check Payment; High Monthly Fee
7801-CEDNV,Segment 1: Long-Term Committed Loyalists,0.17479264580508397,17.48%,No,Low Risk,No Tech Support
2057-BOYKM,Segment 1: Long-Term Committed Loyalists,0.08268393575081202,8.27%,No,Low Risk,High Monthly Fee
3658-QQJYD,Segment 1: Long-Term Committed Loyalists,0.16811685776445012,16.81%,No,Low Risk,No Tech Support; High Monthly Fee
1803-BGNBD,Segment 3: Short-Term High-Charge Users,0.501622856404668,50.16%,Yes,Medium Risk,Month-to-month Contract; Low Tenure (0-12m); Electronic Check Payment
0134-XWXCE,Segment 1: Long-Term Committed Loyalists,0.2426804558364871,24.27%,No,Low Risk,High Monthly Fee
6950-TWMYB,Segment 1: Long-Term Committed Loyalists,0.08220513991091787,8.22%,No,Low Risk,High Monthly Fee
5848-FHRFC,Segment 1: Long-Term Committed Loyalists,0.015639806339941775,1.56%,No,Low Risk,Stable Account Profile
2243-FNMMI,Segment 3: Short-Term High-Charge Users,0.15525313063468982,15.53%,No,Low Risk,Month-to-month Contract
2511-MORQY,Segment 1: Long-Term Committed Loyalists,0.17338032503511008,17.34%,No,Low Risk,No Tech Support
5356-KZCKT,Segment 1: Long-Term Committed Loyalists,0.031344955279530094,3.13%,No,Low Risk,Stable Account Profile
9470-XCCEM,Segment 3: Short-Term High-Charge Users,0.5958362650105667,59.58%,Yes,Medium Risk,Month-to-month Contract; No Tech Support; High Monthly Fee
6519-CFDBX,Segment 3: Short-Term High-Charge Users,0.781965054825556,78.2%,Yes,High Risk,Month-to-month Contract; Low Tenure (0-12m); Electronic Check Payment
3902-MIVLE,Segment 1: Long-Term Committed Loyalists,0.05750357273495894,5.75%,No,Low Risk,High Monthly Fee
0409-WTMPL,Segment 1: Long-Term Committed Loyalists,0.4021801972369753,40.22%,No,Medium Risk,No Tech Support; High Monthly Fee
8763-KIAFH,Segment 1: Long-Term Committed Loyalists,0.03928187739156891,3.93%,No,Low Risk,Stable Account Profile
3669-WHAFY,Segment 1: Long-Term Committed Loyalists,0.05797098422753737,5.8%,No,Low Risk,High Monthly Fee
3055-VTCGS,Segment 1: Long-Term Committed Loyalists,0.11218401708538996,11.22%,No,Low Risk,No Tech Support
3144-KMTWZ,Segment 1: Long-Term Committed Loyalists,0.25566872016337866,25.57%,No,Low Risk,Month-to-month Contract; No Tech Support; High Monthly Fee
7279-BUYWN,Segment 3: Short-Term High-Charge Users,0.6055641432656315,60.56%,Yes,High Risk,Month-to-month Contract; Electronic Check Payment; No Tech Support
7156-MHUGY,Segment 3: Short-Term High-Charge Users,0.8194672436291444,81.95%,Yes,High Risk,Month-to-month Contract; Electronic Check Payment; No Tech Support
7198-GLXTC,Segment 3: Short-Term High-Charge Users,0.8394545550741899,83.95%,Yes,High Risk,Month-to-month Contract; Low Tenure (0-12m); Electronic Check Payment
2007-QVGAW,Segment 1: Long-Term Committed Loyalists,0.021122305207751955,2.11%,No,Low Risk,Stable Account Profile
5207-PLSTK,Segment 3: Short-Term High-Charge Users,0.7451608808429436,74.52%,Yes,High Risk,Month-to-month Contract; Low Tenure (0-12m); No Tech Support
2307-FYNNL,Segment 1: Long-Term Committed Loyalists,0.38631932197288416,38.63%,No,Medium Risk,Electronic Check Payment; High Monthly Fee
5605-XNWEN,Segment 1: Long-Term Committed Loyalists,0.012259804689877182,1.23%,No,Low Risk,Stable Account Profile
2155-AMQRX,Segment 3: Short-Term High-Charge Users,0.24990692770282044,24.99%,No,Low Risk,Month-to-month Contract
6181-AXXYF,Segment 1: Long-Term Committed Loyalists,0.006379797751316612,0.64%,No,Low Risk,Stable Account Profile
5091-HFAZW,Segment 3: Short-Term High-Charge Users,0.7617071262936871,76.17%,Yes,High Risk,Month-to-month Contract; Low Tenure (0-12m); Electronic Check Payment
0516-VRYBW,Segment 1: Long-Term Committed Loyalists,0.2405224654674013,24.05%,No,Low Risk,Stable Account Profile
2519-LBNQL,Segment 1: Long-Term Committed Loyalists,0.5248063359214395,52.48%,Yes,Medium Risk,Electronic Check Payment; No Tech Support; High Monthly Fee
8623-ULFNQ,Segment 3: Short-Term High-Charge Users,0.39333208099337946,39.33%,No,Medium Risk,Month-to-month Contract; Electronic Check Payment
8380-PEFPE,Segment 3: Short-Term High-Charge Users,0.9128795788475152,91.29%,Yes,High Risk,Month-to-month Contract; Low Tenure (0-12m); Electronic Check Payment
5687-DKDTV,Segment 3: Short-Term High-Charge Users,0.3188502772122106,31.89%,No,Medium Risk,Month-to-month Contract; Low Tenure (0-12m)
1568-LJSZU,Segment 1: Long-Term Committed Loyalists,0.04445253534931318,4.45%,No,Low Risk,High Monthly Fee
7530-HDYDS,Segment 3: Short-Term High-Charge Users,0.5829334246092163,58.29%,Yes,Medium Risk,Month-to-month Contract; High Monthly Fee
7789-HKSBS,Segment 1: Long-Term Committed Loyalists,0.4675166368795766,46.75%,No,Medium Risk,No Tech Support; High Monthly Fee
7416-CKTEP,Segment 1: Long-Term Committed Loyalists,0.021221370623312946,2.12%,No,Low Risk,Stable Account Profile
2586-CWXVV,Segment 3: Short-Term High-Charge Users,0.3909182765522992,39.09%,No,Medium Risk,Month-to-month Contract; Electronic Check Payment; No Tech Support
3096-IZETN,Segment 3: Short-Term High-Charge Users,0.667552427944933,66.76%,Yes,High Risk,Month-to-month Contract; Low Tenure (0-12m); No Tech Support
2348-KCJLT,Segment 1: Long-Term Committed Loyalists,0.18750990480226087,18.75%,No,Low Risk,No Tech Support
8401-EMUWF,Segment 3: Short-Term High-Charge Users,0.2394948214892162,23.95%,No,Low Risk,Month-to-month Contract; No Tech Support
4193-IBKSW,Segment 1: Long-Term Committed Loyalists,0.005712880418655928,0.57%,No,Low Risk,Stable Account Profile
5377-NDTOU,Segment 1: Long-Term Committed Loyalists,0.014549946281058199,1.45%,No,Low Risk,High Monthly Fee
5922-ABDVO,Segment 3: Short-Term High-Charge Users,0.668767231092568,66.88%,Yes,High Risk,Month-to-month Contract; No Tech Support; High Monthly Fee
2474-LCNUE,Segment 3: Short-Term High-Charge Users,0.306187052556134,30.62%,No,Medium Risk,Month-to-month Contract; High Monthly Fee
0839-QNXME,Segment 1: Long-Term Committed Loyalists,0.021564520584458412,2.16%,No,Low Risk,Stable Account Profile
3506-OVLKD,Segment 1: Long-Term Committed Loyalists,0.17893862045390269,17.89%,No,Low Risk,Stable Account Profile
9172-ANCRX,Segment 3: Short-Term High-Charge Users,0.9067222273862479,90.67%,Yes,High Risk,Month-to-month Contract; Low Tenure (0-12m); Electronic Check Payment
6650-VJONK,Segment 3: Short-Term High-Charge Users,0.7372315133986023,73.72%,Yes,High Risk,Month-to-month Contract; Low Tenure (0-12m); No Tech Support
2178-PMGCJ,Segment 3: Short-Term High-Charge Users,0.5578999427075636,55.79%,Yes,Medium Risk,Month-to-month Contract; No Tech Support
7492-TAFJD,Segment 1: Long-Term Committed Loyalists,0.15353858836851023,15.35%,No,Low Risk,Low Tenure (0-12m); No Tech Support
2773-MADBQ,Segment 1: Long-Term Committed Loyalists,0.0483756506336239,4.84%,No,Low Risk,Stable Account Profile
6016-LVTJQ,Segment 3: Short-Term High-Charge Users,0.10441044100036262,10.44%,No,Low Risk,Month-to-month Contract
7860-KSUGX,Segment 1: Long-Term Committed Loyalists,0.0542336988235697,5.42%,No,Low Risk,No Tech Support
8966-KZXXA,Segment 1: Long-Term Committed Loyalists,0.025428144799563648,2.54%,No,Low Risk,Stable Account Profile
6910-HADCM,Segment 3: Short-Term High-Charge Users,0.9092981932009582,90.93%,Yes,High Risk,Month-to-month Contract; Low Tenure (0-12m); Electronic Check Payment
4816-LXZYW,Segment 3: Short-Term High-Charge Users,0.7251561596026068,72.52%,Yes,High Risk,Month-to-month Contract; Electronic Check Payment; No Tech Support
9606-PBKBQ,Segment 3: Short-Term High-Charge Users,0.7113559038947638,71.14%,Yes,High Risk,Month-to-month Contract; Electronic Check Payment; No Tech Support
5149-QYTTU,Segment 1: Long-Term Committed Loyalists,0.15853343682283658,15.85%,No,Low Risk,High Monthly Fee
2070-XYMFH,Segment 3: Short-Term High-Charge Users,0.6083849941957664,60.84%,Yes,High Risk,Month-to-month Contract; No Tech Support; High Monthly Fee
2085-BOJKI,Segment 3: Short-Term High-Charge Users,0.612623072069877,61.26%,Yes,High Risk,No Tech Support; High Monthly Fee
0817-HSUSE,Segment 3: Short-Term High-Charge Users,0.6712489825554931,67.12%,Yes,High Risk,Month-to-month Contract; Low Tenure (0-12m); Electronic Check Payment
5442-PPTJY,Segment 1: Long-Term Committed Loyalists,0.028719381243991034,2.87%,No,Low Risk,Low Tenure (0-12m)
1927-QEWMY,Segment 1: Long-Term Committed Loyalists,0.00505043297514822,0.51%,No,Low Risk,Stable Account Profile
1663-MHLHE,Segment 3: Short-Term High-Charge Users,0.3642081372839543,36.42%,No,Medium Risk,Month-to-month Contract; Low Tenure (0-12m)
5663-QBGIS,Segment 1: Long-Term Committed Loyalists,0.17079772606037302,17.08%,No,Low Risk,No Tech Support; High Monthly Fee
4450-MDZFX,Segment 3: Short-Term High-Charge Users,0.31093431271152827,31.09%,No,Medium Risk,Month-to-month Contract; No Tech Support; High Monthly Fee
6701-DHKWQ,Segment 1: Long-Term Committed Loyalists,0.05144939290756472,5.14%,No,Low Risk,Stable Account Profile
7554-AKDQF,Segment 3: Short-Term High-Charge Users,0.49732694672449357,49.73%,No,Medium Risk,Month-to-month Contract; Low Tenure (0-12m); No Tech Support
3536-IQCTX,Segment 3: Short-Term High-Charge Users,0.6753968878023638,67.54%,Yes,High Risk,Month-to-month Contract; Electronic Check Payment; No Tech Support
4911-BANWH,Segment 3: Short-Term High-Charge Users,0.6488548996134466,64.89%,Yes,High Risk,Month-to-month Contract; No Tech Support; High Monthly Fee
8496-EJAUI,Segment 3: Short-Term High-Charge Users,0.6073327254896494,60.73%,Yes,High Risk,Month-to-month Contract; No Tech Support; High Monthly Fee
0794-YVSGE,Segment 1: Long-Term Committed Loyalists,0.008288919017577855,0.83%,No,Low Risk,Stable Account Profile
5423-BHIXO,Segment 3: Short-Term High-Charge Users,0.2672641152407935,26.73%,No,Low Risk,Month-to-month Contract; Electronic Check Payment; No Tech Support
6908-VVYHM,Segment 3: Short-Term High-Charge Users,0.44529921367078523,44.53%,No,Medium Risk,Month-to-month Contract; Electronic Check Payment; No Tech Support
2959-EEXWB,Segment 3: Short-Term High-Charge Users,0.3837694658060517,38.38%,No,Medium Risk,Month-to-month Contract; No Tech Support
1839-UMACK,Segment 1: Long-Term Committed Loyalists,0.06645253201142155,6.65%,No,Low Risk,Electronic Check Payment
3030-YDNRM,Segment 3: Short-Term High-Charge Users,0.8474175542400163,84.74%,Yes,High Risk,Month-to-month Contract; Low Tenure (0-12m); Electronic Check Payment
7321-KKSDU,Segment 1: Long-Term Committed Loyalists,0.01899393253751812,1.9%,No,Low Risk,Stable Account Profile
3402-XRIUO,Segment 3: Short-Term High-Charge Users,0.2778976921276038,27.79%,No,Low Risk,Month-to-month Contract
3132-TVFDZ,Segment 3: Short-Term High-Charge Users,0.5556522043766252,55.57%,Yes,Medium Risk,Month-to-month Contract; Electronic Check Payment; No Tech Support
8286-AFUYI,Segment 3: Short-Term High-Charge Users,0.7074046756888678,70.74%,Yes,High Risk,Month-to-month Contract; Low Tenure (0-12m); Electronic Check Payment
8080-DDEMJ,Segment 3: Short-Term High-Charge Users,0.7897434241066805,78.97%,Yes,High Risk,Month-to-month Contract; Low Tenure (0-12m); Electronic Check Payment
8356-WUAOJ,Segment 3: Short-Term High-Charge Users,0.7855934817289582,78.56%,Yes,High Risk,Month-to-month Contract; Low Tenure (0-12m); Electronic Check Payment
6365-MTGZX,Segment 3: Short-Term High-Charge Users,0.7453651674560426,74.54%,Yes,High Risk,Month-to-month Contract; Electronic Check Payment; High Monthly Fee
1349-WXNGG,Segment 3: Short-Term High-Charge Users,0.6484530550006372,64.85%,Yes,High Risk,Month-to-month Contract; Low Tenure (0-12m)
8058-DMYRU,Segment 3: Short-Term High-Charge Users,0.5946496322744543,59.46%,Yes,Medium Risk,Month-to-month Contract; Electronic Check Payment; No Tech Support
9350-ZXYJC,Segment 1: Long-Term Committed Loyalists,0.12486264496292093,12.49%,No,Low Risk,Low Tenure (0-12m)
6990-YNRIO,Segment 1: Long-Term Committed Loyalists,0.4571450932591472,45.71%,No,Medium Risk,High Monthly Fee
8958-JPTRR,Segment 1: Long-Term Committed Loyalists,0.14991442804672914,14.99%,No,Low Risk,Electronic Check Payment
6959-GQEGV,Segment 3: Short-Term High-Charge Users,0.3333483368598938,33.33%,No,Medium Risk,Month-to-month Contract; Electronic Check Payment; No Tech Support
3173-WSSUE,Segment 1: Long-Term Committed Loyalists,0.006905644563208536,0.69%,No,Low Risk,Stable Account Profile
1265-HVPZB,Segment 1: Long-Term Committed Loyalists,0.145099434206492,14.51%,No,Low Risk,No Tech Support
4115-UMJFQ,Segment 1: Long-Term Committed Loyalists,0.19377391615226794,19.38%,No,Low Risk,No Tech Support
7369-TRPFD,Segment 1: Long-Term Committed Loyalists,0.025982576423982173,2.6%,No,Low Risk,Stable Account Profile
1098-KFQEC,Segment 1: Long-Term Committed Loyalists,0.03811799788583585,3.81%,No,Low Risk,Stable Account Profile
7190-XHTWJ,Segment 1: Long-Term Committed Loyalists,0.014381868560591028,1.44%,No,Low Risk,Stable Account Profile
0621-TWIEM,Segment 3: Short-Term High-Charge Users,0.6472847801985937,64.73%,Yes,High Risk,Month-to-month Contract; Low Tenure (0-12m); Electronic Check Payment
3537-RYBHH,Segment 3: Short-Term High-Charge Users,0.27572072084487165,27.57%,No,Low Risk,Month-to-month Contract; No Tech Support
2485-ITVKB,Segment 3: Short-Term High-Charge Users,0.8284037824430744,82.84%,Yes,High Risk,Month-to-month Contract; Low Tenure (0-12m); Electronic Check Payment
3669-OYSJI,Segment 3: Short-Term High-Charge Users,0.7521931115076066,75.22%,Yes,High Risk,Month-to-month Contract; Low Tenure (0-12m); No Tech Support
1612-EOHDH,Segment 3: Short-Term High-Charge Users,0.7675450960152602,76.75%,Yes,High Risk,Month-to-month Contract; Low Tenure (0-12m); Electronic Check Payment
6702-OHFWR,Segment 3: Short-Term High-Charge Users,0.8507528983107895,85.08%,Yes,High Risk,Month-to-month Contract; Low Tenure (0-12m); Electronic Check Payment
5296-BFCYD,Segment 1: Long-Term Committed Loyalists,0.009578558182529598,0.96%,No,Low Risk,Stable Account Profile
4510-PYUSH,Segment 3: Short-Term High-Charge Users,0.40508328355051043,40.51%,No,Medium Risk,Month-to-month Contract; No Tech Support
9359-JANWS,Segment 1: Long-Term Committed Loyalists,0.06323380103595284,6.32%,No,Low Risk,Stable Account Profile
7517-SAWMO,Segment 3: Short-Term High-Charge Users,0.6852932724483135,68.53%,Yes,High Risk,Month-to-month Contract; Electronic Check Payment; No Tech Support
4143-HHPMK,Segment 3: Short-Term High-Charge Users,0.6062948607590009,60.63%,Yes,High Risk,Month-to-month Contract; Electronic Check Payment; No Tech Support
3279-DYZQM,Segment 1: Long-Term Committed Loyalists,0.012980434569002013,1.3%,No,Low Risk,Stable Account Profile
7054-LGEQW,Segment 3: Short-Term High-Charge Users,0.7429272981375267,74.29%,Yes,High Risk,Month-to-month Contract; Low Tenure (0-12m); No Tech Support
0523-VNGTF,Segment 3: Short-Term High-Charge Users,0.3212806292594743,32.13%,No,Medium Risk,Month-to-month Contract; Electronic Check Payment
9575-IWCAZ,Segment 1: Long-Term Committed Loyalists,0.08245796725236708,8.25%,No,Low Risk,Low Tenure (0-12m)
7105-MXJLL,Segment 1: Long-Term Committed Loyalists,0.20736198868717054,20.74%,No,Low Risk,No Tech Support
7064-FRRSW,Segment 1: Long-Term Committed Loyalists,0.48187317900765386,48.19%,No,Medium Risk,Electronic Check Payment; No Tech Support; High Monthly Fee
7940-UQQUG,Segment 1: Long-Term Committed Loyalists,0.30943918299005946,30.94%,No,Medium Risk,High Monthly Fee
0923-PNFUB,Segment 3: Short-Term High-Charge Users,0.8153991797213523,81.54%,Yes,High Risk,Month-to-month Contract; Low Tenure (0-12m); Electronic Check Payment
3961-SXAXY,Segment 3: Short-Term High-Charge Users,0.7372315133986023,73.72%,Yes,High Risk,Month-to-month Contract; Low Tenure (0-12m); No Tech Support
7010-BRBUU,Segment 1: Long-Term Committed Loyalists,0.005915512037030898,0.59%,No,Low Risk,Stable Account Profile
3566-HJGPK,Segment 3: Short-Term High-Charge Users,0.7625569191635164,76.26%,Yes,High Risk,Month-to-month Contract; Low Tenure (0-12m); No Tech Support
3062-ICYZQ,Segment 3: Short-Term High-Charge Users,0.5083923292841029,50.84%,Yes,Medium Risk,Month-to-month Contract; Electronic Check Payment; No Tech Support
9938-PRCVK,Segment 1: Long-Term Committed Loyalists,0.014386641406916588,1.44%,No,Low Risk,Stable Account Profile
0973-KYVNF,Segment 1: Long-Term Committed Loyalists,0.04635570654646422,4.64%,No,Low Risk,No Tech Support; High Monthly Fee
5129-HHMZC,Segment 1: Long-Term Committed Loyalists,0.09170622504327978,9.17%,No,Low Risk,High Monthly Fee
9637-CDTKZ,Segment 1: Long-Term Committed Loyalists,0.04593880860075003,4.59%,No,Low Risk,High Monthly Fee
3946-JEWRQ,Segment 1: Long-Term Committed Loyalists,0.41756438324696926,41.76%,No,Medium Risk,No Tech Support; High Monthly Fee
7873-CVMAW,Segment 1: Long-Term Committed Loyalists,0.014750494058871745,1.48%,No,Low Risk,High Monthly Fee
0463-WZZKO,Segment 3: Short-Term High-Charge Users,0.23612077230466658,23.61%,No,Low Risk,Month-to-month Contract; Low Tenure (0-12m)
3494-JCHRQ,Segment 3: Short-Term High-Charge Users,0.9135808200275735,91.36%,Yes,High Risk,Month-to-month Contract; Low Tenure (0-12m); Electronic Check Payment
6474-FVJLC,Segment 3: Short-Term High-Charge Users,0.9004856478211511,90.05%,Yes,High Risk,Month-to-month Contract; Low Tenure (0-12m); Electronic Check Payment
4524-QCSSM,Segment 3: Short-Term High-Charge Users,0.37672183715375807,37.67%,No,Medium Risk,Month-to-month Contract; No Tech Support
5832-EXGTT,Segment 3: Short-Term High-Charge Users,0.2177200567256457,21.77%,No,Low Risk,Month-to-month Contract; No Tech Support
8840-DQLGN,Segment 3: Short-Term High-Charge Users,0.5245879016017383,52.46%,Yes,Medium Risk,Month-to-month Contract; High Monthly Fee
2039-JONDJ,Segment 1: Long-Term Committed Loyalists,0.1393944197701186,13.94%,No,Low Risk,No Tech Support
7217-JYHOQ,Segment 3: Short-Term High-Charge Users,0.18688099564889954,18.69%,No,Low Risk,Month-to-month Contract; High Monthly Fee
6695-FRVEC,Segment 1: Long-Term Committed Loyalists,0.04384136514179135,4.38%,No,Low Risk,Stable Account Profile
4547-LYTDD,Segment 3: Short-Term High-Charge Users,0.6194395420104397,61.94%,Yes,High Risk,Month-to-month Contract; Electronic Check Payment; No Tech Support
9894-QMIMJ,Segment 1: Long-Term Committed Loyalists,0.19743075204658736,19.74%,No,Low Risk,No Tech Support
8069-YQQAJ,Segment 3: Short-Term High-Charge Users,0.4169305501013877,41.69%,No,Medium Risk,Month-to-month Contract; No Tech Support
6770-XUAGN,Segment 3: Short-Term High-Charge Users,0.530160891207528,53.02%,Yes,Medium Risk,Month-to-month Contract; Low Tenure (0-12m); Electronic Check Payment
4193-ORFCL,Segment 3: Short-Term High-Charge Users,0.7628260460972675,76.28%,Yes,High Risk,Month-to-month Contract; Low Tenure (0-12m); No Tech Support
1636-NTNCO,Segment 3: Short-Term High-Charge Users,0.6443493568975032,64.43%,Yes,High Risk,Month-to-month Contract; Low Tenure (0-12m); No Tech Support
3466-WAESX,Segment 3: Short-Term High-Charge Users,0.44922103209263753,44.92%,No,Medium Risk,Month-to-month Contract; Electronic Check Payment; No Tech Support
9281-PKKZE,Segment 3: Short-Term High-Charge Users,0.43907303051664276,43.91%,No,Medium Risk,Month-to-month Contract; Electronic Check Payment; No Tech Support
3638-VBZTA,Segment 1: Long-Term Committed Loyalists,0.03559006089193435,3.56%,No,Low Risk,High Monthly Fee
7459-IMVYU,Segment 3: Short-Term High-Charge Users,0.24336751973722168,24.34%,No,Low Risk,Month-to-month Contract; Electronic Check Payment
7776-QWNFX,Segment 3: Short-Term High-Charge Users,0.3613214034872828,36.13%,No,Medium Risk,Month-to-month Contract; No Tech Support
6689-TCZHQ,Segment 3: Short-Term High-Charge Users,0.817339943993954,81.73%,Yes,High Risk,Month-to-month Contract; Low Tenure (0-12m); Electronic Check Payment
8563-OYMQY,Segment 3: Short-Term High-Charge Users,0.658296619370962,65.83%,Yes,High Risk,Month-to-month Contract; No Tech Support; High Monthly Fee
0754-EEBDC,Segment 1: Long-Term Committed Loyalists,0.0421981818602914,4.22%,No,Low Risk,Low Tenure (0-12m)
5777-ZPQNC,Segment 3: Short-Term High-Charge Users,0.1361011780505341,13.61%,No,Low Risk,Low Tenure (0-12m); Electronic Check Payment
1951-IEYXM,Segment 1: Long-Term Committed Loyalists,0.014413892706534703,1.44%,No,Low Risk,High Monthly Fee
3318-NMQXL,Segment 3: Short-Term High-Charge Users,0.8671924540763207,86.72%,Yes,High Risk,Month-to-month Contract; Low Tenure (0-12m); Electronic Check Payment
3143-ILDAL,Segment 3: Short-Term High-Charge Users,0.5628286276736308,56.28%,Yes,Medium Risk,Month-to-month Contract; Electronic Check Payment; High Monthly Fee
1022-RKXDR,Segment 1: Long-Term Committed Loyalists,0.03446893710052086,3.45%,No,Low Risk,Stable Account Profile
2361-FJWNO,Segment 1: Long-Term Committed Loyalists,0.18997803900073693,19.0%,No,Low Risk,Stable Account Profile
2272-UOINI,Segment 3: Short-Term High-Charge Users,0.4930805520603386,49.31%,No,Medium Risk,Month-to-month Contract; Low Tenure (0-12m); Electronic Check Payment
8232-UTFOZ,Segment 1: Long-Term Committed Loyalists,0.011273562045884882,1.13%,No,Low Risk,Stable Account Profile
3750-YHRYO,Segment 1: Long-Term Committed Loyalists,0.0632817499610671,6.33%,No,Low Risk,Low Tenure (0-12m)
6637-KYRCV,Segment 3: Short-Term High-Charge Users,0.6335284641769562,63.35%,Yes,High Risk,Month-to-month Contract; Low Tenure (0-12m); Electronic Check Payment
5668-MEISB,Segment 1: Long-Term Committed Loyalists,0.10858704588711193,10.86%,No,Low Risk,High Monthly Fee
0129-QMPDR,Segment 1: Long-Term Committed Loyalists,0.015088339973473096,1.51%,No,Low Risk,Stable Account Profile
7188-CBBBA,Segment 1: Long-Term Committed Loyalists,0.3469482767029546,34.69%,No,Medium Risk,Electronic Check Payment; No Tech Support; High Monthly Fee
5356-CSVSQ,Segment 3: Short-Term High-Charge Users,0.5879527872631368,58.8%,Yes,Medium Risk,Month-to-month Contract; Low Tenure (0-12m); Electronic Check Payment
3221-CJMSG,Segment 3: Short-Term High-Charge Users,0.30290769101454357,30.29%,No,Medium Risk,Month-to-month Contract
4720-VSTSI,Segment 3: Short-Term High-Charge Users,0.5892751230561044,58.93%,Yes,Medium Risk,Month-to-month Contract; No Tech Support; High Monthly Fee
3219-JQRSL,Segment 1: Long-Term Committed Loyalists,0.029560140122470588,2.96%,No,Low Risk,High Monthly Fee
2801-NISEI,Segment 3: Short-Term High-Charge Users,0.2926358535534689,29.26%,No,Low Risk,Month-to-month Contract; Electronic Check Payment
3946-MHCZW,Segment 3: Short-Term High-Charge Users,0.7570147037717075,75.7%,Yes,High Risk,Month-to-month Contract; Low Tenure (0-12m); No Tech Support
4623-ZKHLY,Segment 3: Short-Term High-Charge Users,0.12367875247122699,12.37%,No,Low Risk,Month-to-month Contract
6732-VAILE,Segment 1: Long-Term Committed Loyalists,0.04561450372026548,4.56%,No,Low Risk,High Monthly Fee
8201-AAXCB,Segment 3: Short-Term High-Charge Users,0.3563037243080792,35.63%,No,Medium Risk,Month-to-month Contract; Electronic Check Payment; No Tech Support
7696-CFTAT,Segment 1: Long-Term Committed Loyalists,0.008955484979226606,0.9%,No,Low Risk,Stable Account Profile
1845-CSBRZ,Segment 3: Short-Term High-Charge Users,0.5702451747788537,57.02%,Yes,Medium Risk,Month-to-month Contract; No Tech Support; High Monthly Fee
2123-VSCOT,Segment 1: Long-Term Committed Loyalists,0.05694710244732561,5.69%,No,Low Risk,High Monthly Fee
6651-AZVTJ,Segment 3: Short-Term High-Charge Users,0.6784969197592439,67.85%,Yes,High Risk,Month-to-month Contract; Electronic Check Payment; No Tech Support
4566-GOLUK,Segment 1: Long-Term Committed Loyalists,0.5981679159530606,59.82%,Yes,Medium Risk,Month-to-month Contract; High Monthly Fee
2484-DGXPZ,Segment 3: Short-Term High-Charge Users,0.36407243593414235,36.41%,No,Medium Risk,Month-to-month Contract
2018-QKYGT,Segment 3: Short-Term High-Charge Users,0.9017004458716855,90.17%,Yes,High Risk,Month-to-month Contract; Low Tenure (0-12m); Electronic Check Payment
2792-VPPET,Segment 3: Short-Term High-Charge Users,0.1785385768775233,17.85%,No,Low Risk,Month-to-month Contract; Low Tenure (0-12m); Electronic Check Payment
7409-JURKQ,Segment 1: Long-Term Committed Loyalists,0.4618629390104989,46.19%,No,Medium Risk,High Monthly Fee
3247-MHJKM,Segment 3: Short-Term High-Charge Users,0.6515456094686993,65.15%,Yes,High Risk,Month-to-month Contract; Low Tenure (0-12m)
1964-SVLEA,Segment 1: Long-Term Committed Loyalists,0.02153345992241109,2.15%,No,Low Risk,Stable Account Profile
4587-NUKOX,Segment 3: Short-Term High-Charge Users,0.7647373602981188,76.47%,Yes,High Risk,Month-to-month Contract; Low Tenure (0-12m); Electronic Check Payment
7297-DVYGA,Segment 1: Long-Term Committed Loyalists,0.04798462793410418,4.8%,No,Low Risk,Stable Account Profile
2239-CGBUZ,Segment 1: Long-Term Committed Loyalists,0.09440593082952897,9.44%,No,Low Risk,Stable Account Profile
0854-UYHZD,Segment 1: Long-Term Committed Loyalists,0.018102135614700594,1.81%,No,Low Risk,Stable Account Profile
7243-LCGGZ,Segment 3: Short-Term High-Charge Users,0.7068511138704587,70.69%,Yes,High Risk,Month-to-month Contract; Low Tenure (0-12m)
8267-KFGYD,Segment 3: Short-Term High-Charge Users,0.49448591470520614,49.45%,No,Medium Risk,Month-to-month Contract; Low Tenure (0-12m)
4890-VMUAV,Segment 1: Long-Term Committed Loyalists,0.10916055359175081,10.92%,No,Low Risk,Electronic Check Payment; High Monthly Fee
9261-WDCAF,Segment 3: Short-Term High-Charge Users,0.6531801722553118,65.32%,Yes,High Risk,Month-to-month Contract; Low Tenure (0-12m); No Tech Support
3764-MNMOI,Segment 1: Long-Term Committed Loyalists,0.01029258869002909,1.03%,No,Low Risk,Stable Account Profile
7442-YGZFK,Segment 3: Short-Term High-Charge Users,0.742694074035572,74.27%,Yes,High Risk,Month-to-month Contract; Low Tenure (0-12m); No Tech Support
0420-BWTPW,Segment 3: Short-Term High-Charge Users,0.5588996010994027,55.89%,Yes,Medium Risk,Month-to-month Contract; Low Tenure (0-12m); No Tech Support
8229-BUJHX,Segment 1: Long-Term Committed Loyalists,0.006318920407335341,0.63%,No,Low Risk,Stable Account Profile
7449-HVPIV,Segment 3: Short-Term High-Charge Users,0.4799149060153352,47.99%,No,Medium Risk,Month-to-month Contract; No Tech Support; High Monthly Fee
5504-WSIUR,Segment 1: Long-Term Committed Loyalists,0.1765351859078257,17.65%,No,Low Risk,High Monthly Fee
8183-ONMXC,Segment 3: Short-Term High-Charge Users,0.8502711151675086,85.03%,Yes,High Risk,Month-to-month Contract; Low Tenure (0-12m); Electronic Check Payment
8466-PZBLH,Segment 1: Long-Term Committed Loyalists,0.18267310170185824,18.27%,No,Low Risk,High Monthly Fee
9614-RMGHA,Segment 1: Long-Term Committed Loyalists,0.3902176477014946,39.02%,No,Medium Risk,Month-to-month Contract; No Tech Support; High Monthly Fee
8735-IJJEG,Segment 3: Short-Term High-Charge Users,0.4313586946128782,43.14%,No,Medium Risk,Month-to-month Contract; No Tech Support
0564-MUUQK,Segment 3: Short-Term High-Charge Users,0.6183326086829654,61.83%,Yes,High Risk,Month-to-month Contract; High Monthly Fee
5054-IEXZT,Segment 3: Short-Term High-Charge Users,0.9134612947073244,91.35%,Yes,High Risk,Month-to-month Contract; Low Tenure (0-12m); Electronic Check Payment
5834-ASPWA,Segment 3: Short-Term High-Charge Users,0.9334149352097093,93.34%,Yes,High Risk,Month-to-month Contract; Low Tenure (0-12m); Electronic Check Payment
0701-RFGFI,Segment 3: Short-Term High-Charge Users,0.6222482719488602,62.22%,Yes,High Risk,Month-to-month Contract; No Tech Support; High Monthly Fee
0019-EFAEP,Segment 1: Long-Term Committed Loyalists,0.09143592745045316,9.14%,No,Low Risk,No Tech Support; High Monthly Fee
5619-PTMIK,Segment 3: Short-Term High-Charge Users,0.27972118914270533,27.97%,No,Low Risk,Month-to-month Contract; Electronic Check Payment; No Tech Support
3737-XBQDD,Segment 3: Short-Term High-Charge Users,0.6316707736342188,63.17%,Yes,High Risk,Month-to-month Contract; No Tech Support; High Monthly Fee
5882-CMAZQ,Segment 3: Short-Term High-Charge Users,0.5863229143100934,58.63%,Yes,Medium Risk,Month-to-month Contract; Low Tenure (0-12m); Electronic Check Payment
5846-QFDFI,Segment 3: Short-Term High-Charge Users,0.5165793588546772,51.66%,Yes,Medium Risk,Month-to-month Contract; High Monthly Fee
4445-KWOKW,Segment 1: Long-Term Committed Loyalists,0.1683611672630214,16.84%,No,Low Risk,No Tech Support
3511-APPBJ,Segment 3: Short-Term High-Charge Users,0.5393018997749466,53.93%,Yes,Medium Risk,No Tech Support; High Monthly Fee
7967-HYCDE,Segment 3: Short-Term High-Charge Users,0.7311522563806511,73.12%,Yes,High Risk,Month-to-month Contract; Low Tenure (0-12m); No Tech Support
2430-RRYUW,Segment 1: Long-Term Committed Loyalists,0.0967992923244759,9.68%,No,Low Risk,No Tech Support
3948-XHGNA,Segment 3: Short-Term High-Charge Users,0.39330496969948175,39.33%,No,Medium Risk,Month-to-month Contract; No Tech Support
3723-BFBGR,Segment 3: Short-Term High-Charge Users,0.35437641835776684,35.44%,No,Medium Risk,Month-to-month Contract; No Tech Support
0565-IYCGT,Segment 1: Long-Term Committed Loyalists,0.28473141555859066,28.47%,No,Low Risk,High Monthly Fee
5447-WZAFP,Segment 1: Long-Term Committed Loyalists,0.4004521667075666,40.05%,No,Medium Risk,No Tech Support; High Monthly Fee
5110-CHOPY,Segment 1: Long-Term Committed Loyalists,0.19431285101402263,19.43%,No,Low Risk,Electronic Check Payment; No Tech Support
5445-UTODQ,Segment 3: Short-Term High-Charge Users,0.8563421573508542,85.63%,Yes,High Risk,Month-to-month Contract; Low Tenure (0-12m); Electronic Check Payment
4425-OWHWB,Segment 1: Long-Term Committed Loyalists,0.04664028800227879,4.66%,No,Low Risk,Stable Account Profile
7892-QVYKW,Segment 3: Short-Term High-Charge Users,0.6421489781414544,64.21%,Yes,High Risk,Month-to-month Contract; Electronic Check Payment; No Tech Support
9675-ICXCT,Segment 1: Long-Term Committed Loyalists,0.08373090876104228,8.37%,No,Low Risk,Electronic Check Payment; High Monthly Fee
1024-VRZHF,Segment 3: Short-Term High-Charge Users,0.7802289736839431,78.02%,Yes,High Risk,Month-to-month Contract; Low Tenure (0-12m); Electronic Check Payment
4703-MQYKT,Segment 1: Long-Term Committed Loyalists,0.037068019256426145,3.71%,No,Low Risk,Stable Account Profile
9497-QCMMS,Segment 3: Short-Term High-Charge Users,0.9417005330011279,94.17%,Yes,High Risk,Month-to-month Contract; Low Tenure (0-12m); Electronic Check Payment
5692-ICXLW,Segment 3: Short-Term High-Charge Users,0.6890768002626764,68.91%,Yes,High Risk,Month-to-month Contract; Electronic Check Payment; No Tech Support
0602-DDUML,Segment 1: Long-Term Committed Loyalists,0.039621834435579435,3.96%,No,Low Risk,Stable Account Profile
2208-MPXIO,Segment 1: Long-Term Committed Loyalists,0.00985664000153576,0.99%,No,Low Risk,Stable Account Profile
1960-UYCNN,Segment 3: Short-Term High-Charge Users,0.8728846648504455,87.29%,Yes,High Risk,Month-to-month Contract; Low Tenure (0-12m); Electronic Check Payment
0348-SDKOL,Segment 1: Long-Term Committed Loyalists,0.5637566745034251,56.38%,Yes,Medium Risk,Month-to-month Contract; High Monthly Fee
3190-FZATL,Segment 3: Short-Term High-Charge Users,0.1819260494766138,18.19%,No,Low Risk,Month-to-month Contract
7336-RLLRH,Segment 1: Long-Term Committed Loyalists,0.2643918766071524,26.44%,No,Low Risk,High Monthly Fee
4373-MAVJG,Segment 3: Short-Term High-Charge Users,0.7639772537058962,76.4%,Yes,High Risk,Month-to-month Contract; No Tech Support; High Monthly Fee
8901-HJXTF,Segment 3: Short-Term High-Charge Users,0.5111737947768413,51.12%,Yes,Medium Risk,Month-to-month Contract; Low Tenure (0-12m); No Tech Support
7710-JSYOA,Segment 1: Long-Term Committed Loyalists,0.1341080740635205,13.41%,No,Low Risk,High Monthly Fee
5419-KLXBN,Segment 3: Short-Term High-Charge Users,0.6359412780770416,63.59%,Yes,High Risk,Month-to-month Contract; No Tech Support; High Monthly Fee
3424-NMNBO,Segment 1: Long-Term Committed Loyalists,0.5721605481392601,57.22%,Yes,Medium Risk,Electronic Check Payment; No Tech Support; High Monthly Fee
9885-MFVSU,Segment 1: Long-Term Committed Loyalists,0.04414987211424204,4.41%,No,Low Risk,Stable Account Profile
4514-GFCFI,Segment 3: Short-Term High-Charge Users,0.7971102570853267,79.71%,Yes,High Risk,Month-to-month Contract; Electronic Check Payment; No Tech Support
0607-MVMGC,Segment 1: Long-Term Committed Loyalists,0.20759337752268356,20.76%,No,Low Risk,No Tech Support; High Monthly Fee
3365-SAIGS,Segment 3: Short-Term High-Charge Users,0.7418925242343284,74.19%,Yes,High Risk,Month-to-month Contract; Electronic Check Payment; No Tech Support
9828-AOQLM,Segment 3: Short-Term High-Charge Users,0.8014062626615421,80.14%,Yes,High Risk,Month-to-month Contract; Low Tenure (0-12m); Electronic Check Payment
8022-BECSI,Segment 1: Long-Term Committed Loyalists,0.013001298665576805,1.3%,No,Low Risk,Stable Account Profile
8000-REIQB,Segment 3: Short-Term High-Charge Users,0.9286412832817441,92.86%,Yes,High Risk,Month-to-month Contract; Low Tenure (0-12m); Electronic Check Payment
9993-LHIEB,Segment 1: Long-Term Committed Loyalists,0.06081507261454434,6.08%,No,Low Risk,Stable Account Profile
0266-CLZKZ,Segment 1: Long-Term Committed Loyalists,0.24046107515693227,24.05%,No,Low Risk,High Monthly Fee
7615-ESMYF,Segment 3: Short-Term High-Charge Users,0.7961457090120759,79.61%,Yes,High Risk,Month-to-month Contract; Low Tenure (0-12m); Electronic Check Payment
3858-VOBET,Segment 3: Short-Term High-Charge Users,0.6866108330745078,68.66%,Yes,High Risk,Month-to-month Contract; Electronic Check Payment; No Tech Support
7020-OZKXZ,Segment 3: Short-Term High-Charge Users,0.6860821108548246,68.61%,Yes,High Risk,Month-to-month Contract; Low Tenure (0-12m); No Tech Support
3977-QCRSL,Segment 3: Short-Term High-Charge Users,0.2583085501150563,25.83%,No,Low Risk,Month-to-month Contract; Low Tenure (0-12m)
0017-DINOC,Segment 1: Long-Term Committed Loyalists,0.042853570031227604,4.29%,No,Low Risk,Stable Account Profile
1447-PJGGA,Segment 1: Long-Term Committed Loyalists,0.5081023794811096,50.81%,Yes,Medium Risk,Electronic Check Payment; No Tech Support; High Monthly Fee
8565-CLBZW,Segment 3: Short-Term High-Charge Users,0.661514825850785,66.15%,Yes,High Risk,Month-to-month Contract; No Tech Support; High Monthly Fee
9139-WQQDY,Segment 1: Long-Term Committed Loyalists,0.41819817655731983,41.82%,No,Medium Risk,No Tech Support; High Monthly Fee
0224-HJAPT,Segment 3: Short-Term High-Charge Users,0.7362802429785993,73.63%,Yes,High Risk,Month-to-month Contract; Low Tenure (0-12m); Electronic Check Payment
8086-OVPWV,Segment 3: Short-Term High-Charge Users,0.8714387025158153,87.14%,Yes,High Risk,Month-to-month Contract; Low Tenure (0-12m); Electronic Check Payment
9430-FRQOC,Segment 3: Short-Term High-Charge Users,0.8569881712485524,85.7%,Yes,High Risk,Month-to-month Contract; Low Tenure (0-12m); High Monthly Fee
7639-OPLNG,Segment 1: Long-Term Committed Loyalists,0.03980970442592754,3.98%,No,Low Risk,High Monthly Fee
3074-GQWYX,Segment 3: Short-Term High-Charge Users,0.8496443068795857,84.96%,Yes,High Risk,Month-to-month Contract; Low Tenure (0-12m); No Tech Support
1492-QGCLU,Segment 1: Long-Term Committed Loyalists,0.2390185213845252,23.9%,No,Low Risk,Month-to-month Contract; Electronic Check Payment; High Monthly Fee
6845-RGTYS,Segment 3: Short-Term High-Charge Users,0.6067325160687773,60.67%,Yes,High Risk,Month-to-month Contract; Electronic Check Payment; No Tech Support
7328-OWMOM,Segment 1: Long-Term Committed Loyalists,0.021439118423619462,2.14%,No,Low Risk,Stable Account Profile
4418-LZMSV,Segment 3: Short-Term High-Charge Users,0.3660703053463112,36.61%,No,Medium Risk,Month-to-month Contract
5155-AZQPB,Segment 3: Short-Term High-Charge Users,0.21755706966562105,21.76%,No,Low Risk,Month-to-month Contract; No Tech Support
8861-HGGKB,Segment 3: Short-Term High-Charge Users,0.8181865424361444,81.82%,Yes,High Risk,Month-to-month Contract; Low Tenure (0-12m); Electronic Check Payment
1087-GRUYI,Segment 1: Long-Term Committed Loyalists,0.008688105604014357,0.87%,No,Low Risk,Stable Account Profile
7065-YUNRY,Segment 3: Short-Term High-Charge Users,0.7646362221512085,76.46%,Yes,High Risk,Month-to-month Contract; Low Tenure (0-12m); No Tech Support
7694-VLBWQ,Segment 1: Long-Term Committed Loyalists,0.5384762231665209,53.85%,Yes,Medium Risk,Electronic Check Payment; No Tech Support; High Monthly Fee
2546-KZAAT,Segment 1: Long-Term Committed Loyalists,0.14448908130122629,14.45%,No,Low Risk,No Tech Support; High Monthly Fee
0181-RITDD,Segment 1: Long-Term Committed Loyalists,0.27986904420872943,27.99%,No,Low Risk,High Monthly Fee
5989-PGKJB,Segment 3: Short-Term High-Charge Users,0.7572676392152172,75.73%,Yes,High Risk,Month-to-month Contract; Electronic Check Payment; No Tech Support
4795-KTRTH,Segment 3: Short-Term High-Charge Users,0.8764920658211754,87.65%,Yes,High Risk,Month-to-month Contract; Low Tenure (0-12m); Electronic Check Payment
8272-ONJLV,Segment 3: Short-Term High-Charge Users,0.6592955740125817,65.93%,Yes,High Risk,Low Tenure (0-12m); Electronic Check Payment; No Tech Support
1488-PBLJN,Segment 1: Long-Term Committed Loyalists,0.04346568860493811,4.35%,No,Low Risk,High Monthly Fee
0308-GIQJT,Segment 1: Long-Term Committed Loyalists,0.3016942677459292,30.17%,No,Medium Risk,High Monthly Fee
3778-FOAQW,Segment 1: Long-Term Committed Loyalists,0.02059345579273051,2.06%,No,Low Risk,Stable Account Profile
4452-ROHMO,Segment 1: Long-Term Committed Loyalists,0.04451248816019289,4.45%,No,Low Risk,Stable Account Profile
6481-OGDOO,Segment 1: Long-Term Committed Loyalists,0.3762802513239885,37.63%,No,Medium Risk,No Tech Support; High Monthly Fee
3090-LETTY,Segment 3: Short-Term High-Charge Users,0.5077953666609196,50.78%,Yes,Medium Risk,Month-to-month Contract; Low Tenure (0-12m); No Tech Support
5349-AZPEW,Segment 3: Short-Term High-Charge Users,0.5188270591086778,51.88%,Yes,Medium Risk,Month-to-month Contract; Low Tenure (0-12m); No Tech Support
3753-TSEMP,Segment 3: Short-Term High-Charge Users,0.7576984315096463,75.77%,Yes,High Risk,Month-to-month Contract; Electronic Check Payment; No Tech Support
8305-VHZBZ,Segment 3: Short-Term High-Charge Users,0.726932930514041,72.69%,Yes,High Risk,Month-to-month Contract; Low Tenure (0-12m)
9720-JJJOR,Segment 1: Long-Term Committed Loyalists,0.20620331309753678,20.62%,No,Low Risk,No Tech Support
8100-HZZLJ,Segment 3: Short-Term High-Charge Users,0.30391113221486277,30.39%,No,Medium Risk,Month-to-month Contract; Electronic Check Payment; No Tech Support
8775-ERLNB,Segment 3: Short-Term High-Charge Users,0.8991003065944458,89.91%,Yes,High Risk,Month-to-month Contract; Low Tenure (0-12m); Electronic Check Payment
8309-IEYJD,Segment 3: Short-Term High-Charge Users,0.893728572870297,89.37%,Yes,High Risk,Month-to-month Contract; Low Tenure (0-12m); No Tech Support
9172-JITSM,Segment 3: Short-Term High-Charge Users,0.7437769992564262,74.38%,Yes,High Risk,Month-to-month Contract; Electronic Check Payment; No Tech Support
6298-QDFNH,Segment 3: Short-Term High-Charge Users,0.7433907418727547,74.34%,Yes,High Risk,Month-to-month Contract; Electronic Check Payment; No Tech Support
7398-HPYZQ,Segment 1: Long-Term Committed Loyalists,0.018935221955718385,1.89%,No,Low Risk,High Monthly Fee
3546-GHEAE,Segment 1: Long-Term Committed Loyalists,0.05424388023817583,5.42%,No,Low Risk,Low Tenure (0-12m)
7361-YPXFS,Segment 3: Short-Term High-Charge Users,0.27833867499803483,27.83%,No,Low Risk,Month-to-month Contract
6557-BZXLQ,Segment 3: Short-Term High-Charge Users,0.674708554016428,67.47%,Yes,High Risk,Month-to-month Contract; Electronic Check Payment; No Tech Support
2550-QHZGP,Segment 1: Long-Term Committed Loyalists,0.0653927059620422,6.54%,No,Low Risk,Low Tenure (0-12m)
7519-JTWQH,Segment 1: Long-Term Committed Loyalists,0.2755927724724428,27.56%,No,Low Risk,High Monthly Fee
2538-OIMXF,Segment 3: Short-Term High-Charge Users,0.6673889633897161,66.74%,Yes,High Risk,Month-to-month Contract; Low Tenure (0-12m); No Tech Support
8543-MSDMF,Segment 3: Short-Term High-Charge Users,0.6545800550320763,65.46%,Yes,High Risk,Month-to-month Contract; Low Tenure (0-12m); Electronic Check Payment
9961-JBNMK,Segment 3: Short-Term High-Charge Users,0.7301206050426644,73.01%,Yes,High Risk,Month-to-month Contract; No Tech Support; High Monthly Fee
1170-SASML,Segment 1: Long-Term Committed Loyalists,0.28200568363614803,28.2%,No,Low Risk,Month-to-month Contract; No Tech Support; High Monthly Fee
4872-JCVCA,Segment 1: Long-Term Committed Loyalists,0.041118054878467876,4.11%,No,Low Risk,Stable Account Profile
5346-BZCHP,Segment 1: Long-Term Committed Loyalists,0.01589938830242079,1.59%,No,Low Risk,Stable Account Profile
2038-LLMLM,Segment 3: Short-Term High-Charge Users,0.5991148886009467,59.91%,Yes,Medium Risk,Month-to-month Contract; Electronic Check Payment; High Monthly Fee
6173-ITPWD,Segment 3: Short-Term High-Charge Users,0.593385780959167,59.34%,Yes,Medium Risk,Month-to-month Contract; No Tech Support; High Monthly Fee
9734-UYXQI,Segment 3: Short-Term High-Charge Users,0.7899816013801861,79.0%,Yes,High Risk,Month-to-month Contract; Low Tenure (0-12m); Electronic Check Payment
1216-BGTSP,Segment 1: Long-Term Committed Loyalists,0.4726916403250184,47.27%,No,Medium Risk,Month-to-month Contract; High Monthly Fee
4138-NAXED,Segment 3: Short-Term High-Charge Users,0.4470593217263048,44.71%,No,Medium Risk,Month-to-month Contract; No Tech Support; High Monthly Fee
2189-UXTKY,Segment 3: Short-Term High-Charge Users,0.5567377327140021,55.67%,Yes,Medium Risk,Month-to-month Contract; Electronic Check Payment; High Monthly Fee
0744-BIKKF,Segment 1: Long-Term Committed Loyalists,0.014750255982155262,1.48%,No,Low Risk,High Monthly Fee
7483-IQWIB,Segment 3: Short-Term High-Charge Users,0.6500220335446578,65.0%,Yes,High Risk,Month-to-month Contract; Electronic Check Payment; No Tech Support
5248-KWLAR,Segment 1: Long-Term Committed Loyalists,0.03611366952358069,3.61%,No,Low Risk,Electronic Check Payment; High Monthly Fee
4958-GZWIY,Segment 3: Short-Term High-Charge Users,0.6336977501361842,63.37%,Yes,High Risk,Month-to-month Contract; Low Tenure (0-12m); Electronic Check Payment
7996-MHXLW,Segment 1: Long-Term Committed Loyalists,0.024065916826738976,2.41%,No,Low Risk,Stable Account Profile
7833-PKIHD,Segment 1: Long-Term Committed Loyalists,0.14004988551319128,14.0%,No,Low Risk,High Monthly Fee
7061-OVMIM,Segment 1: Long-Term Committed Loyalists,0.05198520217295016,5.2%,No,Low Risk,Stable Account Profile
5153-RTHKF,Segment 3: Short-Term High-Charge Users,0.6568875856424884,65.69%,Yes,High Risk,Month-to-month Contract; Electronic Check Payment; No Tech Support
1852-QSWCD,Segment 1: Long-Term Committed Loyalists,0.021725786968222038,2.17%,No,Low Risk,Stable Account Profile
4832-VRBMR,Segment 1: Long-Term Committed Loyalists,0.45502840448182147,45.5%,No,Medium Risk,No Tech Support; High Monthly Fee
9079-LWTFD,Segment 1: Long-Term Committed Loyalists,0.2532820334318854,25.33%,No,Low Risk,Month-to-month Contract; High Monthly Fee
6356-ELRKD,Segment 3: Short-Term High-Charge Users,0.8915910819409928,89.16%,Yes,High Risk,Month-to-month Contract; Low Tenure (0-12m); Electronic Check Payment
8624-GIOUT,Segment 3: Short-Term High-Charge Users,0.3395364593391779,33.95%,No,Medium Risk,Month-to-month Contract; No Tech Support
3392-EHMNK,Segment 1: Long-Term Committed Loyalists,0.1276389008833908,12.76%,No,Low Risk,High Monthly Fee
5986-WWXDV,Segment 1: Long-Term Committed Loyalists,0.01470569863955087,1.47%,No,Low Risk,Stable Account Profile
3061-BCKYI,Segment 3: Short-Term High-Charge Users,0.19874513480527695,19.87%,No,Low Risk,Month-to-month Contract
6179-GJPSO,Segment 3: Short-Term High-Charge Users,0.6051123881341283,60.51%,Yes,High Risk,Month-to-month Contract; High Monthly Fee
7901-TBKJX,Segment 3: Short-Term High-Charge Users,0.6789813457594235,67.9%,Yes,High Risk,Month-to-month Contract; Electronic Check Payment; No Tech Support
7228-PAQPD,Segment 1: Long-Term Committed Loyalists,0.23070371580051255,23.07%,No,Low Risk,Stable Account Profile
3177-LASXD,Segment 3: Short-Term High-Charge Users,0.8937313665319522,89.37%,Yes,High Risk,Month-to-month Contract; Low Tenure (0-12m); Electronic Check Payment
7746-QYVCO,Segment 1: Long-Term Committed Loyalists,0.21173417406153316,21.17%,No,Low Risk,No Tech Support
5804-HYIEZ,Segment 1: Long-Term Committed Loyalists,0.4401571841615672,44.02%,No,Medium Risk,Month-to-month Contract; Electronic Check Payment; No Tech Support
9919-FZDED,Segment 1: Long-Term Committed Loyalists,0.09330066802849991,9.33%,No,Low Risk,No Tech Support; High Monthly Fee
5934-TSSAU,Segment 3: Short-Term High-Charge Users,0.5691294546640168,56.91%,Yes,Medium Risk,Month-to-month Contract; No Tech Support; High Monthly Fee
3486-KHMLI,Segment 3: Short-Term High-Charge Users,0.1496940658070515,14.97%,No,Low Risk,Month-to-month Contract
4897-QSUYC,Segment 3: Short-Term High-Charge Users,0.7521387783373027,75.21%,Yes,High Risk,Month-to-month Contract; Low Tenure (0-12m)
1084-UQCHV,Segment 3: Short-Term High-Charge Users,0.8968117409556072,89.68%,Yes,High Risk,Month-to-month Contract; Low Tenure (0-12m); No Tech Support
8290-YWKHZ,Segment 3: Short-Term High-Charge Users,0.7089087474558746,70.89%,Yes,High Risk,Month-to-month Contract; Electronic Check Payment; No Tech Support
2955-BJZHG,Segment 3: Short-Term High-Charge Users,0.65312839609352,65.31%,Yes,High Risk,Month-to-month Contract; Electronic Check Payment; No Tech Support
3806-DXQOM,Segment 3: Short-Term High-Charge Users,0.6756172769358909,67.56%,Yes,High Risk,Month-to-month Contract; Low Tenure (0-12m); Electronic Check Payment
6784-XYJAE,Segment 1: Long-Term Committed Loyalists,0.16527969423955896,16.53%,No,Low Risk,Electronic Check Payment; No Tech Support
3933-DQPWX,Segment 1: Long-Term Committed Loyalists,0.08218922997916,8.22%,No,Low Risk,Stable Account Profile
6661-EIPZC,Segment 3: Short-Term High-Charge Users,0.325643941051034,32.56%,No,Medium Risk,Month-to-month Contract
8957-THMOA,Segment 1: Long-Term Committed Loyalists,0.023161153638949692,2.32%,No,Low Risk,Stable Account Profile
2251-PYLPB,Segment 1: Long-Term Committed Loyalists,0.04157277904921386,4.16%,No,Low Risk,High Monthly Fee
5555-RNPGT,Segment 3: Short-Term High-Charge Users,0.24739237656985325,24.74%,No,Low Risk,Month-to-month Contract; Low Tenure (0-12m)
1057-FOGLZ,Segment 3: Short-Term High-Charge Users,0.16075927461842898,16.08%,No,Low Risk,Month-to-month Contract
9300-RENDD,Segment 3: Short-Term High-Charge Users,0.9283051835763394,92.83%,Yes,High Risk,Month-to-month Contract; Low Tenure (0-12m); Electronic Check Payment
0761-AETCS,Segment 3: Short-Term High-Charge Users,0.5898255470480059,58.98%,Yes,Medium Risk,Month-to-month Contract; Low Tenure (0-12m); Electronic Check Payment
8087-LGYHQ,Segment 3: Short-Term High-Charge Users,0.8634223654306711,86.34%,Yes,High Risk,Month-to-month Contract; Low Tenure (0-12m); Electronic Check Payment
4137-BTIKL,Segment 3: Short-Term High-Charge Users,0.6865946922436311,68.66%,Yes,High Risk,Month-to-month Contract; Low Tenure (0-12m); No Tech Support
2190-BCXEC,Segment 3: Short-Term High-Charge Users,0.5680634978770723,56.81%,Yes,Medium Risk,Month-to-month Contract; High Monthly Fee
6227-FBDXH,Segment 1: Long-Term Committed Loyalists,0.2930194139277213,29.3%,No,Low Risk,No Tech Support; High Monthly Fee
2153-MREFK,Segment 1: Long-Term Committed Loyalists,0.5636657387933104,56.37%,Yes,Medium Risk,Electronic Check Payment; High Monthly Fee
2911-WDXMV,Segment 3: Short-Term High-Charge Users,0.5849632958537021,58.5%,Yes,Medium Risk,Month-to-month Contract; No Tech Support; High Monthly Fee
7206-PQBBZ,Segment 3: Short-Term High-Charge Users,0.730932083393152,73.09%,Yes,High Risk,Month-to-month Contract; Low Tenure (0-12m); Electronic Check Payment
3106-ULWFW,Segment 3: Short-Term High-Charge Users,0.861297845452394,86.13%,Yes,High Risk,Month-to-month Contract; Low Tenure (0-12m); No Tech Support
0925-VYDLG,Segment 3: Short-Term High-Charge Users,0.8323440643697577,83.23%,Yes,High Risk,Month-to-month Contract; Low Tenure (0-12m); Electronic Check Payment
4547-FZJWE,Segment 1: Long-Term Committed Loyalists,0.1735123035158777,17.35%,No,Low Risk,No Tech Support
7422-WNBTY,Segment 3: Short-Term High-Charge Users,0.6570213145383773,65.7%,Yes,High Risk,Month-to-month Contract; Electronic Check Payment; No Tech Support
0842-IWYCP,Segment 3: Short-Term High-Charge Users,0.26538285909768505,26.54%,No,Low Risk,Month-to-month Contract; No Tech Support
3521-HTQTV,Segment 1: Long-Term Committed Loyalists,0.0949211117438276,9.49%,No,Low Risk,Stable Account Profile
3744-ZBHON,Segment 3: Short-Term High-Charge Users,0.22561549263615915,22.56%,No,Low Risk,Month-to-month Contract; Low Tenure (0-12m); Electronic Check Payment
3373-DIUUN,Segment 1: Long-Term Committed Loyalists,0.013996031842675994,1.4%,No,Low Risk,Stable Account Profile
8383-SGHJU,Segment 1: Long-Term Committed Loyalists,0.10690753212721077,10.69%,No,Low Risk,Electronic Check Payment
7607-QKKTJ,Segment 1: Long-Term Committed Loyalists,0.3091900522284649,30.92%,No,Medium Risk,No Tech Support; High Monthly Fee
7707-PYBBH,Segment 3: Short-Term High-Charge Users,0.1626002020188409,16.26%,No,Low Risk,Month-to-month Contract
8984-HPEMB,Segment 1: Long-Term Committed Loyalists,0.13097563148190916,13.1%,No,Low Risk,Electronic Check Payment; High Monthly Fee
4349-GFQHK,Segment 3: Short-Term High-Charge Users,0.7557676288510797,75.58%,Yes,High Risk,Month-to-month Contract; Low Tenure (0-12m); Electronic Check Payment
4139-DETXS,Segment 1: Long-Term Committed Loyalists,0.02144545111438065,2.14%,No,Low Risk,Stable Account Profile
9779-DPNEJ,Segment 3: Short-Term High-Charge Users,0.6916584343418163,69.17%,Yes,High Risk,Month-to-month Contract; Electronic Check Payment; No Tech Support
9805-FILKB,Segment 1: Long-Term Committed Loyalists,0.021830968724307072,2.18%,No,Low Risk,Stable Account Profile
5793-YOLJN,Segment 1: Long-Term Committed Loyalists,0.02436399331514788,2.44%,No,Low Risk,Stable Account Profile
0673-IGUQO,Segment 3: Short-Term High-Charge Users,0.47194260129223636,47.19%,No,Medium Risk,Month-to-month Contract; Low Tenure (0-12m)
4123-FCVCB,Segment 1: Long-Term Committed Loyalists,0.3980934334120322,39.81%,No,Medium Risk,Low Tenure (0-12m); High Monthly Fee
8819-IMISP,Segment 3: Short-Term High-Charge Users,0.6949535469476089,69.5%,Yes,High Risk,Month-to-month Contract; Electronic Check Payment; No Tech Support
7802-EFKNY,Segment 3: Short-Term High-Charge Users,0.726565864115619,72.66%,Yes,High Risk,Month-to-month Contract; Low Tenure (0-12m); Electronic Check Payment
8311-UEUAB,Segment 1: Long-Term Committed Loyalists,0.14785206875402251,14.79%,No,Low Risk,Electronic Check Payment; No Tech Support; High Monthly Fee
5858-EAFCZ,Segment 3: Short-Term High-Charge Users,0.738234317250329,73.82%,Yes,High Risk,Month-to-month Contract; Low Tenure (0-12m); No Tech Support
8035-BUYVG,Segment 1: Long-Term Committed Loyalists,0.36176530620977476,36.18%,No,Medium Risk,Electronic Check Payment; No Tech Support
1163-ONYEY,Segment 3: Short-Term High-Charge Users,0.25348731522318896,25.35%,No,Low Risk,Month-to-month Contract; No Tech Support; High Monthly Fee
9787-XVQIU,Segment 3: Short-Term High-Charge Users,0.9332297500245242,93.32%,Yes,High Risk,Month-to-month Contract; Low Tenure (0-12m); Electronic Check Payment
8945-MUQUF,Segment 1: Long-Term Committed Loyalists,0.46047910957444943,46.05%,No,Medium Risk,Electronic Check Payment; No Tech Support; High Monthly Fee
5656-MJEFC,Segment 1: Long-Term Committed Loyalists,0.07274368903213692,7.27%,No,Low Risk,Stable Account Profile
6082-OQFBA,Segment 1: Long-Term Committed Loyalists,0.018793107657989763,1.88%,No,Low Risk,Stable Account Profile
8051-HJRLT,Segment 3: Short-Term High-Charge Users,0.9177161965780154,91.77%,Yes,High Risk,Month-to-month Contract; Low Tenure (0-12m); Electronic Check Payment
8974-OVACP,Segment 3: Short-Term High-Charge Users,0.6829730127125913,68.3%,Yes,High Risk,Month-to-month Contract; Low Tenure (0-12m)
4010-YLMVT,Segment 1: Long-Term Committed Loyalists,0.5069221143534718,50.69%,Yes,Medium Risk,Month-to-month Contract; No Tech Support; High Monthly Fee
1379-FRVEB,Segment 3: Short-Term High-Charge Users,0.7918012475484689,79.18%,Yes,High Risk,Month-to-month Contract; Electronic Check Payment; No Tech Support
8612-GXIDD,Segment 1: Long-Term Committed Loyalists,0.07989290661092416,7.99%,No,Low Risk,Low Tenure (0-12m)
6288-CHQJB,Segment 1: Long-Term Committed Loyalists,0.04808142506830158,4.81%,No,Low Risk,Stable Account Profile
8160-HOWOX,Segment 3: Short-Term High-Charge Users,0.5592386650384326,55.92%,Yes,Medium Risk,Month-to-month Contract; Low Tenure (0-12m); Electronic Check Payment
3023-GFLBR,Segment 3: Short-Term High-Charge Users,0.6001627256003901,60.02%,Yes,High Risk,Month-to-month Contract; No Tech Support; High Monthly Fee
6648-INWPS,Segment 3: Short-Term High-Charge Users,0.23973258752829862,23.97%,No,Low Risk,Month-to-month Contract; Electronic Check Payment
4223-BKEOR,Segment 1: Long-Term Committed Loyalists,0.22788898826128184,22.79%,No,Low Risk,No Tech Support
4079-VTGLK,Segment 1: Long-Term Committed Loyalists,0.16854304594653358,16.85%,No,Low Risk,Electronic Check Payment; No Tech Support; High Monthly Fee
1763-WQFUK,Segment 3: Short-Term High-Charge Users,0.6465559011098839,64.66%,Yes,High Risk,Month-to-month Contract; Low Tenure (0-12m)
1391-UBDAR,Segment 3: Short-Term High-Charge Users,0.6811075192604562,68.11%,Yes,High Risk,Month-to-month Contract; Low Tenure (0-12m); Electronic Check Payment
8894-JVDCV,Segment 1: Long-Term Committed Loyalists,0.3479306008193356,34.79%,No,Medium Risk,High Monthly Fee
2023-VQFDL,Segment 3: Short-Term High-Charge Users,0.23824467089543755,23.82%,No,Low Risk,Month-to-month Contract; Electronic Check Payment
1345-GKDZZ,Segment 3: Short-Term High-Charge Users,0.16276941574427387,16.28%,No,Low Risk,Month-to-month Contract; Low Tenure (0-12m)
2014-MKGMH,Segment 1: Long-Term Committed Loyalists,0.5125909696357933,51.26%,Yes,Medium Risk,Electronic Check Payment; No Tech Support; High Monthly Fee
5628-FCGYG,Segment 3: Short-Term High-Charge Users,0.7481368954423526,74.81%,Yes,High Risk,Month-to-month Contract; Electronic Check Payment; No Tech Support
2560-WBWXF,Segment 1: Long-Term Committed Loyalists,0.02572832195874597,2.57%,No,Low Risk,Stable Account Profile
0248-IPDFW,Segment 3: Short-Term High-Charge Users,0.7715058261281791,77.15%,Yes,High Risk,Month-to-month Contract; Low Tenure (0-12m); Electronic Check Payment
7978-DKUQH,Segment 3: Short-Term High-Charge Users,0.5938877670410058,59.39%,Yes,Medium Risk,Month-to-month Contract; Electronic Check Payment; No Tech Support
4335-UPJSI,Segment 1: Long-Term Committed Loyalists,0.02034497866301899,2.03%,No,Low Risk,Stable Account Profile
0524-IAVZO,Segment 3: Short-Term High-Charge Users,0.7056330263135708,70.56%,Yes,High Risk,Month-to-month Contract; Electronic Check Payment; No Tech Support
2737-YNGYW,Segment 3: Short-Term High-Charge Users,0.844900097883288,84.49%,Yes,High Risk,Month-to-month Contract; Low Tenure (0-12m); Electronic Check Payment
1784-EZDKJ,Segment 1: Long-Term Committed Loyalists,0.53571459476175,53.57%,Yes,Medium Risk,No Tech Support; High Monthly Fee
9297-FVVDH,Segment 1: Long-Term Committed Loyalists,0.05638995000950376,5.64%,No,Low Risk,Electronic Check Payment; High Monthly Fee
8007-YYPWD,Segment 1: Long-Term Committed Loyalists,0.06613052550069234,6.61%,No,Low Risk,Stable Account Profile
7101-HRBLJ,Segment 1: Long-Term Committed Loyalists,0.016564447521581677,1.66%,No,Low Risk,High Monthly Fee
5159-YFPKQ,Segment 3: Short-Term High-Charge Users,0.8566962261874662,85.67%,Yes,High Risk,Month-to-month Contract; Low Tenure (0-12m); Electronic Check Payment
6635-CPNUN,Segment 3: Short-Term High-Charge Users,0.5656143775809916,56.56%,Yes,Medium Risk,Month-to-month Contract; No Tech Support; High Monthly Fee
4021-RQSNY,Segment 3: Short-Term High-Charge Users,0.7968107166024558,79.68%,Yes,High Risk,Month-to-month Contract; Electronic Check Payment; No Tech Support
5453-YBTWV,Segment 1: Long-Term Committed Loyalists,0.102287751018945,10.23%,No,Low Risk,High Monthly Fee
5039-LZRQT,Segment 1: Long-Term Committed Loyalists,0.05001051945581776,5.0%,No,Low Risk,Stable Account Profile
2931-VUVJN,Segment 1: Long-Term Committed Loyalists,0.18455898607871243,18.46%,No,Low Risk,Electronic Check Payment; High Monthly Fee
9061-TIHDA,Segment 3: Short-Term High-Charge Users,0.8373421004368269,83.73%,Yes,High Risk,Month-to-month Contract; Electronic Check Payment; No Tech Support
8699-ASUFO,Segment 3: Short-Term High-Charge Users,0.8403492844935512,84.03%,Yes,High Risk,Month-to-month Contract; Low Tenure (0-12m); No Tech Support
6418-PIQSP,Segment 1: Long-Term Committed Loyalists,0.038979479347922265,3.9%,No,Low Risk,High Monthly Fee
8220-OCUFY,Segment 3: Short-Term High-Charge Users,0.3344144332157959,33.44%,No,Medium Risk,Electronic Check Payment
3995-WFCSM,Segment 3: Short-Term High-Charge Users,0.6605692709339985,66.06%,Yes,High Risk,Month-to-month Contract; Low Tenure (0-12m); Electronic Check Payment
1895-QTKDO,Segment 3: Short-Term High-Charge Users,0.703462354160571,70.35%,Yes,High Risk,Month-to-month Contract; Low Tenure (0-12m); No Tech Support
2038-OEQZH,Segment 3: Short-Term High-Charge Users,0.822873091074407,82.29%,Yes,High Risk,Month-to-month Contract; Low Tenure (0-12m); Electronic Check Payment
1178-PZGAB,Segment 1: Long-Term Committed Loyalists,0.05891399172433791,5.89%,No,Low Risk,Stable Account Profile
7927-AUXBZ,Segment 3: Short-Term High-Charge Users,0.6436096087191691,64.36%,Yes,High Risk,Month-to-month Contract; Electronic Check Payment; High Monthly Fee
2626-VEEWG,Segment 1: Long-Term Committed Loyalists,0.011984519109541824,1.2%,No,Low Risk,Stable Account Profile
2878-RMWXY,Segment 1: Long-Term Committed Loyalists,0.1352884146650997,13.53%,No,Low Risk,No Tech Support; High Monthly Fee
1657-DYMBM,Segment 1: Long-Term Committed Loyalists,0.04195326559167038,4.2%,No,Low Risk,Stable Account Profile
7311-MQJCH,Segment 3: Short-Term High-Charge Users,0.1815466677802881,18.15%,No,Low Risk,Low Tenure (0-12m); Electronic Check Payment
7375-WMVMT,Segment 1: Long-Term Committed Loyalists,0.13023095872823293,13.02%,No,Low Risk,High Monthly Fee
1136-XGEQU,Segment 1: Long-Term Committed Loyalists,0.24084677333901358,24.08%,No,Low Risk,High Monthly Fee
2530-FMFXO,Segment 1: Long-Term Committed Loyalists,0.39588204203883776,39.59%,No,Medium Risk,Electronic Check Payment; High Monthly Fee
6844-DZKRF,Segment 3: Short-Term High-Charge Users,0.6780491438072068,67.8%,Yes,High Risk,Month-to-month Contract; Low Tenure (0-12m)
4695-WJZUE,Segment 3: Short-Term High-Charge Users,0.9066290534683691,90.66%,Yes,High Risk,Month-to-month Contract; Low Tenure (0-12m); Electronic Check Payment
7619-ODSGN,Segment 3: Short-Term High-Charge Users,0.4095736174269081,40.96%,No,Medium Risk,Month-to-month Contract; Electronic Check Payment; No Tech Support
5970-GHJAW,Segment 1: Long-Term Committed Loyalists,0.006843513160060934,0.68%,No,Low Risk,Stable Account Profile
8879-XUAHX,Segment 1: Long-Term Committed Loyalists,0.08189984680359991,8.19%,No,Low Risk,Electronic Check Payment; High Monthly Fee
3689-MOZGR,Segment 3: Short-Term High-Charge Users,0.3897604959561036,38.98%,No,Medium Risk,Month-to-month Contract; Electronic Check Payment
4195-PNGZS,Segment 1: Long-Term Committed Loyalists,0.006461378523431566,0.65%,No,Low Risk,Stable Account Profile
5003-XZWWO,Segment 1: Long-Term Committed Loyalists,0.042914313292447846,4.29%,No,Low Risk,High Monthly Fee
3988-RQIXO,Segment 3: Short-Term High-Charge Users,0.9295781425100051,92.96%,Yes,High Risk,Month-to-month Contract; Low Tenure (0-12m); Electronic Check Payment
7622-FWGEW,Segment 1: Long-Term Committed Loyalists,0.08918195131637828,8.92%,No,Low Risk,High Monthly Fee
6922-NCEDI,Segment 1: Long-Term Committed Loyalists,0.04113476386512774,4.11%,No,Low Risk,Stable Account Profile
2514-GINMM,Segment 3: Short-Term High-Charge Users,0.9283051835763394,92.83%,Yes,High Risk,Month-to-month Contract; Low Tenure (0-12m); Electronic Check Payment
9891-NQDBD,Segment 1: Long-Term Committed Loyalists,0.07123427093802849,7.12%,No,Low Risk,Stable Account Profile
6131-IUNXN,Segment 3: Short-Term High-Charge Users,0.11934561499505082,11.93%,No,Low Risk,Month-to-month Contract
8548-AWOFC,Segment 3: Short-Term High-Charge Users,0.21752314563877007,21.75%,No,Low Risk,Month-to-month Contract; Electronic Check Payment
9798-DRYDS,Segment 1: Long-Term Committed Loyalists,0.2698846920390619,26.99%,No,Low Risk,Stable Account Profile
8532-UEFWH,Segment 1: Long-Term Committed Loyalists,0.02816130659490178,2.82%,No,Low Risk,Stable Account Profile
6296-DDOOR,Segment 3: Short-Term High-Charge Users,0.3403576293397953,34.04%,No,Medium Risk,Electronic Check Payment; No Tech Support
7951-VRDVK,Segment 1: Long-Term Committed Loyalists,0.32665869512082824,32.67%,No,Medium Risk,High Monthly Fee
5931-FLJJF,Segment 3: Short-Term High-Charge Users,0.7864744242053148,78.65%,Yes,High Risk,Month-to-month Contract; Low Tenure (0-12m); No Tech Support
4815-YOSUK,Segment 1: Long-Term Committed Loyalists,0.15004046694190593,15.0%,No,Low Risk,High Monthly Fee
2659-VXMWZ,Segment 1: Long-Term Committed Loyalists,0.32144960380381066,32.14%,No,Medium Risk,Electronic Check Payment; No Tech Support; High Monthly Fee
0380-NEAVX,Segment 3: Short-Term High-Charge Users,0.6293049875029446,62.93%,Yes,High Risk,Electronic Check Payment; No Tech Support; High Monthly Fee
3207-OYBWH,Segment 1: Long-Term Committed Loyalists,0.36596078130317133,36.6%,No,Medium Risk,Month-to-month Contract; No Tech Support; High Monthly Fee
4285-GYRQC,Segment 3: Short-Term High-Charge Users,0.8631936613817629,86.32%,Yes,High Risk,Month-to-month Contract; Low Tenure (0-12m); Electronic Check Payment
7216-EWTRS,Segment 3: Short-Term High-Charge Users,0.9360214481801177,93.6%,Yes,High Risk,Month-to-month Contract; Low Tenure (0-12m); Electronic Check Payment
4365-MSDYN,Segment 3: Short-Term High-Charge Users,0.2023949342096842,20.24%,No,Low Risk,Month-to-month Contract; Low Tenure (0-12m)
7036-TYDEC,Segment 1: Long-Term Committed Loyalists,0.27882016100830237,27.88%,No,Low Risk,Electronic Check Payment; High Monthly Fee
5802-ADBRC,Segment 1: Long-Term Committed Loyalists,0.4608885673646453,46.09%,No,Medium Risk,No Tech Support; High Monthly Fee
8076-FEZKJ,Segment 1: Long-Term Committed Loyalists,0.0587858667261915,5.88%,No,Low Risk,Low Tenure (0-12m)
5197-YPYBZ,Segment 1: Long-Term Committed Loyalists,0.08976355003036844,8.98%,No,Low Risk,Low Tenure (0-12m)
8337-MSSXB,Segment 3: Short-Term High-Charge Users,0.7883781936882371,78.84%,Yes,High Risk,Month-to-month Contract; Electronic Check Payment; No Tech Support
4312-GVYNH,Segment 1: Long-Term Committed Loyalists,0.06937397474238186,6.94%,No,Low Risk,Stable Account Profile
8495-LJDFO,Segment 1: Long-Term Committed Loyalists,0.30497878617627827,30.5%,No,Medium Risk,Month-to-month Contract; High Monthly Fee
0839-JTCUD,Segment 1: Long-Term Committed Loyalists,0.030743641094183545,3.07%,No,Low Risk,High Monthly Fee
5494-WOZRZ,Segment 1: Long-Term Committed Loyalists,0.02871982581834906,2.87%,No,Low Risk,High Monthly Fee
1302-UHBDD,Segment 3: Short-Term High-Charge Users,0.7164395918098112,71.64%,Yes,High Risk,Month-to-month Contract; Electronic Check Payment; No Tech Support
2234-EOFPT,Segment 1: Long-Term Committed Loyalists,0.03656373944487767,3.66%,No,Low Risk,High Monthly Fee
8619-IJNDK,Segment 1: Long-Term Committed Loyalists,0.05083663038361163,5.08%,No,Low Risk,Stable Account Profile
8378-LKJAF,Segment 3: Short-Term High-Charge Users,0.6848664041024987,68.49%,Yes,High Risk,Month-to-month Contract; No Tech Support; High Monthly Fee
8182-BJDSI,Segment 3: Short-Term High-Charge Users,0.7414407268468775,74.14%,Yes,High Risk,Month-to-month Contract; Electronic Check Payment; No Tech Support
2528-HFYZX,Segment 3: Short-Term High-Charge Users,0.7311193835518363,73.11%,Yes,High Risk,Month-to-month Contract; Electronic Check Payment; No Tech Support
1153-GNOLC,Segment 1: Long-Term Committed Loyalists,0.2853374397711272,28.53%,No,Low Risk,Electronic Check Payment; No Tech Support
3298-QEICA,Segment 1: Long-Term Committed Loyalists,0.06906707141715458,6.91%,No,Low Risk,Stable Account Profile
0788-DXBFY,Segment 1: Long-Term Committed Loyalists,0.08750769640512823,8.75%,No,Low Risk,Electronic Check Payment
3597-YASZG,Segment 1: Long-Term Committed Loyalists,0.24171230500628557,24.17%,No,Low Risk,High Monthly Fee
3496-LFSZU,Segment 3: Short-Term High-Charge Users,0.7854811109858252,78.55%,Yes,High Risk,Month-to-month Contract; Low Tenure (0-12m); Electronic Check Payment
5242-UOWHD,Segment 1: Long-Term Committed Loyalists,0.006289303562529347,0.63%,No,Low Risk,Stable Account Profile
2482-CZGBB,Segment 3: Short-Term High-Charge Users,0.7637434808846059,76.37%,Yes,High Risk,Month-to-month Contract; Low Tenure (0-12m); Electronic Check Payment
6479-SZPLM,Segment 1: Long-Term Committed Loyalists,0.009340853855529248,0.93%,No,Low Risk,Stable Account Profile
8097-VBQTZ,Segment 1: Long-Term Committed Loyalists,0.0873510390200512,8.74%,No,Low Risk,Month-to-month Contract
4500-HKANN,Segment 1: Long-Term Committed Loyalists,0.10187808781719337,10.19%,No,Low Risk,Stable Account Profile
9917-KWRBE,Segment 1: Long-Term Committed Loyalists,0.22325263392425995,22.33%,No,Low Risk,No Tech Support; High Monthly Fee
3420-ZDBMA,Segment 3: Short-Term High-Charge Users,0.8086025689117177,80.86%,Yes,High Risk,Month-to-month Contract; Low Tenure (0-12m); No Tech Support
2212-LYASK,Segment 1: Long-Term Committed Loyalists,0.26502428724447646,26.5%,No,Low Risk,No Tech Support
1393-IMKZG,Segment 3: Short-Term High-Charge Users,0.8219416148229736,82.19%,Yes,High Risk,Month-to-month Contract; Low Tenure (0-12m); Electronic Check Payment
8069-RHUXK,Segment 1: Long-Term Committed Loyalists,0.05813691745814373,5.81%,No,Low Risk,Stable Account Profile
3398-GCPMU,Segment 1: Long-Term Committed Loyalists,0.02567986960920571,2.57%,No,Low Risk,High Monthly Fee
2908-WGAXL,Segment 1: Long-Term Committed Loyalists,0.05876470753908721,5.88%,No,Low Risk,Stable Account Profile
3378-AJRAO,Segment 1: Long-Term Committed Loyalists,0.03256460855259297,3.26%,No,Low Risk,Electronic Check Payment
1013-QCWAM,Segment 1: Long-Term Committed Loyalists,0.5417537956512375,54.18%,Yes,Medium Risk,Month-to-month Contract; Electronic Check Payment; No Tech Support
0866-QLSIR,Segment 1: Long-Term Committed Loyalists,0.11561704758661387,11.56%,No,Low Risk,Stable Account Profile
6050-FFXES,Segment 1: Long-Term Committed Loyalists,0.2569765246806569,25.7%,No,Low Risk,High Monthly Fee
7181-BQYBV,Segment 3: Short-Term High-Charge Users,0.857266635161758,85.73%,Yes,High Risk,Month-to-month Contract; Low Tenure (0-12m); Electronic Check Payment
0362-RAOQO,Segment 1: Long-Term Committed Loyalists,0.01336357011671361,1.34%,No,Low Risk,Stable Account Profile
9554-DFKIC,Segment 3: Short-Term High-Charge Users,0.2272314207189381,22.72%,No,Low Risk,Month-to-month Contract; No Tech Support
5527-ACHSO,Segment 3: Short-Term High-Charge Users,0.4140128113928582,41.4%,No,Medium Risk,Month-to-month Contract; Low Tenure (0-12m); High Monthly Fee
0829-DDVLK,Segment 1: Long-Term Committed Loyalists,0.08365758384848586,8.37%,No,Low Risk,Stable Account Profile
1399-UBQIU,Segment 3: Short-Term High-Charge Users,0.5094399525051397,50.94%,Yes,Medium Risk,Month-to-month Contract; Low Tenure (0-12m); Electronic Check Payment
1813-JLKWR,Segment 1: Long-Term Committed Loyalists,0.0686715191689477,6.87%,No,Low Risk,Stable Account Profile
0336-PIKEI,Segment 1: Long-Term Committed Loyalists,0.07082111150041297,7.08%,No,Low Risk,High Monthly Fee
7322-OCWHC,Segment 1: Long-Term Committed Loyalists,0.07025608890125551,7.03%,No,Low Risk,High Monthly Fee
9537-VHDTA,Segment 3: Short-Term High-Charge Users,0.6726551510768184,67.27%,Yes,High Risk,Month-to-month Contract; Low Tenure (0-12m); No Tech Support
4957-TIALW,Segment 1: Long-Term Committed Loyalists,0.1414797992081632,14.15%,No,Low Risk,Stable Account Profile
2054-PJOCK,Segment 1: Long-Term Committed Loyalists,0.14538955960983985,14.54%,No,Low Risk,High Monthly Fee
9150-HEPMB,Segment 1: Long-Term Committed Loyalists,0.11908174586134278,11.91%,No,Low Risk,No Tech Support
9030-QGZNL,Segment 1: Long-Term Committed Loyalists,0.041999686439220134,4.2%,No,Low Risk,Low Tenure (0-12m)
6204-IEUXJ,Segment 3: Short-Term High-Charge Users,0.813766972726267,81.38%,Yes,High Risk,Month-to-month Contract; Low Tenure (0-12m); High Monthly Fee
3126-WQMGH,Segment 3: Short-Term High-Charge Users,0.2851623235189159,28.52%,No,Low Risk,Month-to-month Contract; No Tech Support
4529-CKBCL,Segment 3: Short-Term High-Charge Users,0.8693575137010001,86.94%,Yes,High Risk,Month-to-month Contract; Low Tenure (0-12m); Electronic Check Payment
2506-CLAKW,Segment 3: Short-Term High-Charge Users,0.8241909044001366,82.42%,Yes,High Risk,Month-to-month Contract; Low Tenure (0-12m); High Monthly Fee
7176-WRTNX,Segment 1: Long-Term Committed Loyalists,0.24688669406828415,24.69%,No,Low Risk,High Monthly Fee
1583-IHQZE,Segment 3: Short-Term High-Charge Users,0.8422993383941869,84.23%,Yes,High Risk,Month-to-month Contract; Low Tenure (0-12m); High Monthly Fee
5732-IKGQH,Segment 1: Long-Term Committed Loyalists,0.45635980309001706,45.64%,No,Medium Risk,High Monthly Fee
9239-GZHZE,Segment 1: Long-Term Committed Loyalists,0.03428295255280211,3.43%,No,Low Risk,High Monthly Fee
7205-BAIAD,Segment 1: Long-Term Committed Loyalists,0.010208797115120162,1.02%,No,Low Risk,Stable Account Profile
0151-ONTOV,Segment 3: Short-Term High-Charge Users,0.8880963314125103,88.81%,Yes,High Risk,Month-to-month Contract; Low Tenure (0-12m); No Tech Support
4140-MUHUG,Segment 3: Short-Term High-Charge Users,0.857509828365131,85.75%,Yes,High Risk,Month-to-month Contract; Low Tenure (0-12m); Electronic Check Payment
0093-EXYQL,Segment 3: Short-Term High-Charge Users,0.6448529178065576,64.49%,Yes,High Risk,Month-to-month Contract; Electronic Check Payment; No Tech Support
8064-RAVOH,Segment 3: Short-Term High-Charge Users,0.7849024822047367,78.49%,Yes,High Risk,Month-to-month Contract; Low Tenure (0-12m); Electronic Check Payment
0219-QAERP,Segment 1: Long-Term Committed Loyalists,0.015491058932812798,1.55%,No,Low Risk,Stable Account Profile
0320-JDNQG,Segment 3: Short-Term High-Charge Users,0.7483290771037064,74.83%,Yes,High Risk,Month-to-month Contract; Electronic Check Payment; High Monthly Fee
7180-PISOG,Segment 3: Short-Term High-Charge Users,0.9179058244523831,91.79%,Yes,High Risk,Month-to-month Contract; Low Tenure (0-12m); Electronic Check Payment
9168-INPSZ,Segment 3: Short-Term High-Charge Users,0.6806637121905991,68.07%,Yes,High Risk,Month-to-month Contract; Electronic Check Payment; High Monthly Fee
3571-RFHAR,Segment 1: Long-Term Committed Loyalists,0.5950191848079963,59.5%,Yes,Medium Risk,Month-to-month Contract; Electronic Check Payment; High Monthly Fee
0015-UOCOJ,Segment 3: Short-Term High-Charge Users,0.6256555274871755,62.57%,Yes,High Risk,Month-to-month Contract; Low Tenure (0-12m); Electronic Check Payment
5334-AFQJB,Segment 1: Long-Term Committed Loyalists,0.011129593251220225,1.11%,No,Low Risk,Stable Account Profile
2754-SDJRD,Segment 3: Short-Term High-Charge Users,0.8785187533506208,87.85%,Yes,High Risk,Month-to-month Contract; Low Tenure (0-12m); High Monthly Fee
9578-VRMNM,Segment 3: Short-Term High-Charge Users,0.49803472411414285,49.8%,No,Medium Risk,Month-to-month Contract; No Tech Support
1587-FKLZB,Segment 1: Long-Term Committed Loyalists,0.4771193916704209,47.71%,No,Medium Risk,Month-to-month Contract; No Tech Support; High Monthly Fee
6140-QNRQQ,Segment 3: Short-Term High-Charge Users,0.900216287456041,90.02%,Yes,High Risk,Month-to-month Contract; Low Tenure (0-12m); No Tech Support
8963-JLGJT,Segment 3: Short-Term High-Charge Users,0.6098025763698633,60.98%,Yes,High Risk,Month-to-month Contract; Low Tenure (0-12m); No Tech Support
4307-KTUMW,Segment 3: Short-Term High-Charge Users,0.5537665843035396,55.38%,Yes,Medium Risk,Month-to-month Contract; Electronic Check Payment; No Tech Support
1465-LNTLJ,Segment 3: Short-Term High-Charge Users,0.4206610650781469,42.07%,No,Medium Risk,Month-to-month Contract; Low Tenure (0-12m)
5440-FLBQG,Segment 1: Long-Term Committed Loyalists,0.4584579532255927,45.85%,No,Medium Risk,High Monthly Fee
2135-DQWAQ,Segment 3: Short-Term High-Charge Users,0.8393151774112412,83.93%,Yes,High Risk,Month-to-month Contract; Low Tenure (0-12m); No Tech Support
4056-QHXHZ,Segment 1: Long-Term Committed Loyalists,0.09410440541184824,9.41%,No,Low Risk,High Monthly Fee
7470-MCQTK,Segment 3: Short-Term High-Charge Users,0.5476776289068455,54.77%,Yes,Medium Risk,Month-to-month Contract; No Tech Support
7488-MXJIV,Segment 3: Short-Term High-Charge Users,0.8819480990585113,88.19%,Yes,High Risk,Month-to-month Contract; Low Tenure (0-12m); Electronic Check Payment
7401-JIXNM,Segment 1: Long-Term Committed Loyalists,0.061691783136616,6.17%,No,Low Risk,High Monthly Fee
9339-FIIJL,Segment 1: Long-Term Committed Loyalists,0.03890490446092776,3.89%,No,Low Risk,High Monthly Fee
2027-FECZV,Segment 3: Short-Term High-Charge Users,0.8718223286912998,87.18%,Yes,High Risk,Month-to-month Contract; Low Tenure (0-12m); Electronic Check Payment
2672-DZUOY,Segment 3: Short-Term High-Charge Users,0.8234870970427417,82.35%,Yes,High Risk,Month-to-month Contract; Low Tenure (0-12m); Electronic Check Payment
4706-DGAHW,Segment 3: Short-Term High-Charge Users,0.7841631771931002,78.42%,Yes,High Risk,Month-to-month Contract; Low Tenure (0-12m); Electronic Check Payment
3870-MQAMG,Segment 1: Long-Term Committed Loyalists,0.541091990269443,54.11%,Yes,Medium Risk,Electronic Check Payment; High Monthly Fee
6670-MFRPK,Segment 1: Long-Term Committed Loyalists,0.0973162447518197,9.73%,No,Low Risk,No Tech Support; High Monthly Fee
6177-PEVRA,Segment 1: Long-Term Committed Loyalists,0.13131147378090688,13.13%,No,Low Risk,No Tech Support
4800-CZMPC,Segment 1: Long-Term Committed Loyalists,0.4994284494038451,49.94%,No,Medium Risk,No Tech Support; High Monthly Fee
4813-HQMGZ,Segment 3: Short-Term High-Charge Users,0.8420130649628533,84.2%,Yes,High Risk,Month-to-month Contract; Low Tenure (0-12m); Electronic Check Payment
7579-KKLOE,Segment 1: Long-Term Committed Loyalists,0.027175160326405857,2.72%,No,Low Risk,High Monthly Fee
7377-DMMRI,Segment 3: Short-Term High-Charge Users,0.7808587146792106,78.09%,Yes,High Risk,Month-to-month Contract; Low Tenure (0-12m); Electronic Check Payment
8402-EIVQS,Segment 1: Long-Term Committed Loyalists,0.30930619432754114,30.93%,No,Medium Risk,No Tech Support; High Monthly Fee
4947-DSMXK,Segment 3: Short-Term High-Charge Users,0.6775854524166816,67.76%,Yes,High Risk,Month-to-month Contract; No Tech Support; High Monthly Fee
7245-NIIWQ,Segment 3: Short-Term High-Charge Users,0.811559131431387,81.16%,Yes,High Risk,Month-to-month Contract; Low Tenure (0-12m); Electronic Check Payment
0002-ORFBO,Segment 1: Long-Term Committed Loyalists,0.24881180637219066,24.88%,No,Low Risk,Low Tenure (0-12m)
3324-OIRTO,Segment 1: Long-Term Committed Loyalists,0.26484192769484594,26.48%,No,Low Risk,No Tech Support; High Monthly Fee
5414-OFQCB,Segment 1: Long-Term Committed Loyalists,0.14884291562752158,14.88%,No,Low Risk,High Monthly Fee
4967-WPNCF,Segment 1: Long-Term Committed Loyalists,0.018252035127946112,1.83%,No,Low Risk,Stable Account Profile
8552-OBVRU,Segment 3: Short-Term High-Charge Users,0.470675273615656,47.07%,No,Medium Risk,Month-to-month Contract; Electronic Check Payment; High Monthly Fee
8499-BRXTD,Segment 1: Long-Term Committed Loyalists,0.058430324010243465,5.84%,No,Low Risk,Stable Account Profile
9154-QDGTH,Segment 1: Long-Term Committed Loyalists,0.4729429963406829,47.29%,No,Medium Risk,High Monthly Fee
8197-BFWVU,Segment 1: Long-Term Committed Loyalists,0.03332131801280145,3.33%,No,Low Risk,High Monthly Fee
2577-GVSIL,Segment 1: Long-Term Committed Loyalists,0.28913833204084416,28.91%,No,Low Risk,High Monthly Fee
9367-OIUXP,Segment 3: Short-Term High-Charge Users,0.24244098494750266,24.24%,No,Low Risk,Month-to-month Contract; Low Tenure (0-12m)
6770-UAYGJ,Segment 1: Long-Term Committed Loyalists,0.02038959078366864,2.04%,No,Low Risk,Stable Account Profile
6463-HHXJR,Segment 1: Long-Term Committed Loyalists,0.10081840188123728,10.08%,No,Low Risk,No Tech Support; High Monthly Fee
7928-VJYAB,Segment 3: Short-Term High-Charge Users,0.8051629331708855,80.52%,Yes,High Risk,Month-to-month Contract; Low Tenure (0-12m); Electronic Check Payment
1187-WILMM,Segment 1: Long-Term Committed Loyalists,0.02403837078612774,2.4%,No,Low Risk,High Monthly Fee
9776-OJUZI,Segment 1: Long-Term Committed Loyalists,0.30394144386584454,30.39%,No,Medium Risk,Month-to-month Contract; No Tech Support; High Monthly Fee
1306-RPWXZ,Segment 1: Long-Term Committed Loyalists,0.021683836811928304,2.17%,No,Low Risk,Stable Account Profile
8949-JTMAY,Segment 3: Short-Term High-Charge Users,0.7144474161357832,71.44%,Yes,High Risk,Month-to-month Contract; No Tech Support; High Monthly Fee
2774-LVQUS,Segment 3: Short-Term High-Charge Users,0.7705968998769551,77.06%,Yes,High Risk,Month-to-month Contract; Electronic Check Payment; High Monthly Fee
3097-PYWXL,Segment 3: Short-Term High-Charge Users,0.22411034387553191,22.41%,No,Low Risk,Month-to-month Contract; Low Tenure (0-12m); Electronic Check Payment
2266-SJNAT,Segment 1: Long-Term Committed Loyalists,0.31748747653502085,31.75%,No,Medium Risk,High Monthly Fee
0869-PAPRP,Segment 3: Short-Term High-Charge Users,0.6215471940377768,62.15%,Yes,High Risk,Month-to-month Contract; No Tech Support; High Monthly Fee
4238-JSSWH,Segment 3: Short-Term High-Charge Users,0.6163366884865102,61.63%,Yes,High Risk,Month-to-month Contract; No Tech Support; High Monthly Fee
2972-YDYUW,Segment 1: Long-Term Committed Loyalists,0.2955573932761871,29.56%,No,Low Risk,Electronic Check Payment; High Monthly Fee
1104-FEJAM,Segment 3: Short-Term High-Charge Users,0.3139981121449656,31.4%,No,Medium Risk,Month-to-month Contract; Electronic Check Payment; No Tech Support
2809-ILCYT,Segment 1: Long-Term Committed Loyalists,0.21517882961071588,21.52%,No,Low Risk,Stable Account Profile
5499-ECUTN,Segment 1: Long-Term Committed Loyalists,0.17242230022311048,17.24%,No,Low Risk,No Tech Support
4981-FLTMF,Segment 3: Short-Term High-Charge Users,0.15596928116052028,15.6%,No,Low Risk,Month-to-month Contract
9121-PHQSR,Segment 3: Short-Term High-Charge Users,0.6793426238107682,67.93%,Yes,High Risk,Month-to-month Contract; No Tech Support; High Monthly Fee
3113-IWHLC,Segment 3: Short-Term High-Charge Users,0.510454711150863,51.05%,Yes,Medium Risk,Month-to-month Contract; Low Tenure (0-12m); No Tech Support
3211-ILJTT,Segment 3: Short-Term High-Charge Users,0.6307937853133809,63.08%,Yes,High Risk,Month-to-month Contract; No Tech Support; High Monthly Fee
4612-THJBS,Segment 1: Long-Term Committed Loyalists,0.5474402869398844,54.74%,Yes,Medium Risk,No Tech Support; High Monthly Fee
4277-BWBML,Segment 1: Long-Term Committed Loyalists,0.02121762519131802,2.12%,No,Low Risk,Stable Account Profile
4094-NSEDU,Segment 3: Short-Term High-Charge Users,0.8000865365956388,80.01%,Yes,High Risk,Month-to-month Contract; Electronic Check Payment; No Tech Support
0234-TEVTT,Segment 1: Long-Term Committed Loyalists,0.16646332245891543,16.65%,No,Low Risk,No Tech Support
4304-TSPVK,Segment 1: Long-Term Committed Loyalists,0.15170895999232162,15.17%,No,Low Risk,High Monthly Fee
1552-AAGRX,Segment 3: Short-Term High-Charge Users,0.5204336327637378,52.04%,Yes,Medium Risk,Month-to-month Contract; High Monthly Fee
2637-FKFSY,Segment 3: Short-Term High-Charge Users,0.7140898011677828,71.41%,Yes,High Risk,Month-to-month Contract; Low Tenure (0-12m); No Tech Support
9796-MVYXX,Segment 1: Long-Term Committed Loyalists,0.08418812325714324,8.42%,No,Low Risk,Stable Account Profile
7874-ECPQJ,Segment 3: Short-Term High-Charge Users,0.19238114117827562,19.24%,No,Low Risk,Month-to-month Contract; Low Tenure (0-12m)
0020-INWCK,Segment 1: Long-Term Committed Loyalists,0.1277323888542509,12.77%,No,Low Risk,No Tech Support; High Monthly Fee
7089-RKVSZ,Segment 1: Long-Term Committed Loyalists,0.07432180227265152,7.43%,No,Low Risk,Low Tenure (0-12m)
2683-JXWQQ,Segment 3: Short-Term High-Charge Users,0.2712950793521766,27.13%,No,Low Risk,Month-to-month Contract; No Tech Support
9548-ZMVTX,Segment 1: Long-Term Committed Loyalists,0.08605712303430903,8.61%,No,Low Risk,High Monthly Fee
8739-XNIKG,Segment 3: Short-Term High-Charge Users,0.8828518629463507,88.29%,Yes,High Risk,Month-to-month Contract; Low Tenure (0-12m); Electronic Check Payment
9755-JHNMN,Segment 1: Long-Term Committed Loyalists,0.0445572297466114,4.46%,No,Low Risk,Stable Account Profile
3981-QSVQI,Segment 3: Short-Term High-Charge Users,0.1836060137499054,18.36%,No,Low Risk,Month-to-month Contract; Low Tenure (0-12m)
2789-HQBOU,Segment 3: Short-Term High-Charge Users,0.853004398872234,85.3%,Yes,High Risk,Month-to-month Contract; Low Tenure (0-12m); Electronic Check Payment
9424-CMPOG,Segment 1: Long-Term Committed Loyalists,0.023999745998265265,2.4%,No,Low Risk,Low Tenure (0-12m)
5067-WJEUN,Segment 1: Long-Term Committed Loyalists,0.044032566494194327,4.4%,No,Low Risk,No Tech Support
3450-WXOAT,Segment 3: Short-Term High-Charge Users,0.25811708999322774,25.81%,No,Low Risk,Month-to-month Contract; No Tech Support
9251-WNSOD,Segment 1: Long-Term Committed Loyalists,0.17779036558170755,17.78%,No,Low Risk,No Tech Support; High Monthly Fee
6974-DAFLI,Segment 1: Long-Term Committed Loyalists,0.07560744350085388,7.56%,No,Low Risk,Electronic Check Payment
2616-UUTFK,Segment 3: Short-Term High-Charge Users,0.2513879615952907,25.14%,No,Low Risk,Month-to-month Contract; No Tech Support; High Monthly Fee
7064-JHXCE,Segment 1: Long-Term Committed Loyalists,0.007969314460434519,0.8%,No,Low Risk,Stable Account Profile
5103-MHMHY,Segment 3: Short-Term High-Charge Users,0.7449008504088452,74.49%,Yes,High Risk,Month-to-month Contract; Low Tenure (0-12m); No Tech Support
7989-AWGEH,Segment 3: Short-Term High-Charge Users,0.28324456205952997,28.32%,No,Low Risk,Month-to-month Contract; Electronic Check Payment; No Tech Support
4373-VVHQL,Segment 3: Short-Term High-Charge Users,0.7862576508334946,78.63%,Yes,High Risk,Month-to-month Contract; Low Tenure (0-12m); Electronic Check Payment
4559-UWIHT,Segment 3: Short-Term High-Charge Users,0.7842855862070922,78.43%,Yes,High Risk,Month-to-month Contract; Electronic Check Payment; No Tech Support
7268-IGMFD,Segment 3: Short-Term High-Charge Users,0.6100499843531659,61.0%,Yes,High Risk,Month-to-month Contract; High Monthly Fee
1846-XWOQN,Segment 3: Short-Term High-Charge Users,0.916751865145392,91.68%,Yes,High Risk,Month-to-month Contract; Low Tenure (0-12m); Electronic Check Payment
0235-KGSLC,Segment 3: Short-Term High-Charge Users,0.8993403021855154,89.93%,Yes,High Risk,Month-to-month Contract; Low Tenure (0-12m); No Tech Support
6650-BWFRT,Segment 1: Long-Term Committed Loyalists,0.04127681733379532,4.13%,No,Low Risk,High Monthly Fee
9570-KYEUA,Segment 1: Long-Term Committed Loyalists,0.15099311003727814,15.1%,No,Low Risk,High Monthly Fee
6993-YGFJV,Segment 1: Long-Term Committed Loyalists,0.11872610841919293,11.87%,No,Low Risk,High Monthly Fee
2712-SYWAY,Segment 3: Short-Term High-Charge Users,0.3405961126626254,34.06%,No,Medium Risk,Month-to-month Contract; Low Tenure (0-12m); Electronic Check Payment
0730-BGQGF,Segment 1: Long-Term Committed Loyalists,0.017840547652888138,1.78%,No,Low Risk,High Monthly Fee
5498-IBWPI,Segment 1: Long-Term Committed Loyalists,0.12151770276634224,12.15%,No,Low Risk,Stable Account Profile
9101-NTIXF,Segment 3: Short-Term High-Charge Users,0.17916885494969836,17.92%,No,Low Risk,Month-to-month Contract; Low Tenure (0-12m)
0013-SMEOE,Segment 1: Long-Term Committed Loyalists,0.08832587515179068,8.83%,No,Low Risk,High Monthly Fee
9314-QDMDW,Segment 3: Short-Term High-Charge Users,0.40303635798403226,40.3%,No,Medium Risk,Low Tenure (0-12m); Electronic Check Payment; No Tech Support
9308-ANMVE,Segment 3: Short-Term High-Charge Users,0.3049471498197059,30.49%,No,Medium Risk,Month-to-month Contract; Electronic Check Payment; No Tech Support
2884-GBPFB,Segment 3: Short-Term High-Charge Users,0.6712749568501646,67.13%,Yes,High Risk,Month-to-month Contract; Electronic Check Payment; No Tech Support
3757-NJYBX,Segment 3: Short-Term High-Charge Users,0.6826454581079516,68.26%,Yes,High Risk,Month-to-month Contract; No Tech Support; High Monthly Fee
3413-DHLPB,Segment 1: Long-Term Committed Loyalists,0.414304586776054,41.43%,No,Medium Risk,Month-to-month Contract; High Monthly Fee
7649-PHJVR,Segment 1: Long-Term Committed Loyalists,0.05021489390040039,5.02%,No,Low Risk,Low Tenure (0-12m)
6114-TCFID,Segment 1: Long-Term Committed Loyalists,0.1067174663163896,10.67%,No,Low Risk,Stable Account Profile
3787-TRIAL,Segment 3: Short-Term High-Charge Users,0.5404002215794986,54.04%,Yes,Medium Risk,Month-to-month Contract; Electronic Check Payment; No Tech Support
2573-GYRUU,Segment 3: Short-Term High-Charge Users,0.5910273639225965,59.1%,Yes,Medium Risk,Month-to-month Contract; No Tech Support; High Monthly Fee
5156-UMKOW,Segment 3: Short-Term High-Charge Users,0.5966075740734619,59.66%,Yes,Medium Risk,Month-to-month Contract; Low Tenure (0-12m); No Tech Support
1247-QBVSH,Segment 3: Short-Term High-Charge Users,0.26028149410153256,26.03%,No,Low Risk,Month-to-month Contract; No Tech Support
6734-GMPVK,Segment 3: Short-Term High-Charge Users,0.8204763498957062,82.05%,Yes,High Risk,Month-to-month Contract; Low Tenure (0-12m); Electronic Check Payment
9822-OAOVB,Segment 3: Short-Term High-Charge Users,0.7784180795367942,77.84%,Yes,High Risk,Month-to-month Contract; Low Tenure (0-12m); Electronic Check Payment
6161-ERDGD,Segment 1: Long-Term Committed Loyalists,0.15763759226042467,15.76%,No,Low Risk,Electronic Check Payment; High Monthly Fee
1226-JZNKR,Segment 3: Short-Term High-Charge Users,0.2117425771794812,21.17%,No,Low Risk,Low Tenure (0-12m); Electronic Check Payment
7318-EIVKO,Segment 3: Short-Term High-Charge Users,0.5415327927788063,54.15%,Yes,Medium Risk,Month-to-month Contract; Low Tenure (0-12m); Electronic Check Payment
3771-PZOBW,Segment 3: Short-Term High-Charge Users,0.6532826998495859,65.33%,Yes,High Risk,Month-to-month Contract; No Tech Support; High Monthly Fee
5136-KCKGI,Segment 1: Long-Term Committed Loyalists,0.5392945057435199,53.93%,Yes,Medium Risk,No Tech Support; High Monthly Fee
8231-BSWXX,Segment 1: Long-Term Committed Loyalists,0.1741871794367335,17.42%,No,Low Risk,No Tech Support; High Monthly Fee
6486-LHTMA,Segment 3: Short-Term High-Charge Users,0.5872382465691096,58.72%,Yes,Medium Risk,Electronic Check Payment; No Tech Support; High Monthly Fee
4083-BFNYK,Segment 1: Long-Term Committed Loyalists,0.28164581192631016,28.16%,No,Low Risk,No Tech Support; High Monthly Fee
3722-WPXTK,Segment 3: Short-Term High-Charge Users,0.91450377353876,91.45%,Yes,High Risk,Month-to-month Contract; Low Tenure (0-12m); Electronic Check Payment
7389-KBFIT,Segment 3: Short-Term High-Charge Users,0.732063805204141,73.21%,Yes,High Risk,Month-to-month Contract; Low Tenure (0-12m); No Tech Support
7176-WIONM,Segment 3: Short-Term High-Charge Users,0.5240109255521852,52.4%,Yes,Medium Risk,Month-to-month Contract; Low Tenure (0-12m); No Tech Support
5141-ZUVBH,Segment 3: Short-Term High-Charge Users,0.6651020042948074,66.51%,Yes,High Risk,Month-to-month Contract; Low Tenure (0-12m); High Monthly Fee
1089-HDMKP,Segment 3: Short-Term High-Charge Users,0.5090744925059302,50.91%,Yes,Medium Risk,Month-to-month Contract; Low Tenure (0-12m); Electronic Check Payment
7623-HKYRK,Segment 3: Short-Term High-Charge Users,0.16019667403759033,16.02%,No,Low Risk,Month-to-month Contract; Low Tenure (0-12m)
0310-SUCIN,Segment 1: Long-Term Committed Loyalists,0.1548945634242386,15.49%,No,Low Risk,High Monthly Fee
5197-PYEPU,Segment 1: Long-Term Committed Loyalists,0.2518052330500599,25.18%,No,Low Risk,No Tech Support; High Monthly Fee
2929-ERCFZ,Segment 3: Short-Term High-Charge Users,0.8630576424067335,86.31%,Yes,High Risk,Month-to-month Contract; Low Tenure (0-12m); Electronic Check Payment
7548-SEPYI,Segment 3: Short-Term High-Charge Users,0.8906532487408824,89.07%,Yes,High Risk,Month-to-month Contract; Low Tenure (0-12m); Electronic Check Payment
8835-VSDSE,Segment 3: Short-Term High-Charge Users,0.8375409730129179,83.75%,Yes,High Risk,Month-to-month Contract; Low Tenure (0-12m); Electronic Check Payment
6619-RPLQZ,Segment 1: Long-Term Committed Loyalists,0.008394269275837231,0.84%,No,Low Risk,Stable Account Profile
3275-RHRNE,Segment 1: Long-Term Committed Loyalists,0.27359240651174177,27.36%,No,Low Risk,Stable Account Profile
3503-TYDAY,Segment 3: Short-Term High-Charge Users,0.5825984557982528,58.26%,Yes,Medium Risk,Month-to-month Contract; Electronic Check Payment; No Tech Support
6901-GOGZG,Segment 1: Long-Term Committed Loyalists,0.062276553097872084,6.23%,No,Low Risk,Electronic Check Payment; High Monthly Fee
1623-NLDOT,Segment 1: Long-Term Committed Loyalists,0.36630997704802065,36.63%,No,Medium Risk,Stable Account Profile
7021-XSNYE,Segment 1: Long-Term Committed Loyalists,0.10552712262374005,10.55%,No,Low Risk,Low Tenure (0-12m)
9621-OUPYD,Segment 1: Long-Term Committed Loyalists,0.027421725182897844,2.74%,No,Low Risk,Stable Account Profile
9898-KZQDZ,Segment 3: Short-Term High-Charge Users,0.659149418753923,65.91%,Yes,High Risk,Month-to-month Contract; No Tech Support; High Monthly Fee
8982-NHAVY,Segment 1: Long-Term Committed Loyalists,0.40011058421682527,40.01%,No,Medium Risk,No Tech Support; High Monthly Fee
4307-KWMXE,Segment 3: Short-Term High-Charge Users,0.5146637743138818,51.47%,Yes,Medium Risk,Month-to-month Contract; Low Tenure (0-12m); Electronic Check Payment
0141-YEAYS,Segment 3: Short-Term High-Charge Users,0.6475429370677045,64.75%,Yes,High Risk,Month-to-month Contract; No Tech Support; High Monthly Fee
2450-ZKEED,Segment 1: Long-Term Committed Loyalists,0.2207339487508289,22.07%,No,Low Risk,Low Tenure (0-12m)
3694-DELSO,Segment 3: Short-Term High-Charge Users,0.5422605654886833,54.23%,Yes,Medium Risk,Month-to-month Contract; Low Tenure (0-12m); No Tech Support
3893-JRNFS,Segment 3: Short-Term High-Charge Users,0.3739371396319373,37.39%,No,Medium Risk,Month-to-month Contract; No Tech Support
9603-OAIHC,Segment 3: Short-Term High-Charge Users,0.9138007096191478,91.38%,Yes,High Risk,Month-to-month Contract; Low Tenure (0-12m); Electronic Check Payment
1133-KXCGE,Segment 1: Long-Term Committed Loyalists,0.08732815116564045,8.73%,No,Low Risk,Stable Account Profile
5236-PERKL,Segment 1: Long-Term Committed Loyalists,0.3909335091721271,39.09%,No,Medium Risk,No Tech Support; High Monthly Fee
0142-GVYSN,Segment 3: Short-Term High-Charge Users,0.0615961878511379,6.16%,No,Low Risk,Month-to-month Contract; Electronic Check Payment
1049-FYSYG,Segment 3: Short-Term High-Charge Users,0.4134224719413002,41.34%,No,Medium Risk,Month-to-month Contract; No Tech Support
7854-FOKSF,Segment 3: Short-Term High-Charge Users,0.8066260770981761,80.66%,Yes,High Risk,Month-to-month Contract; Low Tenure (0-12m); Electronic Check Payment
2519-FAKOD,Segment 3: Short-Term High-Charge Users,0.6898024733800338,68.98%,Yes,High Risk,Month-to-month Contract; No Tech Support; High Monthly Fee
8406-LNMHF,Segment 1: Long-Term Committed Loyalists,0.18524520194509134,18.52%,No,Low Risk,No Tech Support; High Monthly Fee
1821-BUCWY,Segment 1: Long-Term Committed Loyalists,0.07922162227781068,7.92%,No,Low Risk,No Tech Support
8263-JQAIK,Segment 3: Short-Term High-Charge Users,0.7922542313092992,79.23%,Yes,High Risk,Month-to-month Contract; Low Tenure (0-12m); No Tech Support
0023-UYUPN,Segment 1: Long-Term Committed Loyalists,0.10039247932438324,10.04%,No,Low Risk,Electronic Check Payment
8314-DPQHL,Segment 1: Long-Term Committed Loyalists,0.19437064719181765,19.44%,No,Low Risk,Low Tenure (0-12m)
1465-WCZVT,Segment 3: Short-Term High-Charge Users,0.24186234488349745,24.19%,No,Low Risk,Month-to-month Contract; Low Tenure (0-12m)
9481-SFCQY,Segment 3: Short-Term High-Charge Users,0.45046082126296144,45.05%,No,Medium Risk,Month-to-month Contract; No Tech Support
6360-SVNWV,Segment 3: Short-Term High-Charge Users,0.5509882488068841,55.1%,Yes,Medium Risk,Month-to-month Contract; No Tech Support; High Monthly Fee
0567-GGCAC,Segment 3: Short-Term High-Charge Users,0.4694279844609847,46.94%,No,Medium Risk,Month-to-month Contract; Low Tenure (0-12m); Electronic Check Payment
7089-IVVAZ,Segment 3: Short-Term High-Charge Users,0.8735824033549975,87.36%,Yes,High Risk,Month-to-month Contract; Low Tenure (0-12m); High Monthly Fee
8884-MRNSU,Segment 1: Long-Term Committed Loyalists,0.08422112267529581,8.42%,No,Low Risk,Stable Account Profile
2171-UDMFD,Segment 3: Short-Term High-Charge Users,0.15260551714114967,15.26%,No,Low Risk,Month-to-month Contract
9050-IKDZA,Segment 3: Short-Term High-Charge Users,0.8183539301038417,81.84%,Yes,High Risk,Month-to-month Contract; Low Tenure (0-12m); No Tech Support
2205-YMZZJ,Segment 3: Short-Term High-Charge Users,0.8823237778208073,88.23%,Yes,High Risk,Month-to-month Contract; Low Tenure (0-12m); Electronic Check Payment
9802-CAQUT,Segment 1: Long-Term Committed Loyalists,0.06645708771176848,6.65%,No,Low Risk,No Tech Support; High Monthly Fee
1254-IZEYF,Segment 3: Short-Term High-Charge Users,0.7711386271855792,77.11%,Yes,High Risk,Month-to-month Contract; Electronic Check Payment; No Tech Support
0187-WZNAB,Segment 3: Short-Term High-Charge Users,0.48040054596247034,48.04%,No,Medium Risk,Month-to-month Contract; No Tech Support; High Monthly Fee
9492-TOKRI,Segment 3: Short-Term High-Charge Users,0.686667053331555,68.67%,Yes,High Risk,Month-to-month Contract; No Tech Support; High Monthly Fee
1475-VWVDO,Segment 3: Short-Term High-Charge Users,0.820697392328316,82.07%,Yes,High Risk,Month-to-month Contract; Low Tenure (0-12m); Electronic Check Payment
9221-OTIVJ,Segment 3: Short-Term High-Charge Users,0.8212942715720464,82.13%,Yes,High Risk,Month-to-month Contract; Electronic Check Payment; No Tech Support
1357-MVDOZ,Segment 3: Short-Term High-Charge Users,0.41221892429687096,41.22%,No,Medium Risk,Month-to-month Contract; Low Tenure (0-12m); No Tech Support
7602-MVRMB,Segment 1: Long-Term Committed Loyalists,0.0637725488443473,6.38%,No,Low Risk,High Monthly Fee
3325-FUYCG,Segment 3: Short-Term High-Charge Users,0.6162750537922937,61.63%,Yes,High Risk,Electronic Check Payment; No Tech Support; High Monthly Fee
5908-QMGOE,Segment 3: Short-Term High-Charge Users,0.6859083667562623,68.59%,Yes,High Risk,Month-to-month Contract; No Tech Support; High Monthly Fee
1197-BVMVG,Segment 3: Short-Term High-Charge Users,0.8554169135225869,85.54%,Yes,High Risk,Month-to-month Contract; Low Tenure (0-12m); Electronic Check Payment
5406-KGRMX,Segment 1: Long-Term Committed Loyalists,0.044575189107400985,4.46%,No,Low Risk,Electronic Check Payment
8481-YYXWG,Segment 3: Short-Term High-Charge Users,0.8530972874171391,85.31%,Yes,High Risk,Month-to-month Contract; Low Tenure (0-12m); Electronic Check Payment
5968-HYJRZ,Segment 1: Long-Term Committed Loyalists,0.03811457396836529,3.81%,No,Low Risk,Stable Account Profile
5198-EFNBM,Segment 1: Long-Term Committed Loyalists,0.3534373768119269,35.34%,No,Medium Risk,Electronic Check Payment; No Tech Support; High Monthly Fee
7516-GMHUV,Segment 1: Long-Term Committed Loyalists,0.34567373182580996,34.57%,No,Medium Risk,No Tech Support; High Monthly Fee
7140-ADSMJ,Segment 3: Short-Term High-Charge Users,0.18126616656221628,18.13%,No,Low Risk,Month-to-month Contract; Low Tenure (0-12m)
2230-XTUWL,Segment 1: Long-Term Committed Loyalists,0.015883150054467134,1.59%,No,Low Risk,Stable Account Profile
7706-YLMQA,Segment 1: Long-Term Committed Loyalists,0.057372136660779054,5.74%,No,Low Risk,Stable Account Profile
2585-KTFRE,Segment 3: Short-Term High-Charge Users,0.47836659615333643,47.84%,No,Medium Risk,Month-to-month Contract; Low Tenure (0-12m); High Monthly Fee
7994-UYIVZ,Segment 3: Short-Term High-Charge Users,0.8613355282656062,86.13%,Yes,High Risk,Month-to-month Contract; Low Tenure (0-12m); No Tech Support
2609-IAICY,Segment 3: Short-Term High-Charge Users,0.9335498068875375,93.35%,Yes,High Risk,Month-to-month Contract; Low Tenure (0-12m); Electronic Check Payment
1740-CSDJP,Segment 3: Short-Term High-Charge Users,0.8093834360925143,80.94%,Yes,High Risk,Month-to-month Contract; Low Tenure (0-12m); No Tech Support
7717-BICXI,Segment 1: Long-Term Committed Loyalists,0.01109766434798979,1.11%,No,Low Risk,Stable Account Profile
6559-RAKOZ,Segment 1: Long-Term Committed Loyalists,0.47592906396435697,47.59%,No,Medium Risk,Electronic Check Payment; High Monthly Fee
2636-OHFMN,Segment 3: Short-Term High-Charge Users,0.7879552088418981,78.8%,Yes,High Risk,Month-to-month Contract; Low Tenure (0-12m); Electronic Check Payment
4716-MRVEN,Segment 1: Long-Term Committed Loyalists,0.01587946705607627,1.59%,No,Low Risk,Stable Account Profile
2143-LJULT,Segment 1: Long-Term Committed Loyalists,0.01799630846907525,1.8%,No,Low Risk,Stable Account Profile
1323-OOEPC,Segment 1: Long-Term Committed Loyalists,0.5323359447530732,53.23%,Yes,Medium Risk,Month-to-month Contract; No Tech Support; High Monthly Fee
3200-MNQTF,Segment 1: Long-Term Committed Loyalists,0.06945422410848014,6.95%,No,Low Risk,High Monthly Fee
6164-HXUGH,Segment 3: Short-Term High-Charge Users,0.20899624050069923,20.9%,No,Low Risk,Month-to-month Contract; Low Tenure (0-12m)
5630-IXDXV,Segment 3: Short-Term High-Charge Users,0.651132395390137,65.11%,Yes,High Risk,Month-to-month Contract; Electronic Check Payment; No Tech Support
0320-DWVTU,Segment 1: Long-Term Committed Loyalists,0.13091663362394979,13.09%,No,Low Risk,High Monthly Fee
9135-MGVPY,Segment 1: Long-Term Committed Loyalists,0.01954896162038166,1.95%,No,Low Risk,High Monthly Fee
1212-GLHMD,Segment 3: Short-Term High-Charge Users,0.7265104040697734,72.65%,Yes,High Risk,Month-to-month Contract; Low Tenure (0-12m); No Tech Support
7878-JGDKK,Segment 3: Short-Term High-Charge Users,0.59554605680042,59.55%,Yes,Medium Risk,Month-to-month Contract; Low Tenure (0-12m); No Tech Support
1088-AUUZZ,Segment 1: Long-Term Committed Loyalists,0.047018017229858385,4.7%,No,Low Risk,High Monthly Fee
0397-GZBBC,Segment 1: Long-Term Committed Loyalists,0.49375357797742425,49.38%,No,Medium Risk,Month-to-month Contract; No Tech Support; High Monthly Fee
6614-YWYSC,Segment 1: Long-Term Committed Loyalists,0.011703572232537637,1.17%,No,Low Risk,Stable Account Profile
9588-OZDMQ,Segment 3: Short-Term High-Charge Users,0.7725312500178712,77.25%,Yes,High Risk,Month-to-month Contract; Low Tenure (0-12m); Electronic Check Payment
7641-EUYET,Segment 3: Short-Term High-Charge Users,0.6391832602087474,63.92%,Yes,High Risk,Month-to-month Contract; Electronic Check Payment; No Tech Support
6476-EPYZR,Segment 3: Short-Term High-Charge Users,0.13334627576949606,13.33%,No,Low Risk,Month-to-month Contract; Low Tenure (0-12m)
9921-ZVRHG,Segment 3: Short-Term High-Charge Users,0.7823816924765147,78.24%,Yes,High Risk,Month-to-month Contract; Electronic Check Payment; No Tech Support
1174-FGIFN,Segment 3: Short-Term High-Charge Users,0.6186226376594288,61.86%,Yes,High Risk,Electronic Check Payment; High Monthly Fee
6620-HVDUJ,Segment 3: Short-Term High-Charge Users,0.2430288092884736,24.3%,No,Low Risk,Month-to-month Contract
4701-MLJPN,Segment 3: Short-Term High-Charge Users,0.2755674092101175,27.56%,No,Low Risk,Month-to-month Contract; Electronic Check Payment
1032-MAELW,Segment 1: Long-Term Committed Loyalists,0.17900838278210152,17.9%,No,Low Risk,Electronic Check Payment; High Monthly Fee
7641-TQFHN,Segment 1: Long-Term Committed Loyalists,0.24218349755748292,24.22%,No,Low Risk,High Monthly Fee
1552-TKMXS,Segment 3: Short-Term High-Charge Users,0.09170354675841424,9.17%,No,Low Risk,Month-to-month Contract
9206-GVPEQ,Segment 3: Short-Term High-Charge Users,0.6560460880229048,65.6%,Yes,High Risk,Month-to-month Contract; Electronic Check Payment
8622-ZLFKO,Segment 3: Short-Term High-Charge Users,0.8959259716565009,89.59%,Yes,High Risk,Month-to-month Contract; Low Tenure (0-12m); Electronic Check Payment
1596-BBVTG,Segment 3: Short-Term High-Charge Users,0.5698657445281755,56.99%,Yes,Medium Risk,Month-to-month Contract; No Tech Support; High Monthly Fee
6188-UXBBR,Segment 1: Long-Term Committed Loyalists,0.02120503380946361,2.12%,No,Low Risk,Stable Account Profile
2333-KWEWW,Segment 1: Long-Term Committed Loyalists,0.04080623863224541,4.08%,No,Low Risk,Stable Account Profile
5702-SKUOB,Segment 3: Short-Term High-Charge Users,0.22425905784842604,22.43%,No,Low Risk,Month-to-month Contract; Low Tenure (0-12m)
1134-YWTYF,Segment 3: Short-Term High-Charge Users,0.2780253997163826,27.8%,No,Low Risk,Month-to-month Contract; Electronic Check Payment
6061-GWWAV,Segment 1: Long-Term Committed Loyalists,0.18685602858766448,18.69%,No,Low Risk,No Tech Support; High Monthly Fee
0679-TDGAK,Segment 1: Long-Term Committed Loyalists,0.18800534894289858,18.8%,No,Low Risk,Electronic Check Payment; High Monthly Fee
6585-WCEWR,Segment 1: Long-Term Committed Loyalists,0.016685018025146117,1.67%,No,Low Risk,Electronic Check Payment
9067-YGSCA,Segment 1: Long-Term Committed Loyalists,0.0627869662771864,6.28%,No,Low Risk,Stable Account Profile
9067-SQTNS,Segment 1: Long-Term Committed Loyalists,0.01779634629644842,1.78%,No,Low Risk,Stable Account Profile
8433-WXGNA,Segment 3: Short-Term High-Charge Users,0.7679230111250922,76.79%,Yes,High Risk,Month-to-month Contract; Low Tenure (0-12m); Electronic Check Payment
1776-SPBWV,Segment 1: Long-Term Committed Loyalists,0.03000966228477211,3.0%,No,Low Risk,Stable Account Profile
8735-SDUFN,Segment 1: Long-Term Committed Loyalists,0.00976312455352332,0.98%,No,Low Risk,Stable Account Profile
9668-PUGNU,Segment 1: Long-Term Committed Loyalists,0.04556923777349141,4.56%,No,Low Risk,Electronic Check Payment
9405-GPBBG,Segment 1: Long-Term Committed Loyalists,0.2655019300549505,26.55%,No,Low Risk,High Monthly Fee
1926-QUZNN,Segment 1: Long-Term Committed Loyalists,0.01368757040479383,1.37%,No,Low Risk,Stable Account Profile
3707-GNWHM,Segment 3: Short-Term High-Charge Users,0.9082400850942057,90.82%,Yes,High Risk,Month-to-month Contract; Low Tenure (0-12m); No Tech Support
7016-NVRIC,Segment 3: Short-Term High-Charge Users,0.428168750010745,42.82%,No,Medium Risk,No Tech Support; High Monthly Fee
5829-NVSQN,Segment 1: Long-Term Committed Loyalists,0.16323295718851003,16.32%,No,Low Risk,Stable Account Profile
9565-AXSMR,Segment 1: Long-Term Committed Loyalists,0.06552738353453451,6.55%,No,Low Risk,Stable Account Profile
8922-LIEGH,Segment 3: Short-Term High-Charge Users,0.7707050490103303,77.07%,Yes,High Risk,Month-to-month Contract; Electronic Check Payment; No Tech Support
8869-LIHMK,Segment 1: Long-Term Committed Loyalists,0.2444783226933851,24.45%,No,Low Risk,High Monthly Fee
8245-UMPYT,Segment 3: Short-Term High-Charge Users,0.8203450031622225,82.03%,Yes,High Risk,Month-to-month Contract; Electronic Check Payment; No Tech Support
5186-SAMNZ,Segment 3: Short-Term High-Charge Users,0.9111322280779142,91.11%,Yes,High Risk,Month-to-month Contract; Low Tenure (0-12m); No Tech Support
0447-RXSGD,Segment 3: Short-Term High-Charge Users,0.7118901733671436,71.19%,Yes,High Risk,Month-to-month Contract; No Tech Support; High Monthly Fee
4927-WWOOZ,Segment 3: Short-Term High-Charge Users,0.9053472512282859,90.53%,Yes,High Risk,Month-to-month Contract; Low Tenure (0-12m); Electronic Check Payment
5788-YPOEG,Segment 1: Long-Term Committed Loyalists,0.08863444339459454,8.86%,No,Low Risk,High Monthly Fee
5373-SFODM,Segment 3: Short-Term High-Charge Users,0.6554176432166092,65.54%,Yes,High Risk,Month-to-month Contract; No Tech Support; High Monthly Fee
0661-KBKPA,Segment 1: Long-Term Committed Loyalists,0.2083441054988043,20.83%,No,Low Risk,High Monthly Fee
9081-WWXKP,Segment 1: Long-Term Committed Loyalists,0.008760025325820493,0.88%,No,Low Risk,Stable Account Profile
0784-ZQJZX,Segment 1: Long-Term Committed Loyalists,0.014010013646453684,1.4%,No,Low Risk,Stable Account Profile
3133-PZNSR,Segment 1: Long-Term Committed Loyalists,0.06885659259485157,6.89%,No,Low Risk,High Monthly Fee
5766-ZJYBB,Segment 3: Short-Term High-Charge Users,0.5280020798847427,52.8%,Yes,Medium Risk,Month-to-month Contract; Low Tenure (0-12m)
8931-GJJIQ,Segment 3: Short-Term High-Charge Users,0.8638040232838424,86.38%,Yes,High Risk,Month-to-month Contract; Low Tenure (0-12m); Electronic Check Payment
4277-PVRAN,Segment 3: Short-Term High-Charge Users,0.8425239122487096,84.25%,Yes,High Risk,Month-to-month Contract; Low Tenure (0-12m); No Tech Support
0022-TCJCI,Segment 1: Long-Term Committed Loyalists,0.3154507275931447,31.55%,No,Medium Risk,No Tech Support
0722-SVSFK,Segment 3: Short-Term High-Charge Users,0.841490878530723,84.15%,Yes,High Risk,Month-to-month Contract; Low Tenure (0-12m); Electronic Check Payment
3612-YVGSJ,Segment 1: Long-Term Committed Loyalists,0.01023694873735255,1.02%,No,Low Risk,Stable Account Profile
9825-YCXWZ,Segment 1: Long-Term Committed Loyalists,0.406677494720878,40.67%,No,Medium Risk,High Monthly Fee
5397-NSKQG,Segment 1: Long-Term Committed Loyalists,0.0910827479112719,9.11%,No,Low Risk,No Tech Support
8565-HBFNN,Segment 1: Long-Term Committed Loyalists,0.28043283310359096,28.04%,No,Low Risk,High Monthly Fee
2000-DHJUY,Segment 1: Long-Term Committed Loyalists,0.041258702691002756,4.13%,No,Low Risk,High Monthly Fee
0203-HHYIJ,Segment 1: Long-Term Committed Loyalists,0.5143774626904392,51.44%,Yes,Medium Risk,Stable Account Profile
8670-ERCJH,Segment 1: Long-Term Committed Loyalists,0.04973786746894281,4.97%,No,Low Risk,High Monthly Fee
7758-UJWYS,Segment 1: Long-Term Committed Loyalists,0.14792659449143733,14.79%,No,Low Risk,Electronic Check Payment
2050-ONYDQ,Segment 1: Long-Term Committed Loyalists,0.008548022399317762,0.85%,No,Low Risk,Stable Account Profile
7055-JCGNI,Segment 1: Long-Term Committed Loyalists,0.10038796133467279,10.04%,No,Low Risk,High Monthly Fee
0739-UUAJR,Segment 1: Long-Term Committed Loyalists,0.09983611088382058,9.98%,No,Low Risk,No Tech Support
4826-DXMUP,Segment 1: Long-Term Committed Loyalists,0.32211300739800747,32.21%,No,Medium Risk,High Monthly Fee
0952-KMEEH,Segment 3: Short-Term High-Charge Users,0.7557007483874733,75.57%,Yes,High Risk,Month-to-month Contract; No Tech Support; High Monthly Fee
7285-KLOTR,Segment 3: Short-Term High-Charge Users,0.3220202048900009,32.2%,No,Medium Risk,Low Tenure (0-12m); Electronic Check Payment; No Tech Support
0654-PQKDW,Segment 1: Long-Term Committed Loyalists,0.0795438944861394,7.95%,No,Low Risk,High Monthly Fee
7175-NTIXE,Segment 3: Short-Term High-Charge Users,0.28290400406388766,28.29%,No,Low Risk,Month-to-month Contract; High Monthly Fee
7963-SHNDT,Segment 1: Long-Term Committed Loyalists,0.06122009282862268,6.12%,No,Low Risk,Stable Account Profile
9796-BPKIW,Segment 3: Short-Term High-Charge Users,0.717285485914817,71.73%,Yes,High Risk,Month-to-month Contract; Low Tenure (0-12m); No Tech Support
0188-GWFLE,Segment 3: Short-Term High-Charge Users,0.20909295484079857,20.91%,No,Low Risk,Month-to-month Contract; Low Tenure (0-12m)
8129-GMVGI,Segment 1: Long-Term Committed Loyalists,0.03890337565941847,3.89%,No,Low Risk,Stable Account Profile
2882-DDZPG,Segment 3: Short-Term High-Charge Users,0.2331619117088628,23.32%,No,Low Risk,Month-to-month Contract; Low Tenure (0-12m)
3547-LQRIK,Segment 1: Long-Term Committed Loyalists,0.0864784426536406,8.65%,No,Low Risk,Electronic Check Payment
9137-NOQKA,Segment 3: Short-Term High-Charge Users,0.1839215865546292,18.39%,No,Low Risk,Month-to-month Contract; Low Tenure (0-12m); Electronic Check Payment
5843-TTHGI,Segment 3: Short-Term High-Charge Users,0.415790672756179,41.58%,No,Medium Risk,Month-to-month Contract; No Tech Support
1849-RJYIG,Segment 3: Short-Term High-Charge Users,0.48678369490619977,48.68%,No,Medium Risk,Month-to-month Contract; Low Tenure (0-12m); Electronic Check Payment
8868-GAGIO,Segment 3: Short-Term High-Charge Users,0.495254892733504,49.53%,No,Medium Risk,Month-to-month Contract; No Tech Support; High Monthly Fee
4061-UKJWL,Segment 3: Short-Term High-Charge Users,0.6901974343632103,69.02%,Yes,High Risk,Month-to-month Contract; Low Tenure (0-12m); No Tech Support
5380-XPJNZ,Segment 1: Long-Term Committed Loyalists,0.018692396620809126,1.87%,No,Low Risk,Stable Account Profile
8263-QMNTJ,Segment 1: Long-Term Committed Loyalists,0.05895043503901614,5.9%,No,Low Risk,Electronic Check Payment; High Monthly Fee
8178-EYZUO,Segment 3: Short-Term High-Charge Users,0.5874833127819018,58.75%,Yes,Medium Risk,Month-to-month Contract; Electronic Check Payment; No Tech Support
3230-JCNZS,Segment 1: Long-Term Committed Loyalists,0.09380854788174059,9.38%,No,Low Risk,No Tech Support; High Monthly Fee
0277-ORXQS,Segment 1: Long-Term Committed Loyalists,0.08064568906565789,8.06%,No,Low Risk,Stable Account Profile
5130-IEKQT,Segment 3: Short-Term High-Charge Users,0.7422107612859308,74.22%,Yes,High Risk,Month-to-month Contract; No Tech Support; High Monthly Fee
3230-WYKIR,Segment 1: Long-Term Committed Loyalists,0.48862922404336395,48.86%,No,Medium Risk,High Monthly Fee
7996-BPXHY,Segment 1: Long-Term Committed Loyalists,0.05945626695145235,5.95%,No,Low Risk,Stable Account Profile
3227-WLKLI,Segment 1: Long-Term Committed Loyalists,0.027962532589085765,2.8%,No,Low Risk,High Monthly Fee
0407-BDJKB,Segment 3: Short-Term High-Charge Users,0.5811737846588205,58.12%,Yes,Medium Risk,Month-to-month Contract; Electronic Check Payment; No Tech Support
2266-FUBDZ,Segment 1: Long-Term Committed Loyalists,0.03012698687459192,3.01%,No,Low Risk,Stable Account Profile
8237-ULIXL,Segment 1: Long-Term Committed Loyalists,0.00745327288729175,0.75%,No,Low Risk,Stable Account Profile
9600-UDOPK,Segment 3: Short-Term High-Charge Users,0.6750266897498657,67.5%,Yes,High Risk,Month-to-month Contract; No Tech Support; High Monthly Fee
8216-AZUUZ,Segment 1: Long-Term Committed Loyalists,0.33048541310811463,33.05%,No,Medium Risk,Electronic Check Payment; High Monthly Fee
9153-BTBVV,Segment 1: Long-Term Committed Loyalists,0.006455166117329293,0.65%,No,Low Risk,Stable Account Profile
4074-SJFFA,Segment 3: Short-Term High-Charge Users,0.7819097240192768,78.19%,Yes,High Risk,Month-to-month Contract; Low Tenure (0-12m); No Tech Support
3269-ATYWD,Segment 3: Short-Term High-Charge Users,0.6973964486634726,69.74%,Yes,High Risk,Month-to-month Contract; No Tech Support; High Monthly Fee
5186-PEIZU,Segment 3: Short-Term High-Charge Users,0.10410404453597162,10.41%,No,Low Risk,Month-to-month Contract
1074-AMIOH,Segment 1: Long-Term Committed Loyalists,0.4429791984847563,44.3%,No,Medium Risk,Month-to-month Contract; High Monthly Fee
4910-GMJOT,Segment 3: Short-Term High-Charge Users,0.9390290287099983,93.9%,Yes,High Risk,Month-to-month Contract; Low Tenure (0-12m); Electronic Check Payment
0354-WYROK,Segment 3: Short-Term High-Charge Users,0.7150635251612758,71.51%,Yes,High Risk,Month-to-month Contract; Electronic Check Payment; High Monthly Fee
4361-FEBGN,Segment 1: Long-Term Committed Loyalists,0.008176688006085264,0.82%,No,Low Risk,Stable Account Profile
7748-UMTRK,Segment 3: Short-Term High-Charge Users,0.7562368302366739,75.62%,Yes,High Risk,Month-to-month Contract; Electronic Check Payment; High Monthly Fee
0380-ZCSBI,Segment 3: Short-Term High-Charge Users,0.21202204258346846,21.2%,No,Low Risk,Month-to-month Contract; Low Tenure (0-12m)
7145-FEJWU,Segment 3: Short-Term High-Charge Users,0.810195320517027,81.02%,Yes,High Risk,Month-to-month Contract; Low Tenure (0-12m); Electronic Check Payment
6463-MVYRY,Segment 1: Long-Term Committed Loyalists,0.09019530143370807,9.02%,No,Low Risk,Stable Account Profile
3969-JQABI,Segment 3: Short-Term High-Charge Users,0.22902083978769752,22.9%,No,Low Risk,Month-to-month Contract; No Tech Support
9624-EGDEQ,Segment 1: Long-Term Committed Loyalists,0.01015688857166475,1.02%,No,Low Risk,Stable Account Profile
1051-EQPZR,Segment 3: Short-Term High-Charge Users,0.1230252599347173,12.3%,No,Low Risk,Month-to-month Contract
5849-ASHZJ,Segment 1: Long-Term Committed Loyalists,0.009937676093921502,0.99%,No,Low Risk,Stable Account Profile
5780-INQIK,Segment 3: Short-Term High-Charge Users,0.5605022316747528,56.05%,Yes,Medium Risk,Month-to-month Contract; Low Tenure (0-12m); Electronic Check Payment
7576-OYWBN,Segment 3: Short-Term High-Charge Users,0.8654069533131081,86.54%,Yes,High Risk,Month-to-month Contract; Low Tenure (0-12m); Electronic Check Payment
4526-ZJJTM,Segment 3: Short-Term High-Charge Users,0.6134251392247405,61.34%,Yes,High Risk,Month-to-month Contract; No Tech Support; High Monthly Fee
8384-FZBJK,Segment 3: Short-Term High-Charge Users,0.6008132455359212,60.08%,Yes,High Risk,Month-to-month Contract; Electronic Check Payment; No Tech Support
3750-RNQKR,Segment 3: Short-Term High-Charge Users,0.19296580125730298,19.3%,No,Low Risk,Month-to-month Contract; Low Tenure (0-12m)
0962-CQPWQ,Segment 1: Long-Term Committed Loyalists,0.009600124146391262,0.96%,No,Low Risk,Stable Account Profile
3096-YXENJ,Segment 1: Long-Term Committed Loyalists,0.29115929715960936,29.12%,No,Low Risk,High Monthly Fee
1265-BCFEO,Segment 1: Long-Term Committed Loyalists,0.055193790653757846,5.52%,No,Low Risk,High Monthly Fee
5837-LXSDN,Segment 1: Long-Term Committed Loyalists,0.31504359927343994,31.5%,No,Medium Risk,No Tech Support
5945-AZYHT,Segment 1: Long-Term Committed Loyalists,0.27634339406270225,27.63%,No,Low Risk,Electronic Check Payment; No Tech Support; High Monthly Fee
8325-QRPZR,Segment 3: Short-Term High-Charge Users,0.820783404466135,82.08%,Yes,High Risk,Month-to-month Contract; Low Tenure (0-12m); Electronic Check Payment
6384-VMJHP,Segment 1: Long-Term Committed Loyalists,0.04276445566626001,4.28%,No,Low Risk,High Monthly Fee
2262-SLNVK,Segment 3: Short-Term High-Charge Users,0.8929811636846349,89.3%,Yes,High Risk,Month-to-month Contract; Low Tenure (0-12m); Electronic Check Payment
7730-CLDSV,Segment 1: Long-Term Committed Loyalists,0.12156034260800139,12.16%,No,Low Risk,High Monthly Fee
1135-HIORI,Segment 1: Long-Term Committed Loyalists,0.3665267147840817,36.65%,No,Medium Risk,Electronic Check Payment; High Monthly Fee
0164-APGRB,Segment 1: Long-Term Committed Loyalists,0.04922273292963545,4.92%,No,Low Risk,Electronic Check Payment; High Monthly Fee
6481-ESCNL,Segment 3: Short-Term High-Charge Users,0.6239210432359111,62.39%,Yes,High Risk,Month-to-month Contract; No Tech Support; High Monthly Fee
1790-NESIO,Segment 1: Long-Term Committed Loyalists,0.02388428836708044,2.39%,No,Low Risk,Stable Account Profile
1550-EENBN,Segment 3: Short-Term High-Charge Users,0.6306833792893356,63.07%,Yes,High Risk,Month-to-month Contract; Electronic Check Payment; No Tech Support
5539-TMZLF,Segment 3: Short-Term High-Charge Users,0.9339103628105289,93.39%,Yes,High Risk,Month-to-month Contract; Low Tenure (0-12m); Electronic Check Payment
4323-SADQS,Segment 3: Short-Term High-Charge Users,0.5880812159464374,58.81%,Yes,Medium Risk,Month-to-month Contract; Low Tenure (0-12m); Electronic Check Payment
4446-BZKHU,Segment 1: Long-Term Committed Loyalists,0.5771344447098108,57.71%,Yes,Medium Risk,Month-to-month Contract; Electronic Check Payment; No Tech Support
5202-IVJNU,Segment 3: Short-Term High-Charge Users,0.5099738613104566,51.0%,Yes,Medium Risk,Month-to-month Contract; No Tech Support
5976-JCJRH,Segment 3: Short-Term High-Charge Users,0.7722493236828981,77.22%,Yes,High Risk,Month-to-month Contract; Low Tenure (0-12m); Electronic Check Payment
8198-RKSZG,Segment 3: Short-Term High-Charge Users,0.3353325979191375,33.53%,No,Medium Risk,Month-to-month Contract; High Monthly Fee
0137-OCGAB,Segment 3: Short-Term High-Charge Users,0.9137663834328631,91.38%,Yes,High Risk,Month-to-month Contract; Low Tenure (0-12m); No Tech Support
3351-NQLDI,Segment 1: Long-Term Committed Loyalists,0.3529618855985667,35.3%,No,Medium Risk,High Monthly Fee
9297-EONCV,Segment 1: Long-Term Committed Loyalists,0.018872928809412257,1.89%,No,Low Risk,High Monthly Fee
7593-JNWRU,Segment 3: Short-Term High-Charge Users,0.6000202870996985,60.0%,Yes,High Risk,Month-to-month Contract; Low Tenure (0-12m); No Tech Support
4588-YBNIB,Segment 3: Short-Term High-Charge Users,0.6800875468209232,68.01%,Yes,High Risk,Month-to-month Contract; Low Tenure (0-12m)
1069-QJOEE,Segment 1: Long-Term Committed Loyalists,0.017119589879829082,1.71%,No,Low Risk,Electronic Check Payment
3336-JORSO,Segment 3: Short-Term High-Charge Users,0.7260590146957896,72.61%,Yes,High Risk,Month-to-month Contract; Electronic Check Payment; High Monthly Fee
7799-DSEWS,Segment 3: Short-Term High-Charge Users,0.3826625786843009,38.27%,No,Medium Risk,Month-to-month Contract; Electronic Check Payment
8766-PAFNE,Segment 1: Long-Term Committed Loyalists,0.056245104424149234,5.62%,No,Low Risk,High Monthly Fee
5315-CKEQK,Segment 1: Long-Term Committed Loyalists,0.1946366883281869,19.46%,No,Low Risk,Electronic Check Payment; No Tech Support
3130-ICDUP,Segment 3: Short-Term High-Charge Users,0.6525257757077185,65.25%,Yes,High Risk,Month-to-month Contract; Low Tenure (0-12m); No Tech Support
0820-FNRNX,Segment 3: Short-Term High-Charge Users,0.3573671572140814,35.74%,No,Medium Risk,Month-to-month Contract
0880-FVFWF,Segment 3: Short-Term High-Charge Users,0.40578957078975886,40.58%,No,Medium Risk,Month-to-month Contract; Electronic Check Payment; No Tech Support
4611-ANLQC,Segment 1: Long-Term Committed Loyalists,0.20065450723955205,20.07%,No,Low Risk,Electronic Check Payment; No Tech Support
4213-HKBJO,Segment 1: Long-Term Committed Loyalists,0.07669024329849819,7.67%,No,Low Risk,Stable Account Profile
2792-LSHWX,Segment 3: Short-Term High-Charge Users,0.6434907475824949,64.35%,Yes,High Risk,Month-to-month Contract; Low Tenure (0-12m); High Monthly Fee
5028-GZLDO,Segment 3: Short-Term High-Charge Users,0.8104999432899196,81.05%,Yes,High Risk,Month-to-month Contract; Low Tenure (0-12m); No Tech Support
0014-BMAQU,Segment 1: Long-Term Committed Loyalists,0.07978602131521471,7.98%,No,Low Risk,High Monthly Fee
6861-XWTWQ,Segment 3: Short-Term High-Charge Users,0.9052369559439001,90.52%,Yes,High Risk,Month-to-month Contract; Low Tenure (0-12m); Electronic Check Payment
9018-PCIOK,Segment 1: Long-Term Committed Loyalists,0.05572923361878531,5.57%,No,Low Risk,No Tech Support
4837-QUSFT,Segment 1: Long-Term Committed Loyalists,0.2251459581175053,22.51%,No,Low Risk,High Monthly Fee
6877-TJMBR,Segment 3: Short-Term High-Charge Users,0.8950586404783941,89.51%,Yes,High Risk,Month-to-month Contract; Low Tenure (0-12m); Electronic Check Payment
9953-ZMKSM,Segment 1: Long-Term Committed Loyalists,0.016913202442861944,1.69%,No,Low Risk,Stable Account Profile
0907-HQNTS,Segment 1: Long-Term Committed Loyalists,0.07152061296075664,7.15%,No,Low Risk,High Monthly Fee
7665-NKLAV,Segment 1: Long-Term Committed Loyalists,0.06484479371762596,6.48%,No,Low Risk,Stable Account Profile
6769-DCQLI,Segment 1: Long-Term Committed Loyalists,0.5414324388648734,54.14%,Yes,Medium Risk,High Monthly Fee
2433-KMEAS,Segment 3: Short-Term High-Charge Users,0.5611036003324325,56.11%,Yes,Medium Risk,Month-to-month Contract; Electronic Check Payment; No Tech Support
4391-LNRXK,Segment 3: Short-Term High-Charge Users,0.5734640562665994,57.35%,Yes,Medium Risk,Month-to-month Contract; High Monthly Fee
8250-ZNGGW,Segment 3: Short-Term High-Charge Users,0.4006168220502579,40.06%,No,Medium Risk,Month-to-month Contract; Low Tenure (0-12m)
2195-ZRVAX,Segment 3: Short-Term High-Charge Users,0.6343904615631325,63.44%,Yes,High Risk,Month-to-month Contract; Electronic Check Payment; No Tech Support
3550-SAHFP,Segment 3: Short-Term High-Charge Users,0.7051321279221311,70.51%,Yes,High Risk,Month-to-month Contract; Electronic Check Payment; No Tech Support
2011-TRQYE,Segment 3: Short-Term High-Charge Users,0.43740286866776035,43.74%,No,Medium Risk,Month-to-month Contract; No Tech Support
8562-GHPPI,Segment 3: Short-Term High-Charge Users,0.3236375182985047,32.36%,No,Medium Risk,Month-to-month Contract; Low Tenure (0-12m)
5893-PYOLZ,Segment 1: Long-Term Committed Loyalists,0.06087578206969514,6.09%,No,Low Risk,High Monthly Fee
4986-MXSFP,Segment 3: Short-Term High-Charge Users,0.20278294803524075,20.28%,No,Low Risk,Month-to-month Contract; Low Tenure (0-12m)
6131-FOYAS,Segment 3: Short-Term High-Charge Users,0.2948951592039431,29.49%,No,Low Risk,Month-to-month Contract; Electronic Check Payment; No Tech Support
3027-YNWZU,Segment 1: Long-Term Committed Loyalists,0.009879063233440724,0.99%,No,Low Risk,Stable Account Profile
5609-IMCGG,Segment 3: Short-Term High-Charge Users,0.6307701073278207,63.08%,Yes,High Risk,Month-to-month Contract; No Tech Support; High Monthly Fee
4873-ILOLJ,Segment 3: Short-Term High-Charge Users,0.7370343310281313,73.7%,Yes,High Risk,Month-to-month Contract; Electronic Check Payment; No Tech Support
4727-MCYZG,Segment 3: Short-Term High-Charge Users,0.722452007885786,72.25%,Yes,High Risk,Month-to-month Contract; Low Tenure (0-12m); No Tech Support
9481-WHGWY,Segment 1: Long-Term Committed Loyalists,0.07800537552421452,7.8%,No,Low Risk,High Monthly Fee
2725-KXXWT,Segment 3: Short-Term High-Charge Users,0.921508354827278,92.15%,Yes,High Risk,Month-to-month Contract; Low Tenure (0-12m); Electronic Check Payment
9565-DJPIB,Segment 3: Short-Term High-Charge Users,0.8591492407228132,85.91%,Yes,High Risk,Month-to-month Contract; Low Tenure (0-12m); No Tech Support
4328-VUFWD,Segment 1: Long-Term Committed Loyalists,0.15609551288602194,15.61%,No,Low Risk,Electronic Check Payment
3301-LSLWQ,Segment 3: Short-Term High-Charge Users,0.30876253628812605,30.88%,No,Medium Risk,Month-to-month Contract; Electronic Check Payment; No Tech Support
7473-ZBDSN,Segment 1: Long-Term Committed Loyalists,0.018868968174796746,1.89%,No,Low Risk,Stable Account Profile
3166-PNEOF,Segment 1: Long-Term Committed Loyalists,0.04648032987273672,4.65%,No,Low Risk,High Monthly Fee
5639-NTUPK,Segment 3: Short-Term High-Charge Users,0.40689654902225425,40.69%,No,Medium Risk,Month-to-month Contract; No Tech Support
8780-YRMTT,Segment 1: Long-Term Committed Loyalists,0.03816200809367249,3.82%,No,Low Risk,Stable Account Profile
8348-HFYIV,Segment 3: Short-Term High-Charge Users,0.8418589695809479,84.19%,Yes,High Risk,Month-to-month Contract; Low Tenure (0-12m); Electronic Check Payment
5140-FOMCQ,Segment 1: Long-Term Committed Loyalists,0.42509317131799995,42.51%,No,Medium Risk,No Tech Support; High Monthly Fee
6242-SGYTS,Segment 1: Long-Term Committed Loyalists,0.23532953785228722,23.53%,No,Low Risk,No Tech Support; High Monthly Fee
8166-ORCHU,Segment 3: Short-Term High-Charge Users,0.47588771153993265,47.59%,No,Medium Risk,Electronic Check Payment; High Monthly Fee
8414-OOEEL,Segment 1: Long-Term Committed Loyalists,0.07040535369630621,7.04%,No,Low Risk,High Monthly Fee
8454-AATJP,Segment 1: Long-Term Committed Loyalists,0.04094675850154241,4.09%,No,Low Risk,High Monthly Fee
6849-WLEYG,Segment 3: Short-Term High-Charge Users,0.6096605337227743,60.97%,Yes,High Risk,Month-to-month Contract; Low Tenure (0-12m)
4659-NZRUF,Segment 3: Short-Term High-Charge Users,0.7929209881454224,79.29%,Yes,High Risk,Month-to-month Contract; Electronic Check Payment; No Tech Support
4531-AUZNK,Segment 1: Long-Term Committed Loyalists,0.1876664438936779,18.77%,No,Low Risk,High Monthly Fee
4191-XOVOM,Segment 1: Long-Term Committed Loyalists,0.5169583073392134,51.7%,Yes,Medium Risk,Month-to-month Contract; Electronic Check Payment; High Monthly Fee
2150-OEGBV,Segment 1: Long-Term Committed Loyalists,0.016212013008832744,1.62%,No,Low Risk,Stable Account Profile
8429-XIBUM,Segment 3: Short-Term High-Charge Users,0.7632808350441471,76.33%,Yes,High Risk,Month-to-month Contract; No Tech Support; High Monthly Fee
1855-CFULU,Segment 3: Short-Term High-Charge Users,0.2500060074890603,25.0%,No,Low Risk,Month-to-month Contract; Low Tenure (0-12m)
4878-BUNFV,Segment 1: Long-Term Committed Loyalists,0.006274683679488412,0.63%,No,Low Risk,Stable Account Profile
1872-EBWSC,Segment 1: Long-Term Committed Loyalists,0.015893053281526903,1.59%,No,Low Risk,Stable Account Profile
2608-BHKFN,Segment 3: Short-Term High-Charge Users,0.8099546750411336,81.0%,Yes,High Risk,Month-to-month Contract; Low Tenure (0-12m); No Tech Support
7026-YMSBE,Segment 1: Long-Term Committed Loyalists,0.018312521275960284,1.83%,No,Low Risk,Stable Account Profile
7341-LXCAF,Segment 3: Short-Term High-Charge Users,0.8624081184721845,86.24%,Yes,High Risk,Month-to-month Contract; Low Tenure (0-12m); Electronic Check Payment
6997-UVGOX,Segment 1: Long-Term Committed Loyalists,0.0200938876767845,2.01%,No,Low Risk,High Monthly Fee
9674-EHPPG,Segment 1: Long-Term Committed Loyalists,0.08083892871102988,8.08%,No,Low Risk,Stable Account Profile
9462-MJUAW,Segment 3: Short-Term High-Charge Users,0.6921846763409508,69.22%,Yes,High Risk,Month-to-month Contract; Low Tenure (0-12m); No Tech Support
8128-YVJRG,Segment 3: Short-Term High-Charge Users,0.8136330150701064,81.36%,Yes,High Risk,Month-to-month Contract; Low Tenure (0-12m); No Tech Support
5440-VHLUL,Segment 1: Long-Term Committed Loyalists,0.46721608384605323,46.72%,No,Medium Risk,High Monthly Fee
5781-BKHOP,Segment 1: Long-Term Committed Loyalists,0.08554105076360422,8.55%,No,Low Risk,No Tech Support; High Monthly Fee
4283-FUTGF,Segment 3: Short-Term High-Charge Users,0.741018319165851,74.1%,Yes,High Risk,Month-to-month Contract; Electronic Check Payment; No Tech Support
5213-TWWJU,Segment 3: Short-Term High-Charge Users,0.5849083706148002,58.49%,Yes,Medium Risk,Month-to-month Contract; Electronic Check Payment; High Monthly Fee
1569-TTNYJ,Segment 3: Short-Term High-Charge Users,0.8758911528171929,87.59%,Yes,High Risk,Month-to-month Contract; Low Tenure (0-12m); Electronic Check Payment
8628-MFKAX,Segment 1: Long-Term Committed Loyalists,0.035777226676658246,3.58%,No,Low Risk,High Monthly Fee
2397-BRLOM,Segment 3: Short-Term High-Charge Users,0.8144461259044756,81.44%,Yes,High Risk,Month-to-month Contract; Low Tenure (0-12m); No Tech Support
7629-WIXZF,Segment 3: Short-Term High-Charge Users,0.5112344431486228,51.12%,Yes,Medium Risk,Low Tenure (0-12m); Electronic Check Payment; No Tech Support
5445-GLVOT,Segment 3: Short-Term High-Charge Users,0.46576034070069644,46.58%,No,Medium Risk,Month-to-month Contract; Electronic Check Payment; No Tech Support
3976-HXHCE,Segment 1: Long-Term Committed Loyalists,0.03744453240741008,3.74%,No,Low Risk,Stable Account Profile
2466-NEJOJ,Segment 3: Short-Term High-Charge Users,0.17516924721447494,17.52%,No,Low Risk,Month-to-month Contract; Low Tenure (0-12m)
0254-KCJGT,Segment 1: Long-Term Committed Loyalists,0.21402030596299643,21.4%,No,Low Risk,High Monthly Fee
5472-CVMDX,Segment 1: Long-Term Committed Loyalists,0.04855042429354106,4.86%,No,Low Risk,Stable Account Profile
6461-SZMCV,Segment 1: Long-Term Committed Loyalists,0.01955800985422243,1.96%,No,Low Risk,High Monthly Fee
8150-QUDFX,Segment 3: Short-Term High-Charge Users,0.19002722198411753,19.0%,No,Low Risk,Month-to-month Contract; Low Tenure (0-12m)
9508-ILZDG,Segment 3: Short-Term High-Charge Users,0.6989509064298765,69.9%,Yes,High Risk,Month-to-month Contract; Electronic Check Payment; High Monthly Fee
2346-DJQTB,Segment 3: Short-Term High-Charge Users,0.43672813243570385,43.67%,No,Medium Risk,Month-to-month Contract; Electronic Check Payment; No Tech Support
1697-LYYYX,Segment 1: Long-Term Committed Loyalists,0.07781954765266813,7.78%,No,Low Risk,Stable Account Profile
1942-OQFRW,Segment 3: Short-Term High-Charge Users,0.7544086304295852,75.44%,Yes,High Risk,Month-to-month Contract; Low Tenure (0-12m); Electronic Check Payment
4749-VFKVB,Segment 3: Short-Term High-Charge Users,0.7578351042483917,75.78%,Yes,High Risk,Month-to-month Contract; Low Tenure (0-12m); No Tech Support
9640-ZSLDC,Segment 1: Long-Term Committed Loyalists,0.146516537150179,14.65%,No,Low Risk,No Tech Support
4231-LZUYM,Segment 1: Long-Term Committed Loyalists,0.004892643801724849,0.49%,No,Low Risk,Stable Account Profile
7598-UAASY,Segment 3: Short-Term High-Charge Users,0.8393898883322015,83.94%,Yes,High Risk,Month-to-month Contract; Low Tenure (0-12m); Electronic Check Payment
7938-OUHIO,Segment 3: Short-Term High-Charge Users,0.8697748228318343,86.98%,Yes,High Risk,Month-to-month Contract; Low Tenure (0-12m); Electronic Check Payment
8510-AWCXC,Segment 3: Short-Term High-Charge Users,0.8748275467451293,87.48%,Yes,High Risk,Month-to-month Contract; Electronic Check Payment; No Tech Support
6128-AQBMT,Segment 3: Short-Term High-Charge Users,0.5390789789844718,53.91%,Yes,Medium Risk,Month-to-month Contract; Electronic Check Payment; No Tech Support
3594-BDSOA,Segment 1: Long-Term Committed Loyalists,0.025865156134429492,2.59%,No,Low Risk,Stable Account Profile
0431-APWVY,Segment 3: Short-Term High-Charge Users,0.5863888601104068,58.64%,Yes,Medium Risk,No Tech Support; High Monthly Fee
5133-VRSAB,Segment 3: Short-Term High-Charge Users,0.47164237709843065,47.16%,No,Medium Risk,Month-to-month Contract; Low Tenure (0-12m); No Tech Support
5996-DAOQL,Segment 3: Short-Term High-Charge Users,0.4916349940371267,49.16%,No,Medium Risk,Month-to-month Contract; Low Tenure (0-12m)
6838-YAUVY,Segment 1: Long-Term Committed Loyalists,0.2586506624453356,25.87%,No,Low Risk,High Monthly Fee
0484-JPBRU,Segment 3: Short-Term High-Charge Users,0.08767809320124871,8.77%,No,Low Risk,Month-to-month Contract
7883-ROJOC,Segment 3: Short-Term High-Charge Users,0.3703053594161644,37.03%,No,Medium Risk,Month-to-month Contract; No Tech Support
0244-LGNFY,Segment 1: Long-Term Committed Loyalists,0.026887891005582063,2.69%,No,Low Risk,High Monthly Fee
7274-CGTOD,Segment 1: Long-Term Committed Loyalists,0.028666004031811253,2.87%,No,Low Risk,Stable Account Profile
4295-YURET,Segment 1: Long-Term Committed Loyalists,0.10649982007307827,10.65%,No,Low Risk,High Monthly Fee
3426-NIYYL,Segment 3: Short-Term High-Charge Users,0.58950933095061,58.95%,Yes,Medium Risk,Month-to-month Contract; Electronic Check Payment; No Tech Support
8225-BTJAU,Segment 3: Short-Term High-Charge Users,0.8113820670518576,81.14%,Yes,High Risk,Month-to-month Contract; Low Tenure (0-12m); Electronic Check Payment
4635-EJYPD,Segment 1: Long-Term Committed Loyalists,0.01718270816150622,1.72%,No,Low Risk,Stable Account Profile
1866-ZSLJM,Segment 3: Short-Term High-Charge Users,0.13520025853858328,13.52%,No,Low Risk,Month-to-month Contract
4636-TVXVG,Segment 1: Long-Term Committed Loyalists,0.047217289598539644,4.72%,No,Low Risk,Stable Account Profile
4236-UJPWO,Segment 3: Short-Term High-Charge Users,0.7502411912062876,75.02%,Yes,High Risk,Month-to-month Contract; Low Tenure (0-12m); Electronic Check Payment
9392-XBGTD,Segment 1: Long-Term Committed Loyalists,0.019024960920915646,1.9%,No,Low Risk,Stable Account Profile
3387-VATUS,Segment 3: Short-Term High-Charge Users,0.9056919106468644,90.57%,Yes,High Risk,Month-to-month Contract; Low Tenure (0-12m); No Tech Support
6402-SSEJG,Segment 1: Long-Term Committed Loyalists,0.22016870913036077,22.02%,No,Low Risk,Electronic Check Payment; No Tech Support
1143-NMNQJ,Segment 3: Short-Term High-Charge Users,0.9007773530756998,90.08%,Yes,High Risk,Month-to-month Contract; Low Tenure (0-12m); Electronic Check Payment
1169-SAOCL,Segment 1: Long-Term Committed Loyalists,0.4974012170263482,49.74%,No,Medium Risk,High Monthly Fee
1110-KYLGQ,Segment 1: Long-Term Committed Loyalists,0.3609142346432453,36.09%,No,Medium Risk,Month-to-month Contract; No Tech Support; High Monthly Fee
9929-PLVPA,Segment 3: Short-Term High-Charge Users,0.23431394468920558,23.43%,No,Low Risk,Month-to-month Contract; Low Tenure (0-12m)
3518-PZXZQ,Segment 3: Short-Term High-Charge Users,0.7360415950396525,73.6%,Yes,High Risk,Month-to-month Contract; Low Tenure (0-12m); No Tech Support
2371-JUNGC,Segment 3: Short-Term High-Charge Users,0.208177120177799,20.82%,No,Low Risk,Month-to-month Contract; Low Tenure (0-12m)
7693-QPEFS,Segment 3: Short-Term High-Charge Users,0.38324849381557596,38.32%,No,Medium Risk,Month-to-month Contract; No Tech Support; High Monthly Fee
0924-BJCRC,Segment 3: Short-Term High-Charge Users,0.44360873482375524,44.36%,No,Medium Risk,Month-to-month Contract; Electronic Check Payment; No Tech Support
5074-FBGHB,Segment 1: Long-Term Committed Loyalists,0.48614556728425395,48.61%,No,Medium Risk,High Monthly Fee
2351-BKRZW,Segment 1: Long-Term Committed Loyalists,0.08781167965077706,8.78%,No,Low Risk,No Tech Support; High Monthly Fee
4455-BFSPD,Segment 1: Long-Term Committed Loyalists,0.3550366975582023,35.5%,No,Medium Risk,High Monthly Fee
0415-MOSGF,Segment 3: Short-Term High-Charge Users,0.7320116736163623,73.2%,Yes,High Risk,Month-to-month Contract; Low Tenure (0-12m); No Tech Support
1724-BQUHA,Segment 3: Short-Term High-Charge Users,0.8811244983155565,88.11%,Yes,High Risk,Month-to-month Contract; Low Tenure (0-12m); Electronic Check Payment
3948-KXDUF,Segment 1: Long-Term Committed Loyalists,0.03829467845107553,3.83%,No,Low Risk,Stable Account Profile
2323-ARSVR,Segment 1: Long-Term Committed Loyalists,0.2289317134402409,22.89%,No,Low Risk,Electronic Check Payment; High Monthly Fee
0815-MFZGM,Segment 1: Long-Term Committed Loyalists,0.24277160536864414,24.28%,No,Low Risk,High Monthly Fee
4826-XTSOH,Segment 3: Short-Term High-Charge Users,0.9336099357060048,93.36%,Yes,High Risk,Month-to-month Contract; Low Tenure (0-12m); Electronic Check Payment
5480-XTFFL,Segment 1: Long-Term Committed Loyalists,0.02588606531473584,2.59%,No,Low Risk,Stable Account Profile
8295-FHIVV,Segment 3: Short-Term High-Charge Users,0.2402303038687161,24.02%,No,Low Risk,Month-to-month Contract; Low Tenure (0-12m)
2495-INZWQ,Segment 3: Short-Term High-Charge Users,0.7922503254994668,79.23%,Yes,High Risk,Month-to-month Contract; Low Tenure (0-12m); Electronic Check Payment
9086-YJYXS,Segment 1: Long-Term Committed Loyalists,0.23575312403616497,23.58%,No,Low Risk,No Tech Support; High Monthly Fee
1179-INLAT,Segment 1: Long-Term Committed Loyalists,0.10209384350605287,10.21%,No,Low Risk,Low Tenure (0-12m)
7909-FIOIY,Segment 3: Short-Term High-Charge Users,0.3633245868117019,36.33%,No,Medium Risk,Month-to-month Contract; No Tech Support
4139-SUGLD,Segment 3: Short-Term High-Charge Users,0.43090246805597804,43.09%,No,Medium Risk,Month-to-month Contract
6857-VWJDT,Segment 3: Short-Term High-Charge Users,0.902112605347301,90.21%,Yes,High Risk,Month-to-month Contract; Low Tenure (0-12m); No Tech Support
6351-SCJKT,Segment 3: Short-Term High-Charge Users,0.5726230709794811,57.26%,Yes,Medium Risk,Month-to-month Contract; Low Tenure (0-12m)
5468-BPMMO,Segment 3: Short-Term High-Charge Users,0.09805354509852758,9.81%,No,Low Risk,Month-to-month Contract; Electronic Check Payment
5624-BQSSA,Segment 3: Short-Term High-Charge Users,0.6960311805831342,69.6%,Yes,High Risk,Month-to-month Contract; Low Tenure (0-12m)
0197-PNKNK,Segment 1: Long-Term Committed Loyalists,0.16381911825462023,16.38%,No,Low Risk,No Tech Support; High Monthly Fee
2439-QKJUL,Segment 3: Short-Term High-Charge Users,0.22499058313665282,22.5%,No,Low Risk,Month-to-month Contract; Low Tenure (0-12m)
1194-SPVSP,Segment 3: Short-Term High-Charge Users,0.5306952621270173,53.07%,Yes,Medium Risk,Month-to-month Contract; Low Tenure (0-12m)
9534-NSXEM,Segment 1: Long-Term Committed Loyalists,0.02117561686899514,2.12%,No,Low Risk,Stable Account Profile
2408-WITXK,Segment 3: Short-Term High-Charge Users,0.7085938654826716,70.86%,Yes,High Risk,Month-to-month Contract; Low Tenure (0-12m); Electronic Check Payment
8929-KSWIH,Segment 1: Long-Term Committed Loyalists,0.21344708750979724,21.34%,No,Low Risk,High Monthly Fee
2250-IVBWA,Segment 3: Short-Term High-Charge Users,0.3545418139249846,35.45%,No,Medium Risk,Month-to-month Contract; Electronic Check Payment; No Tech Support
1810-MVMAI,Segment 3: Short-Term High-Charge Users,0.29608979966283067,29.61%,No,Low Risk,Month-to-month Contract; Electronic Check Payment
9506-UXUSK,Segment 3: Short-Term High-Charge Users,0.7328249003669332,73.28%,Yes,High Risk,Month-to-month Contract; Electronic Check Payment; No Tech Support
1229-RCALF,Segment 1: Long-Term Committed Loyalists,0.3178321188606015,31.78%,No,Medium Risk,Electronic Check Payment; High Monthly Fee
3572-UOLYZ,Segment 3: Short-Term High-Charge Users,0.5381144798919556,53.81%,Yes,Medium Risk,Month-to-month Contract; High Monthly Fee
1429-UYJSV,Segment 1: Long-Term Committed Loyalists,0.07924593623940239,7.92%,No,Low Risk,Low Tenure (0-12m)
5577-OTWWW,Segment 3: Short-Term High-Charge Users,0.36874946883886384,36.87%,No,Medium Risk,Month-to-month Contract
6100-QQHEB,Segment 3: Short-Term High-Charge Users,0.8007430664790856,80.07%,Yes,High Risk,Month-to-month Contract; Electronic Check Payment; No Tech Support
6366-XIVKZ,Segment 3: Short-Term High-Charge Users,0.37979186462104486,37.98%,No,Medium Risk,Month-to-month Contract; No Tech Support
3470-OBUET,Segment 1: Long-Term Committed Loyalists,0.0916816926773367,9.17%,No,Low Risk,High Monthly Fee
2770-NSVDG,Segment 3: Short-Term High-Charge Users,0.4795853809577063,47.96%,No,Medium Risk,Month-to-month Contract; Electronic Check Payment; No Tech Support
9375-MHRRS,Segment 3: Short-Term High-Charge Users,0.536950982353732,53.7%,Yes,Medium Risk,Month-to-month Contract; Low Tenure (0-12m)
2634-HCZGT,Segment 1: Long-Term Committed Loyalists,0.33715437722498154,33.72%,No,Medium Risk,Electronic Check Payment
7503-QQRVF,Segment 3: Short-Term High-Charge Users,0.6466630244327701,64.67%,Yes,High Risk,Month-to-month Contract; No Tech Support; High Monthly Fee
4860-YZGZM,Segment 3: Short-Term High-Charge Users,0.17177956283135265,17.18%,No,Low Risk,Month-to-month Contract; Low Tenure (0-12m); Electronic Check Payment
6599-GZWCM,Segment 3: Short-Term High-Charge Users,0.490624787670711,49.06%,No,Medium Risk,No Tech Support; High Monthly Fee
2691-NZETQ,Segment 3: Short-Term High-Charge Users,0.8654310282097278,86.54%,Yes,High Risk,Month-to-month Contract; Low Tenure (0-12m); Electronic Check Payment
4404-HIBDJ,Segment 1: Long-Term Committed Loyalists,0.36071160752901854,36.07%,No,Medium Risk,High Monthly Fee
5533-NHFRF,Segment 3: Short-Term High-Charge Users,0.6122223921642328,61.22%,Yes,High Risk,Month-to-month Contract; Low Tenure (0-12m); Electronic Check Payment
7037-MTYVW,Segment 1: Long-Term Committed Loyalists,0.09357691854579753,9.36%,No,Low Risk,High Monthly Fee
4760-THGOT,Segment 3: Short-Term High-Charge Users,0.5832828480240807,58.33%,Yes,Medium Risk,Month-to-month Contract; Electronic Check Payment; No Tech Support
7295-JOMMD,Segment 3: Short-Term High-Charge Users,0.8739668616954503,87.4%,Yes,High Risk,Month-to-month Contract; Low Tenure (0-12m); High Monthly Fee
4016-BJKTZ,Segment 1: Long-Term Committed Loyalists,0.3409967881356861,34.1%,No,Medium Risk,Electronic Check Payment; High Monthly Fee
6584-VQMYT,Segment 1: Long-Term Committed Loyalists,0.12612634083810073,12.61%,No,Low Risk,No Tech Support
9838-BFCQT,Segment 1: Long-Term Committed Loyalists,0.005302825452118445,0.53%,No,Low Risk,Stable Account Profile
2790-XUYMV,Segment 1: Long-Term Committed Loyalists,0.1750223316766593,17.5%,No,Low Risk,No Tech Support; High Monthly Fee
0581-MDMPW,Segment 3: Short-Term High-Charge Users,0.6611018273801211,66.11%,Yes,High Risk,Month-to-month Contract; No Tech Support; High Monthly Fee
5013-SBUIH,Segment 1: Long-Term Committed Loyalists,0.5833187539158684,58.33%,Yes,Medium Risk,Electronic Check Payment; High Monthly Fee
1023-BQXZE,Segment 1: Long-Term Committed Loyalists,0.058583344081441655,5.86%,No,Low Risk,No Tech Support; High Monthly Fee
9163-GHAYE,Segment 3: Short-Term High-Charge Users,0.4819701788887529,48.2%,No,Medium Risk,Month-to-month Contract; Electronic Check Payment; No Tech Support
3904-UKFRE,Segment 3: Short-Term High-Charge Users,0.7591576753042075,75.92%,Yes,High Risk,Month-to-month Contract; Low Tenure (0-12m); Electronic Check Payment
5353-WILCI,Segment 3: Short-Term High-Charge Users,0.2859219382956292,28.59%,No,Low Risk,Month-to-month Contract; Electronic Check Payment; No Tech Support
0709-TVGUR,Segment 3: Short-Term High-Charge Users,0.8317455713858767,83.17%,Yes,High Risk,Month-to-month Contract; Low Tenure (0-12m); Electronic Check Payment
0058-EVZWM,Segment 3: Short-Term High-Charge Users,0.4531069425269332,45.31%,No,Medium Risk,Month-to-month Contract; No Tech Support; High Monthly Fee
6023-YEBUP,Segment 3: Short-Term High-Charge Users,0.8907797826549144,89.08%,Yes,High Risk,Month-to-month Contract; Low Tenure (0-12m); Electronic Check Payment
7209-JCUDS,Segment 3: Short-Term High-Charge Users,0.8683841358236375,86.84%,Yes,High Risk,Month-to-month Contract; Low Tenure (0-12m); Electronic Check Payment
7009-PCARS,Segment 1: Long-Term Committed Loyalists,0.07564037354365695,7.56%,No,Low Risk,Stable Account Profile
0519-DRGTI,Segment 3: Short-Term High-Charge Users,0.11865501887852176,11.87%,No,Low Risk,Month-to-month Contract
1017-FBQMM,Segment 1: Long-Term Committed Loyalists,0.36834266572909463,36.83%,No,Medium Risk,High Monthly Fee
3001-CBHLQ,Segment 3: Short-Term High-Charge Users,0.7575168550746133,75.75%,Yes,High Risk,Month-to-month Contract; Electronic Check Payment; High Monthly Fee
1985-MBRYP,Segment 1: Long-Term Committed Loyalists,0.02080646819936978,2.08%,No,Low Risk,Stable Account Profile
6158-DWPZT,Segment 1: Long-Term Committed Loyalists,0.6022894309274659,60.23%,Yes,High Risk,Low Tenure (0-12m); No Tech Support
9372-TXXPS,Segment 1: Long-Term Committed Loyalists,0.03544691183250419,3.54%,No,Low Risk,Stable Account Profile
3259-QMXUN,Segment 1: Long-Term Committed Loyalists,0.13818851998685686,13.82%,No,Low Risk,Electronic Check Payment; No Tech Support; High Monthly Fee
1015-JPFYW,Segment 1: Long-Term Committed Loyalists,0.05992264506721174,5.99%,No,Low Risk,Low Tenure (0-12m)
6645-MXQJT,Segment 3: Short-Term High-Charge Users,0.6660240420045512,66.6%,Yes,High Risk,Month-to-month Contract; Low Tenure (0-12m); Electronic Check Payment
4360-QRAVE,Segment 3: Short-Term High-Charge Users,0.44882722427981064,44.88%,No,Medium Risk,Month-to-month Contract; Electronic Check Payment; No Tech Support
8433-WPJTV,Segment 1: Long-Term Committed Loyalists,0.3921133269728382,39.21%,No,Medium Risk,High Monthly Fee
5804-JMYIO,Segment 1: Long-Term Committed Loyalists,0.01347246143369866,1.35%,No,Low Risk,Stable Account Profile
3763-GCZHZ,Segment 1: Long-Term Committed Loyalists,0.5188802169379135,51.89%,Yes,Medium Risk,Electronic Check Payment; High Monthly Fee
6484-LATFU,Segment 1: Long-Term Committed Loyalists,0.016161158902897266,1.62%,No,Low Risk,Stable Account Profile
7599-NTMDP,Segment 1: Long-Term Committed Loyalists,0.04678522911916168,4.68%,No,Low Risk,Stable Account Profile
0772-GYEQQ,Segment 3: Short-Term High-Charge Users,0.8472413193128385,84.72%,Yes,High Risk,Month-to-month Contract; Low Tenure (0-12m); High Monthly Fee
0536-ACXIP,Segment 1: Long-Term Committed Loyalists,0.11311858332476478,11.31%,No,Low Risk,Electronic Check Payment; No Tech Support; High Monthly Fee
0936-NQLJU,Segment 1: Long-Term Committed Loyalists,0.006844528489185819,0.68%,No,Low Risk,Stable Account Profile
4831-EOBFE,Segment 3: Short-Term High-Charge Users,0.6201108247519121,62.01%,Yes,High Risk,Month-to-month Contract; No Tech Support; High Monthly Fee
1575-KRZZE,Segment 3: Short-Term High-Charge Users,0.5825076317739102,58.25%,Yes,Medium Risk,Month-to-month Contract; Low Tenure (0-12m); Electronic Check Payment
3251-YMVWZ,Segment 1: Long-Term Committed Loyalists,0.13496579001049136,13.5%,No,Low Risk,Stable Account Profile
4102-OQUPX,Segment 3: Short-Term High-Charge Users,0.932166627561428,93.22%,Yes,High Risk,Month-to-month Contract; Low Tenure (0-12m); Electronic Check Payment
9170-GYZJC,Segment 1: Long-Term Committed Loyalists,0.39362622351432996,39.36%,No,Medium Risk,Month-to-month Contract; High Monthly Fee
4884-LEVMQ,Segment 1: Long-Term Committed Loyalists,0.008671521652641304,0.87%,No,Low Risk,Stable Account Profile
8857-CUPFQ,Segment 1: Long-Term Committed Loyalists,0.043290850178996546,4.33%,No,Low Risk,Stable Account Profile
7610-TVOPG,Segment 3: Short-Term High-Charge Users,0.24190238969632052,24.19%,No,Low Risk,Month-to-month Contract; Electronic Check Payment
3638-DIMPH,Segment 3: Short-Term High-Charge Users,0.4299868053124802,43.0%,No,Medium Risk,Electronic Check Payment; No Tech Support
1845-ZLLIG,Segment 3: Short-Term High-Charge Users,0.7458148506907237,74.58%,Yes,High Risk,Month-to-month Contract; Low Tenure (0-12m); No Tech Support
8559-WNQZS,Segment 1: Long-Term Committed Loyalists,0.118894447568077,11.89%,No,Low Risk,Low Tenure (0-12m)
3999-QGRJH,Segment 3: Short-Term High-Charge Users,0.7915559149365006,79.16%,Yes,High Risk,Month-to-month Contract; Low Tenure (0-12m); Electronic Check Payment
1699-UOTXU,Segment 1: Long-Term Committed Loyalists,0.0785933685221204,7.86%,No,Low Risk,Electronic Check Payment; No Tech Support
2454-RPBRZ,Segment 3: Short-Term High-Charge Users,0.8716009718626581,87.16%,Yes,High Risk,Month-to-month Contract; Low Tenure (0-12m); Electronic Check Payment
0635-WKOLD,Segment 1: Long-Term Committed Loyalists,0.22224436155474156,22.22%,No,Low Risk,High Monthly Fee
5993-JSUWV,Segment 1: Long-Term Committed Loyalists,0.04932491398478395,4.93%,No,Low Risk,No Tech Support
4518-FZBSX,Segment 1: Long-Term Committed Loyalists,0.012290837222134116,1.23%,No,Low Risk,Stable Account Profile
5387-ASZNZ,Segment 1: Long-Term Committed Loyalists,0.10338914912547627,10.34%,No,Low Risk,Stable Account Profile
6988-CJEYV,Segment 3: Short-Term High-Charge Users,0.6536090656967966,65.36%,Yes,High Risk,Month-to-month Contract; Electronic Check Payment; No Tech Support
2002-MZHWP,Segment 3: Short-Term High-Charge Users,0.6868295034132628,68.68%,Yes,High Risk,Month-to-month Contract; Low Tenure (0-12m)
3097-FQTVJ,Segment 1: Long-Term Committed Loyalists,0.009494643982175574,0.95%,No,Low Risk,Stable Account Profile
5465-BUBFA,Segment 1: Long-Term Committed Loyalists,0.011710790838969903,1.17%,No,Low Risk,Stable Account Profile
7299-GNVPL,Segment 3: Short-Term High-Charge Users,0.4081261975061328,40.81%,No,Medium Risk,Month-to-month Contract; High Monthly Fee
9743-DQKQW,Segment 3: Short-Term High-Charge Users,0.7031859838058051,70.32%,Yes,High Risk,Month-to-month Contract; Low Tenure (0-12m); Electronic Check Payment
1215-VFYVK,Segment 3: Short-Term High-Charge Users,0.5155658055238188,51.56%,Yes,Medium Risk,Month-to-month Contract; Low Tenure (0-12m)
9371-BITHB,Segment 1: Long-Term Committed Loyalists,0.01901726137739232,1.9%,No,Low Risk,Stable Account Profile
2265-CYWIV,Segment 3: Short-Term High-Charge Users,0.8713994760167475,87.14%,Yes,High Risk,Month-to-month Contract; Low Tenure (0-12m); Electronic Check Payment
9093-FPDLG,Segment 3: Short-Term High-Charge Users,0.8001552227863968,80.02%,Yes,High Risk,Month-to-month Contract; Low Tenure (0-12m); Electronic Check Payment
0541-FITGH,Segment 3: Short-Term High-Charge Users,0.6342543664386153,63.43%,Yes,High Risk,Month-to-month Contract; Low Tenure (0-12m); No Tech Support
6985-HAYWX,Segment 3: Short-Term High-Charge Users,0.5379422653833809,53.79%,Yes,Medium Risk,Month-to-month Contract; No Tech Support; High Monthly Fee
7508-KBIMB,Segment 1: Long-Term Committed Loyalists,0.19215586838458798,19.22%,No,Low Risk,No Tech Support
6838-HVLXG,Segment 3: Short-Term High-Charge Users,0.1829782198052365,18.3%,No,Low Risk,Month-to-month Contract; Low Tenure (0-12m)
2277-DJJDL,Segment 3: Short-Term High-Charge Users,0.5934049462409698,59.34%,Yes,Medium Risk,Month-to-month Contract; Electronic Check Payment; High Monthly Fee
1897-OKVMW,Segment 1: Long-Term Committed Loyalists,0.022442187286811105,2.24%,No,Low Risk,High Monthly Fee
5485-ITNPC,Segment 1: Long-Term Committed Loyalists,0.02535067129963553,2.54%,No,Low Risk,High Monthly Fee
0233-FTHAV,Segment 1: Long-Term Committed Loyalists,0.18014784809005951,18.01%,No,Low Risk,No Tech Support; High Monthly Fee
4644-PIZRT,Segment 1: Long-Term Committed Loyalists,0.26002663362396883,26.0%,No,Low Risk,No Tech Support; High Monthly Fee
8922-NPKBJ,Segment 1: Long-Term Committed Loyalists,0.008175115878010933,0.82%,No,Low Risk,Stable Account Profile
2740-TVLFN,Segment 3: Short-Term High-Charge Users,0.775393129572394,77.54%,Yes,High Risk,Month-to-month Contract; Low Tenure (0-12m); Electronic Check Payment
7771-CFQRQ,Segment 1: Long-Term Committed Loyalists,0.09201374879268567,9.2%,No,Low Risk,Stable Account Profile
9512-PHSMG,Segment 3: Short-Term High-Charge Users,0.18988522247062922,18.99%,No,Low Risk,Month-to-month Contract; Low Tenure (0-12m)
6963-EZQEE,Segment 1: Long-Term Committed Loyalists,0.046183347073254125,4.62%,No,Low Risk,High Monthly Fee
2452-KDRRH,Segment 1: Long-Term Committed Loyalists,0.5046921815738047,50.47%,Yes,Medium Risk,Month-to-month Contract; No Tech Support; High Monthly Fee
2004-OCQXK,Segment 3: Short-Term High-Charge Users,0.926594539911142,92.66%,Yes,High Risk,Month-to-month Contract; Low Tenure (0-12m); Electronic Check Payment
5027-QPKTE,Segment 3: Short-Term High-Charge Users,0.7898155669176512,78.98%,Yes,High Risk,Month-to-month Contract; Low Tenure (0-12m); Electronic Check Payment
4146-SVFUD,Segment 3: Short-Term High-Charge Users,0.7356702146862264,73.57%,Yes,High Risk,Month-to-month Contract; Low Tenure (0-12m); No Tech Support
1564-HJUVY,Segment 3: Short-Term High-Charge Users,0.46031147654156046,46.03%,No,Medium Risk,Month-to-month Contract; Low Tenure (0-12m)
3617-XLSGQ,Segment 1: Long-Term Committed Loyalists,0.20106072393988964,20.11%,No,Low Risk,No Tech Support; High Monthly Fee
7517-LDMPS,Segment 3: Short-Term High-Charge Users,0.7854798592554445,78.55%,Yes,High Risk,Month-to-month Contract; Low Tenure (0-12m); Electronic Check Payment
7244-KXYZN,Segment 1: Long-Term Committed Loyalists,0.032895594679824836,3.29%,No,Low Risk,Stable Account Profile
5226-NOZFC,Segment 3: Short-Term High-Charge Users,0.7192825247047264,71.93%,Yes,High Risk,Month-to-month Contract; Electronic Check Payment; No Tech Support
2672-HUYVI,Segment 3: Short-Term High-Charge Users,0.8772425076248076,87.72%,Yes,High Risk,Month-to-month Contract; Low Tenure (0-12m); Electronic Check Payment
1400-WIVLL,Segment 1: Long-Term Committed Loyalists,0.3905762333596832,39.06%,No,Medium Risk,Electronic Check Payment; High Monthly Fee
7508-MYBOG,Segment 3: Short-Term High-Charge Users,0.8062299008955551,80.62%,Yes,High Risk,Month-to-month Contract; Electronic Check Payment; No Tech Support
8148-NLEGT,Segment 1: Long-Term Committed Loyalists,0.03601482400902057,3.6%,No,Low Risk,Electronic Check Payment
0148-DCDOS,Segment 3: Short-Term High-Charge Users,0.7167414338876015,71.67%,Yes,High Risk,Month-to-month Contract; No Tech Support; High Monthly Fee
8347-GDTMP,Segment 1: Long-Term Committed Loyalists,0.012396213755442668,1.24%,No,Low Risk,Stable Account Profile
9992-RRAMN,Segment 3: Short-Term High-Charge Users,0.7540766750732724,75.41%,Yes,High Risk,Month-to-month Contract; Electronic Check Payment; No Tech Support
6746-WAUWT,Segment 1: Long-Term Committed Loyalists,0.047933168848888326,4.79%,No,Low Risk,Stable Account Profile
0310-MVLET,Segment 3: Short-Term High-Charge Users,0.5481154365882449,54.81%,Yes,Medium Risk,Month-to-month Contract; Electronic Check Payment; No Tech Support
0428-IKYCP,Segment 3: Short-Term High-Charge Users,0.6250648117260301,62.51%,Yes,High Risk,Month-to-month Contract; No Tech Support; High Monthly Fee
4550-VBOFE,Segment 1: Long-Term Committed Loyalists,0.5382830022432185,53.83%,Yes,Medium Risk,Month-to-month Contract; Electronic Check Payment; No Tech Support
2187-PKZAY,Segment 3: Short-Term High-Charge Users,0.7297230560237782,72.97%,Yes,High Risk,Month-to-month Contract; Low Tenure (0-12m); No Tech Support
4003-OCTMP,Segment 1: Long-Term Committed Loyalists,0.16466808669572608,16.47%,No,Low Risk,Electronic Check Payment
6652-YFFJO,Segment 3: Short-Term High-Charge Users,0.5221034392427047,52.21%,Yes,Medium Risk,Month-to-month Contract; Low Tenure (0-12m); Electronic Check Payment
7225-IILWY,Segment 1: Long-Term Committed Loyalists,0.007045002983974943,0.7%,No,Low Risk,Stable Account Profile
5248-RPYWW,Segment 1: Long-Term Committed Loyalists,0.02907082896189128,2.91%,No,Low Risk,High Monthly Fee
7923-IYJWY,Segment 1: Long-Term Committed Loyalists,0.21187098927805706,21.19%,No,Low Risk,High Monthly Fee
3170-GWYKC,Segment 1: Long-Term Committed Loyalists,0.3742692863922725,37.43%,No,Medium Risk,Month-to-month Contract; High Monthly Fee
5696-QURRL,Segment 3: Short-Term High-Charge Users,0.7666628071027377,76.67%,Yes,High Risk,Month-to-month Contract; Low Tenure (0-12m); No Tech Support
7409-KIUTL,Segment 3: Short-Term High-Charge Users,0.9060006950055629,90.6%,Yes,High Risk,Month-to-month Contract; Low Tenure (0-12m); Electronic Check Payment
9830-ECLEN,Segment 1: Long-Term Committed Loyalists,0.1440895880417055,14.41%,No,Low Risk,No Tech Support
1732-VHUBQ,Segment 3: Short-Term High-Charge Users,0.5405497710686628,54.05%,Yes,Medium Risk,Month-to-month Contract; No Tech Support; High Monthly Fee
0495-RVCBF,Segment 3: Short-Term High-Charge Users,0.9296917909411754,92.97%,Yes,High Risk,Month-to-month Contract; Low Tenure (0-12m); Electronic Check Payment
2668-TZSPS,Segment 3: Short-Term High-Charge Users,0.47194260129223636,47.19%,No,Medium Risk,Month-to-month Contract; Low Tenure (0-12m)
7854-EDSSA,Segment 3: Short-Term High-Charge Users,0.48846128219956814,48.85%,No,Medium Risk,Month-to-month Contract; Electronic Check Payment; No Tech Support
8869-TORSS,Segment 1: Long-Term Committed Loyalists,0.11135781723736898,11.14%,No,Low Risk,Stable Account Profile
7446-SFAOA,Segment 1: Long-Term Committed Loyalists,0.022056861028528208,2.21%,No,Low Risk,Stable Account Profile
9522-ZSINC,Segment 3: Short-Term High-Charge Users,0.14361911780323544,14.36%,No,Low Risk,Electronic Check Payment
8234-GSZYK,Segment 1: Long-Term Committed Loyalists,0.025845063990442303,2.58%,No,Low Risk,Stable Account Profile
6505-OZNPG,Segment 1: Long-Term Committed Loyalists,0.0940165203832962,9.4%,No,Low Risk,Low Tenure (0-12m)
6164-HAQTX,Segment 1: Long-Term Committed Loyalists,0.04611601347550691,4.61%,No,Low Risk,Stable Account Profile
0679-IDSTG,Segment 3: Short-Term High-Charge Users,0.921880114154064,92.19%,Yes,High Risk,Month-to-month Contract; Low Tenure (0-12m); Electronic Check Payment
7765-LWVVH,Segment 1: Long-Term Committed Loyalists,0.1346067512028814,13.46%,No,Low Risk,Electronic Check Payment; No Tech Support; High Monthly Fee
1658-TJVOA,Segment 3: Short-Term High-Charge Users,0.768869993369299,76.89%,Yes,High Risk,Month-to-month Contract; Low Tenure (0-12m); Electronic Check Payment
0953-LGOVU,Segment 3: Short-Term High-Charge Users,0.4064333206684697,40.64%,No,Medium Risk,Month-to-month Contract; Low Tenure (0-12m)
2115-BFTIW,Segment 3: Short-Term High-Charge Users,0.5514866063443855,55.15%,Yes,Medium Risk,Month-to-month Contract; No Tech Support; High Monthly Fee
4692-NNQRU,Segment 3: Short-Term High-Charge Users,0.4285104546027619,42.85%,No,Medium Risk,Electronic Check Payment; High Monthly Fee
7742-MYPGI,Segment 3: Short-Term High-Charge Users,0.5318053677871685,53.18%,Yes,Medium Risk,Month-to-month Contract; Low Tenure (0-12m)
0611-DFXKO,Segment 3: Short-Term High-Charge Users,0.7008238340647225,70.08%,Yes,High Risk,Month-to-month Contract; No Tech Support; High Monthly Fee
7780-OTDSO,Segment 3: Short-Term High-Charge Users,0.8247358454794166,82.47%,Yes,High Risk,Month-to-month Contract; Electronic Check Payment; No Tech Support
9619-GSATL,Segment 1: Long-Term Committed Loyalists,0.1573100174756592,15.73%,No,Low Risk,Electronic Check Payment
5622-UEJFI,Segment 1: Long-Term Committed Loyalists,0.05999788268494014,6.0%,No,Low Risk,Stable Account Profile
9747-DDZOS,Segment 3: Short-Term High-Charge Users,0.8781375607533944,87.81%,Yes,High Risk,Month-to-month Contract; Low Tenure (0-12m); No Tech Support
0674-DGMAQ,Segment 3: Short-Term High-Charge Users,0.6709532811188301,67.1%,Yes,High Risk,Month-to-month Contract; Electronic Check Payment; No Tech Support
6203-HBZPA,Segment 1: Long-Term Committed Loyalists,0.041061409364963115,4.11%,No,Low Risk,Stable Account Profile
0484-FFVBJ,Segment 1: Long-Term Committed Loyalists,0.2872126482786899,28.72%,No,Low Risk,No Tech Support
0301-FIDRB,Segment 1: Long-Term Committed Loyalists,0.01927757272237374,1.93%,No,Low Risk,Stable Account Profile
4139-JPIAM,Segment 3: Short-Term High-Charge Users,0.21609341121159859,21.61%,No,Low Risk,Month-to-month Contract
2181-TIDSV,Segment 1: Long-Term Committed Loyalists,0.010548246810653162,1.05%,No,Low Risk,Stable Account Profile
2761-XECQW,Segment 3: Short-Term High-Charge Users,0.48088237931708466,48.09%,No,Medium Risk,Month-to-month Contract; Low Tenure (0-12m); No Tech Support
1936-CZAKF,Segment 1: Long-Term Committed Loyalists,0.18711421648394017,18.71%,No,Low Risk,No Tech Support
9453-PATOS,Segment 1: Long-Term Committed Loyalists,0.015347849740434126,1.53%,No,Low Risk,High Monthly Fee
0564-JJHGS,Segment 3: Short-Term High-Charge Users,0.8906344483070846,89.06%,Yes,High Risk,Month-to-month Contract; Low Tenure (0-12m); Electronic Check Payment
3348-CFRNX,Segment 3: Short-Term High-Charge Users,0.6494977765322884,64.95%,Yes,High Risk,Month-to-month Contract; No Tech Support; High Monthly Fee
4402-FTBXC,Segment 3: Short-Term High-Charge Users,0.4197134717676326,41.97%,No,Medium Risk,Month-to-month Contract; No Tech Support; High Monthly Fee
1428-GTBJJ,Segment 3: Short-Term High-Charge Users,0.7737350748174362,77.37%,Yes,High Risk,Month-to-month Contract; Low Tenure (0-12m); Electronic Check Payment
2931-XIQBR,Segment 1: Long-Term Committed Loyalists,0.3492204957835802,34.92%,No,Medium Risk,High Monthly Fee
0106-UGRDO,Segment 1: Long-Term Committed Loyalists,0.11874851610345301,11.87%,No,Low Risk,Electronic Check Payment; High Monthly Fee
5542-TBBWB,Segment 3: Short-Term High-Charge Users,0.9336904732189544,93.37%,Yes,High Risk,Month-to-month Contract; Low Tenure (0-12m); Electronic Check Payment
1930-QPBVZ,Segment 1: Long-Term Committed Loyalists,0.10998653371357985,11.0%,No,Low Risk,High Monthly Fee
2606-PKWJB,Segment 1: Long-Term Committed Loyalists,0.09036093687971532,9.04%,No,Low Risk,Stable Account Profile
5322-ZSMZY,Segment 1: Long-Term Committed Loyalists,0.04549212889605745,4.55%,No,Low Risk,Stable Account Profile
8059-UDZFY,Segment 3: Short-Term High-Charge Users,0.68634565160263,68.63%,Yes,High Risk,Month-to-month Contract; No Tech Support; High Monthly Fee
7740-BTPUX,Segment 1: Long-Term Committed Loyalists,0.2639894410414155,26.4%,No,Low Risk,Electronic Check Payment; High Monthly Fee
5220-AGAAX,Segment 1: Long-Term Committed Loyalists,0.00969450406851964,0.97%,No,Low Risk,Stable Account Profile
0208-BPQEJ,Segment 3: Short-Term High-Charge Users,0.24127082957993873,24.13%,No,Low Risk,Month-to-month Contract; Low Tenure (0-12m)
9435-JMLSX,Segment 1: Long-Term Committed Loyalists,0.020936876439956544,2.09%,No,Low Risk,High Monthly Fee
3352-ALMCK,Segment 3: Short-Term High-Charge Users,0.691387330548823,69.14%,Yes,High Risk,Month-to-month Contract; No Tech Support; High Monthly Fee
5312-IRCFR,Segment 1: Long-Term Committed Loyalists,0.32195038085396877,32.2%,No,Medium Risk,Electronic Check Payment; No Tech Support; High Monthly Fee
5294-IMHHT,Segment 1: Long-Term Committed Loyalists,0.2744249315779287,27.44%,No,Low Risk,High Monthly Fee
8802-UNOJF,Segment 3: Short-Term High-Charge Users,0.7412150483313553,74.12%,Yes,High Risk,Month-to-month Contract; Low Tenure (0-12m); High Monthly Fee
6313-GIDIT,Segment 3: Short-Term High-Charge Users,0.5700618264535732,57.01%,Yes,Medium Risk,Month-to-month Contract; Electronic Check Payment; No Tech Support
6176-YJWAS,Segment 1: Long-Term Committed Loyalists,0.08960341837614588,8.96%,No,Low Risk,No Tech Support; High Monthly Fee
5310-NOOVA,Segment 1: Long-Term Committed Loyalists,0.019932037911836113,1.99%,No,Low Risk,Electronic Check Payment
4526-EXKKN,Segment 1: Long-Term Committed Loyalists,0.03449019855549996,3.45%,No,Low Risk,Stable Account Profile
5311-IHLEI,Segment 3: Short-Term High-Charge Users,0.4383414061411369,43.83%,No,Medium Risk,Month-to-month Contract; Low Tenure (0-12m)
3987-KQDDU,Segment 3: Short-Term High-Charge Users,0.6507878214902932,65.08%,Yes,High Risk,Month-to-month Contract; Low Tenure (0-12m); Electronic Check Payment
3404-JNXAX,Segment 3: Short-Term High-Charge Users,0.47704239180860497,47.7%,No,Medium Risk,Month-to-month Contract; Electronic Check Payment; High Monthly Fee
5131-PONJI,Segment 3: Short-Term High-Charge Users,0.5300491942469678,53.0%,Yes,Medium Risk,Month-to-month Contract; No Tech Support; High Monthly Fee
2845-AFFTX,Segment 3: Short-Term High-Charge Users,0.7772945731529335,77.73%,Yes,High Risk,Month-to-month Contract; Electronic Check Payment; No Tech Support
3489-VSFRD,Segment 1: Long-Term Committed Loyalists,0.08534989712428977,8.53%,No,Low Risk,Stable Account Profile
3345-JHUEO,Segment 3: Short-Term High-Charge Users,0.20943217998904107,20.94%,No,Low Risk,Month-to-month Contract; Low Tenure (0-12m); Electronic Check Payment
5815-HGGHV,Segment 1: Long-Term Committed Loyalists,0.19338780557459437,19.34%,No,Low Risk,Stable Account Profile
5260-UMPWX,Segment 3: Short-Term High-Charge Users,0.10934642280429266,10.93%,No,Low Risk,Month-to-month Contract
2249-YPRNG,Segment 3: Short-Term High-Charge Users,0.7696804518616803,76.97%,Yes,High Risk,Month-to-month Contract; No Tech Support; High Monthly Fee
7410-YTJIK,Segment 3: Short-Term High-Charge Users,0.8076992080877655,80.77%,Yes,High Risk,Month-to-month Contract; Low Tenure (0-12m); No Tech Support
4626-GYCZP,Segment 3: Short-Term High-Charge Users,0.897911555442623,89.79%,Yes,High Risk,Month-to-month Contract; Low Tenure (0-12m); Electronic Check Payment
5649-RXQTV,Segment 3: Short-Term High-Charge Users,0.6442778181489807,64.43%,Yes,High Risk,Month-to-month Contract; Electronic Check Payment; No Tech Support
2674-MIAHT,Segment 3: Short-Term High-Charge Users,0.8542930416422724,85.43%,Yes,High Risk,Month-to-month Contract; Low Tenure (0-12m); No Tech Support
2576-HXMPA,Segment 3: Short-Term High-Charge Users,0.30510803315851415,30.51%,No,Medium Risk,Month-to-month Contract; Low Tenure (0-12m)
7587-AOVVU,Segment 3: Short-Term High-Charge Users,0.5575357804326929,55.75%,Yes,Medium Risk,Month-to-month Contract; Electronic Check Payment; High Monthly Fee
5590-BYNII,Segment 3: Short-Term High-Charge Users,0.8117723760016481,81.18%,Yes,High Risk,Month-to-month Contract; Electronic Check Payment; No Tech Support
6898-MDLZW,Segment 3: Short-Term High-Charge Users,0.44518681418843614,44.52%,No,Medium Risk,Month-to-month Contract; Low Tenure (0-12m)
3237-AJGEH,Segment 3: Short-Term High-Charge Users,0.6307493398480539,63.07%,Yes,High Risk,Month-to-month Contract; Low Tenure (0-12m)
4707-YNOQA,Segment 1: Long-Term Committed Loyalists,0.09203229225557161,9.2%,No,Low Risk,Stable Account Profile
9357-UJRUN,Segment 1: Long-Term Committed Loyalists,0.25458268055588434,25.46%,No,Low Risk,Electronic Check Payment
1591-NFNLQ,Segment 3: Short-Term High-Charge Users,0.4970009025219458,49.7%,No,Medium Risk,Month-to-month Contract; No Tech Support; High Monthly Fee
8648-PFRMP,Segment 3: Short-Term High-Charge Users,0.6643002404746978,66.43%,Yes,High Risk,Month-to-month Contract; Electronic Check Payment; No Tech Support
7663-CUXZB,Segment 1: Long-Term Committed Loyalists,0.27200584405514255,27.2%,No,Low Risk,Electronic Check Payment; High Monthly Fee
0258-NOKBL,Segment 3: Short-Term High-Charge Users,0.8304591024583152,83.05%,Yes,High Risk,Month-to-month Contract; Low Tenure (0-12m); Electronic Check Payment
1163-VIPRI,Segment 1: Long-Term Committed Loyalists,0.26066500183578517,26.07%,No,Low Risk,Electronic Check Payment; High Monthly Fee
2815-CPTUL,Segment 3: Short-Term High-Charge Users,0.8081387061476695,80.81%,Yes,High Risk,Month-to-month Contract; Low Tenure (0-12m); No Tech Support
9348-ROUAI,Segment 1: Long-Term Committed Loyalists,0.03660666267290858,3.66%,No,Low Risk,High Monthly Fee
9443-JUBUO,Segment 1: Long-Term Committed Loyalists,0.02135320196126693,2.14%,No,Low Risk,Stable Account Profile
0596-BQCEQ,Segment 1: Long-Term Committed Loyalists,0.5777230714204512,57.77%,Yes,Medium Risk,Month-to-month Contract; Electronic Check Payment; No Tech Support
1481-ZUWZA,Segment 3: Short-Term High-Charge Users,0.6376974012219334,63.77%,Yes,High Risk,Month-to-month Contract; No Tech Support; High Monthly Fee
3043-TYBNO,Segment 3: Short-Term High-Charge Users,0.49916749619352674,49.92%,No,Medium Risk,Month-to-month Contract; Low Tenure (0-12m)
4830-FAXFM,Segment 3: Short-Term High-Charge Users,0.225980168522031,22.6%,No,Low Risk,Month-to-month Contract
5906-BFOZT,Segment 3: Short-Term High-Charge Users,0.5923773094265855,59.24%,Yes,Medium Risk,Month-to-month Contract; Low Tenure (0-12m)
2960-NKRSO,Segment 3: Short-Term High-Charge Users,0.6734178923255322,67.34%,Yes,High Risk,Month-to-month Contract; Electronic Check Payment; High Monthly Fee
8996-ZROXE,Segment 1: Long-Term Committed Loyalists,0.16420341823337967,16.42%,No,Low Risk,Electronic Check Payment
5598-IKHQQ,Segment 1: Long-Term Committed Loyalists,0.00835713294798971,0.84%,No,Low Risk,Stable Account Profile
0397-ZXWQF,Segment 1: Long-Term Committed Loyalists,0.017218961620218017,1.72%,No,Low Risk,Stable Account Profile
5266-PFRQK,Segment 1: Long-Term Committed Loyalists,0.06787085781126682,6.79%,No,Low Risk,Stable Account Profile
4674-HGNUA,Segment 1: Long-Term Committed Loyalists,0.01836504407913895,1.84%,No,Low Risk,High Monthly Fee
6765-MBQNU,Segment 1: Long-Term Committed Loyalists,0.10359743405925612,10.36%,No,Low Risk,Stable Account Profile
9786-IJYDL,Segment 1: Long-Term Committed Loyalists,0.2608601605800975,26.09%,No,Low Risk,High Monthly Fee
1303-SRDOK,Segment 1: Long-Term Committed Loyalists,0.09836205549553928,9.84%,No,Low Risk,No Tech Support
3769-MHZNV,Segment 1: Long-Term Committed Loyalists,0.014996220356236354,1.5%,No,Low Risk,Stable Account Profile
6295-OSINB,Segment 1: Long-Term Committed Loyalists,0.11914774578983377,11.91%,No,Low Risk,Electronic Check Payment; No Tech Support; High Monthly Fee
3308-MHOOC,Segment 3: Short-Term High-Charge Users,0.4517510693930624,45.18%,No,Medium Risk,Month-to-month Contract; Low Tenure (0-12m)
2309-OSFEU,Segment 3: Short-Term High-Charge Users,0.5447820673201824,54.48%,Yes,Medium Risk,Month-to-month Contract; Low Tenure (0-12m); No Tech Support
2207-QPJED,Segment 3: Short-Term High-Charge Users,0.5906548354787639,59.07%,Yes,Medium Risk,Month-to-month Contract; Electronic Check Payment; High Monthly Fee
4177-JPDFU,Segment 3: Short-Term High-Charge Users,0.4337203178583801,43.37%,No,Medium Risk,Month-to-month Contract; Low Tenure (0-12m)
2239-CFOUJ,Segment 1: Long-Term Committed Loyalists,0.1711015463852913,17.11%,No,Low Risk,Low Tenure (0-12m)
8046-DNVTL,Segment 1: Long-Term Committed Loyalists,0.02616064254672644,2.62%,No,Low Risk,Stable Account Profile
2209-XADXF,Segment 3: Short-Term High-Charge Users,0.7335749873834748,73.36%,Yes,High Risk,Month-to-month Contract; Low Tenure (0-12m); No Tech Support
6620-JDYNW,Segment 3: Short-Term High-Charge Users,0.3695873416416748,36.96%,No,Medium Risk,Month-to-month Contract; No Tech Support
1891-FZYSA,Segment 3: Short-Term High-Charge Users,0.5656823942622574,56.57%,Yes,Medium Risk,Month-to-month Contract; Electronic Check Payment; No Tech Support
4770-UEZOX,Segment 3: Short-Term High-Charge Users,0.8387354793334932,83.87%,Yes,High Risk,Month-to-month Contract; Low Tenure (0-12m); Electronic Check Payment
1038-RQOST,Segment 3: Short-Term High-Charge Users,0.10508147165078367,10.51%,No,Low Risk,Month-to-month Contract
7613-LLQFO,Segment 3: Short-Term High-Charge Users,0.8103256713998646,81.03%,Yes,High Risk,Month-to-month Contract; Low Tenure (0-12m); Electronic Check Payment
4568-TTZRT,Segment 3: Short-Term High-Charge Users,0.1894206283752983,18.94%,No,Low Risk,Month-to-month Contract; Low Tenure (0-12m)
9513-DXHDA,Segment 3: Short-Term High-Charge Users,0.23912754549243986,23.91%,No,Low Risk,Electronic Check Payment; High Monthly Fee
2640-PMGFL,Segment 3: Short-Term High-Charge Users,0.6774554139175922,67.75%,Yes,High Risk,Month-to-month Contract; Electronic Check Payment; High Monthly Fee
3801-HMYNL,Segment 3: Short-Term High-Charge Users,0.8909575107607611,89.1%,Yes,High Risk,Month-to-month Contract; Low Tenure (0-12m); No Tech Support
0516-QREYC,Segment 3: Short-Term High-Charge Users,0.10482064707285221,10.48%,No,Low Risk,Month-to-month Contract
9685-WKZGT,Segment 3: Short-Term High-Charge Users,0.7697609335425167,76.98%,Yes,High Risk,Month-to-month Contract; Electronic Check Payment; No Tech Support
6022-UGGSO,Segment 3: Short-Term High-Charge Users,0.661636277926147,66.16%,Yes,High Risk,Month-to-month Contract; Electronic Check Payment; No Tech Support
8084-OIVBS,Segment 1: Long-Term Committed Loyalists,0.09993449227055176,9.99%,No,Low Risk,Low Tenure (0-12m)
8896-BQTTI,Segment 3: Short-Term High-Charge Users,0.44091495966390504,44.09%,No,Medium Risk,Month-to-month Contract; Low Tenure (0-12m)
3865-QBWSJ,Segment 3: Short-Term High-Charge Users,0.5442661413651974,54.43%,Yes,Medium Risk,Month-to-month Contract; No Tech Support; High Monthly Fee
3352-RICWQ,Segment 1: Long-Term Committed Loyalists,0.04647641289683339,4.65%,No,Low Risk,Low Tenure (0-12m)
2160-GPFXD,Segment 1: Long-Term Committed Loyalists,0.054535051999050226,5.45%,No,Low Risk,Stable Account Profile
2065-MMKGR,Segment 1: Long-Term Committed Loyalists,0.2841492186882497,28.41%,No,Low Risk,No Tech Support; High Monthly Fee
5857-TYBCJ,Segment 3: Short-Term High-Charge Users,0.6636152943132186,66.36%,Yes,High Risk,Month-to-month Contract; Electronic Check Payment; No Tech Support
1498-NHTLT,Segment 1: Long-Term Committed Loyalists,0.03795047232938347,3.8%,No,Low Risk,Electronic Check Payment; High Monthly Fee
4484-CGXFK,Segment 3: Short-Term High-Charge Users,0.7037303761161173,70.37%,Yes,High Risk,Month-to-month Contract; Low Tenure (0-12m); Electronic Check Payment
1402-PTHGN,Segment 1: Long-Term Committed Loyalists,0.16973086991222944,16.97%,No,Low Risk,Stable Account Profile
4176-RELJR,Segment 1: Long-Term Committed Loyalists,0.011944402690469896,1.19%,No,Low Risk,Stable Account Profile
6214-EDAKZ,Segment 3: Short-Term High-Charge Users,0.5029860100028507,50.3%,Yes,Medium Risk,Month-to-month Contract; Electronic Check Payment
5199-FPUSP,Segment 1: Long-Term Committed Loyalists,0.14202928126121403,14.2%,No,Low Risk,Stable Account Profile
6377-KSLXC,Segment 3: Short-Term High-Charge Users,0.22755033361101315,22.76%,No,Low Risk,Month-to-month Contract; Low Tenure (0-12m)
1796-JANOW,Segment 3: Short-Term High-Charge Users,0.1965412585779339,19.65%,No,Low Risk,Month-to-month Contract; Low Tenure (0-12m)
0238-WHBIQ,Segment 1: Long-Term Committed Loyalists,0.014907003533780954,1.49%,No,Low Risk,High Monthly Fee
8735-NBLWT,Segment 3: Short-Term High-Charge Users,0.16327017266878666,16.33%,No,Low Risk,Month-to-month Contract; Low Tenure (0-12m)
6651-RLGGM,Segment 1: Long-Term Committed Loyalists,0.008903398481946413,0.89%,No,Low Risk,Stable Account Profile
6127-ISGTU,Segment 3: Short-Term High-Charge Users,0.7912082524648747,79.12%,Yes,High Risk,Month-to-month Contract; Electronic Check Payment; No Tech Support
1614-JBEBI,Segment 3: Short-Term High-Charge Users,0.20153704271578682,20.15%,No,Low Risk,Month-to-month Contract; Low Tenure (0-12m)
8740-XLHDR,Segment 3: Short-Term High-Charge Users,0.6212676856323395,62.13%,Yes,High Risk,Month-to-month Contract; Low Tenure (0-12m)
1208-DNHLN,Segment 1: Long-Term Committed Loyalists,0.3748858129104764,37.49%,No,Medium Risk,No Tech Support
1761-AEZZR,Segment 3: Short-Term High-Charge Users,0.9283051835763394,92.83%,Yes,High Risk,Month-to-month Contract; Low Tenure (0-12m); Electronic Check Payment
3923-CSIHK,Segment 3: Short-Term High-Charge Users,0.5077660482887753,50.78%,Yes,Medium Risk,Month-to-month Contract; Electronic Check Payment; No Tech Support
5696-EXCYS,Segment 1: Long-Term Committed Loyalists,0.031881584397767025,3.19%,No,Low Risk,Stable Account Profile
5795-KTGUD,Segment 1: Long-Term Committed Loyalists,0.1790640567684352,17.91%,No,Low Risk,No Tech Support; High Monthly Fee
7120-RFMVS,Segment 3: Short-Term High-Charge Users,0.9074858906944634,90.75%,Yes,High Risk,Month-to-month Contract; Low Tenure (0-12m); Electronic Check Payment
7924-GJZFI,Segment 3: Short-Term High-Charge Users,0.5960280528361621,59.6%,Yes,Medium Risk,Month-to-month Contract; Electronic Check Payment; No Tech Support
4702-HDRKD,Segment 1: Long-Term Committed Loyalists,0.08060483916820992,8.06%,No,Low Risk,Stable Account Profile
8512-WIWYV,Segment 1: Long-Term Committed Loyalists,0.0224510728278436,2.25%,No,Low Risk,Stable Account Profile
5897-ZYEKH,Segment 1: Long-Term Committed Loyalists,0.4180651415345158,41.81%,No,Medium Risk,Electronic Check Payment; No Tech Support; High Monthly Fee
5456-ITGIC,Segment 1: Long-Term Committed Loyalists,0.032736381481249584,3.27%,No,Low Risk,Stable Account Profile
7317-GGVPB,Segment 1: Long-Term Committed Loyalists,0.411828605486682,41.18%,No,Medium Risk,High Monthly Fee
1406-PUQVY,Segment 3: Short-Term High-Charge Users,0.7661721643953024,76.62%,Yes,High Risk,Month-to-month Contract; Low Tenure (0-12m); Electronic Check Payment
1322-AGOQM,Segment 3: Short-Term High-Charge Users,0.47787154034607654,47.79%,No,Medium Risk,Month-to-month Contract; No Tech Support
3677-IYRBF,Segment 3: Short-Term High-Charge Users,0.8143549618805619,81.44%,Yes,High Risk,Month-to-month Contract; Low Tenure (0-12m); Electronic Check Payment
5692-FPTAH,Segment 3: Short-Term High-Charge Users,0.7594439144589008,75.94%,Yes,High Risk,Month-to-month Contract; Low Tenure (0-12m); No Tech Support
9114-AAFQH,Segment 1: Long-Term Committed Loyalists,0.22036716637101383,22.04%,No,Low Risk,Electronic Check Payment; No Tech Support
8715-KKTFG,Segment 1: Long-Term Committed Loyalists,0.42564862060463443,42.56%,No,Medium Risk,High Monthly Fee
1550-LOAHA,Segment 3: Short-Term High-Charge Users,0.5745546257786196,57.46%,Yes,Medium Risk,Month-to-month Contract; No Tech Support; High Monthly Fee
1728-BQDMA,Segment 3: Short-Term High-Charge Users,0.7409206858994021,74.09%,Yes,High Risk,Month-to-month Contract; Low Tenure (0-12m); Electronic Check Payment
0268-QKIWO,Segment 3: Short-Term High-Charge Users,0.410514920570818,41.05%,No,Medium Risk,Month-to-month Contract; Low Tenure (0-12m); Electronic Check Payment
0876-WDUUZ,Segment 3: Short-Term High-Charge Users,0.8278113623804906,82.78%,Yes,High Risk,Month-to-month Contract; Low Tenure (0-12m); High Monthly Fee
5117-ZSMHQ,Segment 1: Long-Term Committed Loyalists,0.01830018139264169,1.83%,No,Low Risk,High Monthly Fee
5151-HQRDG,Segment 3: Short-Term High-Charge Users,0.20836321413037281,20.84%,No,Low Risk,Month-to-month Contract; No Tech Support
0960-HUWBM,Segment 1: Long-Term Committed Loyalists,0.26102505797636916,26.1%,No,Low Risk,High Monthly Fee
6465-GSRCL,Segment 1: Long-Term Committed Loyalists,0.3818260216435785,38.18%,No,Medium Risk,High Monthly Fee
0617-FHSGK,Segment 3: Short-Term High-Charge Users,0.5135746462988781,51.36%,Yes,Medium Risk,Month-to-month Contract; No Tech Support; High Monthly Fee
0263-FJTQO,Segment 1: Long-Term Committed Loyalists,0.05645562022518398,5.65%,No,Low Risk,High Monthly Fee
7319-ZNRTR,Segment 1: Long-Term Committed Loyalists,0.035085612859421314,3.51%,No,Low Risk,Electronic Check Payment
2858-MOFSQ,Segment 1: Long-Term Committed Loyalists,0.37923208620914206,37.92%,No,Medium Risk,No Tech Support
7503-EPSZW,Segment 1: Long-Term Committed Loyalists,0.010263432218426443,1.03%,No,Low Risk,Stable Account Profile
7089-XXAYG,Segment 1: Long-Term Committed Loyalists,0.24681589761458733,24.68%,No,Low Risk,No Tech Support
8118-LSUEL,Segment 3: Short-Term High-Charge Users,0.7888512034661028,78.89%,Yes,High Risk,Month-to-month Contract; Electronic Check Payment; No Tech Support
8070-AAWZP,Segment 3: Short-Term High-Charge Users,0.40215651051379114,40.22%,No,Medium Risk,Month-to-month Contract
1666-JXLKU,Segment 3: Short-Term High-Charge Users,0.7508872338616788,75.09%,Yes,High Risk,Month-to-month Contract; Electronic Check Payment; No Tech Support
7855-DIWPO,Segment 3: Short-Term High-Charge Users,0.6773138705124438,67.73%,Yes,High Risk,Month-to-month Contract; Electronic Check Payment; No Tech Support
5133-POWUA,Segment 3: Short-Term High-Charge Users,0.7742349017441523,77.42%,Yes,High Risk,Month-to-month Contract; Low Tenure (0-12m); No Tech Support
5652-MSDEY,Segment 3: Short-Term High-Charge Users,0.743923611678577,74.39%,Yes,High Risk,Month-to-month Contract; Low Tenure (0-12m); No Tech Support
7005-CCBKV,Segment 3: Short-Term High-Charge Users,0.8596500971848633,85.97%,Yes,High Risk,Month-to-month Contract; Low Tenure (0-12m); Electronic Check Payment
1810-BOHSY,Segment 1: Long-Term Committed Loyalists,0.35106019965195956,35.11%,No,Medium Risk,No Tech Support; High Monthly Fee
1784-BXEFA,Segment 3: Short-Term High-Charge Users,0.16217483053171283,16.22%,No,Low Risk,Month-to-month Contract; Low Tenure (0-12m)
7351-MHQVU,Segment 3: Short-Term High-Charge Users,0.4570945269398685,45.71%,No,Medium Risk,Month-to-month Contract; Low Tenure (0-12m)
9224-VTYID,Segment 1: Long-Term Committed Loyalists,0.07228681085659826,7.23%,No,Low Risk,High Monthly Fee
9500-IWPXQ,Segment 1: Long-Term Committed Loyalists,0.14075363557986825,14.08%,No,Low Risk,Electronic Check Payment; High Monthly Fee
5762-TJXGK,Segment 1: Long-Term Committed Loyalists,0.08198997899556905,8.2%,No,Low Risk,No Tech Support
4504-YOULA,Segment 3: Short-Term High-Charge Users,0.2583382648894187,25.83%,No,Low Risk,Month-to-month Contract; No Tech Support
5569-IDSEY,Segment 1: Long-Term Committed Loyalists,0.33014228966934334,33.01%,No,Medium Risk,No Tech Support; High Monthly Fee
4250-FDVOU,Segment 3: Short-Term High-Charge Users,0.5376890667326095,53.77%,Yes,Medium Risk,Month-to-month Contract; Low Tenure (0-12m); Electronic Check Payment
7284-ZZLOH,Segment 1: Long-Term Committed Loyalists,0.16777414881651848,16.78%,No,Low Risk,No Tech Support
5277-ZLOOR,Segment 3: Short-Term High-Charge Users,0.903169225094822,90.32%,Yes,High Risk,Month-to-month Contract; Low Tenure (0-12m); Electronic Check Payment
2141-RRYGO,Segment 3: Short-Term High-Charge Users,0.6496383758787098,64.96%,Yes,High Risk,Month-to-month Contract; Low Tenure (0-12m); No Tech Support
1777-JYQPJ,Segment 3: Short-Term High-Charge Users,0.6877125942075571,68.77%,Yes,High Risk,Month-to-month Contract; Low Tenure (0-12m); No Tech Support
6376-GAHQE,Segment 3: Short-Term High-Charge Users,0.8180775125580583,81.81%,Yes,High Risk,Month-to-month Contract; Low Tenure (0-12m); Electronic Check Payment
3401-URHDA,Segment 1: Long-Term Committed Loyalists,0.10365874107467148,10.37%,No,Low Risk,Stable Account Profile
1599-EAHXY,Segment 1: Long-Term Committed Loyalists,0.04452380706670027,4.45%,No,Low Risk,Stable Account Profile
8631-XVRZL,Segment 1: Long-Term Committed Loyalists,0.07781806236520836,7.78%,No,Low Risk,Low Tenure (0-12m)
5052-PNLOS,Segment 3: Short-Term High-Charge Users,0.870370612609316,87.04%,Yes,High Risk,Month-to-month Contract; Low Tenure (0-12m); No Tech Support
3853-LYGAM,Segment 3: Short-Term High-Charge Users,0.6256789959975949,62.57%,Yes,High Risk,Month-to-month Contract; High Monthly Fee
6979-ZNSFF,Segment 3: Short-Term High-Charge Users,0.8710917575339219,87.11%,Yes,High Risk,Month-to-month Contract; Low Tenure (0-12m); Electronic Check Payment
5751-USDBL,Segment 1: Long-Term Committed Loyalists,0.07313505792525565,7.31%,No,Low Risk,High Monthly Fee
5680-LQOGP,Segment 1: Long-Term Committed Loyalists,0.02549441033601027,2.55%,No,Low Risk,High Monthly Fee
2386-LAHRK,Segment 3: Short-Term High-Charge Users,0.7742497387375163,77.42%,Yes,High Risk,Month-to-month Contract; Low Tenure (0-12m); No Tech Support
8189-DUKMV,Segment 1: Long-Term Committed Loyalists,0.11533048557934099,11.53%,No,Low Risk,Low Tenure (0-12m)
6032-IGALN,Segment 3: Short-Term High-Charge Users,0.7590526878992524,75.91%,Yes,High Risk,Month-to-month Contract; Low Tenure (0-12m); No Tech Support
9931-DCEZH,Segment 1: Long-Term Committed Loyalists,0.21298468804052467,21.3%,No,Low Risk,Stable Account Profile
1898-JSNDC,Segment 1: Long-Term Committed Loyalists,0.21594447562050467,21.59%,No,Low Risk,No Tech Support
0315-LVCRK,Segment 3: Short-Term High-Charge Users,0.7009211680335904,70.09%,Yes,High Risk,Month-to-month Contract; Low Tenure (0-12m); Electronic Check Payment
3911-RSNHI,Segment 1: Long-Term Committed Loyalists,0.037496936244706895,3.75%,No,Low Risk,Stable Account Profile
2410-CIYFZ,Segment 3: Short-Term High-Charge Users,0.16182264414717415,16.18%,No,Low Risk,Month-to-month Contract; Low Tenure (0-12m)
4248-HCETZ,Segment 3: Short-Term High-Charge Users,0.6237400191488527,62.37%,Yes,High Risk,Month-to-month Contract; No Tech Support; High Monthly Fee
5505-OVWQW,Segment 1: Long-Term Committed Loyalists,0.060584108781951224,6.06%,No,Low Risk,Stable Account Profile
7271-AJDTL,Segment 1: Long-Term Committed Loyalists,0.3476428282907702,34.76%,No,Medium Risk,Month-to-month Contract; No Tech Support; High Monthly Fee
1867-TJHTS,Segment 3: Short-Term High-Charge Users,0.3623406937923269,36.23%,No,Medium Risk,Month-to-month Contract; No Tech Support; High Monthly Fee
0516-WJVXC,Segment 3: Short-Term High-Charge Users,0.5816776759590133,58.17%,Yes,Medium Risk,Month-to-month Contract; Low Tenure (0-12m); Electronic Check Payment
9174-FKWZE,Segment 3: Short-Term High-Charge Users,0.7887412573952912,78.87%,Yes,High Risk,Month-to-month Contract; Low Tenure (0-12m); Electronic Check Payment
6860-YRJZP,Segment 3: Short-Term High-Charge Users,0.8155229941003704,81.55%,Yes,High Risk,Month-to-month Contract; Low Tenure (0-12m); Electronic Check Payment
4429-WYGFR,Segment 3: Short-Term High-Charge Users,0.2774616502596509,27.75%,No,Low Risk,Month-to-month Contract
2817-LVCPP,Segment 1: Long-Term Committed Loyalists,0.028591621969881617,2.86%,No,Low Risk,Stable Account Profile
5038-ETMLM,Segment 1: Long-Term Committed Loyalists,0.04409756135973422,4.41%,No,Low Risk,High Monthly Fee
5056-FIMPT,Segment 1: Long-Term Committed Loyalists,0.4202122568953559,42.02%,No,Medium Risk,High Monthly Fee
4521-WFJAI,Segment 1: Long-Term Committed Loyalists,0.11846894950786468,11.85%,No,Low Risk,Stable Account Profile
6569-KTMDU,Segment 3: Short-Term High-Charge Users,0.39911643437306554,39.91%,No,Medium Risk,Month-to-month Contract; Low Tenure (0-12m)
8809-RIHDD,Segment 1: Long-Term Committed Loyalists,0.4072777281220384,40.73%,No,Medium Risk,Electronic Check Payment; No Tech Support; High Monthly Fee
8809-XKHMD,Segment 1: Long-Term Committed Loyalists,0.09073802030733953,9.07%,No,Low Risk,High Monthly Fee
0396-YCHWO,Segment 3: Short-Term High-Charge Users,0.724355906761618,72.44%,Yes,High Risk,Month-to-month Contract; Electronic Check Payment; No Tech Support
0867-LDTTC,Segment 3: Short-Term High-Charge Users,0.5948880557741173,59.49%,Yes,Medium Risk,Month-to-month Contract; Low Tenure (0-12m); High Monthly Fee
4822-NGOCH,Segment 3: Short-Term High-Charge Users,0.819947875782005,81.99%,Yes,High Risk,Month-to-month Contract; Electronic Check Payment; No Tech Support
9391-DXGGG,Segment 1: Long-Term Committed Loyalists,0.3131481878508671,31.31%,No,Medium Risk,No Tech Support; High Monthly Fee
9844-FELAJ,Segment 1: Long-Term Committed Loyalists,0.4201276031297633,42.01%,No,Medium Risk,Electronic Check Payment; High Monthly Fee
2122-SZZZD,Segment 1: Long-Term Committed Loyalists,0.011154744980003442,1.12%,No,Low Risk,Stable Account Profile
5307-DZCVC,Segment 3: Short-Term High-Charge Users,0.6608001176099161,66.08%,Yes,High Risk,Month-to-month Contract; No Tech Support; High Monthly Fee
3148-AOIQT,Segment 1: Long-Term Committed Loyalists,0.01599401417840672,1.6%,No,Low Risk,Stable Account Profile
8679-JOEVF,Segment 3: Short-Term High-Charge Users,0.563829516907365,56.38%,Yes,Medium Risk,Month-to-month Contract; Electronic Check Payment
8395-ETZKQ,Segment 1: Long-Term Committed Loyalists,0.05507736258579204,5.51%,No,Low Risk,Stable Account Profile
6692-YQHXC,Segment 3: Short-Term High-Charge Users,0.6030283718967879,60.3%,Yes,High Risk,Month-to-month Contract; No Tech Support
3889-VWBID,Segment 1: Long-Term Committed Loyalists,0.03685678342195685,3.69%,No,Low Risk,High Monthly Fee
5222-JCXZT,Segment 3: Short-Term High-Charge Users,0.16495947647546796,16.5%,No,Low Risk,Month-to-month Contract; Low Tenure (0-12m)
9754-CLVZW,Segment 3: Short-Term High-Charge Users,0.33058188869951677,33.06%,No,Medium Risk,Month-to-month Contract
1432-FPAXX,Segment 3: Short-Term High-Charge Users,0.49668829951040455,49.67%,No,Medium Risk,Month-to-month Contract; Electronic Check Payment; No Tech Support
2739-CCZMB,Segment 3: Short-Term High-Charge Users,0.21371627621425068,21.37%,No,Low Risk,Month-to-month Contract; Low Tenure (0-12m)
7080-TNUWP,Segment 1: Long-Term Committed Loyalists,0.21499680425695764,21.5%,No,Low Risk,No Tech Support; High Monthly Fee
0496-AHOOK,Segment 1: Long-Term Committed Loyalists,0.20577740484309057,20.58%,No,Low Risk,High Monthly Fee
8336-TAVKX,Segment 1: Long-Term Committed Loyalists,0.07676326509324571,7.68%,No,Low Risk,High Monthly Fee
2468-SJFLM,Segment 3: Short-Term High-Charge Users,0.7660552784531264,76.61%,Yes,High Risk,Month-to-month Contract; Low Tenure (0-12m); High Monthly Fee
3181-VTHOE,Segment 1: Long-Term Committed Loyalists,0.15853983237746477,15.85%,No,Low Risk,Stable Account Profile
7168-HDQHG,Segment 3: Short-Term High-Charge Users,0.12415511477003761,12.42%,No,Low Risk,Month-to-month Contract
4803-AXVYP,Segment 3: Short-Term High-Charge Users,0.7396686982809083,73.97%,Yes,High Risk,Month-to-month Contract; Electronic Check Payment; High Monthly Fee
3884-HCSWG,Segment 3: Short-Term High-Charge Users,0.7002253468013618,70.02%,Yes,High Risk,Month-to-month Contract; Electronic Check Payment; No Tech Support
4567-AKPIA,Segment 1: Long-Term Committed Loyalists,0.47690136156959057,47.69%,No,Medium Risk,High Monthly Fee
5077-DXTCG,Segment 3: Short-Term High-Charge Users,0.7993610297149751,79.94%,Yes,High Risk,Month-to-month Contract; Low Tenure (0-12m); Electronic Check Payment
1142-WACZW,Segment 3: Short-Term High-Charge Users,0.6824633488470561,68.25%,Yes,High Risk,Month-to-month Contract; Low Tenure (0-12m)
7901-HXJVA,Segment 3: Short-Term High-Charge Users,0.6747564937137895,67.48%,Yes,High Risk,Month-to-month Contract; Electronic Check Payment; No Tech Support
5649-ANRML,Segment 3: Short-Term High-Charge Users,0.8662730789263463,86.63%,Yes,High Risk,Month-to-month Contract; Low Tenure (0-12m); High Monthly Fee
4892-VLANZ,Segment 3: Short-Term High-Charge Users,0.5940546873092096,59.41%,Yes,Medium Risk,Month-to-month Contract; Low Tenure (0-12m)
5924-IFQTT,Segment 3: Short-Term High-Charge Users,0.3897241340064958,38.97%,No,Medium Risk,Month-to-month Contract; Electronic Check Payment; High Monthly Fee
7968-QUXNS,Segment 3: Short-Term High-Charge Users,0.15586808893786055,15.59%,No,Low Risk,Month-to-month Contract; Low Tenure (0-12m)
2919-HBCJO,Segment 3: Short-Term High-Charge Users,0.8413301964805721,84.13%,Yes,High Risk,Month-to-month Contract; Low Tenure (0-12m); No Tech Support
4236-XPXAV,Segment 3: Short-Term High-Charge Users,0.8763743753223039,87.64%,Yes,High Risk,Month-to-month Contract; Low Tenure (0-12m); High Monthly Fee
8903-WMRNW,Segment 3: Short-Term High-Charge Users,0.7118594190811223,71.19%,Yes,High Risk,Month-to-month Contract; Electronic Check Payment; No Tech Support
2452-SNHFZ,Segment 3: Short-Term High-Charge Users,0.4644832119922043,46.45%,No,Medium Risk,Month-to-month Contract; No Tech Support; High Monthly Fee
3629-WEAAM,Segment 3: Short-Term High-Charge Users,0.43282044248988183,43.28%,No,Medium Risk,Month-to-month Contract; Low Tenure (0-12m)
6029-CSMJE,Segment 3: Short-Term High-Charge Users,0.38273989212328235,38.27%,No,Medium Risk,Month-to-month Contract; No Tech Support
7993-NQLJE,Segment 3: Short-Term High-Charge Users,0.5518325049924316,55.18%,Yes,Medium Risk,Month-to-month Contract; No Tech Support; High Monthly Fee
9909-DFRJA,Segment 3: Short-Term High-Charge Users,0.41258758977176857,41.26%,No,Medium Risk,High Monthly Fee
9099-FTUHS,Segment 3: Short-Term High-Charge Users,0.38374457922732097,38.37%,No,Medium Risk,Month-to-month Contract; Electronic Check Payment; No Tech Support
0581-BXBUB,Segment 3: Short-Term High-Charge Users,0.7895514790572035,78.96%,Yes,High Risk,Month-to-month Contract; Low Tenure (0-12m); Electronic Check Payment
4962-CHQPW,Segment 1: Long-Term Committed Loyalists,0.015433103002716051,1.54%,No,Low Risk,Stable Account Profile
9467-ROOLM,Segment 3: Short-Term High-Charge Users,0.09441628628811385,9.44%,No,Low Risk,Month-to-month Contract
3030-YZADT,Segment 3: Short-Term High-Charge Users,0.49235703675517783,49.24%,No,Medium Risk,Month-to-month Contract; Low Tenure (0-12m); No Tech Support
7410-KTVFV,Segment 3: Short-Term High-Charge Users,0.4062580040862784,40.63%,No,Medium Risk,Month-to-month Contract; No Tech Support
5150-ITWWB,Segment 3: Short-Term High-Charge Users,0.8932510724448084,89.33%,Yes,High Risk,Month-to-month Contract; Low Tenure (0-12m); Electronic Check Payment
2253-KPMNB,Segment 1: Long-Term Committed Loyalists,0.04268586386457682,4.27%,No,Low Risk,Stable Account Profile
1345-ZUKID,Segment 1: Long-Term Committed Loyalists,0.05410341155924758,5.41%,No,Low Risk,Stable Account Profile
6429-SHBCB,Segment 3: Short-Term High-Charge Users,0.333399515205449,33.34%,No,Medium Risk,Month-to-month Contract; No Tech Support
9281-OFDMF,Segment 3: Short-Term High-Charge Users,0.6396992042988885,63.97%,Yes,High Risk,Month-to-month Contract; Electronic Check Payment; No Tech Support
2603-HVKCG,Segment 3: Short-Term High-Charge Users,0.7084879799462499,70.85%,Yes,High Risk,Month-to-month Contract; Electronic Check Payment; No Tech Support
1834-WULEG,Segment 1: Long-Term Committed Loyalists,0.020125411549578042,2.01%,No,Low Risk,Stable Account Profile
9097-ZUBYC,Segment 3: Short-Term High-Charge Users,0.4569169786476388,45.69%,No,Medium Risk,Month-to-month Contract
5148-ORICT,Segment 1: Long-Term Committed Loyalists,0.05765447500530717,5.77%,No,Low Risk,High Monthly Fee
4893-GYUJU,Segment 1: Long-Term Committed Loyalists,0.059965063428323,6.0%,No,Low Risk,Stable Account Profile
4578-PHJYZ,Segment 1: Long-Term Committed Loyalists,0.15108110186483878,15.11%,No,Low Risk,Electronic Check Payment
7272-QDCKA,Segment 3: Short-Term High-Charge Users,0.61587330023506,61.59%,Yes,High Risk,Electronic Check Payment; No Tech Support; High Monthly Fee
8908-SLFCJ,Segment 1: Long-Term Committed Loyalists,0.014294152856707761,1.43%,No,Low Risk,Stable Account Profile
8393-DLHGA,Segment 3: Short-Term High-Charge Users,0.7491456865098799,74.91%,Yes,High Risk,Month-to-month Contract; Electronic Check Payment; No Tech Support
9766-HGEDE,Segment 1: Long-Term Committed Loyalists,0.06263874816672618,6.26%,No,Low Risk,Stable Account Profile
6968-MHOMU,Segment 1: Long-Term Committed Loyalists,0.2949637599750784,29.5%,No,Low Risk,No Tech Support
7395-IGJOS,Segment 3: Short-Term High-Charge Users,0.6345297328232866,63.45%,Yes,High Risk,Month-to-month Contract; No Tech Support; High Monthly Fee
5044-XDPYX,Segment 1: Long-Term Committed Loyalists,0.03657976265061166,3.66%,No,Low Risk,Stable Account Profile
1814-WFGVS,Segment 1: Long-Term Committed Loyalists,0.08139594824681784,8.14%,No,Low Risk,Stable Account Profile
2834-SPCJV,Segment 3: Short-Term High-Charge Users,0.605160422362616,60.52%,Yes,High Risk,Month-to-month Contract; Electronic Check Payment; No Tech Support
3721-WKIIL,Segment 1: Long-Term Committed Loyalists,0.018906495003738463,1.89%,No,Low Risk,Stable Account Profile
6734-CKRSM,Segment 3: Short-Term High-Charge Users,0.2692499853256431,26.92%,No,Low Risk,Month-to-month Contract; Low Tenure (0-12m)
1265-ZFOSD,Segment 1: Long-Term Committed Loyalists,0.03604190260170088,3.6%,No,Low Risk,High Monthly Fee
6568-POCUI,Segment 1: Long-Term Committed Loyalists,0.2536249526721961,25.36%,No,Low Risk,High Monthly Fee
7890-VYYWG,Segment 3: Short-Term High-Charge Users,0.7837135528895803,78.37%,Yes,High Risk,Month-to-month Contract; Low Tenure (0-12m); No Tech Support
5197-LQXXH,Segment 1: Long-Term Committed Loyalists,0.048337483655512076,4.83%,No,Low Risk,High Monthly Fee
9907-SWKKF,Segment 3: Short-Term High-Charge Users,0.7681343522187039,76.81%,Yes,High Risk,Month-to-month Contract; Low Tenure (0-12m); No Tech Support
3457-PQBYH,Segment 1: Long-Term Committed Loyalists,0.01202372817800335,1.2%,No,Low Risk,Stable Account Profile
7682-AZNDK,Segment 3: Short-Term High-Charge Users,0.6263495222493122,62.63%,Yes,High Risk,Month-to-month Contract; Electronic Check Payment; No Tech Support
0587-DMGBH,Segment 3: Short-Term High-Charge Users,0.629735102408693,62.97%,Yes,High Risk,Month-to-month Contract; Low Tenure (0-12m); Electronic Check Payment
5384-ZTTWP,Segment 3: Short-Term High-Charge Users,0.1995546036110243,19.96%,No,Low Risk,Month-to-month Contract
3745-HRPHI,Segment 1: Long-Term Committed Loyalists,0.04986565932440175,4.99%,No,Low Risk,Stable Account Profile
7636-OWBPG,Segment 3: Short-Term High-Charge Users,0.4470252895438487,44.7%,No,Medium Risk,Month-to-month Contract; Low Tenure (0-12m); No Tech Support
1231-YNDEK,Segment 1: Long-Term Committed Loyalists,0.07982767723433841,7.98%,No,Low Risk,Stable Account Profile
1407-DIGZV,Segment 1: Long-Term Committed Loyalists,0.04783429336261127,4.78%,No,Low Risk,Low Tenure (0-12m)
6397-JNZZG,Segment 3: Short-Term High-Charge Users,0.5447825586111485,54.48%,Yes,Medium Risk,Month-to-month Contract; No Tech Support
0570-BFQHT,Segment 3: Short-Term High-Charge Users,0.7637184267236928,76.37%,Yes,High Risk,Month-to-month Contract; Low Tenure (0-12m); Electronic Check Payment
4393-OBCRR,Segment 1: Long-Term Committed Loyalists,0.08292754786783983,8.29%,No,Low Risk,Low Tenure (0-12m)
3523-QRQLL,Segment 1: Long-Term Committed Loyalists,0.31309218268508765,31.31%,No,Medium Risk,No Tech Support
8564-LDKFL,Segment 1: Long-Term Committed Loyalists,0.4859529720652358,48.6%,No,Medium Risk,No Tech Support; High Monthly Fee
3696-DFHHB,Segment 1: Long-Term Committed Loyalists,0.007431370830787669,0.74%,No,Low Risk,Stable Account Profile
0895-DQHEW,Segment 3: Short-Term High-Charge Users,0.7075357899799994,70.75%,Yes,High Risk,Month-to-month Contract; Electronic Check Payment; No Tech Support
4717-GHADL,Segment 1: Long-Term Committed Loyalists,0.06926410835502819,6.93%,No,Low Risk,High Monthly Fee
5501-TVMGM,Segment 3: Short-Term High-Charge Users,0.8111548453660428,81.12%,Yes,High Risk,Month-to-month Contract; Low Tenure (0-12m); Electronic Check Payment
5879-HMFFH,Segment 1: Long-Term Committed Loyalists,0.015960821934196626,1.6%,No,Low Risk,High Monthly Fee
6772-WFQRD,Segment 1: Long-Term Committed Loyalists,0.014515707599659434,1.45%,No,Low Risk,Stable Account Profile
3810-DVDQQ,Segment 1: Long-Term Committed Loyalists,0.06376423359087574,6.38%,No,Low Risk,High Monthly Fee
6972-SNKKW,Segment 3: Short-Term High-Charge Users,0.24276517342909973,24.28%,No,Low Risk,Month-to-month Contract; Low Tenure (0-12m)
3694-GLTJM,Segment 3: Short-Term High-Charge Users,0.20980861470784382,20.98%,No,Low Risk,Month-to-month Contract; Low Tenure (0-12m)
8550-XSXUQ,Segment 1: Long-Term Committed Loyalists,0.18818873581907639,18.82%,No,Low Risk,No Tech Support; High Monthly Fee
8149-RSOUN,Segment 3: Short-Term High-Charge Users,0.9392748454910262,93.93%,Yes,High Risk,Month-to-month Contract; Low Tenure (0-12m); Electronic Check Payment
9055-MOJJJ,Segment 1: Long-Term Committed Loyalists,0.06678323353498045,6.68%,No,Low Risk,Stable Account Profile
4359-INNWN,Segment 1: Long-Term Committed Loyalists,0.07053360587512547,7.05%,No,Low Risk,Stable Account Profile
0585-EGDDA,Segment 3: Short-Term High-Charge Users,0.6038040900128434,60.38%,Yes,High Risk,Month-to-month Contract; Electronic Check Payment; No Tech Support
4032-RMHCI,Segment 1: Long-Term Committed Loyalists,0.17947126348971326,17.95%,No,Low Risk,No Tech Support
0549-CYCQN,Segment 1: Long-Term Committed Loyalists,0.22166581017384057,22.17%,No,Low Risk,No Tech Support; High Monthly Fee
3481-JHUZH,Segment 3: Short-Term High-Charge Users,0.6463235708019477,64.63%,Yes,High Risk,Month-to-month Contract; Electronic Check Payment; No Tech Support
7250-EQKIY,Segment 3: Short-Term High-Charge Users,0.7551683184958354,75.52%,Yes,High Risk,Month-to-month Contract; Low Tenure (0-12m); No Tech Support
3594-IVHJZ,Segment 3: Short-Term High-Charge Users,0.21141630911631745,21.14%,No,Low Risk,Month-to-month Contract; Low Tenure (0-12m)
6869-FGJJC,Segment 1: Long-Term Committed Loyalists,0.18433802451534723,18.43%,No,Low Risk,No Tech Support; High Monthly Fee
3896-ZVNET,Segment 1: Long-Term Committed Loyalists,0.031014948725460054,3.1%,No,Low Risk,Stable Account Profile
8205-VSLRB,Segment 1: Long-Term Committed Loyalists,0.07807974536512197,7.81%,No,Low Risk,High Monthly Fee
5960-MVTUK,Segment 3: Short-Term High-Charge Users,0.7046339339366431,70.46%,Yes,High Risk,Month-to-month Contract; Low Tenure (0-12m); Electronic Check Payment
6817-WTYHE,Segment 3: Short-Term High-Charge Users,0.712273237921374,71.23%,Yes,High Risk,Month-to-month Contract; Low Tenure (0-12m); No Tech Support
3082-VQXNH,Segment 3: Short-Term High-Charge Users,0.5822419285046123,58.22%,Yes,Medium Risk,Month-to-month Contract; Low Tenure (0-12m); No Tech Support
4013-UBXWQ,Segment 3: Short-Term High-Charge Users,0.73846304229261,73.85%,Yes,High Risk,Month-to-month Contract; Low Tenure (0-12m); Electronic Check Payment
4931-TRZWN,Segment 3: Short-Term High-Charge Users,0.49854635230325034,49.85%,No,Medium Risk,Month-to-month Contract; Electronic Check Payment; No Tech Support
0750-EKNGL,Segment 3: Short-Term High-Charge Users,0.20321084088325497,20.32%,No,Low Risk,Month-to-month Contract; Low Tenure (0-12m)
7669-LCRSD,Segment 3: Short-Term High-Charge Users,0.40280079686859305,40.28%,No,Medium Risk,Month-to-month Contract; Low Tenure (0-12m); No Tech Support
3567-PQTSO,Segment 1: Long-Term Committed Loyalists,0.5361360947254642,53.61%,Yes,Medium Risk,Electronic Check Payment; No Tech Support; High Monthly Fee
5519-NPHVG,Segment 3: Short-Term High-Charge Users,0.8672114257654876,86.72%,Yes,High Risk,Month-to-month Contract; Low Tenure (0-12m); Electronic Check Payment
8043-PNYSD,Segment 1: Long-Term Committed Loyalists,0.019451433572474693,1.95%,No,Low Risk,Stable Account Profile
9938-EKRGF,Segment 3: Short-Term High-Charge Users,0.3510454645197047,35.1%,No,Medium Risk,Month-to-month Contract; High Monthly Fee
2703-AMTUL,Segment 1: Long-Term Committed Loyalists,0.17738540524544877,17.74%,No,Low Risk,No Tech Support
0928-JMXNP,Segment 3: Short-Term High-Charge Users,0.7034715728156913,70.35%,Yes,High Risk,Month-to-month Contract; Low Tenure (0-12m); Electronic Check Payment
8173-RXAYP,Segment 1: Long-Term Committed Loyalists,0.019203810312930194,1.92%,No,Low Risk,Stable Account Profile
4825-XJGDM,Segment 1: Long-Term Committed Loyalists,0.07840781634890699,7.84%,No,Low Risk,Stable Account Profile
5402-HTOTQ,Segment 3: Short-Term High-Charge Users,0.5103061449008034,51.03%,Yes,Medium Risk,Month-to-month Contract; Electronic Check Payment; No Tech Support
6734-JDTTV,Segment 1: Long-Term Committed Loyalists,0.009806405990997009,0.98%,No,Low Risk,Stable Account Profile
7850-THJMU,Segment 1: Long-Term Committed Loyalists,0.019173703065475375,1.92%,No,Low Risk,Stable Account Profile
3890-RTCMS,Segment 3: Short-Term High-Charge Users,0.43198319164527343,43.2%,No,Medium Risk,Month-to-month Contract
8849-GYOKR,Segment 1: Long-Term Committed Loyalists,0.4681840669872447,46.82%,No,Medium Risk,No Tech Support; High Monthly Fee
3148-BLQJT,Segment 3: Short-Term High-Charge Users,0.7107315202088412,71.07%,Yes,High Risk,Month-to-month Contract; Low Tenure (0-12m)
3717-FDJFU,Segment 1: Long-Term Committed Loyalists,0.04456162561189459,4.46%,No,Low Risk,Low Tenure (0-12m)
3665-JATSN,Segment 3: Short-Term High-Charge Users,0.5083558272510273,50.84%,Yes,Medium Risk,Month-to-month Contract; Electronic Check Payment; No Tech Support
7966-YOTQW,Segment 3: Short-Term High-Charge Users,0.4225764022976554,42.26%,No,Medium Risk,Month-to-month Contract; Low Tenure (0-12m); No Tech Support
0461-CVKMU,Segment 3: Short-Term High-Charge Users,0.6143966414526851,61.44%,Yes,High Risk,Month-to-month Contract; Electronic Check Payment; High Monthly Fee
8806-EAGWC,Segment 3: Short-Term High-Charge Users,0.7269710308587346,72.7%,Yes,High Risk,Month-to-month Contract; Low Tenure (0-12m); No Tech Support
8853-TZDGH,Segment 1: Long-Term Committed Loyalists,0.10956502794716058,10.96%,No,Low Risk,High Monthly Fee
7779-LGOVN,Segment 3: Short-Term High-Charge Users,0.8605365986385677,86.05%,Yes,High Risk,Month-to-month Contract; Low Tenure (0-12m); Electronic Check Payment
4324-BZCKL,Segment 3: Short-Term High-Charge Users,0.38303016481950586,38.3%,No,Medium Risk,Month-to-month Contract; Low Tenure (0-12m); No Tech Support
6924-TDGMT,Segment 1: Long-Term Committed Loyalists,0.06843577472920916,6.84%,No,Low Risk,Low Tenure (0-12m)
9710-ZUSHQ,Segment 3: Short-Term High-Charge Users,0.6301664901041897,63.02%,Yes,High Risk,Month-to-month Contract; No Tech Support; High Monthly Fee
1536-YHDOE,Segment 1: Long-Term Committed Loyalists,0.16533263112499527,16.53%,No,Low Risk,Stable Account Profile
8123-QBNAZ,Segment 3: Short-Term High-Charge Users,0.6191912609082294,61.92%,Yes,High Risk,Month-to-month Contract; No Tech Support; High Monthly Fee
3629-ZNKXA,Segment 3: Short-Term High-Charge Users,0.7659441447610994,76.59%,Yes,High Risk,Month-to-month Contract; Electronic Check Payment; No Tech Support
4827-LTQRJ,Segment 1: Long-Term Committed Loyalists,0.2779087550388764,27.79%,No,Low Risk,High Monthly Fee
7711-YIJWC,Segment 1: Long-Term Committed Loyalists,0.1578610146607632,15.79%,No,Low Risk,High Monthly Fee
5482-VXSXJ,Segment 3: Short-Term High-Charge Users,0.6632138940658937,66.32%,Yes,High Risk,Month-to-month Contract; No Tech Support; High Monthly Fee
7365-BVCJH,Segment 3: Short-Term High-Charge Users,0.7935229347787455,79.35%,Yes,High Risk,Month-to-month Contract; Low Tenure (0-12m); Electronic Check Payment
9620-ENEJV,Segment 3: Short-Term High-Charge Users,0.7351670541003649,73.52%,Yes,High Risk,Month-to-month Contract; Low Tenure (0-12m); No Tech Support
4183-WCSEP,Segment 3: Short-Term High-Charge Users,0.640868767500277,64.09%,Yes,High Risk,Month-to-month Contract; Electronic Check Payment; High Monthly Fee
2378-YIZKA,Segment 1: Long-Term Committed Loyalists,0.02053186898211601,2.05%,No,Low Risk,High Monthly Fee
5498-TXHLF,Segment 3: Short-Term High-Charge Users,0.6429646090807998,64.3%,Yes,High Risk,Month-to-month Contract; Electronic Check Payment; No Tech Support
0689-DSXGL,Segment 3: Short-Term High-Charge Users,0.3649652125786737,36.5%,No,Medium Risk,Month-to-month Contract; High Monthly Fee
6818-DJXAA,Segment 3: Short-Term High-Charge Users,0.7980521280303947,79.81%,Yes,High Risk,Month-to-month Contract; Low Tenure (0-12m); Electronic Check Payment
9722-UJOJR,Segment 3: Short-Term High-Charge Users,0.65277285734555,65.28%,Yes,High Risk,Month-to-month Contract; Electronic Check Payment; No Tech Support
0464-WJTKO,Segment 1: Long-Term Committed Loyalists,0.006318920407335341,0.63%,No,Low Risk,Stable Account Profile
8902-ZEOVF,Segment 1: Long-Term Committed Loyalists,0.013572736894277692,1.36%,No,Low Risk,Stable Account Profile
6778-EICRF,Segment 1: Long-Term Committed Loyalists,0.20480792388786773,20.48%,No,Low Risk,No Tech Support; High Monthly Fee
2662-NNTDK,Segment 1: Long-Term Committed Loyalists,0.050181481962603997,5.02%,No,Low Risk,Stable Account Profile
4132-KALRO,Segment 3: Short-Term High-Charge Users,0.8755099812157688,87.55%,Yes,High Risk,Month-to-month Contract; Low Tenure (0-12m); High Monthly Fee
3902-FOIGH,Segment 3: Short-Term High-Charge Users,0.8896206804753641,88.96%,Yes,High Risk,Month-to-month Contract; Low Tenure (0-12m); Electronic Check Payment
6772-KSATR,Segment 3: Short-Term High-Charge Users,0.879874190828578,87.99%,Yes,High Risk,Month-to-month Contract; Low Tenure (0-12m); Electronic Check Payment
7112-OPOTK,Segment 3: Short-Term High-Charge Users,0.5974818328189397,59.75%,Yes,Medium Risk,Month-to-month Contract; Electronic Check Payment; No Tech Support
2874-YXVVA,Segment 3: Short-Term High-Charge Users,0.6486165155474981,64.86%,Yes,High Risk,Month-to-month Contract; Electronic Check Payment; High Monthly Fee
1245-HARPS,Segment 1: Long-Term Committed Loyalists,0.01854947364240483,1.85%,No,Low Risk,Stable Account Profile
4210-QFJMF,Segment 3: Short-Term High-Charge Users,0.8533715763459092,85.34%,Yes,High Risk,Month-to-month Contract; Low Tenure (0-12m); Electronic Check Payment
4323-ELYYB,Segment 1: Long-Term Committed Loyalists,0.06811522829098852,6.81%,No,Low Risk,Stable Account Profile
4293-ETKAP,Segment 1: Long-Term Committed Loyalists,0.06064508075102521,6.06%,No,Low Risk,High Monthly Fee
6064-PUPMC,Segment 1: Long-Term Committed Loyalists,0.13250421433972606,13.25%,No,Low Risk,Stable Account Profile
6504-VBLFL,Segment 1: Long-Term Committed Loyalists,0.11809715006722948,11.81%,No,Low Risk,Electronic Check Payment; No Tech Support
6322-PJJDJ,Segment 1: Long-Term Committed Loyalists,0.29708180233177994,29.71%,No,Low Risk,Electronic Check Payment; No Tech Support; High Monthly Fee
0330-BGYZE,Segment 1: Long-Term Committed Loyalists,0.42317734956696634,42.32%,No,Medium Risk,No Tech Support; High Monthly Fee
1085-LDWAM,Segment 1: Long-Term Committed Loyalists,0.02966716404905555,2.97%,No,Low Risk,Stable Account Profile
7586-ZATGZ,Segment 3: Short-Term High-Charge Users,0.6673976530969761,66.74%,Yes,High Risk,Month-to-month Contract; Electronic Check Payment; No Tech Support
7197-VOJMM,Segment 1: Long-Term Committed Loyalists,0.07182820566144697,7.18%,No,Low Risk,Stable Account Profile
3318-OSATS,Segment 3: Short-Term High-Charge Users,0.7556946006638997,75.57%,Yes,High Risk,Month-to-month Contract; Electronic Check Payment; No Tech Support
5828-AVIPD,Segment 3: Short-Term High-Charge Users,0.6642268440363259,66.42%,Yes,High Risk,Electronic Check Payment; High Monthly Fee
1843-TLSGD,Segment 1: Long-Term Committed Loyalists,0.02275756769639814,2.28%,No,Low Risk,Stable Account Profile
9626-VFRGG,Segment 3: Short-Term High-Charge Users,0.5871167671817381,58.71%,Yes,Medium Risk,Month-to-month Contract; No Tech Support; High Monthly Fee
7075-BNDVQ,Segment 3: Short-Term High-Charge Users,0.5510105392787413,55.1%,Yes,Medium Risk,Month-to-month Contract; Low Tenure (0-12m); No Tech Support
9143-CANJF,Segment 3: Short-Term High-Charge Users,0.34211194249570115,34.21%,No,Medium Risk,Month-to-month Contract; Electronic Check Payment
7284-BUYEC,Segment 3: Short-Term High-Charge Users,0.6018994956518751,60.19%,Yes,High Risk,Month-to-month Contract; Low Tenure (0-12m); No Tech Support
2041-JIJCI,Segment 3: Short-Term High-Charge Users,0.5682105707684716,56.82%,Yes,Medium Risk,Month-to-month Contract; Low Tenure (0-12m); Electronic Check Payment
1086-LXKFY,Segment 3: Short-Term High-Charge Users,0.9004986912437315,90.05%,Yes,High Risk,Month-to-month Contract; Low Tenure (0-12m); No Tech Support
4900-MSOMT,Segment 1: Long-Term Committed Loyalists,0.03799716831194872,3.8%,No,Low Risk,High Monthly Fee
2229-VWQJH,Segment 3: Short-Term High-Charge Users,0.38248677623113264,38.25%,No,Medium Risk,Month-to-month Contract; No Tech Support
9194-GFVOI,Segment 1: Long-Term Committed Loyalists,0.11749310812924357,11.75%,No,Low Risk,High Monthly Fee
1336-EZFZY,Segment 3: Short-Term High-Charge Users,0.2352361631231652,23.52%,No,Low Risk,Month-to-month Contract; Low Tenure (0-12m)
4282-MSACW,Segment 1: Long-Term Committed Loyalists,0.3772700667245027,37.73%,No,Medium Risk,High Monthly Fee
1403-LKLIK,Segment 1: Long-Term Committed Loyalists,0.02633591377795741,2.63%,No,Low Risk,Stable Account Profile
2636-ALXXZ,Segment 3: Short-Term High-Charge Users,0.9326742670869033,93.27%,Yes,High Risk,Month-to-month Contract; Low Tenure (0-12m); Electronic Check Payment
7774-OJSXI,Segment 3: Short-Term High-Charge Users,0.7129659390518553,71.3%,Yes,High Risk,Electronic Check Payment; No Tech Support; High Monthly Fee
7786-WBJYI,Segment 3: Short-Term High-Charge Users,0.8369240352655787,83.69%,Yes,High Risk,Month-to-month Contract; Low Tenure (0-12m); No Tech Support
0136-IFMYD,Segment 1: Long-Term Committed Loyalists,0.2905662204213328,29.06%,No,Low Risk,Electronic Check Payment; High Monthly Fee
5144-TVGLP,Segment 3: Short-Term High-Charge Users,0.6645451490975209,66.45%,Yes,High Risk,Month-to-month Contract; Electronic Check Payment; No Tech Support
9643-AVVWI,Segment 3: Short-Term High-Charge Users,0.8292833648437214,82.93%,Yes,High Risk,Month-to-month Contract; Low Tenure (0-12m); Electronic Check Payment
0253-ZTEOB,Segment 1: Long-Term Committed Loyalists,0.0859953856402062,8.6%,No,Low Risk,Electronic Check Payment; High Monthly Fee
2706-QZIHY,Segment 1: Long-Term Committed Loyalists,0.04815773760053322,4.82%,No,Low Risk,Stable Account Profile
6061-PQHMK,Segment 1: Long-Term Committed Loyalists,0.015212205707755014,1.52%,No,Low Risk,Stable Account Profile
9885-CSMWE,Segment 3: Short-Term High-Charge Users,0.9170033855240121,91.7%,Yes,High Risk,Month-to-month Contract; Low Tenure (0-12m); Electronic Check Payment
6137-MFAJN,Segment 3: Short-Term High-Charge Users,0.3624686238458118,36.25%,No,Medium Risk,Month-to-month Contract; Electronic Check Payment; No Tech Support
9122-UMROB,Segment 3: Short-Term High-Charge Users,0.5135751753168859,51.36%,Yes,Medium Risk,Month-to-month Contract; Low Tenure (0-12m)
4232-JGKIY,Segment 3: Short-Term High-Charge Users,0.3696987578087342,36.97%,No,Medium Risk,Month-to-month Contract; Low Tenure (0-12m); Electronic Check Payment
2402-TAIRZ,Segment 3: Short-Term High-Charge Users,0.40953912138600196,40.95%,No,Medium Risk,Electronic Check Payment; No Tech Support; High Monthly Fee
9659-ZTWSM,Segment 1: Long-Term Committed Loyalists,0.46940549534852116,46.94%,No,Medium Risk,High Monthly Fee
9139-TWBAS,Segment 1: Long-Term Committed Loyalists,0.2023994181512967,20.24%,No,Low Risk,No Tech Support
6685-GBWJZ,Segment 1: Long-Term Committed Loyalists,0.11128505602569178,11.13%,No,Low Risk,High Monthly Fee
5016-ETTFF,Segment 3: Short-Term High-Charge Users,0.5575968968462494,55.76%,Yes,Medium Risk,Month-to-month Contract; Low Tenure (0-12m); No Tech Support
3866-MDTUB,Segment 3: Short-Term High-Charge Users,0.7418447262775675,74.18%,Yes,High Risk,Month-to-month Contract; Low Tenure (0-12m); Electronic Check Payment
2195-VVRJF,Segment 3: Short-Term High-Charge Users,0.45130478827726345,45.13%,No,Medium Risk,Month-to-month Contract; No Tech Support
3913-RDSJZ,Segment 1: Long-Term Committed Loyalists,0.006669942338725178,0.67%,No,Low Risk,Stable Account Profile
8058-JMEQO,Segment 3: Short-Term High-Charge Users,0.8693397452214376,86.93%,Yes,High Risk,Month-to-month Contract; Low Tenure (0-12m); Electronic Check Payment
4203-QGNZA,Segment 3: Short-Term High-Charge Users,0.09641112606552275,9.64%,No,Low Risk,Month-to-month Contract
5043-TRZWM,Segment 3: Short-Term High-Charge Users,0.8909840174249215,89.1%,Yes,High Risk,Month-to-month Contract; Low Tenure (0-12m); Electronic Check Payment
0697-ZMSWS,Segment 3: Short-Term High-Charge Users,0.8826926021935001,88.27%,Yes,High Risk,Month-to-month Contract; Low Tenure (0-12m); Electronic Check Payment
7657-DYEPJ,Segment 1: Long-Term Committed Loyalists,0.3324376521917155,33.24%,No,Medium Risk,High Monthly Fee
9494-BDNNC,Segment 1: Long-Term Committed Loyalists,0.3084692775967495,30.85%,No,Medium Risk,Electronic Check Payment; No Tech Support; High Monthly Fee
1640-PLFMP,Segment 3: Short-Term High-Charge Users,0.9082461704505558,90.82%,Yes,High Risk,Month-to-month Contract; Low Tenure (0-12m); Electronic Check Payment
5366-OBVMR,Segment 3: Short-Term High-Charge Users,0.40125930702538626,40.13%,No,Medium Risk,Month-to-month Contract
8276-MQBYC,Segment 3: Short-Term High-Charge Users,0.7263933106821822,72.64%,Yes,High Risk,Month-to-month Contract; Electronic Check Payment; No Tech Support
7644-OMVMY,Segment 1: Long-Term Committed Loyalists,0.0723407221812937,7.23%,No,Low Risk,Low Tenure (0-12m)
7593-XFKDI,Segment 3: Short-Term High-Charge Users,0.7411813850254139,74.12%,Yes,High Risk,Month-to-month Contract; Low Tenure (0-12m); No Tech Support
4573-JKNAE,Segment 1: Long-Term Committed Loyalists,0.08441675321180679,8.44%,No,Low Risk,Low Tenure (0-12m)
0337-CNPZE,Segment 3: Short-Term High-Charge Users,0.7464628464871709,74.65%,Yes,High Risk,Month-to-month Contract; Electronic Check Payment; No Tech Support
9817-APLHW,Segment 3: Short-Term High-Charge Users,0.1819763318388927,18.2%,No,Low Risk,Month-to-month Contract; Low Tenure (0-12m); Electronic Check Payment
8380-MQINP,Segment 1: Long-Term Committed Loyalists,0.03831802087839364,3.83%,No,Low Risk,Stable Account Profile
0840-DFEZH,Segment 3: Short-Term High-Charge Users,0.8568958126490387,85.69%,Yes,High Risk,Month-to-month Contract; Low Tenure (0-12m); Electronic Check Payment
1513-XNPPH,Segment 3: Short-Term High-Charge Users,0.7809963854999883,78.1%,Yes,High Risk,Month-to-month Contract; Low Tenure (0-12m); Electronic Check Payment
8690-ZVLCL,Segment 1: Long-Term Committed Loyalists,0.028474385984450602,2.85%,No,Low Risk,High Monthly Fee
6015-VVHHE,Segment 3: Short-Term High-Charge Users,0.8821536216633221,88.22%,Yes,High Risk,Month-to-month Contract; Low Tenure (0-12m); No Tech Support
1125-SNVCK,Segment 3: Short-Term High-Charge Users,0.2539617511919127,25.4%,No,Low Risk,Month-to-month Contract; No Tech Support
0384-LPITE,Segment 1: Long-Term Committed Loyalists,0.21890713435737472,21.89%,No,Low Risk,No Tech Support
4616-EWBNJ,Segment 1: Long-Term Committed Loyalists,0.09563512859731765,9.56%,No,Low Risk,Stable Account Profile
6347-DCUIK,Segment 3: Short-Term High-Charge Users,0.7551014212126542,75.51%,Yes,High Risk,Month-to-month Contract; Low Tenure (0-12m); No Tech Support
1335-HQMKX,Segment 1: Long-Term Committed Loyalists,0.32697696332389387,32.7%,No,Medium Risk,Electronic Check Payment; No Tech Support; High Monthly Fee
2545-EBUPK,Segment 3: Short-Term High-Charge Users,0.8895780823102437,88.96%,Yes,High Risk,Month-to-month Contract; Low Tenure (0-12m); Electronic Check Payment
6923-AQONU,Segment 1: Long-Term Committed Loyalists,0.016945566849832203,1.69%,No,Low Risk,Stable Account Profile
2172-EJXVF,Segment 1: Long-Term Committed Loyalists,0.369604649901135,36.96%,No,Medium Risk,Electronic Check Payment; No Tech Support; High Monthly Fee
0897-FEGMU,Segment 3: Short-Term High-Charge Users,0.8867564359530204,88.68%,Yes,High Risk,Month-to-month Contract; Low Tenure (0-12m); Electronic Check Payment
7663-RGWBC,Segment 3: Short-Term High-Charge Users,0.7472066132330305,74.72%,Yes,High Risk,Month-to-month Contract; Low Tenure (0-12m); No Tech Support
1120-BMWUB,Segment 3: Short-Term High-Charge Users,0.45316170148849694,45.32%,No,Medium Risk,Month-to-month Contract
9124-LHCJQ,Segment 3: Short-Term High-Charge Users,0.9232316128317056,92.32%,Yes,High Risk,Month-to-month Contract; Low Tenure (0-12m); No Tech Support
4536-PLEQY,Segment 3: Short-Term High-Charge Users,0.7066071526748977,70.66%,Yes,High Risk,Month-to-month Contract; Low Tenure (0-12m); No Tech Support
7029-IJEJK,Segment 1: Long-Term Committed Loyalists,0.09016071930164399,9.02%,No,Low Risk,Stable Account Profile
8871-JLMHM,Segment 1: Long-Term Committed Loyalists,0.10642927067047435,10.64%,No,Low Risk,High Monthly Fee
2235-ZGKPT,Segment 3: Short-Term High-Charge Users,0.6559068254787906,65.59%,Yes,High Risk,Month-to-month Contract; Low Tenure (0-12m); No Tech Support
3891-PUQOD,Segment 3: Short-Term High-Charge Users,0.7443917881173631,74.44%,Yes,High Risk,Month-to-month Contract; Low Tenure (0-12m); Electronic Check Payment
5447-VYTKW,Segment 3: Short-Term High-Charge Users,0.16547538238374035,16.55%,No,Low Risk,Month-to-month Contract
3623-FQBOX,Segment 3: Short-Term High-Charge Users,0.14107692858069698,14.11%,No,Low Risk,Month-to-month Contract
0689-NKYLF,Segment 3: Short-Term High-Charge Users,0.7900734652640174,79.01%,Yes,High Risk,Month-to-month Contract; Electronic Check Payment; No Tech Support
8659-HDIYE,Segment 1: Long-Term Committed Loyalists,0.16196838623838142,16.2%,No,Low Risk,Month-to-month Contract; High Monthly Fee
3658-KIBGF,Segment 3: Short-Term High-Charge Users,0.7418951597350647,74.19%,Yes,High Risk,Month-to-month Contract; Low Tenure (0-12m); Electronic Check Payment
3474-BAFSJ,Segment 1: Long-Term Committed Loyalists,0.056249886132086147,5.62%,No,Low Risk,Stable Account Profile
5519-YLDGW,Segment 3: Short-Term High-Charge Users,0.8197792031979093,81.98%,Yes,High Risk,Month-to-month Contract; Electronic Check Payment; No Tech Support
3865-ZFZIB,Segment 1: Long-Term Committed Loyalists,0.03302878324423165,3.3%,No,Low Risk,Stable Account Profile
1855-AGAWH,Segment 3: Short-Term High-Charge Users,0.6327420902411004,63.27%,Yes,High Risk,Electronic Check Payment; No Tech Support; High Monthly Fee
7109-CQYUZ,Segment 1: Long-Term Committed Loyalists,0.08215180314877309,8.22%,No,Low Risk,High Monthly Fee
1370-GGAWX,Segment 1: Long-Term Committed Loyalists,0.4095031425317449,40.95%,No,Medium Risk,Electronic Check Payment; No Tech Support; High Monthly Fee
4680-KUTAJ,Segment 3: Short-Term High-Charge Users,0.520637013900176,52.06%,Yes,Medium Risk,Month-to-month Contract; Low Tenure (0-12m); Electronic Check Payment
5307-UVGNB,Segment 3: Short-Term High-Charge Users,0.26442611902541546,26.44%,No,Low Risk,Month-to-month Contract; No Tech Support
4946-EDSEW,Segment 3: Short-Term High-Charge Users,0.17829647086347078,17.83%,No,Low Risk,Month-to-month Contract; Low Tenure (0-12m)
2883-ILGWO,Segment 1: Long-Term Committed Loyalists,0.5237621515413738,52.38%,Yes,Medium Risk,Month-to-month Contract; High Monthly Fee
2516-VQRRV,Segment 3: Short-Term High-Charge Users,0.8648523663307783,86.49%,Yes,High Risk,Month-to-month Contract; Low Tenure (0-12m); No Tech Support
7580-UGXNC,Segment 3: Short-Term High-Charge Users,0.711571858110493,71.16%,Yes,High Risk,Month-to-month Contract; Low Tenure (0-12m); No Tech Support
3642-BYHDO,Segment 1: Long-Term Committed Loyalists,0.008008227486886323,0.8%,No,Low Risk,Stable Account Profile
9629-NHXFW,Segment 3: Short-Term High-Charge Users,0.6127294185292845,61.27%,Yes,High Risk,Month-to-month Contract; Low Tenure (0-12m)
2696-RZVZW,Segment 1: Long-Term Committed Loyalists,0.009992980969812092,1.0%,No,Low Risk,Stable Account Profile
5766-FTRTS,Segment 1: Long-Term Committed Loyalists,0.014596475766971031,1.46%,No,Low Risk,High Monthly Fee
0396-HUJBP,Segment 3: Short-Term High-Charge Users,0.16578948020524167,16.58%,No,Low Risk,Month-to-month Contract; Low Tenure (0-12m)
5178-LMXOP,Segment 3: Short-Term High-Charge Users,0.9310649747861222,93.11%,Yes,High Risk,Month-to-month Contract; Low Tenure (0-12m); Electronic Check Payment
8879-ZKJOF,Segment 1: Long-Term Committed Loyalists,0.2776388516323633,27.76%,No,Low Risk,High Monthly Fee
6285-FTQBF,Segment 1: Long-Term Committed Loyalists,0.005775369217840678,0.58%,No,Low Risk,Stable Account Profile
8185-UPYBR,Segment 3: Short-Term High-Charge Users,0.8623134507569165,86.23%,Yes,High Risk,Month-to-month Contract; Low Tenure (0-12m); Electronic Check Payment
4585-HETAI,Segment 3: Short-Term High-Charge Users,0.8255965034977665,82.56%,Yes,High Risk,Month-to-month Contract; Low Tenure (0-12m); Electronic Check Payment
7526-BEZQB,Segment 3: Short-Term High-Charge Users,0.8745962329527739,87.46%,Yes,High Risk,Month-to-month Contract; Low Tenure (0-12m); Electronic Check Payment
1474-JUWSM,Segment 1: Long-Term Committed Loyalists,0.1238061950583477,12.38%,No,Low Risk,Electronic Check Payment
3530-CRZSB,Segment 3: Short-Term High-Charge Users,0.22627911965673025,22.63%,No,Low Risk,Month-to-month Contract; Low Tenure (0-12m)
8498-XXGWA,Segment 3: Short-Term High-Charge Users,0.16065967385520571,16.07%,No,Low Risk,Month-to-month Contract; No Tech Support
9617-INGJY,Segment 3: Short-Term High-Charge Users,0.8907453516154016,89.07%,Yes,High Risk,Month-to-month Contract; Low Tenure (0-12m); No Tech Support
0621-TSSMU,Segment 1: Long-Term Committed Loyalists,0.05441852064980818,5.44%,No,Low Risk,Stable Account Profile
7234-KMNRQ,Segment 3: Short-Term High-Charge Users,0.1683856566916261,16.84%,No,Low Risk,Month-to-month Contract; Low Tenure (0-12m)
7636-PEPNS,Segment 1: Long-Term Committed Loyalists,0.14721243694053898,14.72%,No,Low Risk,No Tech Support
4683-WYDOU,Segment 1: Long-Term Committed Loyalists,0.40236052325560234,40.24%,No,Medium Risk,High Monthly Fee
9052-DHNKM,Segment 1: Long-Term Committed Loyalists,0.18227833894401796,18.23%,No,Low Risk,Electronic Check Payment; No Tech Support
6794-HKIAJ,Segment 1: Long-Term Committed Loyalists,0.21061094575680747,21.06%,No,Low Risk,Month-to-month Contract; No Tech Support; High Monthly Fee
5578-NKCXI,Segment 1: Long-Term Committed Loyalists,0.28203409276726127,28.2%,No,Low Risk,No Tech Support; High Monthly Fee
1642-HMARX,Segment 1: Long-Term Committed Loyalists,0.052544229583952995,5.25%,No,Low Risk,Electronic Check Payment; High Monthly Fee
3096-WPXBT,Segment 1: Long-Term Committed Loyalists,0.3191768846434699,31.92%,No,Medium Risk,No Tech Support; High Monthly Fee
8434-PNQZX,Segment 1: Long-Term Committed Loyalists,0.11707059128614365,11.71%,No,Low Risk,High Monthly Fee
5950-AAAGJ,Segment 3: Short-Term High-Charge Users,0.5754391894014561,57.54%,Yes,Medium Risk,Month-to-month Contract; No Tech Support; High Monthly Fee
4299-OPXEJ,Segment 1: Long-Term Committed Loyalists,0.06244087234410588,6.24%,No,Low Risk,Stable Account Profile
4951-UKAAQ,Segment 3: Short-Term High-Charge Users,0.8910637733140367,89.11%,Yes,High Risk,Month-to-month Contract; Low Tenure (0-12m); Electronic Check Payment
9618-LFJRU,Segment 3: Short-Term High-Charge Users,0.23604999289781498,23.6%,No,Low Risk,Month-to-month Contract; Low Tenure (0-12m)
6693-DJWTY,Segment 1: Long-Term Committed Loyalists,0.16313204290119457,16.31%,No,Low Risk,No Tech Support
0744-GKNGE,Segment 1: Long-Term Committed Loyalists,0.15482110252473977,15.48%,No,Low Risk,Month-to-month Contract; High Monthly Fee
6447-EGDIV,Segment 1: Long-Term Committed Loyalists,0.032894280917583625,3.29%,No,Low Risk,Stable Account Profile
1167-OYZJF,Segment 1: Long-Term Committed Loyalists,0.013758592419913587,1.38%,No,Low Risk,Stable Account Profile
2108-YKQTY,Segment 3: Short-Term High-Charge Users,0.6307805853718351,63.08%,Yes,High Risk,Month-to-month Contract; Low Tenure (0-12m); No Tech Support
4806-DXQCE,Segment 1: Long-Term Committed Loyalists,0.15569006719760597,15.57%,No,Low Risk,Electronic Check Payment; High Monthly Fee
4918-QLLIW,Segment 3: Short-Term High-Charge Users,0.6664386667239567,66.64%,Yes,High Risk,Month-to-month Contract; Low Tenure (0-12m); No Tech Support
7056-IMHCC,Segment 3: Short-Term High-Charge Users,0.7167074844635993,71.67%,Yes,High Risk,Month-to-month Contract; Electronic Check Payment; No Tech Support
4854-SSLTN,Segment 1: Long-Term Committed Loyalists,0.10108623056126688,10.11%,No,Low Risk,Low Tenure (0-12m)
5294-DMSFH,Segment 3: Short-Term High-Charge Users,0.6345554173473245,63.46%,Yes,High Risk,Month-to-month Contract; No Tech Support; High Monthly Fee
4837-PZTIC,Segment 1: Long-Term Committed Loyalists,0.06815570665866333,6.82%,No,Low Risk,Stable Account Profile
1625-JAIIY,Segment 1: Long-Term Committed Loyalists,0.4468151546231459,44.68%,No,Medium Risk,Electronic Check Payment; No Tech Support; High Monthly Fee
0603-OLQDC,Segment 3: Short-Term High-Charge Users,0.4040932957045495,40.41%,No,Medium Risk,Month-to-month Contract; Low Tenure (0-12m); No Tech Support
3272-VUHPV,Segment 3: Short-Term High-Charge Users,0.437030525999087,43.7%,No,Medium Risk,Month-to-month Contract; Low Tenure (0-12m)
4176-FXYBO,Segment 1: Long-Term Committed Loyalists,0.4445742351691388,44.46%,No,Medium Risk,Month-to-month Contract; Electronic Check Payment; No Tech Support
1063-DHQJF,Segment 1: Long-Term Committed Loyalists,0.12311074076673904,12.31%,No,Low Risk,High Monthly Fee
8663-UPDGF,Segment 3: Short-Term High-Charge Users,0.2607320204566018,26.07%,No,Low Risk,Month-to-month Contract; No Tech Support
6719-FGEDO,Segment 1: Long-Term Committed Loyalists,0.07799576599634357,7.8%,No,Low Risk,High Monthly Fee
1837-YQUCE,Segment 1: Long-Term Committed Loyalists,0.02799676921675367,2.8%,No,Low Risk,Stable Account Profile
2947-DOMLJ,Segment 3: Short-Term High-Charge Users,0.6828477303353547,68.28%,Yes,High Risk,Month-to-month Contract; Low Tenure (0-12m); No Tech Support
4112-LUEIZ,Segment 3: Short-Term High-Charge Users,0.8493456956793437,84.93%,Yes,High Risk,Month-to-month Contract; Low Tenure (0-12m); Electronic Check Payment
0369-ZGOVK,Segment 3: Short-Term High-Charge Users,0.4020240715591785,40.2%,No,Medium Risk,No Tech Support; High Monthly Fee
4510-HIMLV,Segment 3: Short-Term High-Charge Users,0.9336904732189544,93.37%,Yes,High Risk,Month-to-month Contract; Low Tenure (0-12m); Electronic Check Payment
9919-KNPOO,Segment 3: Short-Term High-Charge Users,0.7847516082530368,78.48%,Yes,High Risk,Month-to-month Contract; Electronic Check Payment; No Tech Support
8749-JMNKX,Segment 3: Short-Term High-Charge Users,0.5983974255138093,59.84%,Yes,Medium Risk,Month-to-month Contract; No Tech Support; High Monthly Fee
7872-BAAZR,Segment 1: Long-Term Committed Loyalists,0.08191398157964926,8.19%,No,Low Risk,Stable Account Profile
9391-LMANN,Segment 1: Long-Term Committed Loyalists,0.29518506010660356,29.52%,No,Low Risk,Electronic Check Payment; No Tech Support; High Monthly Fee
2430-USGXP,Segment 3: Short-Term High-Charge Users,0.8002191953744177,80.02%,Yes,High Risk,Month-to-month Contract; Electronic Check Payment; No Tech Support
8174-TBVCF,Segment 1: Long-Term Committed Loyalists,0.060436920483234575,6.04%,No,Low Risk,High Monthly Fee
1698-XFZCI,Segment 1: Long-Term Committed Loyalists,0.49184809454202216,49.18%,No,Medium Risk,Electronic Check Payment; No Tech Support; High Monthly Fee
1877-HKBQX,Segment 1: Long-Term Committed Loyalists,0.15718472021577398,15.72%,No,Low Risk,Low Tenure (0-12m)
4450-DLLMH,Segment 3: Short-Term High-Charge Users,0.8001006731110152,80.01%,Yes,High Risk,Month-to-month Contract; Low Tenure (0-12m); No Tech Support
0428-AXXLJ,Segment 1: Long-Term Committed Loyalists,0.020934104725310144,2.09%,No,Low Risk,Stable Account Profile
2746-DIJLO,Segment 1: Long-Term Committed Loyalists,0.2033086693661875,20.33%,No,Low Risk,No Tech Support
5955-ERIHD,Segment 3: Short-Term High-Charge Users,0.7995813222375331,79.96%,Yes,High Risk,Month-to-month Contract; Electronic Check Payment; No Tech Support
0917-EZOLA,Segment 1: Long-Term Committed Loyalists,0.43575500679103374,43.58%,No,Medium Risk,No Tech Support; High Monthly Fee
3508-VLHCZ,Segment 1: Long-Term Committed Loyalists,0.014943348470979423,1.49%,No,Low Risk,High Monthly Fee
4086-ATNFV,Segment 1: Long-Term Committed Loyalists,0.167020634028575,16.7%,No,Low Risk,No Tech Support
0468-YRPXN,Segment 3: Short-Term High-Charge Users,0.6147620547810878,61.48%,Yes,High Risk,Month-to-month Contract; High Monthly Fee
5996-NRVXR,Segment 1: Long-Term Committed Loyalists,0.313123046977646,31.31%,No,Medium Risk,High Monthly Fee
3739-YBWAB,Segment 1: Long-Term Committed Loyalists,0.18138844133042906,18.14%,No,Low Risk,No Tech Support
7047-FWEYA,Segment 1: Long-Term Committed Loyalists,0.44689826561275175,44.69%,No,Medium Risk,Electronic Check Payment; High Monthly Fee
2000-MPKCA,Segment 1: Long-Term Committed Loyalists,0.5338985369080477,53.39%,Yes,Medium Risk,Electronic Check Payment; No Tech Support; High Monthly Fee
9762-YAQAA,Segment 3: Short-Term High-Charge Users,0.37726551685410414,37.73%,No,Medium Risk,No Tech Support; High Monthly Fee
5949-EBSQK,Segment 3: Short-Term High-Charge Users,0.4783604846965695,47.84%,No,Medium Risk,Month-to-month Contract; Low Tenure (0-12m)
5473-KHBPS,Segment 1: Long-Term Committed Loyalists,0.2945720639618785,29.46%,No,Low Risk,No Tech Support; High Monthly Fee
0100-DUVFC,Segment 1: Long-Term Committed Loyalists,0.42338706541980287,42.34%,No,Medium Risk,Electronic Check Payment; No Tech Support; High Monthly Fee
5397-TUPSH,Segment 1: Long-Term Committed Loyalists,0.15525512851073697,15.53%,No,Low Risk,No Tech Support; High Monthly Fee
8950-MTZNV,Segment 3: Short-Term High-Charge Users,0.760082946566593,76.01%,Yes,High Risk,Month-to-month Contract; Low Tenure (0-12m); No Tech Support
0326-VDYXE,Segment 1: Long-Term Committed Loyalists,0.3481098000409375,34.81%,No,Medium Risk,Electronic Check Payment; No Tech Support; High Monthly Fee
6773-LQTVT,Segment 3: Short-Term High-Charge Users,0.42199180018179255,42.2%,No,Medium Risk,Month-to-month Contract; No Tech Support
7274-RTAPZ,Segment 3: Short-Term High-Charge Users,0.9250310086372061,92.5%,Yes,High Risk,Month-to-month Contract; Low Tenure (0-12m); Electronic Check Payment
0436-TWFFZ,Segment 1: Long-Term Committed Loyalists,0.034566435907494086,3.46%,No,Low Risk,High Monthly Fee
8566-YPRGL,Segment 3: Short-Term High-Charge Users,0.5955906565898237,59.56%,Yes,Medium Risk,Month-to-month Contract; Low Tenure (0-12m)
0311-UNPFF,Segment 3: Short-Term High-Charge Users,0.6922048415129709,69.22%,Yes,High Risk,Month-to-month Contract; No Tech Support; High Monthly Fee
6609-MXJHJ,Segment 1: Long-Term Committed Loyalists,0.1029643492230362,10.3%,No,Low Risk,Stable Account Profile
2669-OIDSD,Segment 3: Short-Term High-Charge Users,0.5171302943237513,51.71%,Yes,Medium Risk,Month-to-month Contract; High Monthly Fee
8400-WZICQ,Segment 3: Short-Term High-Charge Users,0.2736092732096765,27.36%,No,Low Risk,Month-to-month Contract; Electronic Check Payment; No Tech Support
3834-XUIFC,Segment 3: Short-Term High-Charge Users,0.8643441047149986,86.43%,Yes,High Risk,Month-to-month Contract; Low Tenure (0-12m); No Tech Support
9576-SYUHJ,Segment 3: Short-Term High-Charge Users,0.6250424240966235,62.5%,Yes,High Risk,Month-to-month Contract; Electronic Check Payment; No Tech Support
0410-IPFTY,Segment 3: Short-Term High-Charge Users,0.628972406412191,62.9%,Yes,High Risk,Month-to-month Contract; No Tech Support; High Monthly Fee
2831-EBWRN,Segment 3: Short-Term High-Charge Users,0.764444074942221,76.44%,Yes,High Risk,Month-to-month Contract; Low Tenure (0-12m); Electronic Check Payment
9430-NKQLY,Segment 1: Long-Term Committed Loyalists,0.016427508401456743,1.64%,No,Low Risk,Stable Account Profile
8414-MYSHR,Segment 3: Short-Term High-Charge Users,0.8836031880960125,88.36%,Yes,High Risk,Month-to-month Contract; Low Tenure (0-12m); Electronic Check Payment
0247-SLUJI,Segment 3: Short-Term High-Charge Users,0.5779653365273435,57.8%,Yes,Medium Risk,Month-to-month Contract; Low Tenure (0-12m)
9402-ORRAH,Segment 3: Short-Term High-Charge Users,0.8025548567512852,80.26%,Yes,High Risk,Month-to-month Contract; Electronic Check Payment; No Tech Support
6483-OATDN,Segment 3: Short-Term High-Charge Users,0.4293043681287193,42.93%,No,Medium Risk,Month-to-month Contract; Low Tenure (0-12m); No Tech Support
1293-HHSHJ,Segment 1: Long-Term Committed Loyalists,0.025183431178932607,2.52%,No,Low Risk,Stable Account Profile
4840-ORQXB,Segment 3: Short-Term High-Charge Users,0.657067033353443,65.71%,Yes,High Risk,Month-to-month Contract; Electronic Check Payment; No Tech Support
7599-FKVXZ,Segment 3: Short-Term High-Charge Users,0.6999284269815785,69.99%,Yes,High Risk,Month-to-month Contract; High Monthly Fee
3982-DQLUS,Segment 3: Short-Term High-Charge Users,0.3630198785450997,36.3%,No,Medium Risk,Month-to-month Contract; Electronic Check Payment; No Tech Support
8610-ZIKJJ,Segment 1: Long-Term Committed Loyalists,0.14555457506636676,14.56%,No,Low Risk,Low Tenure (0-12m)
3756-VNWDH,Segment 1: Long-Term Committed Loyalists,0.4131193077648381,41.31%,No,Medium Risk,Electronic Check Payment; No Tech Support; High Monthly Fee
7801-KICAO,Segment 3: Short-Term High-Charge Users,0.6902838133923096,69.03%,Yes,High Risk,Month-to-month Contract; Electronic Check Payment; No Tech Support
7673-LPRNY,Segment 3: Short-Term High-Charge Users,0.3568412194214901,35.68%,No,Medium Risk,Electronic Check Payment; No Tech Support; High Monthly Fee
8229-TNIQA,Segment 3: Short-Term High-Charge Users,0.7069894840156156,70.7%,Yes,High Risk,Month-to-month Contract; Low Tenure (0-12m); No Tech Support
6060-QBMGV,Segment 1: Long-Term Committed Loyalists,0.006184463353614025,0.62%,No,Low Risk,Stable Account Profile
7339-POGZN,Segment 3: Short-Term High-Charge Users,0.6741545213876398,67.42%,Yes,High Risk,Month-to-month Contract; Low Tenure (0-12m); Electronic Check Payment
2828-SLQPF,Segment 3: Short-Term High-Charge Users,0.4329818820350684,43.3%,No,Medium Risk,Month-to-month Contract; No Tech Support
4465-VDKIQ,Segment 3: Short-Term High-Charge Users,0.601117479909001,60.11%,Yes,High Risk,Month-to-month Contract; Electronic Check Payment; No Tech Support
2921-XWDJH,Segment 3: Short-Term High-Charge Users,0.6152132691601491,61.52%,Yes,High Risk,Month-to-month Contract; Electronic Check Payment; No Tech Support
6221-AVQYL,Segment 3: Short-Term High-Charge Users,0.8622698677202351,86.23%,Yes,High Risk,Month-to-month Contract; Low Tenure (0-12m); No Tech Support
2558-BUOZZ,Segment 1: Long-Term Committed Loyalists,0.24056718334791066,24.06%,No,Low Risk,No Tech Support; High Monthly Fee
9257-AZMTZ,Segment 1: Long-Term Committed Loyalists,0.020063706427581207,2.01%,No,Low Risk,Stable Account Profile
0003-MKNFE,Segment 3: Short-Term High-Charge Users,0.4533167680886393,45.33%,No,Medium Risk,Month-to-month Contract; Low Tenure (0-12m); No Tech Support
0975-UYDTX,Segment 1: Long-Term Committed Loyalists,0.24868894156694935,24.87%,No,Low Risk,High Monthly Fee
7743-EXURX,Segment 3: Short-Term High-Charge Users,0.5844974080960715,58.45%,Yes,Medium Risk,Month-to-month Contract; Low Tenure (0-12m); Electronic Check Payment
4682-BLBUC,Segment 1: Long-Term Committed Loyalists,0.19970736867535413,19.97%,No,Low Risk,Electronic Check Payment; High Monthly Fee
0975-VOOVL,Segment 3: Short-Term High-Charge Users,0.5821551285787033,58.22%,Yes,Medium Risk,Month-to-month Contract; Low Tenure (0-12m); No Tech Support
5968-VXZLG,Segment 3: Short-Term High-Charge Users,0.7573675948016751,75.74%,Yes,High Risk,Month-to-month Contract; Low Tenure (0-12m); No Tech Support
5569-KGJHX,Segment 3: Short-Term High-Charge Users,0.8560228377145931,85.6%,Yes,High Risk,Month-to-month Contract; Low Tenure (0-12m); No Tech Support
4988-IQIGL,Segment 3: Short-Term High-Charge Users,0.935312377717557,93.53%,Yes,High Risk,Month-to-month Contract; Low Tenure (0-12m); Electronic Check Payment
5201-FRKKS,Segment 3: Short-Term High-Charge Users,0.5171762429829245,51.72%,Yes,Medium Risk,Month-to-month Contract; No Tech Support; High Monthly Fee
9799-CAYJJ,Segment 3: Short-Term High-Charge Users,0.7943952500256992,79.44%,Yes,High Risk,Month-to-month Contract; Low Tenure (0-12m); Electronic Check Payment
7730-IUTDZ,Segment 3: Short-Term High-Charge Users,0.6103631269753109,61.04%,Yes,High Risk,Month-to-month Contract; Electronic Check Payment; No Tech Support
0426-TIRNE,Segment 3: Short-Term High-Charge Users,0.7068511138704587,70.69%,Yes,High Risk,Month-to-month Contract; Low Tenure (0-12m)
5443-SCMKX,Segment 1: Long-Term Committed Loyalists,0.34355797392550497,34.36%,No,Medium Risk,Electronic Check Payment; No Tech Support; High Monthly Fee
8295-KMENE,Segment 1: Long-Term Committed Loyalists,0.0398033920394583,3.98%,No,Low Risk,High Monthly Fee
6738-ISCBM,Segment 1: Long-Term Committed Loyalists,0.2785348543192374,27.85%,No,Low Risk,Electronic Check Payment; No Tech Support
9821-BESNZ,Segment 1: Long-Term Committed Loyalists,0.4986151831205148,49.86%,No,Medium Risk,Electronic Check Payment; High Monthly Fee
3678-MNGZX,Segment 1: Long-Term Committed Loyalists,0.0067464548161472815,0.67%,No,Low Risk,Stable Account Profile
1335-NTIUC,Segment 3: Short-Term High-Charge Users,0.6175903887647703,61.76%,Yes,High Risk,Month-to-month Contract; Low Tenure (0-12m); Electronic Check Payment
2916-BQZLN,Segment 3: Short-Term High-Charge Users,0.7200338296039958,72.0%,Yes,High Risk,Month-to-month Contract; Electronic Check Payment; No Tech Support
4558-CGYCZ,Segment 3: Short-Term High-Charge Users,0.219925683393392,21.99%,No,Low Risk,Month-to-month Contract; Low Tenure (0-12m)
2368-GAKKQ,Segment 1: Long-Term Committed Loyalists,0.09593148600489147,9.59%,No,Low Risk,High Monthly Fee
8710-YGLWG,Segment 3: Short-Term High-Charge Users,0.760082946566593,76.01%,Yes,High Risk,Month-to-month Contract; Low Tenure (0-12m); No Tech Support
3199-XGZCY,Segment 3: Short-Term High-Charge Users,0.8473729465757514,84.74%,Yes,High Risk,Month-to-month Contract; Low Tenure (0-12m); Electronic Check Payment
3785-KTYSH,Segment 1: Long-Term Committed Loyalists,0.05760627258120376,5.76%,No,Low Risk,Stable Account Profile
6814-ZPWFQ,Segment 1: Long-Term Committed Loyalists,0.11958508875393443,11.96%,No,Low Risk,Stable Account Profile
4063-EIKNQ,Segment 3: Short-Term High-Charge Users,0.19503138917961874,19.5%,No,Low Risk,Month-to-month Contract; Low Tenure (0-12m)
6993-YCOBK,Segment 1: Long-Term Committed Loyalists,0.3388083008480755,33.88%,No,Medium Risk,Electronic Check Payment; High Monthly Fee
5206-HPJKM,Segment 3: Short-Term High-Charge Users,0.40000959704326516,40.0%,No,Medium Risk,Month-to-month Contract; No Tech Support
7587-RZNME,Segment 3: Short-Term High-Charge Users,0.7502467471953845,75.02%,Yes,High Risk,Month-to-month Contract; Low Tenure (0-12m); Electronic Check Payment
0748-RDGGM,Segment 1: Long-Term Committed Loyalists,0.42245978302801385,42.25%,No,Medium Risk,High Monthly Fee
8393-JMVMB,Segment 3: Short-Term High-Charge Users,0.5677246732381033,56.77%,Yes,Medium Risk,Month-to-month Contract; Low Tenure (0-12m)
5019-GQVCR,Segment 3: Short-Term High-Charge Users,0.6857633113411518,68.58%,Yes,High Risk,Month-to-month Contract; Electronic Check Payment; No Tech Support
6036-TTFYU,Segment 3: Short-Term High-Charge Users,0.19402785614051096,19.4%,No,Low Risk,Month-to-month Contract
2550-AEVRU,Segment 1: Long-Term Committed Loyalists,0.16320109951914274,16.32%,No,Low Risk,Electronic Check Payment; No Tech Support
0969-RGKCU,Segment 1: Long-Term Committed Loyalists,0.017512399451131984,1.75%,No,Low Risk,Stable Account Profile
0378-CJKPV,Segment 1: Long-Term Committed Loyalists,0.03771734248991122,3.77%,No,Low Risk,High Monthly Fee
4706-AXVKM,Segment 3: Short-Term High-Charge Users,0.7486694360247511,74.87%,Yes,High Risk,Month-to-month Contract; Low Tenure (0-12m); No Tech Support
5889-JTMUL,Segment 3: Short-Term High-Charge Users,0.6694190644334892,66.94%,Yes,High Risk,Month-to-month Contract; Electronic Check Payment; No Tech Support
9026-RNUJS,Segment 3: Short-Term High-Charge Users,0.7342679703660518,73.43%,Yes,High Risk,Month-to-month Contract; Low Tenure (0-12m); Electronic Check Payment
3746-EUBYR,Segment 3: Short-Term High-Charge Users,0.9129256868770272,91.29%,Yes,High Risk,Month-to-month Contract; Low Tenure (0-12m); No Tech Support
2332-EFBJY,Segment 3: Short-Term High-Charge Users,0.3353855420879102,33.54%,No,Medium Risk,Month-to-month Contract
2880-FPNAE,Segment 3: Short-Term High-Charge Users,0.8454695742316758,84.55%,Yes,High Risk,Month-to-month Contract; Low Tenure (0-12m); Electronic Check Payment
1703-MGIAB,Segment 3: Short-Term High-Charge Users,0.36162364716026346,36.16%,No,Medium Risk,Month-to-month Contract
4311-QTTAI,Segment 1: Long-Term Committed Loyalists,0.08781068757878503,8.78%,No,Low Risk,Stable Account Profile
9474-PHLYD,Segment 3: Short-Term High-Charge Users,0.5553839179813124,55.54%,Yes,Medium Risk,Month-to-month Contract; Electronic Check Payment; No Tech Support
4318-RAJVY,Segment 1: Long-Term Committed Loyalists,0.0918772485164746,9.19%,No,Low Risk,Low Tenure (0-12m)
2165-VOEGB,Segment 1: Long-Term Committed Loyalists,0.40990574367200644,40.99%,No,Medium Risk,High Monthly Fee
3612-YUNGG,Segment 1: Long-Term Committed Loyalists,0.3129627643573776,31.3%,No,Medium Risk,High Monthly Fee
2254-DLXRI,Segment 3: Short-Term High-Charge Users,0.9116032296738319,91.16%,Yes,High Risk,Month-to-month Contract; Low Tenure (0-12m); No Tech Support
5062-CJJKH,Segment 1: Long-Term Committed Loyalists,0.2100860424393884,21.01%,No,Low Risk,No Tech Support
9028-LIHRP,Segment 1: Long-Term Committed Loyalists,0.0889879890643575,8.9%,No,Low Risk,High Monthly Fee
2219-MVUSO,Segment 3: Short-Term High-Charge Users,0.5038221044888942,50.38%,Yes,Medium Risk,Month-to-month Contract; Low Tenure (0-12m); No Tech Support
1053-MXTTK,Segment 1: Long-Term Committed Loyalists,0.13343832169651285,13.34%,No,Low Risk,High Monthly Fee
1530-ZTDOZ,Segment 3: Short-Term High-Charge Users,0.310368382190199,31.04%,No,Medium Risk,Month-to-month Contract; No Tech Support
1301-LOPVR,Segment 1: Long-Term Committed Loyalists,0.13155771778170486,13.16%,No,Low Risk,Stable Account Profile
0853-TWRVK,Segment 1: Long-Term Committed Loyalists,0.07985036582925195,7.99%,No,Low Risk,High Monthly Fee
8914-RBTSB,Segment 3: Short-Term High-Charge Users,0.593974986672661,59.4%,Yes,Medium Risk,Month-to-month Contract; Electronic Check Payment; No Tech Support
6212-ATMLK,Segment 3: Short-Term High-Charge Users,0.687832623121672,68.78%,Yes,High Risk,Month-to-month Contract; Electronic Check Payment; No Tech Support
8200-LGKSR,Segment 1: Long-Term Committed Loyalists,0.06433083228233699,6.43%,No,Low Risk,Electronic Check Payment; High Monthly Fee
1568-BEKZM,Segment 1: Long-Term Committed Loyalists,0.04635138314240161,4.64%,No,Low Risk,High Monthly Fee
0670-ANMUU,Segment 1: Long-Term Committed Loyalists,0.19278559146977312,19.28%,No,Low Risk,High Monthly Fee
6897-RWMUB,Segment 1: Long-Term Committed Loyalists,0.04348626122302097,4.35%,No,Low Risk,Stable Account Profile
0963-ZBDRN,Segment 3: Short-Term High-Charge Users,0.664985453234038,66.5%,Yes,High Risk,Month-to-month Contract; Electronic Check Payment; High Monthly Fee
7594-RQHXR,Segment 3: Short-Term High-Charge Users,0.9198178234313432,91.98%,Yes,High Risk,Month-to-month Contract; Low Tenure (0-12m); Electronic Check Payment
6999-CHVCF,Segment 1: Long-Term Committed Loyalists,0.16697465098394346,16.7%,No,Low Risk,No Tech Support; High Monthly Fee
6134-KWTBV,Segment 1: Long-Term Committed Loyalists,0.014605280103327883,1.46%,No,Low Risk,Stable Account Profile
1077-HUUJM,Segment 3: Short-Term High-Charge Users,0.8018530422159912,80.19%,Yes,High Risk,Month-to-month Contract; Low Tenure (0-12m); Electronic Check Payment
6331-EWIEB,Segment 3: Short-Term High-Charge Users,0.7557868796417663,75.58%,Yes,High Risk,Month-to-month Contract; Electronic Check Payment; No Tech Support
0895-LNKRC,Segment 1: Long-Term Committed Loyalists,0.06254591449267416,6.25%,No,Low Risk,Low Tenure (0-12m)
2045-BMBTJ,Segment 3: Short-Term High-Charge Users,0.4251878137726902,42.52%,No,Medium Risk,Month-to-month Contract; No Tech Support
8417-GSODA,Segment 3: Short-Term High-Charge Users,0.5035590035614064,50.36%,Yes,Medium Risk,No Tech Support; High Monthly Fee
5171-EPLKN,Segment 1: Long-Term Committed Loyalists,0.019117199982289387,1.91%,No,Low Risk,Stable Account Profile
4452-QIIEB,Segment 3: Short-Term High-Charge Users,0.5085998620853303,50.86%,Yes,Medium Risk,Month-to-month Contract; Low Tenure (0-12m); No Tech Support
5998-VVEJY,Segment 3: Short-Term High-Charge Users,0.6843224034999145,68.43%,Yes,High Risk,Month-to-month Contract; Electronic Check Payment; High Monthly Fee
1624-NALOJ,Segment 3: Short-Term High-Charge Users,0.8954465307420844,89.54%,Yes,High Risk,Month-to-month Contract; Low Tenure (0-12m); Electronic Check Payment
6741-EGCBI,Segment 3: Short-Term High-Charge Users,0.6048589396610007,60.49%,Yes,High Risk,Month-to-month Contract; No Tech Support; High Monthly Fee
7820-ZYGNY,Segment 1: Long-Term Committed Loyalists,0.24779635959143836,24.78%,No,Low Risk,No Tech Support; High Monthly Fee
4317-VTEOA,Segment 3: Short-Term High-Charge Users,0.7893838357789889,78.94%,Yes,High Risk,Month-to-month Contract; Low Tenure (0-12m); Electronic Check Payment
9677-AVKED,Segment 1: Long-Term Committed Loyalists,0.21705547830337787,21.71%,No,Low Risk,Electronic Check Payment; High Monthly Fee
1670-SVOWZ,Segment 3: Short-Term High-Charge Users,0.7129286680873883,71.29%,Yes,High Risk,Month-to-month Contract; High Monthly Fee
2227-JRSJX,Segment 3: Short-Term High-Charge Users,0.6834455035183374,68.34%,Yes,High Risk,Month-to-month Contract; High Monthly Fee
9847-HNVGP,Segment 1: Long-Term Committed Loyalists,0.04514680426103973,4.51%,No,Low Risk,Stable Account Profile
6696-YDAYZ,Segment 1: Long-Term Committed Loyalists,0.01773306177453474,1.77%,No,Low Risk,Stable Account Profile
8980-WQFWL,Segment 3: Short-Term High-Charge Users,0.3215679479636445,32.16%,No,Medium Risk,Month-to-month Contract; Electronic Check Payment; No Tech Support
1730-ZMAME,Segment 3: Short-Term High-Charge Users,0.6529103863846248,65.29%,Yes,High Risk,Month-to-month Contract; Electronic Check Payment; No Tech Support
6506-EYCNH,Segment 3: Short-Term High-Charge Users,0.15846334574923143,15.85%,No,Low Risk,Month-to-month Contract
4634-JLRJT,Segment 3: Short-Term High-Charge Users,0.554911918292543,55.49%,Yes,Medium Risk,Month-to-month Contract; Low Tenure (0-12m)
9501-UKKNL,Segment 3: Short-Term High-Charge Users,0.3392453383274041,33.92%,No,Medium Risk,Month-to-month Contract; Electronic Check Payment
2560-QTSBS,Segment 1: Long-Term Committed Loyalists,0.04475163533757529,4.48%,No,Low Risk,Stable Account Profile
7541-YLXCL,Segment 1: Long-Term Committed Loyalists,0.33469593187285884,33.47%,No,Medium Risk,Stable Account Profile
4795-WRNVT,Segment 3: Short-Term High-Charge Users,0.26208967848022946,26.21%,No,Low Risk,Month-to-month Contract; No Tech Support
6080-TCMYC,Segment 3: Short-Term High-Charge Users,0.6240902863825801,62.41%,Yes,High Risk,Month-to-month Contract; Electronic Check Payment; No Tech Support
0260-ZDLGK,Segment 3: Short-Term High-Charge Users,0.6092969870614068,60.93%,Yes,High Risk,Month-to-month Contract; Low Tenure (0-12m); High Monthly Fee
7860-UXCRM,Segment 1: Long-Term Committed Loyalists,0.07480773167303137,7.48%,No,Low Risk,High Monthly Fee
6357-JJPQT,Segment 3: Short-Term High-Charge Users,0.8475428706711657,84.75%,Yes,High Risk,Month-to-month Contract; Low Tenure (0-12m); Electronic Check Payment
2292-XQWSV,Segment 1: Long-Term Committed Loyalists,0.23146284428775454,23.15%,No,Low Risk,Stable Account Profile
9552-TGUZV,Segment 3: Short-Term High-Charge Users,0.7433322592796453,74.33%,Yes,High Risk,Month-to-month Contract; Low Tenure (0-12m); No Tech Support
5913-INRQV,Segment 1: Long-Term Committed Loyalists,0.24130248270324184,24.13%,No,Low Risk,High Monthly Fee
8722-NGNBH,Segment 3: Short-Term High-Charge Users,0.577003641512544,57.7%,Yes,Medium Risk,Month-to-month Contract; Low Tenure (0-12m)
6210-KBBPI,Segment 3: Short-Term High-Charge Users,0.8989758173378486,89.9%,Yes,High Risk,Month-to-month Contract; Low Tenure (0-12m); No Tech Support
9643-YBLUR,Segment 3: Short-Term High-Charge Users,0.4168938365858089,41.69%,No,Medium Risk,Month-to-month Contract; Low Tenure (0-12m); No Tech Support
8734-FNWVH,Segment 3: Short-Term High-Charge Users,0.23656413507487267,23.66%,No,Low Risk,Month-to-month Contract; No Tech Support
9447-YPTBX,Segment 1: Long-Term Committed Loyalists,0.0665109969624651,6.65%,No,Low Risk,Stable Account Profile
0133-BMFZO,Segment 3: Short-Term High-Charge Users,0.7558866774175134,75.59%,Yes,High Risk,Month-to-month Contract; Low Tenure (0-12m); Electronic Check Payment
6128-CZOMY,Segment 3: Short-Term High-Charge Users,0.804856917021604,80.49%,Yes,High Risk,Month-to-month Contract; Low Tenure (0-12m); Electronic Check Payment
9540-JYROE,Segment 3: Short-Term High-Charge Users,0.7664746936035575,76.65%,Yes,High Risk,Month-to-month Contract; Low Tenure (0-12m); No Tech Support
9026-LHEVG,Segment 3: Short-Term High-Charge Users,0.5255164624174752,52.55%,Yes,Medium Risk,Month-to-month Contract; Low Tenure (0-12m); Electronic Check Payment
2260-USTRB,Segment 3: Short-Term High-Charge Users,0.8497538588362109,84.98%,Yes,High Risk,Month-to-month Contract; Low Tenure (0-12m); No Tech Support
3656-TKRVZ,Segment 3: Short-Term High-Charge Users,0.6694955494141336,66.95%,Yes,High Risk,Month-to-month Contract; Low Tenure (0-12m); Electronic Check Payment
7011-CVEUC,Segment 3: Short-Term High-Charge Users,0.6224840857268592,62.25%,Yes,High Risk,Month-to-month Contract; High Monthly Fee
6185-TASNN,Segment 3: Short-Term High-Charge Users,0.783806387767516,78.38%,Yes,High Risk,Month-to-month Contract; Low Tenure (0-12m); Electronic Check Payment
7925-PNRGI,Segment 1: Long-Term Committed Loyalists,0.22550334014857498,22.55%,No,Low Risk,Month-to-month Contract; High Monthly Fee
8623-TMRBY,Segment 3: Short-Term High-Charge Users,0.6389347792369584,63.89%,Yes,High Risk,Month-to-month Contract; Electronic Check Payment; No Tech Support
1552-CZCLL,Segment 3: Short-Term High-Charge Users,0.22835770198134975,22.84%,No,Low Risk,Month-to-month Contract
3038-PQIUY,Segment 3: Short-Term High-Charge Users,0.2501713375198489,25.02%,No,Low Risk,Month-to-month Contract; No Tech Support
1501-SGHBW,Segment 3: Short-Term High-Charge Users,0.7424950264914946,74.25%,Yes,High Risk,Month-to-month Contract; Low Tenure (0-12m); No Tech Support
9313-CDOGY,Segment 3: Short-Term High-Charge Users,0.09316032320592231,9.32%,No,Low Risk,Month-to-month Contract; Electronic Check Payment
8148-BPLZQ,Segment 3: Short-Term High-Charge Users,0.2775986159057179,27.76%,No,Low Risk,Month-to-month Contract; Electronic Check Payment; No Tech Support
2623-DRYAM,Segment 1: Long-Term Committed Loyalists,0.3998021712696476,39.98%,No,Medium Risk,Electronic Check Payment; No Tech Support; High Monthly Fee
9987-LUTYD,Segment 1: Long-Term Committed Loyalists,0.12845517763541237,12.85%,No,Low Risk,Stable Account Profile
3208-YPIOE,Segment 3: Short-Term High-Charge Users,0.6246279975669133,62.46%,Yes,High Risk,Month-to-month Contract; Electronic Check Payment; No Tech Support
4488-KQFDT,Segment 1: Long-Term Committed Loyalists,0.5345890174810837,53.46%,Yes,Medium Risk,Electronic Check Payment; No Tech Support; High Monthly Fee
2612-RANWT,Segment 3: Short-Term High-Charge Users,0.8845006763908003,88.45%,Yes,High Risk,Month-to-month Contract; Low Tenure (0-12m); No Tech Support
5693-PIPCS,Segment 1: Long-Term Committed Loyalists,0.2588462514549372,25.88%,No,Low Risk,High Monthly Fee
0491-KAPQG,Segment 3: Short-Term High-Charge Users,0.6918520261151296,69.19%,Yes,High Risk,Month-to-month Contract; Electronic Check Payment; No Tech Support
1925-LFCZZ,Segment 1: Long-Term Committed Loyalists,0.2552882444083244,25.53%,No,Low Risk,No Tech Support
8039-EQPIM,Segment 1: Long-Term Committed Loyalists,0.03737842730537723,3.74%,No,Low Risk,Stable Account Profile
6900-PXRMS,Segment 3: Short-Term High-Charge Users,0.7592117018021263,75.92%,Yes,High Risk,Month-to-month Contract; Electronic Check Payment; No Tech Support
8707-RMEZH,Segment 1: Long-Term Committed Loyalists,0.22631435280833728,22.63%,No,Low Risk,No Tech Support; High Monthly Fee
3346-BRMIS,Segment 3: Short-Term High-Charge Users,0.6934828365173115,69.35%,Yes,High Risk,Month-to-month Contract; Electronic Check Payment; No Tech Support
3209-ZPKFI,Segment 3: Short-Term High-Charge Users,0.28721749616975545,28.72%,No,Low Risk,Month-to-month Contract; Electronic Check Payment; No Tech Support
6479-VDGRK,Segment 1: Long-Term Committed Loyalists,0.01689596630703918,1.69%,No,Low Risk,High Monthly Fee
9373-WSLOY,Segment 3: Short-Term High-Charge Users,0.33429853608719395,33.43%,No,Medium Risk,Month-to-month Contract; Electronic Check Payment
2933-FILNV,Segment 3: Short-Term High-Charge Users,0.7304694371573337,73.05%,Yes,High Risk,Month-to-month Contract; Low Tenure (0-12m); No Tech Support
3569-JFODW,Segment 1: Long-Term Committed Loyalists,0.013542022624267739,1.35%,No,Low Risk,High Monthly Fee
9819-FBNSV,Segment 3: Short-Term High-Charge Users,0.5904901854016581,59.05%,Yes,Medium Risk,Month-to-month Contract; No Tech Support; High Monthly Fee
9544-PYPSJ,Segment 1: Long-Term Committed Loyalists,0.35666882014245754,35.67%,No,Medium Risk,Month-to-month Contract; No Tech Support; High Monthly Fee
1591-XWLGB,Segment 1: Long-Term Committed Loyalists,0.00594849426345341,0.59%,No,Low Risk,Stable Account Profile
0396-UKGAI,Segment 3: Short-Term High-Charge Users,0.3323952225370685,33.24%,No,Medium Risk,Month-to-month Contract
3243-ZHOHY,Segment 1: Long-Term Committed Loyalists,0.06833542722573921,6.83%,No,Low Risk,Stable Account Profile
5186-EJEGL,Segment 3: Short-Term High-Charge Users,0.4243129794962259,42.43%,No,Medium Risk,Month-to-month Contract; Low Tenure (0-12m)
7527-QNRUS,Segment 1: Long-Term Committed Loyalists,0.0759294350567353,7.59%,No,Low Risk,Stable Account Profile
9986-BONCE,Segment 3: Short-Term High-Charge Users,0.26460195897596045,26.46%,No,Low Risk,Month-to-month Contract; Low Tenure (0-12m)
2722-JMONI,Segment 3: Short-Term High-Charge Users,0.8085632336852431,80.86%,Yes,High Risk,Month-to-month Contract; Low Tenure (0-12m); Electronic Check Payment
2203-GHNWN,Segment 3: Short-Term High-Charge Users,0.602140406272673,60.21%,Yes,High Risk,Month-to-month Contract; No Tech Support; High Monthly Fee
3878-AVSOQ,Segment 3: Short-Term High-Charge Users,0.9121779855605143,91.22%,Yes,High Risk,Month-to-month Contract; Low Tenure (0-12m); Electronic Check Payment
3258-SYSWS,Segment 1: Long-Term Committed Loyalists,0.06573732025533031,6.57%,No,Low Risk,High Monthly Fee
5296-PSYVW,Segment 1: Long-Term Committed Loyalists,0.03690698123004859,3.69%,No,Low Risk,Electronic Check Payment
6319-QSUSR,Segment 3: Short-Term High-Charge Users,0.23217679161905025,23.22%,No,Low Risk,Month-to-month Contract; Low Tenure (0-12m)
4083-EUGRJ,Segment 3: Short-Term High-Charge Users,0.23480028684583384,23.48%,No,Low Risk,Month-to-month Contract; Low Tenure (0-12m)
7579-OOPEC,Segment 3: Short-Term High-Charge Users,0.7073182484895041,70.73%,Yes,High Risk,Month-to-month Contract; Low Tenure (0-12m); No Tech Support
0512-FLFDW,Segment 1: Long-Term Committed Loyalists,0.4625830928050145,46.26%,No,Medium Risk,No Tech Support; High Monthly Fee
1771-OADNZ,Segment 3: Short-Term High-Charge Users,0.7583259086566984,75.83%,Yes,High Risk,Month-to-month Contract; Electronic Check Payment; No Tech Support
0487-CRLZF,Segment 1: Long-Term Committed Loyalists,0.06422194515222847,6.42%,No,Low Risk,High Monthly Fee
2107-FBPTK,Segment 3: Short-Term High-Charge Users,0.7682574594349285,76.83%,Yes,High Risk,Month-to-month Contract; Electronic Check Payment; No Tech Support
9451-WLYRI,Segment 1: Long-Term Committed Loyalists,0.06952626996925684,6.95%,No,Low Risk,Stable Account Profile
8219-VYBVI,Segment 1: Long-Term Committed Loyalists,0.02602058639268826,2.6%,No,Low Risk,Stable Account Profile
1991-VOPLL,Segment 3: Short-Term High-Charge Users,0.16217113393289911,16.22%,No,Low Risk,Month-to-month Contract; Low Tenure (0-12m)
9738-QLWTP,Segment 3: Short-Term High-Charge Users,0.384851578973592,38.49%,No,Medium Risk,Electronic Check Payment; High Monthly Fee
1016-DJTSV,Segment 3: Short-Term High-Charge Users,0.7897398229824776,78.97%,Yes,High Risk,Month-to-month Contract; Low Tenure (0-12m); Electronic Check Payment
9419-IPPBE,Segment 1: Long-Term Committed Loyalists,0.31794779450459026,31.79%,No,Medium Risk,Electronic Check Payment; No Tech Support; High Monthly Fee
0174-QRVVY,Segment 1: Long-Term Committed Loyalists,0.005775369217840678,0.58%,No,Low Risk,Stable Account Profile
5699-BNCAS,Segment 1: Long-Term Committed Loyalists,0.011371641034734753,1.14%,No,Low Risk,Stable Account Profile
2900-PHPLN,Segment 1: Long-Term Committed Loyalists,0.009700499891692301,0.97%,No,Low Risk,Stable Account Profile
0612-RTZZA,Segment 3: Short-Term High-Charge Users,0.7919176162933032,79.19%,Yes,High Risk,Month-to-month Contract; Low Tenure (0-12m); Electronic Check Payment
8106-GWQOK,Segment 1: Long-Term Committed Loyalists,0.05687835567647,5.69%,No,Low Risk,Stable Account Profile
8751-EDEKA,Segment 3: Short-Term High-Charge Users,0.563374884551888,56.34%,Yes,Medium Risk,Month-to-month Contract; No Tech Support; High Monthly Fee
6878-GGDWG,Segment 3: Short-Term High-Charge Users,0.14140574577943923,14.14%,No,Low Risk,Month-to-month Contract
4039-PIMHX,Segment 1: Long-Term Committed Loyalists,0.09903882295742532,9.9%,No,Low Risk,No Tech Support
8450-LUGUK,Segment 1: Long-Term Committed Loyalists,0.05798851372530583,5.8%,No,Low Risk,Stable Account Profile
3604-WLABM,Segment 3: Short-Term High-Charge Users,0.5425370794591997,54.25%,Yes,Medium Risk,Month-to-month Contract; Low Tenure (0-12m); Electronic Check Payment
0795-GMVQO,Segment 1: Long-Term Committed Loyalists,0.3129802785185573,31.3%,No,Medium Risk,No Tech Support; High Monthly Fee
2259-OUUSZ,Segment 1: Long-Term Committed Loyalists,0.26487995752739296,26.49%,No,Low Risk,Low Tenure (0-12m)
1142-IHLOO,Segment 1: Long-Term Committed Loyalists,0.27334920862035395,27.33%,No,Low Risk,No Tech Support; High Monthly Fee
6410-LEFEN,Segment 3: Short-Term High-Charge Users,0.6118685451458302,61.19%,Yes,High Risk,Month-to-month Contract; Low Tenure (0-12m); Electronic Check Payment
4633-MKHYU,Segment 3: Short-Term High-Charge Users,0.8341552979337459,83.42%,Yes,High Risk,Month-to-month Contract; Low Tenure (0-12m); No Tech Support
6257-RJOHI,Segment 3: Short-Term High-Charge Users,0.629110298470889,62.91%,Yes,High Risk,Month-to-month Contract; Low Tenure (0-12m)
1545-JFUML,Segment 1: Long-Term Committed Loyalists,0.1813729535995414,18.14%,No,Low Risk,Electronic Check Payment; No Tech Support; High Monthly Fee
3194-ORPIK,Segment 3: Short-Term High-Charge Users,0.5767277736989378,57.67%,Yes,Medium Risk,Month-to-month Contract; No Tech Support; High Monthly Fee
7826-VVKWT,Segment 1: Long-Term Committed Loyalists,0.32174195543875056,32.17%,No,Medium Risk,Electronic Check Payment; No Tech Support; High Monthly Fee
1353-GHZOS,Segment 1: Long-Term Committed Loyalists,0.2321731557290206,23.22%,No,Low Risk,No Tech Support
2587-EKXTS,Segment 3: Short-Term High-Charge Users,0.601438189206983,60.14%,Yes,High Risk,Month-to-month Contract; Electronic Check Payment; No Tech Support
5442-BXVND,Segment 3: Short-Term High-Charge Users,0.12946319038032666,12.95%,No,Low Risk,Month-to-month Contract
8816-VXNZD,Segment 3: Short-Term High-Charge Users,0.930893129340555,93.09%,Yes,High Risk,Month-to-month Contract; Low Tenure (0-12m); Electronic Check Payment
9378-FXTIZ,Segment 1: Long-Term Committed Loyalists,0.15308193007809662,15.31%,No,Low Risk,No Tech Support; High Monthly Fee
1723-HKXJQ,Segment 3: Short-Term High-Charge Users,0.7707394503820257,77.07%,Yes,High Risk,Month-to-month Contract; Electronic Check Payment; No Tech Support
7825-GKXMW,Segment 3: Short-Term High-Charge Users,0.7733066404570993,77.33%,Yes,High Risk,Month-to-month Contract; Low Tenure (0-12m); Electronic Check Payment
9753-OYLBX,Segment 3: Short-Term High-Charge Users,0.6868295034132628,68.68%,Yes,High Risk,Month-to-month Contract; Low Tenure (0-12m)
2364-UFROM,Segment 1: Long-Term Committed Loyalists,0.17561082635197345,17.56%,No,Low Risk,Electronic Check Payment; High Monthly Fee
6656-JWRQX,Segment 3: Short-Term High-Charge Users,0.6529033259281394,65.29%,Yes,High Risk,Month-to-month Contract; Low Tenure (0-12m)
6473-ULUHT,Segment 3: Short-Term High-Charge Users,0.3988681478550248,39.89%,No,Medium Risk,Month-to-month Contract; Electronic Check Payment; High Monthly Fee
1240-KNSEZ,Segment 3: Short-Term High-Charge Users,0.7494009127769847,74.94%,Yes,High Risk,Month-to-month Contract; Low Tenure (0-12m)
0836-SEYLU,Segment 3: Short-Term High-Charge Users,0.557593135755102,55.76%,Yes,Medium Risk,Month-to-month Contract; Low Tenure (0-12m)
4433-JCGCG,Segment 3: Short-Term High-Charge Users,0.7410372458432483,74.1%,Yes,High Risk,Month-to-month Contract; Electronic Check Payment; No Tech Support
3716-BDVDB,Segment 3: Short-Term High-Charge Users,0.9236180732362266,92.36%,Yes,High Risk,Month-to-month Contract; Low Tenure (0-12m); Electronic Check Payment
7688-AWMDX,Segment 1: Long-Term Committed Loyalists,0.06699317843719259,6.7%,No,Low Risk,Stable Account Profile
2842-BCQGE,Segment 3: Short-Term High-Charge Users,0.5710857173044402,57.11%,Yes,Medium Risk,Month-to-month Contract; No Tech Support; High Monthly Fee
7244-QWYHG,Segment 1: Long-Term Committed Loyalists,0.0922019626719951,9.22%,No,Low Risk,Stable Account Profile
5899-MQZZL,Segment 3: Short-Term High-Charge Users,0.685358027781454,68.54%,Yes,High Risk,Month-to-month Contract; No Tech Support; High Monthly Fee
6849-OYAMU,Segment 3: Short-Term High-Charge Users,0.6784035314120777,67.84%,Yes,High Risk,High Monthly Fee
5312-UXESG,Segment 3: Short-Term High-Charge Users,0.614727763119381,61.47%,Yes,High Risk,Month-to-month Contract; No Tech Support; High Monthly Fee
9488-HGMJH,Segment 3: Short-Term High-Charge Users,0.9121779855605143,91.22%,Yes,High Risk,Month-to-month Contract; Low Tenure (0-12m); Electronic Check Payment
6038-GCYEC,Segment 3: Short-Term High-Charge Users,0.5356348219906787,53.56%,Yes,Medium Risk,Month-to-month Contract; No Tech Support
2150-WLKUW,Segment 1: Long-Term Committed Loyalists,0.18148223430986807,18.15%,No,Low Risk,No Tech Support
7159-FVYPK,Segment 3: Short-Term High-Charge Users,0.583710169735313,58.37%,Yes,Medium Risk,Month-to-month Contract; Low Tenure (0-12m); No Tech Support
7032-LMBHI,Segment 1: Long-Term Committed Loyalists,0.15808301730111676,15.81%,No,Low Risk,No Tech Support
1150-WFARN,Segment 1: Long-Term Committed Loyalists,0.2986112626199999,29.86%,No,Low Risk,High Monthly Fee
6088-BXMRG,Segment 3: Short-Term High-Charge Users,0.6729585299777087,67.3%,Yes,High Risk,Month-to-month Contract; Electronic Check Payment; No Tech Support
3144-AUDBS,Segment 3: Short-Term High-Charge Users,0.703169568825703,70.32%,Yes,High Risk,Month-to-month Contract; Low Tenure (0-12m); Electronic Check Payment
4821-SJHJV,Segment 3: Short-Term High-Charge Users,0.5664727107671,56.65%,Yes,Medium Risk,Month-to-month Contract; Electronic Check Payment; No Tech Support
7346-MEDWM,Segment 3: Short-Term High-Charge Users,0.4463868533412649,44.64%,No,Medium Risk,Month-to-month Contract; Electronic Check Payment; No Tech Support
1137-DGOWI,Segment 1: Long-Term Committed Loyalists,0.22509788125673866,22.51%,No,Low Risk,High Monthly Fee
5616-PRTNT,Segment 3: Short-Term High-Charge Users,0.4731669127802589,47.32%,No,Medium Risk,Month-to-month Contract; Electronic Check Payment
3812-LRZIR,Segment 1: Long-Term Committed Loyalists,0.1950042962608258,19.5%,No,Low Risk,Electronic Check Payment
4818-QIUFN,Segment 3: Short-Term High-Charge Users,0.7019203546017803,70.19%,Yes,High Risk,Month-to-month Contract; Electronic Check Payment; No Tech Support
9483-GCPWE,Segment 1: Long-Term Committed Loyalists,0.059548437114604634,5.95%,No,Low Risk,Low Tenure (0-12m)
4227-OJHAL,Segment 1: Long-Term Committed Loyalists,0.1853604991580715,18.54%,No,Low Risk,No Tech Support; High Monthly Fee
9220-CXRSC,Segment 1: Long-Term Committed Loyalists,0.05955881001401078,5.96%,No,Low Risk,Stable Account Profile
4993-JCRGJ,Segment 3: Short-Term High-Charge Users,0.5465516885931158,54.66%,Yes,Medium Risk,Month-to-month Contract; High Monthly Fee
9537-JALFH,Segment 1: Long-Term Committed Loyalists,0.009137516281663175,0.91%,No,Low Risk,Stable Account Profile
6698-OXETB,Segment 1: Long-Term Committed Loyalists,0.03029303710144137,3.03%,No,Low Risk,Low Tenure (0-12m)
2103-ZRXFN,Segment 3: Short-Term High-Charge Users,0.7441777062192306,74.42%,Yes,High Risk,Month-to-month Contract; Low Tenure (0-12m); No Tech Support
3724-BSCVH,Segment 1: Long-Term Committed Loyalists,0.05700996189830305,5.7%,No,Low Risk,Low Tenure (0-12m)
4877-TSOFF,Segment 1: Long-Term Committed Loyalists,0.13630669211916258,13.63%,No,Low Risk,High Monthly Fee
9209-NWPGU,Segment 1: Long-Term Committed Loyalists,0.13065407594792453,13.07%,No,Low Risk,Electronic Check Payment
6961-VCPMC,Segment 3: Short-Term High-Charge Users,0.6445969399802302,64.46%,Yes,High Risk,Month-to-month Contract; Electronic Check Payment; No Tech Support
7306-YDSOI,Segment 1: Long-Term Committed Loyalists,0.04252748994143698,4.25%,No,Low Risk,No Tech Support
5288-AHOUP,Segment 3: Short-Term High-Charge Users,0.7560303605363878,75.6%,Yes,High Risk,Month-to-month Contract; Low Tenure (0-12m); Electronic Check Payment
6688-UZPWD,Segment 3: Short-Term High-Charge Users,0.8931051136046341,89.31%,Yes,High Risk,Month-to-month Contract; Low Tenure (0-12m); Electronic Check Payment
0655-YDGFJ,Segment 3: Short-Term High-Charge Users,0.2732704076035937,27.33%,No,Low Risk,Month-to-month Contract; No Tech Support
8468-EHYJA,Segment 3: Short-Term High-Charge Users,0.5376442419869022,53.76%,Yes,Medium Risk,Month-to-month Contract; Electronic Check Payment; No Tech Support
6823-SIDFQ,Segment 1: Long-Term Committed Loyalists,0.03016544032484938,3.02%,No,Low Risk,Stable Account Profile
1097-FSPVW,Segment 3: Short-Term High-Charge Users,0.27793619807170694,27.79%,No,Low Risk,Month-to-month Contract; No Tech Support
2839-RFSQE,Segment 3: Short-Term High-Charge Users,0.2216541190959023,22.17%,No,Low Risk,Month-to-month Contract; Low Tenure (0-12m)
8328-SKJNO,Segment 1: Long-Term Committed Loyalists,0.14865661207585337,14.87%,No,Low Risk,Stable Account Profile
7010-ZMVBF,Segment 3: Short-Term High-Charge Users,0.12809587964459,12.81%,No,Low Risk,Month-to-month Contract
5201-CBWYG,Segment 1: Long-Term Committed Loyalists,0.04512093630083621,4.51%,No,Low Risk,Stable Account Profile
0968-GSIKN,Segment 3: Short-Term High-Charge Users,0.8906827558891252,89.07%,Yes,High Risk,Month-to-month Contract; Low Tenure (0-12m); No Tech Support
1965-DDBWU,Segment 3: Short-Term High-Charge Users,0.6554665201801617,65.55%,Yes,High Risk,Month-to-month Contract; High Monthly Fee
9057-SIHCH,Segment 3: Short-Term High-Charge Users,0.901028355521792,90.1%,Yes,High Risk,Month-to-month Contract; Low Tenure (0-12m); Electronic Check Payment
6352-GIGGQ,Segment 1: Long-Term Committed Loyalists,0.17998977665155266,18.0%,No,Low Risk,High Monthly Fee
3635-QQRQD,Segment 1: Long-Term Committed Loyalists,0.022430438033589267,2.24%,No,Low Risk,Stable Account Profile
6771-XWBDM,Segment 1: Long-Term Committed Loyalists,0.5896033970723834,58.96%,Yes,Medium Risk,Month-to-month Contract; No Tech Support; High Monthly Fee
2897-DOVND,Segment 3: Short-Term High-Charge Users,0.8082603784404069,80.83%,Yes,High Risk,Month-to-month Contract; Low Tenure (0-12m); Electronic Check Payment
3082-YVEKW,Segment 1: Long-Term Committed Loyalists,0.08219135500578616,8.22%,No,Low Risk,High Monthly Fee
0191-EQUUH,Segment 1: Long-Term Committed Loyalists,0.09106196839411089,9.11%,No,Low Risk,Stable Account Profile
7134-HBPBS,Segment 1: Long-Term Committed Loyalists,0.1932293930690576,19.32%,No,Low Risk,High Monthly Fee
3489-HHPFY,Segment 3: Short-Term High-Charge Users,0.8616631595178573,86.17%,Yes,High Risk,Month-to-month Contract; Low Tenure (0-12m); Electronic Check Payment
2926-JEJJC,Segment 1: Long-Term Committed Loyalists,0.19021206082546102,19.02%,No,Low Risk,Low Tenure (0-12m)
8601-QACRS,Segment 3: Short-Term High-Charge Users,0.6433171608805033,64.33%,Yes,High Risk,Month-to-month Contract; Low Tenure (0-12m); No Tech Support
4950-BDEUX,Segment 3: Short-Term High-Charge Users,0.42852624776194687,42.85%,No,Medium Risk,Month-to-month Contract; Electronic Check Payment; No Tech Support
5789-LDFXO,Segment 1: Long-Term Committed Loyalists,0.09959194482869181,9.96%,No,Low Risk,Electronic Check Payment
0508-OOLTO,Segment 3: Short-Term High-Charge Users,0.8046271447714227,80.46%,Yes,High Risk,Month-to-month Contract; Low Tenure (0-12m); Electronic Check Payment
2984-TBYKU,Segment 1: Long-Term Committed Loyalists,0.10335058331839309,10.34%,No,Low Risk,High Monthly Fee
9822-WMWVG,Segment 3: Short-Term High-Charge Users,0.587484945738617,58.75%,Yes,Medium Risk,Month-to-month Contract; Electronic Check Payment; High Monthly Fee
2391-SOORI,Segment 3: Short-Term High-Charge Users,0.5983831550216951,59.84%,Yes,Medium Risk,Month-to-month Contract; Low Tenure (0-12m); Electronic Check Payment
9040-KZVWO,Segment 3: Short-Term High-Charge Users,0.3894806484817365,38.95%,No,Medium Risk,No Tech Support; High Monthly Fee
2645-QTLMB,Segment 3: Short-Term High-Charge Users,0.8817464102720015,88.17%,Yes,High Risk,Month-to-month Contract; Low Tenure (0-12m); Electronic Check Payment
4806-HIPDW,Segment 3: Short-Term High-Charge Users,0.916261455990476,91.63%,Yes,High Risk,Month-to-month Contract; Low Tenure (0-12m); Electronic Check Payment
1548-ARAGG,Segment 3: Short-Term High-Charge Users,0.5080199257962359,50.8%,Yes,Medium Risk,Month-to-month Contract; Low Tenure (0-12m)
6339-RZCBJ,Segment 1: Long-Term Committed Loyalists,0.09229376967095612,9.23%,No,Low Risk,High Monthly Fee
4424-TKOPW,Segment 3: Short-Term High-Charge Users,0.9180052142407044,91.8%,Yes,High Risk,Month-to-month Contract; Low Tenure (0-12m); Electronic Check Payment
4415-WNGVR,Segment 3: Short-Term High-Charge Users,0.3794528361762874,37.95%,No,Medium Risk,Low Tenure (0-12m); Electronic Check Payment; High Monthly Fee
2522-AHJXR,Segment 1: Long-Term Committed Loyalists,0.4296099539782892,42.96%,No,Medium Risk,Month-to-month Contract; High Monthly Fee
0412-UCCNP,Segment 1: Long-Term Committed Loyalists,0.07399327927881874,7.4%,No,Low Risk,Electronic Check Payment
1816-FLZDK,Segment 3: Short-Term High-Charge Users,0.6395084687833221,63.95%,Yes,High Risk,Month-to-month Contract; Low Tenure (0-12m)
7096-UCLNH,Segment 3: Short-Term High-Charge Users,0.664801064477174,66.48%,Yes,High Risk,Month-to-month Contract; Low Tenure (0-12m)
8443-ZRDBZ,Segment 3: Short-Term High-Charge Users,0.8646064498255716,86.46%,Yes,High Risk,Month-to-month Contract; Low Tenure (0-12m); Electronic Check Payment
9136-ALYBR,Segment 3: Short-Term High-Charge Users,0.7488446877877634,74.88%,Yes,High Risk,Month-to-month Contract; Low Tenure (0-12m); No Tech Support
4615-PIVVU,Segment 1: Long-Term Committed Loyalists,0.11999992676793052,12.0%,No,Low Risk,Stable Account Profile
8885-QSQBX,Segment 3: Short-Term High-Charge Users,0.6772174493161368,67.72%,Yes,High Risk,Month-to-month Contract; Low Tenure (0-12m); No Tech Support
7479-NITWS,Segment 3: Short-Term High-Charge Users,0.8822954075712452,88.23%,Yes,High Risk,Month-to-month Contract; Low Tenure (0-12m); No Tech Support
8617-ENBDS,Segment 3: Short-Term High-Charge Users,0.8076344047887186,80.76%,Yes,High Risk,Month-to-month Contract; Low Tenure (0-12m); No Tech Support
9385-NXKDA,Segment 1: Long-Term Committed Loyalists,0.06502075576117655,6.5%,No,Low Risk,No Tech Support; High Monthly Fee
0430-IHCDJ,Segment 3: Short-Term High-Charge Users,0.5973493311134689,59.73%,Yes,Medium Risk,Month-to-month Contract; Electronic Check Payment; No Tech Support
2959-MJHIC,Segment 3: Short-Term High-Charge Users,0.8515283916591964,85.15%,Yes,High Risk,Month-to-month Contract; Low Tenure (0-12m); Electronic Check Payment
6674-KVJHG,Segment 3: Short-Term High-Charge Users,0.14237558483520737,14.24%,No,Low Risk,Low Tenure (0-12m); Electronic Check Payment
1814-DKOLC,Segment 3: Short-Term High-Charge Users,0.2794092747382085,27.94%,No,Low Risk,Month-to-month Contract; Low Tenure (0-12m)
4201-JMNGR,Segment 3: Short-Term High-Charge Users,0.7988708059921275,79.89%,Yes,High Risk,Month-to-month Contract; Low Tenure (0-12m); Electronic Check Payment
9351-HXDMR,Segment 1: Long-Term Committed Loyalists,0.07875999872972315,7.88%,No,Low Risk,High Monthly Fee
3537-HPKQT,Segment 3: Short-Term High-Charge Users,0.3947503114109836,39.48%,No,Medium Risk,Month-to-month Contract; No Tech Support; High Monthly Fee
2129-ALKBS,Segment 3: Short-Term High-Charge Users,0.08996070195001393,9.0%,No,Low Risk,Month-to-month Contract; Electronic Check Payment
5821-MMEIL,Segment 1: Long-Term Committed Loyalists,0.01959695401284801,1.96%,No,Low Risk,Stable Account Profile
5960-WPXQM,Segment 3: Short-Term High-Charge Users,0.9283051835763394,92.83%,Yes,High Risk,Month-to-month Contract; Low Tenure (0-12m); Electronic Check Payment
0684-AOSIH,Segment 3: Short-Term High-Charge Users,0.8814055343687996,88.14%,Yes,High Risk,Month-to-month Contract; Low Tenure (0-12m); Electronic Check Payment
8260-NGFNY,Segment 3: Short-Term High-Charge Users,0.7379231052831421,73.79%,Yes,High Risk,Month-to-month Contract; Low Tenure (0-12m); No Tech Support
1309-XGFSN,Segment 1: Long-Term Committed Loyalists,0.250356524092069,25.04%,No,Low Risk,Electronic Check Payment; No Tech Support; High Monthly Fee
1866-RZZQS,Segment 3: Short-Term High-Charge Users,0.7811470510464401,78.11%,Yes,High Risk,Month-to-month Contract; Electronic Check Payment; No Tech Support
6968-URWQU,Segment 1: Long-Term Committed Loyalists,0.23922514994971736,23.92%,No,Low Risk,No Tech Support
4742-TXUEX,Segment 1: Long-Term Committed Loyalists,0.01197745750563657,1.2%,No,Low Risk,Stable Account Profile
9631-XEYKE,Segment 3: Short-Term High-Charge Users,0.7126729618720276,71.27%,Yes,High Risk,Month-to-month Contract; Low Tenure (0-12m); No Tech Support
8631-NBHFZ,Segment 1: Long-Term Committed Loyalists,0.2836381267109869,28.36%,No,Low Risk,High Monthly Fee
1335-MXCSE,Segment 1: Long-Term Committed Loyalists,0.05452867867906734,5.45%,No,Low Risk,Stable Account Profile
8873-TMKGR,Segment 1: Long-Term Committed Loyalists,0.03196887144646804,3.2%,No,Low Risk,Stable Account Profile
8800-JOOCF,Segment 3: Short-Term High-Charge Users,0.7859578877082142,78.6%,Yes,High Risk,Month-to-month Contract; Low Tenure (0-12m); Electronic Check Payment
1469-LBJQJ,Segment 1: Long-Term Committed Loyalists,0.5582083802111999,55.82%,Yes,Medium Risk,Month-to-month Contract; Electronic Check Payment; No Tech Support
4958-XCBDQ,Segment 3: Short-Term High-Charge Users,0.7696824495505384,76.97%,Yes,High Risk,Month-to-month Contract; Electronic Check Payment; No Tech Support
8337-UPOAQ,Segment 3: Short-Term High-Charge Users,0.8626479743886012,86.26%,Yes,High Risk,Month-to-month Contract; Low Tenure (0-12m); Electronic Check Payment
0064-YIJGF,Segment 3: Short-Term High-Charge Users,0.6036718950194143,60.37%,Yes,High Risk,Month-to-month Contract; No Tech Support; High Monthly Fee
2386-OWURY,Segment 3: Short-Term High-Charge Users,0.5545651265600067,55.46%,Yes,Medium Risk,Month-to-month Contract; Electronic Check Payment; High Monthly Fee
1725-IQNIY,Segment 1: Long-Term Committed Loyalists,0.46906780183416574,46.91%,No,Medium Risk,High Monthly Fee
0310-VQXAM,Segment 3: Short-Term High-Charge Users,0.2112657620478708,21.13%,No,Low Risk,Month-to-month Contract; Low Tenure (0-12m)
6598-RFFVI,Segment 1: Long-Term Committed Loyalists,0.13096368230691885,13.1%,No,Low Risk,Low Tenure (0-12m)
3453-RTHJQ,Segment 3: Short-Term High-Charge Users,0.7665592951789247,76.66%,Yes,High Risk,Month-to-month Contract; Low Tenure (0-12m); Electronic Check Payment
6712-OAWRH,Segment 3: Short-Term High-Charge Users,0.747454221113802,74.75%,Yes,High Risk,Month-to-month Contract; Electronic Check Payment; No Tech Support
6278-FEPBZ,Segment 3: Short-Term High-Charge Users,0.22106473577605593,22.11%,No,Low Risk,Month-to-month Contract; Low Tenure (0-12m)
4280-DLSHD,Segment 3: Short-Term High-Charge Users,0.4344631923197011,43.45%,No,Medium Risk,Month-to-month Contract; Low Tenure (0-12m); No Tech Support
1508-DFXCU,Segment 3: Short-Term High-Charge Users,0.7721181352241693,77.21%,Yes,High Risk,Month-to-month Contract; Low Tenure (0-12m); Electronic Check Payment
8614-VGMMV,Segment 3: Short-Term High-Charge Users,0.6150020219483988,61.5%,Yes,High Risk,Month-to-month Contract; Electronic Check Payment; No Tech Support
7868-BGSZA,Segment 1: Long-Term Committed Loyalists,0.2850813112060552,28.51%,No,Low Risk,Electronic Check Payment; No Tech Support; High Monthly Fee
2800-QQUSO,Segment 3: Short-Term High-Charge Users,0.7506974643458124,75.07%,Yes,High Risk,Month-to-month Contract; Electronic Check Payment; High Monthly Fee
2930-UOTMB,Segment 3: Short-Term High-Charge Users,0.2065895995153876,20.66%,No,Low Risk,Month-to-month Contract
7973-DZRKH,Segment 1: Long-Term Committed Loyalists,0.08430056340508162,8.43%,No,Low Risk,High Monthly Fee
5914-DVBWJ,Segment 3: Short-Term High-Charge Users,0.7746439839165815,77.46%,Yes,High Risk,Month-to-month Contract; Electronic Check Payment; High Monthly Fee
7698-YFGEZ,Segment 3: Short-Term High-Charge Users,0.6833808905375772,68.34%,Yes,High Risk,Month-to-month Contract; Low Tenure (0-12m)
2533-QVMSK,Segment 1: Long-Term Committed Loyalists,0.18196126052503242,18.2%,No,Low Risk,Electronic Check Payment; High Monthly Fee
9773-PEQBZ,Segment 3: Short-Term High-Charge Users,0.7473385454216647,74.73%,Yes,High Risk,Month-to-month Contract; Low Tenure (0-12m); Electronic Check Payment
8644-XLFBW,Segment 3: Short-Term High-Charge Users,0.913557980285182,91.36%,Yes,High Risk,Month-to-month Contract; Low Tenure (0-12m); Electronic Check Payment
0650-BWOZN,Segment 3: Short-Term High-Charge Users,0.677409890099545,67.74%,Yes,High Risk,Month-to-month Contract; Electronic Check Payment; No Tech Support
8625-AZYZY,Segment 3: Short-Term High-Charge Users,0.7923316624477482,79.23%,Yes,High Risk,Month-to-month Contract; Electronic Check Payment; No Tech Support
7785-RDVIG,Segment 3: Short-Term High-Charge Users,0.17575940312253224,17.58%,No,Low Risk,Month-to-month Contract; Low Tenure (0-12m)
9602-WCXPI,Segment 1: Long-Term Committed Loyalists,0.04432157121912749,4.43%,No,Low Risk,Stable Account Profile
2903-YYTBW,Segment 3: Short-Term High-Charge Users,0.7499266607665976,74.99%,Yes,High Risk,Month-to-month Contract; Low Tenure (0-12m); Electronic Check Payment
3620-MWJNE,Segment 3: Short-Term High-Charge Users,0.6090706115957181,60.91%,Yes,High Risk,Month-to-month Contract; Low Tenure (0-12m)
8573-JGCZW,Segment 1: Long-Term Committed Loyalists,0.05901295751830027,5.9%,No,Low Risk,Stable Account Profile
6837-HAEVO,Segment 1: Long-Term Committed Loyalists,0.3873414190252225,38.73%,No,Medium Risk,Electronic Check Payment; No Tech Support; High Monthly Fee
6701-YVNQG,Segment 1: Long-Term Committed Loyalists,0.01581294881565092,1.58%,No,Low Risk,High Monthly Fee
9306-CPCBC,Segment 3: Short-Term High-Charge Users,0.8596343778852935,85.96%,Yes,High Risk,Month-to-month Contract; Low Tenure (0-12m); Electronic Check Payment
4304-XUMGI,Segment 1: Long-Term Committed Loyalists,0.11883842683718751,11.88%,No,Low Risk,No Tech Support; High Monthly Fee
9504-YAZWB,Segment 1: Long-Term Committed Loyalists,0.0674307388155457,6.74%,No,Low Risk,Stable Account Profile
8819-ZBYNA,Segment 1: Long-Term Committed Loyalists,0.3539932642234324,35.4%,No,Medium Risk,High Monthly Fee
6174-NRBTZ,Segment 1: Long-Term Committed Loyalists,0.1945560276098925,19.46%,No,Low Risk,No Tech Support
9481-IEBZY,Segment 1: Long-Term Committed Loyalists,0.21563861729743034,21.56%,No,Low Risk,Month-to-month Contract; High Monthly Fee
1833-VGRUM,Segment 3: Short-Term High-Charge Users,0.9305812470375728,93.06%,Yes,High Risk,Month-to-month Contract; Low Tenure (0-12m); Electronic Check Payment
6137-NICCO,Segment 3: Short-Term High-Charge Users,0.8816292138735713,88.16%,Yes,High Risk,Month-to-month Contract; Low Tenure (0-12m); No Tech Support
9065-ZCPQX,Segment 1: Long-Term Committed Loyalists,0.035051777644540205,3.51%,No,Low Risk,High Monthly Fee
6402-EJMWF,Segment 3: Short-Term High-Charge Users,0.6144363269358513,61.44%,Yes,High Risk,Month-to-month Contract; Low Tenure (0-12m); No Tech Support
3620-EHIMZ,Segment 1: Long-Term Committed Loyalists,0.04536244762803335,4.54%,No,Low Risk,Stable Account Profile
3213-VVOLG,Segment 1: Long-Term Committed Loyalists,0.06777436797967779,6.78%,No,Low Risk,Low Tenure (0-12m)
6870-ECSHE,Segment 1: Long-Term Committed Loyalists,0.0977690268329429,9.78%,No,Low Risk,Low Tenure (0-12m)
8747-UDCOI,Segment 1: Long-Term Committed Loyalists,0.024079820894742438,2.41%,No,Low Risk,Stable Account Profile
8374-XGEJJ,Segment 3: Short-Term High-Charge Users,0.7729742736974166,77.3%,Yes,High Risk,Month-to-month Contract; Electronic Check Payment; No Tech Support
2656-TABEH,Segment 3: Short-Term High-Charge Users,0.9105851019510521,91.06%,Yes,High Risk,Month-to-month Contract; Low Tenure (0-12m); Electronic Check Payment
6946-LMSQS,Segment 3: Short-Term High-Charge Users,0.5840139838301921,58.4%,Yes,Medium Risk,Electronic Check Payment; No Tech Support; High Monthly Fee
4626-OZDTJ,Segment 1: Long-Term Committed Loyalists,0.17942661475259744,17.94%,No,Low Risk,High Monthly Fee
9169-BSVIN,Segment 3: Short-Term High-Charge Users,0.39959837092804773,39.96%,No,Medium Risk,Month-to-month Contract; Low Tenure (0-12m); No Tech Support
2325-ZUSFD,Segment 1: Long-Term Committed Loyalists,0.1246051455148928,12.46%,No,Low Risk,No Tech Support; High Monthly Fee
8194-PEEBY,Segment 1: Long-Term Committed Loyalists,0.03265990921748482,3.27%,No,Low Risk,Stable Account Profile
6872-HXFNF,Segment 1: Long-Term Committed Loyalists,0.08729097376714784,8.73%,No,Low Risk,Stable Account Profile
3932-CMDTD,Segment 3: Short-Term High-Charge Users,0.7293338263369837,72.93%,Yes,High Risk,Low Tenure (0-12m); Electronic Check Payment; High Monthly Fee
7714-YXSMB,Segment 3: Short-Term High-Charge Users,0.7112724650013246,71.13%,Yes,High Risk,Month-to-month Contract; No Tech Support; High Monthly Fee
8387-UGUSU,Segment 3: Short-Term High-Charge Users,0.18476164805101922,18.48%,No,Low Risk,Month-to-month Contract
1080-BWSYE,Segment 1: Long-Term Committed Loyalists,0.037434173103373596,3.74%,No,Low Risk,Stable Account Profile
4039-HEUNW,Segment 3: Short-Term High-Charge Users,0.7305468918064667,73.05%,Yes,High Risk,Month-to-month Contract; Electronic Check Payment; No Tech Support
1194-HVAIF,Segment 3: Short-Term High-Charge Users,0.6046241600985309,60.46%,Yes,High Risk,Month-to-month Contract; No Tech Support; High Monthly Fee
0812-WUPTB,Segment 3: Short-Term High-Charge Users,0.8870287371286653,88.7%,Yes,High Risk,Month-to-month Contract; Low Tenure (0-12m); No Tech Support
3594-UVONA,Segment 1: Long-Term Committed Loyalists,0.28979565055855827,28.98%,No,Low Risk,High Monthly Fee
0004-TLHLJ,Segment 3: Short-Term High-Charge Users,0.830111705707544,83.01%,Yes,High Risk,Month-to-month Contract; Low Tenure (0-12m); Electronic Check Payment
1767-TGTKO,Segment 3: Short-Term High-Charge Users,0.5789840920886434,57.9%,Yes,Medium Risk,Month-to-month Contract; Low Tenure (0-12m); Electronic Check Payment
8439-LTUGF,Segment 3: Short-Term High-Charge Users,0.18031787339729832,18.03%,No,Low Risk,Month-to-month Contract; Low Tenure (0-12m)
8805-JNRAZ,Segment 3: Short-Term High-Charge Users,0.6957280761473176,69.57%,Yes,High Risk,Month-to-month Contract; Low Tenure (0-12m); No Tech Support
5089-IFSDP,Segment 1: Long-Term Committed Loyalists,0.5018493144676388,50.18%,Yes,Medium Risk,No Tech Support; High Monthly Fee
6418-HNFED,Segment 1: Long-Term Committed Loyalists,0.061248397940423305,6.12%,No,Low Risk,High Monthly Fee
0206-OYVOC,Segment 1: Long-Term Committed Loyalists,0.013173056843776912,1.32%,No,Low Risk,Stable Account Profile
7291-CDTMJ,Segment 3: Short-Term High-Charge Users,0.5835246757591949,58.35%,Yes,Medium Risk,Month-to-month Contract; Low Tenure (0-12m)
7128-GGCNO,Segment 3: Short-Term High-Charge Users,0.4588723608089048,45.89%,No,Medium Risk,Month-to-month Contract; No Tech Support; High Monthly Fee
0237-YFUTL,Segment 1: Long-Term Committed Loyalists,0.4329192898161913,43.29%,No,Medium Risk,Month-to-month Contract; High Monthly Fee
7691-KGKGP,Segment 3: Short-Term High-Charge Users,0.21991223150090883,21.99%,No,Low Risk,Month-to-month Contract
6710-HSJRD,Segment 1: Long-Term Committed Loyalists,0.40181051571976345,40.18%,No,Medium Risk,Month-to-month Contract; Electronic Check Payment; High Monthly Fee
3675-EQOZA,Segment 3: Short-Term High-Charge Users,0.22126747656678547,22.13%,No,Low Risk,Month-to-month Contract; Low Tenure (0-12m)
0840-DCNZE,Segment 1: Long-Term Committed Loyalists,0.2508057572305343,25.08%,No,Low Risk,High Monthly Fee
1732-FEKLD,Segment 1: Long-Term Committed Loyalists,0.2947218334768479,29.47%,No,Low Risk,No Tech Support; High Monthly Fee
9862-KJTYK,Segment 3: Short-Term High-Charge Users,0.38253249649489346,38.25%,No,Medium Risk,Month-to-month Contract; No Tech Support
0479-HMSWA,Segment 1: Long-Term Committed Loyalists,0.2924935989973765,29.25%,No,Low Risk,Electronic Check Payment; High Monthly Fee
5854-KSRBJ,Segment 1: Long-Term Committed Loyalists,0.005767128647699174,0.58%,No,Low Risk,Stable Account Profile
0365-BZUWY,Segment 3: Short-Term High-Charge Users,0.780292366913156,78.03%,Yes,High Risk,Month-to-month Contract; Electronic Check Payment; No Tech Support
4817-VYYWS,Segment 3: Short-Term High-Charge Users,0.7644455818340449,76.44%,Yes,High Risk,Month-to-month Contract; Electronic Check Payment; No Tech Support
5701-SVCWR,Segment 3: Short-Term High-Charge Users,0.4097695359599177,40.98%,No,Medium Risk,Month-to-month Contract; Low Tenure (0-12m)
3129-AAQOU,Segment 1: Long-Term Committed Loyalists,0.027960348301028753,2.8%,No,Low Risk,Stable Account Profile
4922-CVPDX,Segment 1: Long-Term Committed Loyalists,0.13476793588175734,13.48%,No,Low Risk,No Tech Support; High Monthly Fee
1396-QWFBJ,Segment 3: Short-Term High-Charge Users,0.6146189619057878,61.46%,Yes,High Risk,Month-to-month Contract; No Tech Support; High Monthly Fee
1357-BIJKI,Segment 1: Long-Term Committed Loyalists,0.5015667968209226,50.16%,Yes,Medium Risk,Electronic Check Payment; No Tech Support; High Monthly Fee
1099-BTKWT,Segment 1: Long-Term Committed Loyalists,0.25021483930787575,25.02%,No,Low Risk,Electronic Check Payment; No Tech Support
5299-SJCZT,Segment 3: Short-Term High-Charge Users,0.9084274258322269,90.84%,Yes,High Risk,Month-to-month Contract; Low Tenure (0-12m); No Tech Support
2018-PZKMU,Segment 3: Short-Term High-Charge Users,0.7445237999155573,74.45%,Yes,High Risk,Month-to-month Contract; Low Tenure (0-12m); Electronic Check Payment
7340-KEFQE,Segment 1: Long-Term Committed Loyalists,0.06515707973895107,6.52%,No,Low Risk,Stable Account Profile
4570-QHXHL,Segment 3: Short-Term High-Charge Users,0.649485317851764,64.95%,Yes,High Risk,Month-to-month Contract; Low Tenure (0-12m); Electronic Check Payment
2403-BCASL,Segment 1: Long-Term Committed Loyalists,0.6454744803262288,64.55%,Yes,High Risk,Electronic Check Payment; High Monthly Fee
7392-YYPYJ,Segment 3: Short-Term High-Charge Users,0.7694949730270669,76.95%,Yes,High Risk,Month-to-month Contract; Electronic Check Payment; No Tech Support
2898-LSJGD,Segment 1: Long-Term Committed Loyalists,0.5653523266752859,56.54%,Yes,Medium Risk,Electronic Check Payment; No Tech Support
2223-GDSHL,Segment 1: Long-Term Committed Loyalists,0.07309726332573009,7.31%,No,Low Risk,High Monthly Fee
7359-PTSXY,Segment 3: Short-Term High-Charge Users,0.7823119737769946,78.23%,Yes,High Risk,Month-to-month Contract; Low Tenure (0-12m); Electronic Check Payment
9470-RTWDV,Segment 1: Long-Term Committed Loyalists,0.3205129897378943,32.05%,No,Medium Risk,High Monthly Fee
2176-OSJUV,Segment 1: Long-Term Committed Loyalists,0.041012557657338244,4.1%,No,Low Risk,Stable Account Profile
9348-YVOMK,Segment 3: Short-Term High-Charge Users,0.6859399942163603,68.59%,Yes,High Risk,Month-to-month Contract; Low Tenure (0-12m); No Tech Support
8104-OSKWT,Segment 3: Short-Term High-Charge Users,0.7540376101649443,75.4%,Yes,High Risk,Month-to-month Contract; Low Tenure (0-12m); Electronic Check Payment
4521-YEEHE,Segment 3: Short-Term High-Charge Users,0.7577291072206451,75.77%,Yes,High Risk,Month-to-month Contract; Electronic Check Payment; High Monthly Fee
4090-KPJIP,Segment 3: Short-Term High-Charge Users,0.8636507483562869,86.37%,Yes,High Risk,Month-to-month Contract; Low Tenure (0-12m); Electronic Check Payment
3786-WOVKF,Segment 1: Long-Term Committed Loyalists,0.25316652630786063,25.32%,No,Low Risk,No Tech Support; High Monthly Fee
4503-BDXBD,Segment 3: Short-Term High-Charge Users,0.703831327257315,70.38%,Yes,High Risk,Month-to-month Contract; Low Tenure (0-12m); Electronic Check Payment
6086-ESGRL,Segment 3: Short-Term High-Charge Users,0.898423958664611,89.84%,Yes,High Risk,Month-to-month Contract; Low Tenure (0-12m); No Tech Support
2592-HODOV,Segment 1: Long-Term Committed Loyalists,0.052823844218599196,5.28%,No,Low Risk,Stable Account Profile
3886-CERTZ,Segment 1: Long-Term Committed Loyalists,0.4993196352039617,49.93%,No,Medium Risk,Electronic Check Payment; High Monthly Fee
7995-ZHHNZ,Segment 1: Long-Term Committed Loyalists,0.15966385933387198,15.97%,No,Low Risk,No Tech Support
3824-RHKVR,Segment 3: Short-Term High-Charge Users,0.1980911270213239,19.81%,No,Low Risk,Month-to-month Contract
5816-SCGFC,Segment 3: Short-Term High-Charge Users,0.4623912581285339,46.24%,No,Medium Risk,Month-to-month Contract; Low Tenure (0-12m); No Tech Support
5989-AXPUC,Segment 1: Long-Term Committed Loyalists,0.1782775584631688,17.83%,No,Low Risk,High Monthly Fee
4979-HPRFL,Segment 1: Long-Term Committed Loyalists,0.027528900593483445,2.75%,No,Low Risk,Stable Account Profile
8590-OHDIW,Segment 1: Long-Term Committed Loyalists,0.02000422272023819,2.0%,No,Low Risk,Stable Account Profile
8015-IHCGW,Segment 1: Long-Term Committed Loyalists,0.042177466590878815,4.22%,No,Low Risk,Electronic Check Payment; High Monthly Fee
2332-TODQS,Segment 1: Long-Term Committed Loyalists,0.051310450195598926,5.13%,No,Low Risk,Stable Account Profile
9278-VZKCD,Segment 1: Long-Term Committed Loyalists,0.5195837436165214,51.96%,Yes,Medium Risk,Month-to-month Contract; Electronic Check Payment; No Tech Support
8008-OTEZX,Segment 1: Long-Term Committed Loyalists,0.02071357076100661,2.07%,No,Low Risk,Stable Account Profile
2773-OVBPK,Segment 1: Long-Term Committed Loyalists,0.2653843217680242,26.54%,No,Low Risk,High Monthly Fee
5999-LCXAO,Segment 3: Short-Term High-Charge Users,0.7172353214035426,71.72%,Yes,High Risk,Month-to-month Contract; Low Tenure (0-12m); No Tech Support
5206-XZZQI,Segment 3: Short-Term High-Charge Users,0.3408781357787213,34.09%,No,Medium Risk,Month-to-month Contract; High Monthly Fee
4803-LBYPN,Segment 3: Short-Term High-Charge Users,0.07217867478708477,7.22%,No,Low Risk,Month-to-month Contract
5759-RCVCB,Segment 3: Short-Term High-Charge Users,0.6573314245727234,65.73%,Yes,High Risk,Month-to-month Contract; Low Tenure (0-12m); No Tech Support
6372-RFVNS,Segment 3: Short-Term High-Charge Users,0.9108708946967338,91.09%,Yes,High Risk,Month-to-month Contract; Low Tenure (0-12m); Electronic Check Payment
2139-FQHLM,Segment 3: Short-Term High-Charge Users,0.5552174149627023,55.52%,Yes,Medium Risk,Month-to-month Contract; High Monthly Fee
8261-GWDBQ,Segment 1: Long-Term Committed Loyalists,0.23757111803717895,23.76%,No,Low Risk,High Monthly Fee
1093-YSWCA,Segment 1: Long-Term Committed Loyalists,0.05114769050484069,5.11%,No,Low Risk,Low Tenure (0-12m)
8938-UMKPI,Segment 3: Short-Term High-Charge Users,0.6537124246039459,65.37%,Yes,High Risk,Month-to-month Contract; Electronic Check Payment; No Tech Support
0991-BRRFB,Segment 3: Short-Term High-Charge Users,0.5529515651059413,55.3%,Yes,Medium Risk,Month-to-month Contract; Electronic Check Payment; No Tech Support
3882-IYOIJ,Segment 1: Long-Term Committed Loyalists,0.21105716516829587,21.11%,No,Low Risk,High Monthly Fee
8749-TZYEC,Segment 1: Long-Term Committed Loyalists,0.008447477931496793,0.84%,No,Low Risk,Stable Account Profile
1755-FZQEC,Segment 1: Long-Term Committed Loyalists,0.009626250000461368,0.96%,No,Low Risk,Stable Account Profile
3115-JPJDD,Segment 1: Long-Term Committed Loyalists,0.15936698632012933,15.94%,No,Low Risk,No Tech Support; High Monthly Fee
5600-KTXFM,Segment 3: Short-Term High-Charge Users,0.7724040835196321,77.24%,Yes,High Risk,Month-to-month Contract; Low Tenure (0-12m); No Tech Support
3871-IKPYH,Segment 3: Short-Term High-Charge Users,0.9120165638594124,91.2%,Yes,High Risk,Month-to-month Contract; Low Tenure (0-12m); Electronic Check Payment
6319-IEJWJ,Segment 3: Short-Term High-Charge Users,0.7734838297989323,77.35%,Yes,High Risk,Month-to-month Contract; Electronic Check Payment; No Tech Support
9025-AOMKI,Segment 3: Short-Term High-Charge Users,0.9041752515160004,90.42%,Yes,High Risk,Month-to-month Contract; Low Tenure (0-12m); No Tech Support
6339-TBELP,Segment 1: Long-Term Committed Loyalists,0.0760483261983299,7.6%,No,Low Risk,High Monthly Fee
7964-YESJC,Segment 3: Short-Term High-Charge Users,0.2921872124881551,29.22%,No,Low Risk,Month-to-month Contract; No Tech Support
6173-GOLSU,Segment 1: Long-Term Committed Loyalists,0.38606470514331237,38.61%,No,Medium Risk,Month-to-month Contract; No Tech Support; High Monthly Fee
5275-SQEIZ,Segment 3: Short-Term High-Charge Users,0.9031342458615857,90.31%,Yes,High Risk,Month-to-month Contract; Low Tenure (0-12m); No Tech Support
7716-YTYHG,Segment 1: Long-Term Committed Loyalists,0.4410824927433953,44.11%,No,Medium Risk,No Tech Support; High Monthly Fee
9938-ZREHM,Segment 1: Long-Term Committed Loyalists,0.23612414162748957,23.61%,No,Low Risk,High Monthly Fee
7950-XWOVN,Segment 3: Short-Term High-Charge Users,0.4304404488882551,43.04%,No,Medium Risk,Month-to-month Contract; Low Tenure (0-12m); No Tech Support
4390-KYULV,Segment 3: Short-Term High-Charge Users,0.41679043850514386,41.68%,No,Medium Risk,Month-to-month Contract; Low Tenure (0-12m)
4647-MUZON,Segment 3: Short-Term High-Charge Users,0.7304421468706266,73.04%,Yes,High Risk,Month-to-month Contract; No Tech Support; High Monthly Fee
9702-AIUJO,Segment 1: Long-Term Committed Loyalists,0.13799889978033517,13.8%,No,Low Risk,No Tech Support
8849-PRIQJ,Segment 1: Long-Term Committed Loyalists,0.2918413555097619,29.18%,No,Low Risk,Electronic Check Payment; High Monthly Fee
8851-RAGOV,Segment 3: Short-Term High-Charge Users,0.198916150299283,19.89%,No,Low Risk,Month-to-month Contract; High Monthly Fee
1304-NECVQ,Segment 3: Short-Term High-Charge Users,0.8741749099006039,87.42%,Yes,High Risk,Month-to-month Contract; Low Tenure (0-12m); Electronic Check Payment
5396-IZEPB,Segment 3: Short-Term High-Charge Users,0.20460812241917653,20.46%,No,Low Risk,Month-to-month Contract; Low Tenure (0-12m)
1729-VLAZJ,Segment 1: Long-Term Committed Loyalists,0.15764987076894932,15.76%,No,Low Risk,Low Tenure (0-12m)
8285-ABVLB,Segment 1: Long-Term Committed Loyalists,0.014743733651590495,1.47%,No,Low Risk,Stable Account Profile
0701-TJSEF,Segment 3: Short-Term High-Charge Users,0.39021009282569563,39.02%,No,Medium Risk,Month-to-month Contract; Low Tenure (0-12m)
5712-VBOXD,Segment 3: Short-Term High-Charge Users,0.2158027140530044,21.58%,No,Low Risk,Month-to-month Contract; Low Tenure (0-12m)
6629-LADHQ,Segment 3: Short-Term High-Charge Users,0.6275632376821583,62.76%,Yes,High Risk,Month-to-month Contract; Low Tenure (0-12m); No Tech Support
8945-GRKHX,Segment 3: Short-Term High-Charge Users,0.9072124359127357,90.72%,Yes,High Risk,Month-to-month Contract; Low Tenure (0-12m); Electronic Check Payment
1559-DTODC,Segment 3: Short-Term High-Charge Users,0.414182860429621,41.42%,No,Medium Risk,Month-to-month Contract; No Tech Support
4797-MIWUM,Segment 3: Short-Term High-Charge Users,0.211307346936733,21.13%,No,Low Risk,Month-to-month Contract; Low Tenure (0-12m)
6959-UWKHF,Segment 3: Short-Term High-Charge Users,0.7868252633450606,78.68%,Yes,High Risk,Month-to-month Contract; Low Tenure (0-12m); Electronic Check Payment
8720-RQSBJ,Segment 3: Short-Term High-Charge Users,0.7717274855747583,77.17%,Yes,High Risk,Month-to-month Contract; Low Tenure (0-12m); Electronic Check Payment
4537-CIBHB,Segment 1: Long-Term Committed Loyalists,0.11400323537097774,11.4%,No,Low Risk,Low Tenure (0-12m)
3815-SLMEF,Segment 3: Short-Term High-Charge Users,0.6363792994583909,63.64%,Yes,High Risk,Month-to-month Contract; Low Tenure (0-12m)
5154-VEKBL,Segment 3: Short-Term High-Charge Users,0.5365448103835103,53.65%,Yes,Medium Risk,Month-to-month Contract; Low Tenure (0-12m)
4324-AHJKS,Segment 3: Short-Term High-Charge Users,0.47174969252445076,47.17%,No,Medium Risk,Month-to-month Contract; Low Tenure (0-12m); No Tech Support
4355-CVPVS,Segment 1: Long-Term Committed Loyalists,0.26406220831290494,26.41%,No,Low Risk,No Tech Support; High Monthly Fee
4495-LHSSK,Segment 3: Short-Term High-Charge Users,0.3551592995716497,35.52%,No,Medium Risk,Month-to-month Contract; No Tech Support
5655-JSMZM,Segment 3: Short-Term High-Charge Users,0.7402022027120172,74.02%,Yes,High Risk,Month-to-month Contract; Electronic Check Payment; No Tech Support
5915-ANOEI,Segment 1: Long-Term Committed Loyalists,0.04373505904909429,4.37%,No,Low Risk,High Monthly Fee
9861-PDSZP,Segment 1: Long-Term Committed Loyalists,0.16953158016717704,16.95%,No,Low Risk,High Monthly Fee
4505-EXZHB,Segment 3: Short-Term High-Charge Users,0.7922421932954378,79.22%,Yes,High Risk,Month-to-month Contract; Low Tenure (0-12m); Electronic Check Payment
7225-CBZPL,Segment 3: Short-Term High-Charge Users,0.7795676341323592,77.96%,Yes,High Risk,Month-to-month Contract; Electronic Check Payment; No Tech Support
6704-UTUKK,Segment 3: Short-Term High-Charge Users,0.4331678958212013,43.32%,No,Medium Risk,Month-to-month Contract; Electronic Check Payment; No Tech Support
4587-VVTOX,Segment 3: Short-Term High-Charge Users,0.8838542224888695,88.39%,Yes,High Risk,Month-to-month Contract; Low Tenure (0-12m); Electronic Check Payment
2019-HDCZY,Segment 1: Long-Term Committed Loyalists,0.3530492029863485,35.3%,No,Medium Risk,Electronic Check Payment; No Tech Support; High Monthly Fee
4652-NNHNY,Segment 3: Short-Term High-Charge Users,0.6656247187789224,66.56%,Yes,High Risk,Month-to-month Contract; No Tech Support; High Monthly Fee
8788-DOXSU,Segment 1: Long-Term Committed Loyalists,0.1419636130032678,14.2%,No,Low Risk,No Tech Support
7404-JLKQG,Segment 3: Short-Term High-Charge Users,0.6833959065564048,68.34%,Yes,High Risk,Month-to-month Contract; Low Tenure (0-12m); Electronic Check Payment
7421-ZLUPA,Segment 3: Short-Term High-Charge Users,0.5191697791860983,51.92%,Yes,Medium Risk,Month-to-month Contract; Low Tenure (0-12m); No Tech Support
8972-HJWNV,Segment 3: Short-Term High-Charge Users,0.8850986122012635,88.51%,Yes,High Risk,Month-to-month Contract; Low Tenure (0-12m); Electronic Check Payment
3274-NSDWE,Segment 1: Long-Term Committed Loyalists,0.015418241440815385,1.54%,No,Low Risk,Stable Account Profile
2632-IVXVF,Segment 1: Long-Term Committed Loyalists,0.2000308320089425,20.0%,No,Low Risk,High Monthly Fee
3692-JHONH,Segment 1: Long-Term Committed Loyalists,0.5442375918086396,54.42%,Yes,Medium Risk,Electronic Check Payment; No Tech Support; High Monthly Fee
8915-NNTRC,Segment 1: Long-Term Committed Loyalists,0.0961556912173007,9.62%,No,Low Risk,High Monthly Fee
5914-GXMDA,Segment 1: Long-Term Committed Loyalists,0.030071916309832324,3.01%,No,Low Risk,Stable Account Profile
7463-IFMQU,Segment 1: Long-Term Committed Loyalists,0.006099500329362632,0.61%,No,Low Risk,Stable Account Profile
2920-RNCEZ,Segment 3: Short-Term High-Charge Users,0.8322574051727543,83.23%,Yes,High Risk,Month-to-month Contract; Low Tenure (0-12m); No Tech Support
2541-YGPKE,Segment 1: Long-Term Committed Loyalists,0.1833320381355307,18.33%,No,Low Risk,Stable Account Profile
8515-OCTJS,Segment 1: Long-Term Committed Loyalists,0.5802702391800455,58.03%,Yes,Medium Risk,Stable Account Profile
5382-TEMLV,Segment 3: Short-Term High-Charge Users,0.25236885507074625,25.24%,No,Low Risk,Month-to-month Contract; No Tech Support
3441-CGZJH,Segment 1: Long-Term Committed Loyalists,0.1196634553913544,11.97%,No,Low Risk,Stable Account Profile
9592-ERDKV,Segment 1: Long-Term Committed Loyalists,0.25048676501130873,25.05%,No,Low Risk,No Tech Support; High Monthly Fee
2860-RANUS,Segment 3: Short-Term High-Charge Users,0.6721207264505775,67.21%,Yes,High Risk,Month-to-month Contract; No Tech Support; High Monthly Fee
5261-QSHQM,Segment 3: Short-Term High-Charge Users,0.7455663812910076,74.56%,Yes,High Risk,Month-to-month Contract; Low Tenure (0-12m); Electronic Check Payment
4778-IZARL,Segment 1: Long-Term Committed Loyalists,0.3081842078474271,30.82%,No,Medium Risk,High Monthly Fee
0432-CAJZV,Segment 3: Short-Term High-Charge Users,0.8373567263196737,83.74%,Yes,High Risk,Month-to-month Contract; Low Tenure (0-12m); No Tech Support
7008-LZVOZ,Segment 1: Long-Term Committed Loyalists,0.01814264733667848,1.81%,No,Low Risk,Stable Account Profile
8868-WOZGU,Segment 3: Short-Term High-Charge Users,0.7759863264503367,77.6%,Yes,High Risk,Month-to-month Contract; Electronic Check Payment; No Tech Support
1200-TUZHR,Segment 3: Short-Term High-Charge Users,0.834162192567314,83.42%,Yes,High Risk,Month-to-month Contract; Low Tenure (0-12m); Electronic Check Payment
9365-CSLBQ,Segment 1: Long-Term Committed Loyalists,0.014758158467401155,1.48%,No,Low Risk,Stable Account Profile
1334-FJSVR,Segment 3: Short-Term High-Charge Users,0.8001896014454121,80.02%,Yes,High Risk,Month-to-month Contract; Low Tenure (0-12m); Electronic Check Payment
5884-FBCTL,Segment 1: Long-Term Committed Loyalists,0.0068915399912031685,0.69%,No,Low Risk,Stable Account Profile
7130-CTCUS,Segment 3: Short-Term High-Charge Users,0.4275500892394822,42.76%,No,Medium Risk,Month-to-month Contract; No Tech Support
6242-FEGFD,Segment 1: Long-Term Committed Loyalists,0.10355939462412027,10.36%,No,Low Risk,High Monthly Fee
7625-XCQRH,Segment 3: Short-Term High-Charge Users,0.7764066257435789,77.64%,Yes,High Risk,Month-to-month Contract; Low Tenure (0-12m); Electronic Check Payment
6194-HBGQN,Segment 1: Long-Term Committed Loyalists,0.16505219116189104,16.51%,No,Low Risk,High Monthly Fee
7634-WSWDB,Segment 3: Short-Term High-Charge Users,0.6018881044118678,60.19%,Yes,High Risk,Month-to-month Contract; Low Tenure (0-12m); Electronic Check Payment
6986-IXNDM,Segment 3: Short-Term High-Charge Users,0.7806926714669762,78.07%,Yes,High Risk,Month-to-month Contract; Electronic Check Payment; No Tech Support
1731-TVIUK,Segment 3: Short-Term High-Charge Users,0.8711186081066619,87.11%,Yes,High Risk,Month-to-month Contract; Low Tenure (0-12m); Electronic Check Payment
2987-BJXIK,Segment 1: Long-Term Committed Loyalists,0.05902188674320096,5.9%,No,Low Risk,No Tech Support; High Monthly Fee
9769-TSBZE,Segment 1: Long-Term Committed Loyalists,0.08599611309919573,8.6%,No,Low Risk,Electronic Check Payment
0406-BPDVR,Segment 1: Long-Term Committed Loyalists,0.5373645591184348,53.74%,Yes,Medium Risk,No Tech Support; High Monthly Fee
0618-XWMSS,Segment 3: Short-Term High-Charge Users,0.5722291131054243,57.22%,Yes,Medium Risk,Month-to-month Contract; No Tech Support; High Monthly Fee
1395-WSWXR,Segment 1: Long-Term Committed Loyalists,0.013022970889401936,1.3%,No,Low Risk,Stable Account Profile
6023-GSSXW,Segment 1: Long-Term Committed Loyalists,0.057593494439375184,5.76%,No,Low Risk,No Tech Support
6752-APNJL,Segment 3: Short-Term High-Charge Users,0.2398153794270806,23.98%,No,Low Risk,Month-to-month Contract; No Tech Support
5276-KQWHG,Segment 3: Short-Term High-Charge Users,0.8216744958114511,82.17%,Yes,High Risk,Month-to-month Contract; Low Tenure (0-12m); Electronic Check Payment
0420-HLGXF,Segment 3: Short-Term High-Charge Users,0.7494974732026098,74.95%,Yes,High Risk,Month-to-month Contract; Electronic Check Payment; No Tech Support
7446-KQISO,Segment 1: Long-Term Committed Loyalists,0.4055891675591416,40.56%,No,Medium Risk,High Monthly Fee
9823-EALYC,Segment 1: Long-Term Committed Loyalists,0.030853572407356117,3.09%,No,Low Risk,High Monthly Fee
0582-AVCLN,Segment 1: Long-Term Committed Loyalists,0.009408063895595488,0.94%,No,Low Risk,Stable Account Profile
5803-NQJZO,Segment 1: Long-Term Committed Loyalists,0.05005559356492098,5.01%,No,Low Risk,Stable Account Profile
2565-JSLRY,Segment 3: Short-Term High-Charge Users,0.626550463321637,62.66%,Yes,High Risk,Month-to-month Contract; Low Tenure (0-12m)
2607-DHDAK,Segment 1: Long-Term Committed Loyalists,0.007059309463158989,0.71%,No,Low Risk,Stable Account Profile
1073-XXCZD,Segment 1: Long-Term Committed Loyalists,0.061625120855383846,6.16%,No,Low Risk,Stable Account Profile
0743-HRVFF,Segment 1: Long-Term Committed Loyalists,0.303798173169863,30.38%,No,Medium Risk,Electronic Check Payment
4006-HKYHO,Segment 1: Long-Term Committed Loyalists,0.03062638189238137,3.06%,No,Low Risk,High Monthly Fee
3727-JEZTU,Segment 3: Short-Term High-Charge Users,0.4974151820863399,49.74%,No,Medium Risk,Month-to-month Contract; Low Tenure (0-12m)
8143-ETQTI,Segment 1: Long-Term Committed Loyalists,0.015618652654260394,1.56%,No,Low Risk,Stable Account Profile
6689-KXGBO,Segment 3: Short-Term High-Charge Users,0.7499867685820159,75.0%,Yes,High Risk,Month-to-month Contract; Low Tenure (0-12m); Electronic Check Payment
9667-TKTVZ,Segment 3: Short-Term High-Charge Users,0.6971725269252769,69.72%,Yes,High Risk,Month-to-month Contract; Low Tenure (0-12m)
3657-COGMW,Segment 1: Long-Term Committed Loyalists,0.39576556017819,39.58%,No,Medium Risk,Month-to-month Contract; No Tech Support; High Monthly Fee
8570-KLJYJ,Segment 1: Long-Term Committed Loyalists,0.15882938281602352,15.88%,No,Low Risk,No Tech Support
7754-IXRMC,Segment 3: Short-Term High-Charge Users,0.7307288477206334,73.07%,Yes,High Risk,Month-to-month Contract; Low Tenure (0-12m); No Tech Support
9473-CBZOP,Segment 1: Long-Term Committed Loyalists,0.12746513089735093,12.75%,No,Low Risk,No Tech Support
2969-WGHQO,Segment 3: Short-Term High-Charge Users,0.42760331051610734,42.76%,No,Medium Risk,Low Tenure (0-12m); Electronic Check Payment; No Tech Support
6615-NGGZJ,Segment 3: Short-Term High-Charge Users,0.8394460584748483,83.94%,Yes,High Risk,Month-to-month Contract; Electronic Check Payment; No Tech Support
4334-HOWRP,Segment 1: Long-Term Committed Loyalists,0.032736381481249584,3.27%,No,Low Risk,Stable Account Profile
4255-DDUOU,Segment 3: Short-Term High-Charge Users,0.7442337471827498,74.42%,Yes,High Risk,Month-to-month Contract; Low Tenure (0-12m)
5863-OOKCL,Segment 3: Short-Term High-Charge Users,0.16874757805264598,16.87%,No,Low Risk,Month-to-month Contract; Low Tenure (0-12m)
1686-STUHN,Segment 1: Long-Term Committed Loyalists,0.013776505431096982,1.38%,No,Low Risk,Stable Account Profile
1329-VHWNP,Segment 3: Short-Term High-Charge Users,0.5260362774548469,52.6%,Yes,Medium Risk,Month-to-month Contract; Low Tenure (0-12m); No Tech Support
2984-MIIZL,Segment 3: Short-Term High-Charge Users,0.8316459926928575,83.16%,Yes,High Risk,Month-to-month Contract; Low Tenure (0-12m); No Tech Support
0266-GMEAO,Segment 1: Long-Term Committed Loyalists,0.04126800629575801,4.13%,No,Low Risk,High Monthly Fee
5590-YRFJT,Segment 3: Short-Term High-Charge Users,0.5865250667310149,58.65%,Yes,Medium Risk,Month-to-month Contract; Electronic Check Payment; No Tech Support
5574-NXZIU,Segment 1: Long-Term Committed Loyalists,0.2995783687622478,29.96%,No,Low Risk,High Monthly Fee
0019-GFNTW,Segment 1: Long-Term Committed Loyalists,0.038487472515810084,3.85%,No,Low Risk,Stable Account Profile
4256-ZWTZI,Segment 3: Short-Term High-Charge Users,0.5450250220616442,54.5%,Yes,Medium Risk,Month-to-month Contract; Low Tenure (0-12m)
8309-PPCED,Segment 1: Long-Term Committed Loyalists,0.10578613459248118,10.58%,No,Low Risk,High Monthly Fee
4098-NAUKP,Segment 3: Short-Term High-Charge Users,0.4660286169237649,46.6%,No,Medium Risk,Month-to-month Contract; Electronic Check Payment; No Tech Support
5196-WPYOW,Segment 1: Long-Term Committed Loyalists,0.07972343829605938,7.97%,No,Low Risk,Stable Account Profile
4608-LCIMN,Segment 3: Short-Term High-Charge Users,0.492402650011724,49.24%,No,Medium Risk,Month-to-month Contract; Low Tenure (0-12m); No Tech Support
1485-YDHMM,Segment 3: Short-Term High-Charge Users,0.4698351870429955,46.98%,No,Medium Risk,Month-to-month Contract; High Monthly Fee
4054-CUMIA,Segment 3: Short-Term High-Charge Users,0.18508280025742718,18.51%,No,Low Risk,Month-to-month Contract
0603-TPMIB,Segment 1: Long-Term Committed Loyalists,0.01107620990029262,1.11%,No,Low Risk,Stable Account Profile
2525-GVKQU,Segment 1: Long-Term Committed Loyalists,0.10481220430005639,10.48%,No,Low Risk,Stable Account Profile
8161-QYMTT,Segment 3: Short-Term High-Charge Users,0.8967369119538605,89.67%,Yes,High Risk,Month-to-month Contract; Low Tenure (0-12m); Electronic Check Payment
9581-GVBXT,Segment 1: Long-Term Committed Loyalists,0.11837112233194032,11.84%,No,Low Risk,No Tech Support
5862-BRIXZ,Segment 1: Long-Term Committed Loyalists,0.048640664080405634,4.86%,No,Low Risk,Stable Account Profile
5404-GGUKR,Segment 3: Short-Term High-Charge Users,0.630055543900974,63.01%,Yes,High Risk,Month-to-month Contract; Low Tenure (0-12m); Electronic Check Payment
3308-JSGML,Segment 1: Long-Term Committed Loyalists,0.05123308661832476,5.12%,No,Low Risk,Stable Account Profile
2126-GSEGL,Segment 1: Long-Term Committed Loyalists,0.05016282301525986,5.02%,No,Low Risk,High Monthly Fee
3677-TNKIO,Segment 3: Short-Term High-Charge Users,0.648712521365024,64.87%,Yes,High Risk,Month-to-month Contract; No Tech Support; High Monthly Fee
0440-QEXBZ,Segment 3: Short-Term High-Charge Users,0.25276216507290833,25.28%,No,Low Risk,Month-to-month Contract; No Tech Support
2434-EEVDB,Segment 1: Long-Term Committed Loyalists,0.14455653103527283,14.46%,No,Low Risk,No Tech Support; High Monthly Fee
6762-QVYJO,Segment 1: Long-Term Committed Loyalists,0.039626410495922484,3.96%,No,Low Risk,Stable Account Profile
6199-IWKGC,Segment 1: Long-Term Committed Loyalists,0.4286006687380057,42.86%,No,Medium Risk,Electronic Check Payment; High Monthly Fee
2675-DHUTR,Segment 3: Short-Term High-Charge Users,0.6362793622538412,63.63%,Yes,High Risk,Month-to-month Contract; Electronic Check Payment; No Tech Support
8152-VETUR,Segment 1: Long-Term Committed Loyalists,0.16080770279089387,16.08%,No,Low Risk,No Tech Support; High Monthly Fee
9667-EQRXU,Segment 3: Short-Term High-Charge Users,0.5163538738151306,51.64%,Yes,Medium Risk,Month-to-month Contract; Electronic Check Payment; No Tech Support
7446-YPODE,Segment 3: Short-Term High-Charge Users,0.3738897647730211,37.39%,No,Medium Risk,Month-to-month Contract; Low Tenure (0-12m); No Tech Support
9522-BNTHX,Segment 3: Short-Term High-Charge Users,0.4711773160436309,47.12%,No,Medium Risk,Month-to-month Contract; Electronic Check Payment; No Tech Support
4676-WLUHT,Segment 1: Long-Term Committed Loyalists,0.06872574607916516,6.87%,No,Low Risk,No Tech Support
3329-WDIOK,Segment 3: Short-Term High-Charge Users,0.7926429278407369,79.26%,Yes,High Risk,Month-to-month Contract; Low Tenure (0-12m); Electronic Check Payment
7980-MHFLQ,Segment 1: Long-Term Committed Loyalists,0.0070821687553772085,0.71%,No,Low Risk,Stable Account Profile
2873-ZLIWT,Segment 3: Short-Term High-Charge Users,0.6585747007139598,65.86%,Yes,High Risk,Month-to-month Contract; Electronic Check Payment; High Monthly Fee
3415-TAILE,Segment 3: Short-Term High-Charge Users,0.6679359829730277,66.79%,Yes,High Risk,Month-to-month Contract; Low Tenure (0-12m); No Tech Support
0757-WCUUZ,Segment 1: Long-Term Committed Loyalists,0.06906851495563665,6.91%,No,Low Risk,No Tech Support
1629-DQQVB,Segment 3: Short-Term High-Charge Users,0.4165985766070846,41.66%,No,Medium Risk,Month-to-month Contract; No Tech Support
1915-IOFGU,Segment 3: Short-Term High-Charge Users,0.8962412374684817,89.62%,Yes,High Risk,Month-to-month Contract; Low Tenure (0-12m); Electronic Check Payment
3045-XETSH,Segment 3: Short-Term High-Charge Users,0.8759344702683591,87.59%,Yes,High Risk,Month-to-month Contract; Low Tenure (0-12m); Electronic Check Payment
0374-AACSZ,Segment 3: Short-Term High-Charge Users,0.6959323497464481,69.59%,Yes,High Risk,Month-to-month Contract; Low Tenure (0-12m); Electronic Check Payment
7239-HZZCX,Segment 3: Short-Term High-Charge Users,0.5940546873092096,59.41%,Yes,Medium Risk,Month-to-month Contract; Low Tenure (0-12m)
4872-VXRIL,Segment 1: Long-Term Committed Loyalists,0.09833179632754435,9.83%,No,Low Risk,Stable Account Profile
9140-CZQZZ,Segment 1: Long-Term Committed Loyalists,0.032377447086211354,3.24%,No,Low Risk,High Monthly Fee
3423-HHXAO,Segment 1: Long-Term Committed Loyalists,0.07217770179338762,7.22%,No,Low Risk,Stable Account Profile
9938-TKDGL,Segment 1: Long-Term Committed Loyalists,0.14791864732091345,14.79%,No,Low Risk,Electronic Check Payment; High Monthly Fee
0531-ZZJWQ,Segment 3: Short-Term High-Charge Users,0.5057933279082919,50.58%,Yes,Medium Risk,Month-to-month Contract; Electronic Check Payment; No Tech Support
6537-QLGEX,Segment 3: Short-Term High-Charge Users,0.6143453993210426,61.43%,Yes,High Risk,Month-to-month Contract; Electronic Check Payment; No Tech Support
2688-BHGOG,Segment 3: Short-Term High-Charge Users,0.8222594980088893,82.23%,Yes,High Risk,Month-to-month Contract; Low Tenure (0-12m); Electronic Check Payment
7683-CBDKJ,Segment 3: Short-Term High-Charge Users,0.5170067619934259,51.7%,Yes,Medium Risk,Month-to-month Contract; Electronic Check Payment; No Tech Support
0946-CLJTI,Segment 3: Short-Term High-Charge Users,0.6834531731445457,68.35%,Yes,High Risk,Month-to-month Contract; Electronic Check Payment; No Tech Support
3160-TYXLT,Segment 3: Short-Term High-Charge Users,0.30527295911302843,30.53%,No,Medium Risk,Month-to-month Contract; No Tech Support
1325-USMEC,Segment 1: Long-Term Committed Loyalists,0.13246417844887948,13.25%,No,Low Risk,No Tech Support; High Monthly Fee
0916-QOFDP,Segment 3: Short-Term High-Charge Users,0.7964581506258224,79.65%,Yes,High Risk,Month-to-month Contract; Electronic Check Payment; No Tech Support
0628-CNQRM,Segment 1: Long-Term Committed Loyalists,0.18422703431346932,18.42%,No,Low Risk,Stable Account Profile
5606-AMZBO,Segment 3: Short-Term High-Charge Users,0.7175444779838955,71.75%,Yes,High Risk,Month-to-month Contract; Low Tenure (0-12m); No Tech Support
6199-IPCAO,Segment 1: Long-Term Committed Loyalists,0.10319272792595624,10.32%,No,Low Risk,Stable Account Profile
7665-TOALD,Segment 3: Short-Term High-Charge Users,0.9319133262348841,93.19%,Yes,High Risk,Month-to-month Contract; Low Tenure (0-12m); Electronic Check Payment
0112-QWPNC,Segment 1: Long-Term Committed Loyalists,0.39166630462505175,39.17%,No,Medium Risk,Electronic Check Payment; High Monthly Fee
0324-BRPCJ,Segment 1: Long-Term Committed Loyalists,0.5623169271523978,56.23%,Yes,Medium Risk,Month-to-month Contract; Electronic Check Payment; No Tech Support
2777-PHDEI,Segment 3: Short-Term High-Charge Users,0.9121118127901585,91.21%,Yes,High Risk,Month-to-month Contract; Low Tenure (0-12m); Electronic Check Payment
5640-CAXOA,Segment 1: Long-Term Committed Loyalists,0.19418096785381578,19.42%,No,Low Risk,Stable Account Profile
2235-EZAIK,Segment 1: Long-Term Committed Loyalists,0.0672127114483855,6.72%,No,Low Risk,High Monthly Fee
3847-BAERP,Segment 3: Short-Term High-Charge Users,0.201171418167056,20.12%,No,Low Risk,Month-to-month Contract; Low Tenure (0-12m)
1196-AMORA,Segment 3: Short-Term High-Charge Users,0.8134124175203096,81.34%,Yes,High Risk,Month-to-month Contract; Low Tenure (0-12m); Electronic Check Payment
4282-YMKNA,Segment 3: Short-Term High-Charge Users,0.8286031205800474,82.86%,Yes,High Risk,Month-to-month Contract; Low Tenure (0-12m); Electronic Check Payment
1453-RZFON,Segment 3: Short-Term High-Charge Users,0.6775871478333945,67.76%,Yes,High Risk,Month-to-month Contract; Low Tenure (0-12m); No Tech Support
8263-OKETD,Segment 3: Short-Term High-Charge Users,0.3404068962004546,34.04%,No,Medium Risk,Month-to-month Contract
0670-KDOMA,Segment 3: Short-Term High-Charge Users,0.6486470170347186,64.86%,Yes,High Risk,Month-to-month Contract; Low Tenure (0-12m)
2476-YGEFM,Segment 3: Short-Term High-Charge Users,0.6026170720671541,60.26%,Yes,High Risk,Month-to-month Contract; No Tech Support; High Monthly Fee
8687-BAFGU,Segment 3: Short-Term High-Charge Users,0.7740518956115735,77.41%,Yes,High Risk,Month-to-month Contract; Low Tenure (0-12m); Electronic Check Payment
0641-EVBOJ,Segment 3: Short-Term High-Charge Users,0.6061817306261514,60.62%,Yes,High Risk,Month-to-month Contract; Low Tenure (0-12m); High Monthly Fee
0829-XXPLX,Segment 3: Short-Term High-Charge Users,0.6089632062263521,60.9%,Yes,High Risk,Month-to-month Contract; No Tech Support; High Monthly Fee
9974-JFBHQ,Segment 1: Long-Term Committed Loyalists,0.35766453198205267,35.77%,No,Medium Risk,Month-to-month Contract; High Monthly Fee
5356-RHIPP,Segment 3: Short-Term High-Charge Users,0.726932930514041,72.69%,Yes,High Risk,Month-to-month Contract; Low Tenure (0-12m)
6624-JDRDS,Segment 3: Short-Term High-Charge Users,0.48261981615546584,48.26%,No,Medium Risk,Month-to-month Contract; Low Tenure (0-12m); No Tech Support
0608-JDVEC,Segment 1: Long-Term Committed Loyalists,0.044315274872714625,4.43%,No,Low Risk,Electronic Check Payment
9780-FKVVF,Segment 3: Short-Term High-Charge Users,0.47311667586165373,47.31%,No,Medium Risk,Month-to-month Contract; Low Tenure (0-12m); No Tech Support
1919-RTPQD,Segment 3: Short-Term High-Charge Users,0.6070121749029206,60.7%,Yes,High Risk,Month-to-month Contract; Low Tenure (0-12m); Electronic Check Payment
5214-NLTIT,Segment 1: Long-Term Committed Loyalists,0.1287033040813263,12.87%,No,Low Risk,No Tech Support; High Monthly Fee
3345-PBBFH,Segment 3: Short-Term High-Charge Users,0.47148826959254286,47.15%,No,Medium Risk,Month-to-month Contract; Low Tenure (0-12m); No Tech Support
5055-BRMNE,Segment 1: Long-Term Committed Loyalists,0.20718411032570272,20.72%,No,Low Risk,High Monthly Fee
9189-JWSHV,Segment 3: Short-Term High-Charge Users,0.7808450200520429,78.08%,Yes,High Risk,Month-to-month Contract; Electronic Check Payment; No Tech Support
2190-PHBHR,Segment 1: Long-Term Committed Loyalists,0.11264773333040691,11.26%,No,Low Risk,No Tech Support; High Monthly Fee
2650-GYRYL,Segment 1: Long-Term Committed Loyalists,0.043467734437631265,4.35%,No,Low Risk,Stable Account Profile
0746-JTRFU,Segment 3: Short-Term High-Charge Users,0.81721003082592,81.72%,Yes,High Risk,Month-to-month Contract; Low Tenure (0-12m); Electronic Check Payment
5208-FVQKB,Segment 1: Long-Term Committed Loyalists,0.038491769943158595,3.85%,No,Low Risk,Stable Account Profile
7184-LRUUR,Segment 1: Long-Term Committed Loyalists,0.24751371679225415,24.75%,No,Low Risk,No Tech Support
6627-CFOSN,Segment 1: Long-Term Committed Loyalists,0.3197881071007608,31.98%,No,Medium Risk,Month-to-month Contract; No Tech Support; High Monthly Fee
3982-JGSFD,Segment 1: Long-Term Committed Loyalists,0.009165034096955755,0.92%,No,Low Risk,Stable Account Profile
1574-DYCWE,Segment 1: Long-Term Committed Loyalists,0.018813021173152113,1.88%,No,Low Risk,Stable Account Profile
7247-XOZPB,Segment 1: Long-Term Committed Loyalists,0.12523720703920233,12.52%,No,Low Risk,High Monthly Fee
2466-FCCPT,Segment 1: Long-Term Committed Loyalists,0.07268441683653691,7.27%,No,Low Risk,Stable Account Profile
6211-WWLTF,Segment 1: Long-Term Committed Loyalists,0.17315791255181143,17.32%,No,Low Risk,No Tech Support; High Monthly Fee
4826-TZEVA,Segment 3: Short-Term High-Charge Users,0.5432631223210009,54.33%,Yes,Medium Risk,Month-to-month Contract; No Tech Support; High Monthly Fee
6016-NXBNJ,Segment 1: Long-Term Committed Loyalists,0.01724762137683117,1.72%,No,Low Risk,Stable Account Profile
9138-EFSMO,Segment 3: Short-Term High-Charge Users,0.39144998023427946,39.14%,No,Medium Risk,No Tech Support; High Monthly Fee
0576-WNXXC,Segment 3: Short-Term High-Charge Users,0.7562087263421899,75.62%,Yes,High Risk,Month-to-month Contract; Electronic Check Payment; No Tech Support
4632-XJMEX,Segment 1: Long-Term Committed Loyalists,0.10141198637699667,10.14%,No,Low Risk,Stable Account Profile
8910-LEDAG,Segment 3: Short-Term High-Charge Users,0.5363589483006457,53.64%,Yes,Medium Risk,Month-to-month Contract; No Tech Support; High Monthly Fee
3452-GWUIN,Segment 3: Short-Term High-Charge Users,0.7994149929081463,79.94%,Yes,High Risk,Month-to-month Contract; Electronic Check Payment; No Tech Support
2716-GFZOR,Segment 3: Short-Term High-Charge Users,0.5250855532282896,52.51%,Yes,Medium Risk,Month-to-month Contract; No Tech Support; High Monthly Fee
3724-UCSHY,Segment 3: Short-Term High-Charge Users,0.1800601461037769,18.01%,No,Low Risk,Month-to-month Contract; Low Tenure (0-12m)
8626-XHBIE,Segment 1: Long-Term Committed Loyalists,0.04325590439179947,4.33%,No,Low Risk,Stable Account Profile
4628-CTTLA,Segment 3: Short-Term High-Charge Users,0.5489401568190925,54.89%,Yes,Medium Risk,Month-to-month Contract; Electronic Check Payment; No Tech Support
3192-LNKRK,Segment 3: Short-Term High-Charge Users,0.5956605831045442,59.57%,Yes,Medium Risk,Month-to-month Contract; No Tech Support; High Monthly Fee
4439-YRNVD,Segment 3: Short-Term High-Charge Users,0.5006681486346859,50.07%,Yes,Medium Risk,Month-to-month Contract; Low Tenure (0-12m); Electronic Check Payment
2876-VBBBL,Segment 3: Short-Term High-Charge Users,0.6486470170347186,64.86%,Yes,High Risk,Month-to-month Contract; Low Tenure (0-12m)
6834-NXDCA,Segment 3: Short-Term High-Charge Users,0.5808915731678883,58.09%,Yes,Medium Risk,Month-to-month Contract; Electronic Check Payment; No Tech Support
2208-UGTGR,Segment 3: Short-Term High-Charge Users,0.6211023341570874,62.11%,Yes,High Risk,Month-to-month Contract; Electronic Check Payment; No Tech Support
3005-TYFRD,Segment 1: Long-Term Committed Loyalists,0.5818059172593851,58.18%,Yes,Medium Risk,Month-to-month Contract; No Tech Support; High Monthly Fee
8670-MEFCP,Segment 1: Long-Term Committed Loyalists,0.08509146864521366,8.51%,No,Low Risk,High Monthly Fee
3079-BCHLN,Segment 1: Long-Term Committed Loyalists,0.0162381484690905,1.62%,No,Low Risk,Stable Account Profile
7777-UNYHB,Segment 3: Short-Term High-Charge Users,0.19316486885025735,19.32%,No,Low Risk,Month-to-month Contract; Low Tenure (0-12m)
5597-GLBUC,Segment 3: Short-Term High-Charge Users,0.9208917429818566,92.09%,Yes,High Risk,Month-to-month Contract; Low Tenure (0-12m); Electronic Check Payment
7278-CKDNC,Segment 3: Short-Term High-Charge Users,0.7317018400315008,73.17%,Yes,High Risk,Month-to-month Contract; Electronic Check Payment; No Tech Support
2748-MYRVK,Segment 1: Long-Term Committed Loyalists,0.34403959886215946,34.4%,No,Medium Risk,No Tech Support; High Monthly Fee
8450-UYIBU,Segment 3: Short-Term High-Charge Users,0.48824886117125393,48.82%,No,Medium Risk,Month-to-month Contract; Electronic Check Payment; No Tech Support
2969-VAPYH,Segment 1: Long-Term Committed Loyalists,0.07395669715380836,7.4%,No,Low Risk,Stable Account Profile
4822-YCXMX,Segment 3: Short-Term High-Charge Users,0.7508870126435441,75.09%,Yes,High Risk,Month-to-month Contract; Electronic Check Payment; No Tech Support
7181-OQCUT,Segment 3: Short-Term High-Charge Users,0.7135260541273442,71.35%,Yes,High Risk,Month-to-month Contract; No Tech Support; High Monthly Fee
8474-UMLNT,Segment 3: Short-Term High-Charge Users,0.33072665399675244,33.07%,No,Medium Risk,Month-to-month Contract
9821-POOTN,Segment 3: Short-Term High-Charge Users,0.6880998537544615,68.81%,Yes,High Risk,Month-to-month Contract; Electronic Check Payment; No Tech Support
3836-FZSDJ,Segment 1: Long-Term Committed Loyalists,0.01616835016400822,1.62%,No,Low Risk,Stable Account Profile
9142-XMYJH,Segment 3: Short-Term High-Charge Users,0.13470559041008176,13.47%,No,Low Risk,Month-to-month Contract
6559-ILWKJ,Segment 1: Long-Term Committed Loyalists,0.60332711609058,60.33%,Yes,High Risk,Electronic Check Payment; No Tech Support
0187-QSXOE,Segment 3: Short-Term High-Charge Users,0.8751202064221487,87.51%,Yes,High Risk,Month-to-month Contract; Low Tenure (0-12m); Electronic Check Payment
7733-UDMTP,Segment 3: Short-Term High-Charge Users,0.5184977879860551,51.85%,Yes,Medium Risk,Month-to-month Contract; Electronic Check Payment; No Tech Support
2649-HWLYB,Segment 1: Long-Term Committed Loyalists,0.0824436384463621,8.24%,No,Low Risk,High Monthly Fee
5214-CHIWJ,Segment 1: Long-Term Committed Loyalists,0.01932403635090393,1.93%,No,Low Risk,Stable Account Profile
4229-CZMLL,Segment 3: Short-Term High-Charge Users,0.861920567264872,86.19%,Yes,High Risk,Month-to-month Contract; Low Tenure (0-12m); Electronic Check Payment
6904-JLBGY,Segment 1: Long-Term Committed Loyalists,0.050505892818005875,5.05%,No,Low Risk,High Monthly Fee
2465-BLLEU,Segment 3: Short-Term High-Charge Users,0.6500140003290846,65.0%,Yes,High Risk,Month-to-month Contract; Low Tenure (0-12m)
1685-VAYJF,Segment 3: Short-Term High-Charge Users,0.46245260280836853,46.25%,No,Medium Risk,Month-to-month Contract; Low Tenure (0-12m); No Tech Support
8874-EJNSR,Segment 1: Long-Term Committed Loyalists,0.02707554773013604,2.71%,No,Low Risk,Stable Account Profile
6917-YACBP,Segment 3: Short-Term High-Charge Users,0.382280556063938,38.23%,No,Medium Risk,Month-to-month Contract; Electronic Check Payment; No Tech Support
5049-MUBWG,Segment 1: Long-Term Committed Loyalists,0.22832644726685142,22.83%,No,Low Risk,High Monthly Fee
4223-WOZCM,Segment 3: Short-Term High-Charge Users,0.759305190066879,75.93%,Yes,High Risk,Month-to-month Contract; Low Tenure (0-12m); No Tech Support
0769-MURVM,Segment 1: Long-Term Committed Loyalists,0.021175180844110384,2.12%,No,Low Risk,Stable Account Profile
9253-VIFJQ,Segment 1: Long-Term Committed Loyalists,0.1423125156099147,14.23%,No,Low Risk,No Tech Support
7030-FZTFM,Segment 1: Long-Term Committed Loyalists,0.09912630224583636,9.91%,No,Low Risk,High Monthly Fee
9741-YLNTD,Segment 3: Short-Term High-Charge Users,0.8365961406814545,83.66%,Yes,High Risk,Month-to-month Contract; Low Tenure (0-12m); High Monthly Fee
5917-RYRMG,Segment 1: Long-Term Committed Loyalists,0.012015244908631265,1.2%,No,Low Risk,Stable Account Profile
5120-ZBLAI,Segment 1: Long-Term Committed Loyalists,0.16295267880711514,16.3%,No,Low Risk,No Tech Support; High Monthly Fee
1194-BHJYC,Segment 1: Long-Term Committed Loyalists,0.029973349049097948,3.0%,No,Low Risk,Stable Account Profile
3663-MITLP,Segment 3: Short-Term High-Charge Users,0.8082748305564439,80.83%,Yes,High Risk,Month-to-month Contract; Electronic Check Payment; No Tech Support
0906-QVPMS,Segment 1: Long-Term Committed Loyalists,0.04374664002945755,4.37%,No,Low Risk,High Monthly Fee
9025-ZRPVR,Segment 3: Short-Term High-Charge Users,0.15736645042972128,15.74%,No,Low Risk,Month-to-month Contract; Low Tenure (0-12m)
1905-OEILC,Segment 3: Short-Term High-Charge Users,0.5676553081561002,56.77%,Yes,Medium Risk,Month-to-month Contract; Low Tenure (0-12m)
7858-GTZSP,Segment 3: Short-Term High-Charge Users,0.8051595892305207,80.52%,Yes,High Risk,Month-to-month Contract; Low Tenure (0-12m); Electronic Check Payment
3285-UCQVC,Segment 3: Short-Term High-Charge Users,0.5029977401861093,50.3%,Yes,Medium Risk,Month-to-month Contract
6248-BSHKG,Segment 1: Long-Term Committed Loyalists,0.04174278296574718,4.17%,No,Low Risk,Stable Account Profile
4685-TFLLS,Segment 1: Long-Term Committed Loyalists,0.09693376731050499,9.69%,No,Low Risk,Stable Account Profile
3470-BTGQO,Segment 3: Short-Term High-Charge Users,0.3405425590148129,34.05%,No,Medium Risk,Month-to-month Contract; No Tech Support
1209-VFFOC,Segment 1: Long-Term Committed Loyalists,0.02622055403761465,2.62%,No,Low Risk,Stable Account Profile
8224-DWCKX,Segment 3: Short-Term High-Charge Users,0.6407306120257331,64.07%,Yes,High Risk,Month-to-month Contract; Low Tenure (0-12m); No Tech Support
5482-PLVPE,Segment 3: Short-Term High-Charge Users,0.7664866277969234,76.65%,Yes,High Risk,Month-to-month Contract; Low Tenure (0-12m); Electronic Check Payment
4553-DVPZG,Segment 3: Short-Term High-Charge Users,0.5855825984035047,58.56%,Yes,Medium Risk,Month-to-month Contract; Electronic Check Payment; No Tech Support
4902-OHLSK,Segment 3: Short-Term High-Charge Users,0.7155816985159471,71.56%,Yes,High Risk,Month-to-month Contract; Electronic Check Payment; High Monthly Fee
6917-IAYHD,Segment 3: Short-Term High-Charge Users,0.6657625429835551,66.58%,Yes,High Risk,Month-to-month Contract; Low Tenure (0-12m)
0495-ZBNGW,Segment 3: Short-Term High-Charge Users,0.8700001686238304,87.0%,Yes,High Risk,Month-to-month Contract; Low Tenure (0-12m); No Tech Support
8620-RJPZN,Segment 3: Short-Term High-Charge Users,0.5150438069528989,51.5%,Yes,Medium Risk,Month-to-month Contract; Low Tenure (0-12m); Electronic Check Payment
7572-KPVKK,Segment 1: Long-Term Committed Loyalists,0.46839205975964876,46.84%,No,Medium Risk,Electronic Check Payment; High Monthly Fee
2642-MAWLJ,Segment 1: Long-Term Committed Loyalists,0.008776143467824786,0.88%,No,Low Risk,Stable Account Profile
2357-COQEK,Segment 3: Short-Term High-Charge Users,0.7846682649769596,78.47%,Yes,High Risk,Month-to-month Contract; Electronic Check Payment; High Monthly Fee
7103-ZGVNT,Segment 1: Long-Term Committed Loyalists,0.1227379078316979,12.27%,No,Low Risk,High Monthly Fee
3737-GCSPV,Segment 3: Short-Term High-Charge Users,0.837200346754503,83.72%,Yes,High Risk,Month-to-month Contract; Low Tenure (0-12m); High Monthly Fee
2027-WKXMW,Segment 1: Long-Term Committed Loyalists,0.4843725500066684,48.44%,No,Medium Risk,Month-to-month Contract; Electronic Check Payment; High Monthly Fee
7137-NAXML,Segment 1: Long-Term Committed Loyalists,0.03853453703391758,3.85%,No,Low Risk,Stable Account Profile
2428-ZMCTB,Segment 3: Short-Term High-Charge Users,0.20217606310078134,20.22%,No,Low Risk,Month-to-month Contract; Low Tenure (0-12m)
2961-VNFKL,Segment 1: Long-Term Committed Loyalists,0.014530151630184509,1.45%,No,Low Risk,Stable Account Profile
1768-HNVGJ,Segment 3: Short-Term High-Charge Users,0.25817878350427853,25.82%,No,Low Risk,Month-to-month Contract; Electronic Check Payment; High Monthly Fee
6963-KQYQB,Segment 1: Long-Term Committed Loyalists,0.00585194917359171,0.59%,No,Low Risk,Stable Account Profile
5934-RMPOV,Segment 3: Short-Term High-Charge Users,0.731909843089894,73.19%,Yes,High Risk,Month-to-month Contract; Electronic Check Payment; No Tech Support
1207-BLKSA,Segment 1: Long-Term Committed Loyalists,0.0226493064166176,2.26%,No,Low Risk,Stable Account Profile
4088-YLDSU,Segment 1: Long-Term Committed Loyalists,0.5889503343558277,58.9%,Yes,Medium Risk,Electronic Check Payment; High Monthly Fee
8316-BBQAY,Segment 1: Long-Term Committed Loyalists,0.04628967587672135,4.63%,No,Low Risk,Stable Account Profile
1166-PQLGG,Segment 1: Long-Term Committed Loyalists,0.009524216486927516,0.95%,No,Low Risk,Stable Account Profile
3146-JTQHR,Segment 1: Long-Term Committed Loyalists,0.09554053128235568,9.55%,No,Low Risk,Low Tenure (0-12m)
4291-YZODP,Segment 1: Long-Term Committed Loyalists,0.09603985489915931,9.6%,No,Low Risk,Low Tenure (0-12m)
4395-PZMSN,Segment 3: Short-Term High-Charge Users,0.8592761443812278,85.93%,Yes,High Risk,Month-to-month Contract; Low Tenure (0-12m); Electronic Check Payment
6427-FEFIG,Segment 1: Long-Term Committed Loyalists,0.09695623862320031,9.7%,No,Low Risk,No Tech Support; High Monthly Fee
0017-IUDMW,Segment 1: Long-Term Committed Loyalists,0.03594993037271863,3.59%,No,Low Risk,High Monthly Fee
8706-HRADD,Segment 3: Short-Term High-Charge Users,0.3574653566462162,35.75%,No,Medium Risk,Month-to-month Contract
9955-QOPOY,Segment 1: Long-Term Committed Loyalists,0.1612096111122665,16.12%,No,Low Risk,Stable Account Profile
4385-ZKVNW,Segment 3: Short-Term High-Charge Users,0.24426000870040784,24.43%,No,Low Risk,Month-to-month Contract
5446-DKWYW,Segment 1: Long-Term Committed Loyalists,0.2021708675826844,20.22%,No,Low Risk,Electronic Check Payment; No Tech Support
2034-CGRHZ,Segment 3: Short-Term High-Charge Users,0.7566304335981112,75.66%,Yes,High Risk,Month-to-month Contract; No Tech Support; High Monthly Fee
5797-APWZC,Segment 3: Short-Term High-Charge Users,0.914443449315666,91.44%,Yes,High Risk,Month-to-month Contract; Low Tenure (0-12m); Electronic Check Payment
3683-QKIUE,Segment 3: Short-Term High-Charge Users,0.6227687954367161,62.28%,Yes,High Risk,Month-to-month Contract; Low Tenure (0-12m)
4228-ZGYUW,Segment 3: Short-Term High-Charge Users,0.8936391222206714,89.36%,Yes,High Risk,Month-to-month Contract; Low Tenure (0-12m); Electronic Check Payment
9031-ZVQPT,Segment 1: Long-Term Committed Loyalists,0.1808242385477338,18.08%,No,Low Risk,Electronic Check Payment; High Monthly Fee
2990-IAJSV,Segment 1: Long-Term Committed Loyalists,0.013965475377125636,1.4%,No,Low Risk,High Monthly Fee
8107-KNCIM,Segment 3: Short-Term High-Charge Users,0.7659942217742203,76.6%,Yes,High Risk,Month-to-month Contract; Electronic Check Payment; No Tech Support
9027-YFHQJ,Segment 3: Short-Term High-Charge Users,0.2180598800706873,21.81%,No,Low Risk,Month-to-month Contract; Low Tenure (0-12m)
5176-LDKUH,Segment 3: Short-Term High-Charge Users,0.3779128772154888,37.79%,No,Medium Risk,Electronic Check Payment; No Tech Support; High Monthly Fee
4644-OBGFZ,Segment 1: Long-Term Committed Loyalists,0.07751685644395843,7.75%,No,Low Risk,Stable Account Profile
7926-IJOOU,Segment 3: Short-Term High-Charge Users,0.3019082951261937,30.19%,No,Medium Risk,Month-to-month Contract; Low Tenure (0-12m)
6480-YAGIY,Segment 1: Long-Term Committed Loyalists,0.4106742943576119,41.07%,No,Medium Risk,High Monthly Fee
4029-HPFVY,Segment 3: Short-Term High-Charge Users,0.8029471032061991,80.29%,Yes,High Risk,Month-to-month Contract; Low Tenure (0-12m); No Tech Support
7602-DBTOU,Segment 1: Long-Term Committed Loyalists,0.00891091308716098,0.89%,No,Low Risk,Stable Account Profile
5345-BMKWB,Segment 3: Short-Term High-Charge Users,0.22424805293328168,22.42%,No,Low Risk,Month-to-month Contract; Low Tenure (0-12m)
3519-ZKXGG,Segment 3: Short-Term High-Charge Users,0.8665471390139438,86.65%,Yes,High Risk,Month-to-month Contract; Low Tenure (0-12m); Electronic Check Payment
5457-COLHT,Segment 1: Long-Term Committed Loyalists,0.03343998280360935,3.34%,No,Low Risk,High Monthly Fee
6416-TVAIH,Segment 3: Short-Term High-Charge Users,0.8935456511458807,89.35%,Yes,High Risk,Month-to-month Contract; Low Tenure (0-12m); Electronic Check Payment
5451-YHYPW,Segment 1: Long-Term Committed Loyalists,0.03243504811598374,3.24%,No,Low Risk,High Monthly Fee
5108-ADXWO,Segment 3: Short-Term High-Charge Users,0.7270953517490505,72.71%,Yes,High Risk,Month-to-month Contract; Low Tenure (0-12m); Electronic Check Payment
7998-WNZEM,Segment 1: Long-Term Committed Loyalists,0.03243088767658153,3.24%,No,Low Risk,High Monthly Fee
3066-RRJIO,Segment 3: Short-Term High-Charge Users,0.9050033511634712,90.5%,Yes,High Risk,Month-to-month Contract; Low Tenure (0-12m); No Tech Support
4664-NJCMS,Segment 1: Long-Term Committed Loyalists,0.052645881904845496,5.26%,No,Low Risk,Stable Account Profile
0307-BCOPK,Segment 1: Long-Term Committed Loyalists,0.0562217893466247,5.62%,No,Low Risk,Stable Account Profile
7629-WFGLW,Segment 1: Long-Term Committed Loyalists,0.23856141228014166,23.86%,No,Low Risk,Electronic Check Payment; High Monthly Fee
2542-HYGIQ,Segment 3: Short-Term High-Charge Users,0.4124832632757973,41.25%,No,Medium Risk,Month-to-month Contract; Low Tenure (0-12m)
6715-OFDBP,Segment 3: Short-Term High-Charge Users,0.7291962634812932,72.92%,Yes,High Risk,Month-to-month Contract; Low Tenure (0-12m); Electronic Check Payment
5016-LIPDW,Segment 1: Long-Term Committed Loyalists,0.07705767233456907,7.71%,No,Low Risk,Stable Account Profile
6481-LXPWL,Segment 1: Long-Term Committed Loyalists,0.18872526346520016,18.87%,No,Low Risk,No Tech Support
1567-DSCIC,Segment 3: Short-Term High-Charge Users,0.8859142420295545,88.59%,Yes,High Risk,Month-to-month Contract; Low Tenure (0-12m); Electronic Check Payment
2150-UWTFY,Segment 3: Short-Term High-Charge Users,0.3343847407088047,33.44%,No,Medium Risk,Month-to-month Contract; No Tech Support
6124-ACRHJ,Segment 3: Short-Term High-Charge Users,0.5718561500925359,57.19%,Yes,Medium Risk,Month-to-month Contract; Low Tenure (0-12m)
9362-MWODR,Segment 3: Short-Term High-Charge Users,0.21284725353407277,21.28%,No,Low Risk,Month-to-month Contract
9975-GPKZU,Segment 1: Long-Term Committed Loyalists,0.01120872639699283,1.12%,No,Low Risk,Stable Account Profile
9625-RZFUK,Segment 1: Long-Term Committed Loyalists,0.017060372106958797,1.71%,No,Low Risk,Stable Account Profile
5153-LXKDT,Segment 1: Long-Term Committed Loyalists,0.20677801277669683,20.68%,No,Low Risk,Electronic Check Payment; No Tech Support; High Monthly Fee
5161-UBZXI,Segment 1: Long-Term Committed Loyalists,0.21125414468725598,21.13%,No,Low Risk,High Monthly Fee
1020-JPQOW,Segment 3: Short-Term High-Charge Users,0.4203073253419477,42.03%,No,Medium Risk,Month-to-month Contract; Electronic Check Payment; High Monthly Fee
7919-ZODZZ,Segment 1: Long-Term Committed Loyalists,0.32796051033587814,32.8%,No,Medium Risk,Low Tenure (0-12m); No Tech Support
0565-JUPYD,Segment 1: Long-Term Committed Loyalists,0.26764337428357887,26.76%,No,Low Risk,High Monthly Fee
6867-ACCZI,Segment 1: Long-Term Committed Loyalists,0.07781915316398816,7.78%,No,Low Risk,Stable Account Profile
5939-XAIXZ,Segment 3: Short-Term High-Charge Users,0.4034234599955882,40.34%,No,Medium Risk,Month-to-month Contract; No Tech Support
9054-FOWNV,Segment 3: Short-Term High-Charge Users,0.7561268761189326,75.61%,Yes,High Risk,Month-to-month Contract; Electronic Check Payment; No Tech Support
2683-BPJSO,Segment 3: Short-Term High-Charge Users,0.6505470125429611,65.05%,Yes,High Risk,Month-to-month Contract; Electronic Check Payment; No Tech Support
2157-MXBJS,Segment 1: Long-Term Committed Loyalists,0.5574243946710611,55.74%,Yes,Medium Risk,No Tech Support; High Monthly Fee
8207-VVMYB,Segment 1: Long-Term Committed Loyalists,0.012447822133071622,1.24%,No,Low Risk,Stable Account Profile
9732-EQMWY,Segment 3: Short-Term High-Charge Users,0.5825027715392429,58.25%,Yes,Medium Risk,Month-to-month Contract; Electronic Check Payment; No Tech Support
9360-AHGNL,Segment 1: Long-Term Committed Loyalists,0.5544526927968303,55.45%,Yes,Medium Risk,High Monthly Fee
1087-UDSIH,Segment 3: Short-Term High-Charge Users,0.28339097274321307,28.34%,No,Low Risk,Month-to-month Contract; Low Tenure (0-12m)
5269-NRGDP,Segment 1: Long-Term Committed Loyalists,0.26645472768561324,26.65%,No,Low Risk,Electronic Check Payment; High Monthly Fee
6195-MELTI,Segment 1: Long-Term Committed Loyalists,0.12269768806173616,12.27%,No,Low Risk,Stable Account Profile
5485-WUYWF,Segment 3: Short-Term High-Charge Users,0.7208253051895029,72.08%,Yes,High Risk,Month-to-month Contract; Low Tenure (0-12m); No Tech Support
2121-JAFOM,Segment 1: Long-Term Committed Loyalists,0.04312286040323627,4.31%,No,Low Risk,High Monthly Fee
8818-DOPVL,Segment 3: Short-Term High-Charge Users,0.6889857009739818,68.9%,Yes,High Risk,Month-to-month Contract; Electronic Check Payment; No Tech Support
2632-UCGVD,Segment 1: Long-Term Committed Loyalists,0.505874987579787,50.59%,Yes,Medium Risk,Month-to-month Contract; High Monthly Fee
5445-PZWGX,Segment 1: Long-Term Committed Loyalists,0.2710524368458432,27.11%,No,Low Risk,Electronic Check Payment; High Monthly Fee
1227-UDMZR,Segment 1: Long-Term Committed Loyalists,0.0162786334536009,1.63%,No,Low Risk,High Monthly Fee
5198-HQAEN,Segment 3: Short-Term High-Charge Users,0.5265880580406824,52.66%,Yes,Medium Risk,Electronic Check Payment; High Monthly Fee
9170-CCKOU,Segment 3: Short-Term High-Charge Users,0.6079622578174375,60.8%,Yes,High Risk,Month-to-month Contract; No Tech Support; High Monthly Fee
2167-FQSTQ,Segment 1: Long-Term Committed Loyalists,0.03701031556609109,3.7%,No,Low Risk,Electronic Check Payment; High Monthly Fee
2819-GWENI,Segment 1: Long-Term Committed Loyalists,0.02167455336802199,2.17%,No,Low Risk,Stable Account Profile
1043-YCUTE,Segment 1: Long-Term Committed Loyalists,0.3722942099001807,37.23%,No,Medium Risk,Stable Account Profile
3814-MLAXC,Segment 3: Short-Term High-Charge Users,0.5984231788847529,59.84%,Yes,Medium Risk,Month-to-month Contract; High Monthly Fee
3572-UUHRS,Segment 1: Long-Term Committed Loyalists,0.01773007697517045,1.77%,No,Low Risk,Stable Account Profile
2692-PFYTJ,Segment 3: Short-Term High-Charge Users,0.44055211927535964,44.06%,No,Medium Risk,Month-to-month Contract; Low Tenure (0-12m)
1226-UDFZR,Segment 3: Short-Term High-Charge Users,0.7314357922901987,73.14%,Yes,High Risk,Month-to-month Contract; Low Tenure (0-12m); No Tech Support
5955-EPOAZ,Segment 3: Short-Term High-Charge Users,0.2005551315557385,20.06%,No,Low Risk,Month-to-month Contract; Low Tenure (0-12m)
6821-JPCDC,Segment 1: Long-Term Committed Loyalists,0.41885200193882716,41.89%,No,Medium Risk,Electronic Check Payment; No Tech Support; High Monthly Fee
8815-LMFLX,Segment 3: Short-Term High-Charge Users,0.1680994725332592,16.81%,No,Low Risk,Month-to-month Contract
9135-HSWOC,Segment 1: Long-Term Committed Loyalists,0.015651598577166862,1.57%,No,Low Risk,Stable Account Profile
8582-KRHPJ,Segment 3: Short-Term High-Charge Users,0.3016629783928872,30.17%,No,Medium Risk,Month-to-month Contract; No Tech Support
5811-IWXYM,Segment 1: Long-Term Committed Loyalists,0.4445536454211731,44.46%,No,Medium Risk,No Tech Support; High Monthly Fee
7044-YAACC,Segment 3: Short-Term High-Charge Users,0.8185320983876194,81.85%,Yes,High Risk,Month-to-month Contract; Low Tenure (0-12m); Electronic Check Payment
8189-XRIKE,Segment 3: Short-Term High-Charge Users,0.6061437838500989,60.61%,Yes,High Risk,Month-to-month Contract; Electronic Check Payment; No Tech Support
1506-YJTYT,Segment 1: Long-Term Committed Loyalists,0.06535474377735351,6.54%,No,Low Risk,High Monthly Fee
4123-DVHPH,Segment 3: Short-Term High-Charge Users,0.7912236497875618,79.12%,Yes,High Risk,Month-to-month Contract; Low Tenure (0-12m); Electronic Check Payment
6425-YQLLO,Segment 1: Long-Term Committed Loyalists,0.4799155592202688,47.99%,No,Medium Risk,High Monthly Fee
5442-UTCVD,Segment 3: Short-Term High-Charge Users,0.8501593659384767,85.02%,Yes,High Risk,Month-to-month Contract; Low Tenure (0-12m); Electronic Check Payment
2228-BZDEE,Segment 1: Long-Term Committed Loyalists,0.05301488214029396,5.3%,No,Low Risk,Stable Account Profile
7734-DBOAI,Segment 3: Short-Term High-Charge Users,0.7428565297138522,74.29%,Yes,High Risk,Month-to-month Contract; Low Tenure (0-12m); Electronic Check Payment
2789-CZANW,Segment 1: Long-Term Committed Loyalists,0.18076205300539686,18.08%,No,Low Risk,High Monthly Fee
2091-RFFBA,Segment 3: Short-Term High-Charge Users,0.6812979772897466,68.13%,Yes,High Risk,Month-to-month Contract; Electronic Check Payment; No Tech Support
2114-MGINA,Segment 3: Short-Term High-Charge Users,0.7386578593791807,73.87%,Yes,High Risk,Month-to-month Contract; No Tech Support; High Monthly Fee
7596-LDUXP,Segment 3: Short-Term High-Charge Users,0.5020462080147325,50.2%,Yes,Medium Risk,Low Tenure (0-12m); No Tech Support; High Monthly Fee
3740-RLMVT,Segment 1: Long-Term Committed Loyalists,0.09584572185846543,9.58%,No,Low Risk,Stable Account Profile
4489-SNOJF,Segment 3: Short-Term High-Charge Users,0.30021541554781045,30.02%,No,Medium Risk,Month-to-month Contract; Electronic Check Payment; High Monthly Fee
2192-OZITF,Segment 1: Long-Term Committed Loyalists,0.053997683701843234,5.4%,No,Low Risk,High Monthly Fee
5651-CPDND,Segment 3: Short-Term High-Charge Users,0.4433596536258153,44.34%,No,Medium Risk,Month-to-month Contract; Low Tenure (0-12m); No Tech Support
2186-QZEYA,Segment 3: Short-Term High-Charge Users,0.3059101912497862,30.59%,No,Medium Risk,Month-to-month Contract; No Tech Support
1131-ALZWV,Segment 1: Long-Term Committed Loyalists,0.08765323838903843,8.77%,No,Low Risk,Stable Account Profile
7729-XBTWX,Segment 1: Long-Term Committed Loyalists,0.025045266037558207,2.5%,No,Low Risk,Stable Account Profile
9134-WYRVP,Segment 1: Long-Term Committed Loyalists,0.20599496520250948,20.6%,No,Low Risk,No Tech Support; High Monthly Fee
3284-SVCRO,Segment 1: Long-Term Committed Loyalists,0.026138771425265925,2.61%,No,Low Risk,Stable Account Profile
9732-OUYRN,Segment 1: Long-Term Committed Loyalists,0.05186512270642923,5.19%,No,Low Risk,Stable Account Profile
0559-CKHUS,Segment 1: Long-Term Committed Loyalists,0.030484549349247908,3.05%,No,Low Risk,Stable Account Profile
2931-SVLTV,Segment 1: Long-Term Committed Loyalists,0.4414340083093257,44.14%,No,Medium Risk,Month-to-month Contract; High Monthly Fee
6899-PPEEA,Segment 3: Short-Term High-Charge Users,0.7385125170641071,73.85%,Yes,High Risk,Month-to-month Contract; Electronic Check Payment; No Tech Support
7504-UWHNB,Segment 3: Short-Term High-Charge Users,0.5854718983464768,58.55%,Yes,Medium Risk,Month-to-month Contract; Electronic Check Payment; No Tech Support
2582-FFFZR,Segment 3: Short-Term High-Charge Users,0.5510658490564896,55.11%,Yes,Medium Risk,Month-to-month Contract; Electronic Check Payment; No Tech Support
8908-NMQTX,Segment 1: Long-Term Committed Loyalists,0.018599946675857657,1.86%,No,Low Risk,Stable Account Profile
2187-LZGPL,Segment 3: Short-Term High-Charge Users,0.5430002513229114,54.3%,Yes,Medium Risk,Month-to-month Contract; Low Tenure (0-12m); No Tech Support
1431-AIDJQ,Segment 1: Long-Term Committed Loyalists,0.09506733532349305,9.51%,No,Low Risk,High Monthly Fee
6288-LBEAR,Segment 3: Short-Term High-Charge Users,0.4842959685926337,48.43%,No,Medium Risk,Month-to-month Contract; High Monthly Fee
4597-NUCQV,Segment 3: Short-Term High-Charge Users,0.8010466803906406,80.1%,Yes,High Risk,Month-to-month Contract; Electronic Check Payment; No Tech Support
9019-QVLZD,Segment 3: Short-Term High-Charge Users,0.9121118127901585,91.21%,Yes,High Risk,Month-to-month Contract; Low Tenure (0-12m); Electronic Check Payment
8413-YNHNV,Segment 1: Long-Term Committed Loyalists,0.024983632142597197,2.5%,No,Low Risk,High Monthly Fee
5808-TOTXO,Segment 1: Long-Term Committed Loyalists,0.14462512640702432,14.46%,No,Low Risk,Low Tenure (0-12m)
4369-NYSCF,Segment 1: Long-Term Committed Loyalists,0.15336859128088492,15.34%,No,Low Risk,High Monthly Fee
6333-YDVLT,Segment 1: Long-Term Committed Loyalists,0.3336925114382933,33.37%,No,Medium Risk,High Monthly Fee
5324-KTGCG,Segment 1: Long-Term Committed Loyalists,0.10161220423660389,10.16%,No,Low Risk,Electronic Check Payment
5599-HVLTW,Segment 3: Short-Term High-Charge Users,0.6907503560096071,69.08%,Yes,High Risk,Month-to-month Contract; No Tech Support; High Monthly Fee
7394-LWLYN,Segment 3: Short-Term High-Charge Users,0.8076741041583244,80.77%,Yes,High Risk,Month-to-month Contract; Low Tenure (0-12m); Electronic Check Payment
3707-LRWZD,Segment 3: Short-Term High-Charge Users,0.6198825062698899,61.99%,Yes,High Risk,Electronic Check Payment; No Tech Support; High Monthly Fee
6873-UDNLD,Segment 3: Short-Term High-Charge Users,0.2765982744117241,27.66%,No,Low Risk,Month-to-month Contract; Electronic Check Payment; No Tech Support
2700-LUEVA,Segment 3: Short-Term High-Charge Users,0.3767728238212862,37.68%,No,Medium Risk,Month-to-month Contract; Low Tenure (0-12m)
1455-ESIQH,Segment 3: Short-Term High-Charge Users,0.9210020900370766,92.1%,Yes,High Risk,Month-to-month Contract; Low Tenure (0-12m); Electronic Check Payment
0958-YHXGP,Segment 3: Short-Term High-Charge Users,0.7700486389577227,77.0%,Yes,High Risk,Month-to-month Contract; Low Tenure (0-12m); No Tech Support
1101-SSWAG,Segment 3: Short-Term High-Charge Users,0.5838128099136368,58.38%,Yes,Medium Risk,Month-to-month Contract; Electronic Check Payment; No Tech Support
2979-SXESE,Segment 3: Short-Term High-Charge Users,0.7362235941581903,73.62%,Yes,High Risk,Month-to-month Contract; Electronic Check Payment; No Tech Support
4013-TLDHQ,Segment 3: Short-Term High-Charge Users,0.7024365535574058,70.24%,Yes,High Risk,Month-to-month Contract; Electronic Check Payment; No Tech Support
5743-KHMNA,Segment 1: Long-Term Committed Loyalists,0.010175380900542869,1.02%,No,Low Risk,Stable Account Profile
4194-FJARJ,Segment 1: Long-Term Committed Loyalists,0.061575377982427085,6.16%,No,Low Risk,Stable Account Profile
5325-UWTWJ,Segment 3: Short-Term High-Charge Users,0.3952163224787716,39.52%,No,Medium Risk,Month-to-month Contract; High Monthly Fee
3969-GYXEL,Segment 3: Short-Term High-Charge Users,0.632168886346994,63.22%,Yes,High Risk,Month-to-month Contract; Low Tenure (0-12m); Electronic Check Payment
9208-OLGAQ,Segment 3: Short-Term High-Charge Users,0.734362122407732,73.44%,Yes,High Risk,Month-to-month Contract; Electronic Check Payment; No Tech Support
3244-CQPHU,Segment 1: Long-Term Committed Loyalists,0.11270628583871277,11.27%,No,Low Risk,High Monthly Fee
2674-MLXMN,Segment 1: Long-Term Committed Loyalists,0.3403244449082094,34.03%,No,Medium Risk,Month-to-month Contract; No Tech Support; High Monthly Fee
9708-HPXWZ,Segment 3: Short-Term High-Charge Users,0.5405074381322293,54.05%,Yes,Medium Risk,Month-to-month Contract; Low Tenure (0-12m)
6992-TKNYO,Segment 1: Long-Term Committed Loyalists,0.23989396728511986,23.99%,No,Low Risk,Stable Account Profile
4468-YDOVK,Segment 3: Short-Term High-Charge Users,0.6164612101851834,61.65%,Yes,High Risk,Month-to-month Contract; Low Tenure (0-12m)
3754-DXMRT,Segment 3: Short-Term High-Charge Users,0.8139770699095954,81.4%,Yes,High Risk,Month-to-month Contract; Low Tenure (0-12m); Electronic Check Payment
5792-JALQC,Segment 1: Long-Term Committed Loyalists,0.11710096855219845,11.71%,No,Low Risk,No Tech Support
7130-VTEWQ,Segment 3: Short-Term High-Charge Users,0.8561010984997999,85.61%,Yes,High Risk,Month-to-month Contract; Low Tenure (0-12m); Electronic Check Payment
2200-DSAAL,Segment 1: Long-Term Committed Loyalists,0.1828622112402856,18.29%,No,Low Risk,Electronic Check Payment; No Tech Support; High Monthly Fee
4302-ZYFEL,Segment 1: Long-Term Committed Loyalists,0.020158356647775034,2.02%,No,Low Risk,Stable Account Profile
9351-LZYGF,Segment 3: Short-Term High-Charge Users,0.17962312747573603,17.96%,No,Low Risk,Month-to-month Contract
4366-CTOUZ,Segment 1: Long-Term Committed Loyalists,0.26853809790276534,26.85%,No,Low Risk,High Monthly Fee
6121-VZNQB,Segment 3: Short-Term High-Charge Users,0.550736524938654,55.07%,Yes,Medium Risk,Month-to-month Contract; Low Tenure (0-12m)
7903-CMPEY,Segment 3: Short-Term High-Charge Users,0.8814568050573104,88.15%,Yes,High Risk,Month-to-month Contract; Low Tenure (0-12m); Electronic Check Payment
1518-OMDIK,Segment 3: Short-Term High-Charge Users,0.25876518535224424,25.88%,No,Low Risk,Month-to-month Contract; No Tech Support
6671-NGWON,Segment 3: Short-Term High-Charge Users,0.24040335253412157,24.04%,No,Low Risk,Month-to-month Contract; Low Tenure (0-12m)
0595-ITUDF,Segment 3: Short-Term High-Charge Users,0.35837121513247466,35.84%,No,Medium Risk,Month-to-month Contract; Electronic Check Payment; No Tech Support
6996-KNSML,Segment 3: Short-Term High-Charge Users,0.9184122661598739,91.84%,Yes,High Risk,Month-to-month Contract; Low Tenure (0-12m); Electronic Check Payment
1955-IBMMB,Segment 1: Long-Term Committed Loyalists,0.021623755944463703,2.16%,No,Low Risk,Stable Account Profile
0096-BXERS,Segment 3: Short-Term High-Charge Users,0.6468615270188035,64.69%,Yes,High Risk,Month-to-month Contract; Low Tenure (0-12m); Electronic Check Payment
3806-YAZOV,Segment 3: Short-Term High-Charge Users,0.20895575793580232,20.9%,No,Low Risk,Month-to-month Contract; Low Tenure (0-12m)
7998-ZLXWN,Segment 3: Short-Term High-Charge Users,0.2063479048362956,20.63%,No,Low Risk,Month-to-month Contract
6253-WRFHY,Segment 3: Short-Term High-Charge Users,0.4699008042098852,46.99%,No,Medium Risk,Electronic Check Payment; No Tech Support
9133-AYJZG,Segment 3: Short-Term High-Charge Users,0.7115717433064926,71.16%,Yes,High Risk,Month-to-month Contract; No Tech Support; High Monthly Fee
2675-OTVVJ,Segment 3: Short-Term High-Charge Users,0.5905067693523687,59.05%,Yes,Medium Risk,Month-to-month Contract; Electronic Check Payment; No Tech Support
8680-CGLTP,Segment 1: Long-Term Committed Loyalists,0.13313168077526702,13.31%,No,Low Risk,Electronic Check Payment
8430-TWCBX,Segment 1: Long-Term Committed Loyalists,0.05596410228412436,5.6%,No,Low Risk,Stable Account Profile
5018-GWURO,Segment 3: Short-Term High-Charge Users,0.446595851767617,44.66%,No,Medium Risk,Month-to-month Contract; No Tech Support; High Monthly Fee
6741-QRLUP,Segment 1: Long-Term Committed Loyalists,0.0441975260298905,4.42%,No,Low Risk,High Monthly Fee
4737-HOBAX,Segment 1: Long-Term Committed Loyalists,0.047975722736932444,4.8%,No,Low Risk,High Monthly Fee
0537-QYZZN,Segment 3: Short-Term High-Charge Users,0.6393954014562974,63.94%,Yes,High Risk,Month-to-month Contract; Electronic Check Payment; No Tech Support
3340-QBBFM,Segment 1: Long-Term Committed Loyalists,0.20099838262822436,20.1%,No,Low Risk,Stable Account Profile
1704-NRWYE,Segment 3: Short-Term High-Charge Users,0.8453993878480932,84.54%,Yes,High Risk,Month-to-month Contract; Low Tenure (0-12m); Electronic Check Payment
2592-SEIFQ,Segment 3: Short-Term High-Charge Users,0.7350147459562283,73.5%,Yes,High Risk,Month-to-month Contract; Low Tenure (0-12m); Electronic Check Payment
8200-KLNYW,Segment 1: Long-Term Committed Loyalists,0.2955802236251325,29.56%,No,Low Risk,High Monthly Fee
3372-CDXFJ,Segment 1: Long-Term Committed Loyalists,0.08291403948028596,8.29%,No,Low Risk,Stable Account Profile
4781-ZXYGU,Segment 3: Short-Term High-Charge Users,0.624728190599813,62.47%,Yes,High Risk,Month-to-month Contract; Low Tenure (0-12m)
7632-YUTXB,Segment 1: Long-Term Committed Loyalists,0.020850094961361736,2.09%,No,Low Risk,Stable Account Profile
2718-YSKCS,Segment 1: Long-Term Committed Loyalists,0.011417340051555761,1.14%,No,Low Risk,Stable Account Profile
9896-UYMIE,Segment 1: Long-Term Committed Loyalists,0.3430289737130877,34.3%,No,Medium Risk,High Monthly Fee
0853-NWIFK,Segment 1: Long-Term Committed Loyalists,0.41665268479569845,41.67%,No,Medium Risk,Electronic Check Payment; No Tech Support; High Monthly Fee
8212-CRQXP,Segment 3: Short-Term High-Charge Users,0.5980668750498636,59.81%,Yes,Medium Risk,Month-to-month Contract; No Tech Support; High Monthly Fee
6980-CDGFC,Segment 1: Long-Term Committed Loyalists,0.07056998036117969,7.06%,No,Low Risk,Stable Account Profile
7691-XVTZH,Segment 1: Long-Term Committed Loyalists,0.14432236457118386,14.43%,No,Low Risk,No Tech Support; High Monthly Fee
2520-SGTTA,Segment 1: Long-Term Committed Loyalists,0.08941075027343112,8.94%,No,Low Risk,Low Tenure (0-12m)
7481-ATQQS,Segment 3: Short-Term High-Charge Users,0.6006461527268487,60.06%,Yes,High Risk,Month-to-month Contract; No Tech Support; High Monthly Fee
2277-VWCNI,Segment 3: Short-Term High-Charge Users,0.7285827504130373,72.86%,Yes,High Risk,Month-to-month Contract; Low Tenure (0-12m); No Tech Support
1088-CNNKB,Segment 1: Long-Term Committed Loyalists,0.18206378914118895,18.21%,No,Low Risk,High Monthly Fee
8642-GVWRF,Segment 3: Short-Term High-Charge Users,0.8333729386237807,83.34%,Yes,High Risk,Month-to-month Contract; Low Tenure (0-12m); No Tech Support
1930-BZLHI,Segment 1: Long-Term Committed Loyalists,0.025178430377213238,2.52%,No,Low Risk,Stable Account Profile
3400-ESFUW,Segment 1: Long-Term Committed Loyalists,0.04099599529442932,4.1%,No,Low Risk,Stable Account Profile
5868-YTYKS,Segment 3: Short-Term High-Charge Users,0.5332545660072449,53.33%,Yes,Medium Risk,Month-to-month Contract; Low Tenure (0-12m)
3525-DVKFN,Segment 1: Long-Term Committed Loyalists,0.02684205973150461,2.68%,No,Low Risk,Stable Account Profile
1482-OXZSY,Segment 3: Short-Term High-Charge Users,0.636898523220302,63.69%,Yes,High Risk,Month-to-month Contract; No Tech Support; High Monthly Fee
0377-JBKKT,Segment 3: Short-Term High-Charge Users,0.2824314399499378,28.24%,No,Low Risk,Month-to-month Contract
5778-BVOFB,Segment 3: Short-Term High-Charge Users,0.4605356080822228,46.05%,No,Medium Risk,Month-to-month Contract; Low Tenure (0-12m)
3373-YZZYM,Segment 3: Short-Term High-Charge Users,0.3345828865644622,33.46%,No,Medium Risk,Month-to-month Contract; Low Tenure (0-12m)
2057-ZBLPD,Segment 3: Short-Term High-Charge Users,0.7570255146567784,75.7%,Yes,High Risk,Month-to-month Contract; Electronic Check Payment; No Tech Support
0228-MAUWC,Segment 3: Short-Term High-Charge Users,0.46812156919843884,46.81%,No,Medium Risk,Month-to-month Contract; Electronic Check Payment
5502-RLUYV,Segment 1: Long-Term Committed Loyalists,0.5783342197096187,57.83%,Yes,Medium Risk,Month-to-month Contract; Electronic Check Payment; No Tech Support
0023-HGHWL,Segment 3: Short-Term High-Charge Users,0.8449440651674839,84.49%,Yes,High Risk,Month-to-month Contract; Low Tenure (0-12m); Electronic Check Payment
7663-YJHSN,Segment 1: Long-Term Committed Loyalists,0.08266084856800439,8.27%,No,Low Risk,High Monthly Fee
4915-BFSXL,Segment 1: Long-Term Committed Loyalists,0.0694496803010585,6.94%,No,Low Risk,No Tech Support
3086-RUCRN,Segment 1: Long-Term Committed Loyalists,0.24393235700903573,24.39%,No,Low Risk,Month-to-month Contract; High Monthly Fee
5215-LNLDJ,Segment 3: Short-Term High-Charge Users,0.5722252441092845,57.22%,Yes,Medium Risk,Month-to-month Contract; Low Tenure (0-12m); Electronic Check Payment
7576-JMYWV,Segment 3: Short-Term High-Charge Users,0.4569076272045071,45.69%,No,Medium Risk,Month-to-month Contract; Electronic Check Payment; High Monthly Fee
9039-RBEEE,Segment 3: Short-Term High-Charge Users,0.2441429539228284,24.41%,No,Low Risk,Month-to-month Contract
0257-KXZGU,Segment 3: Short-Term High-Charge Users,0.2765201570953992,27.65%,No,Low Risk,Month-to-month Contract; No Tech Support
1307-ATKGB,Segment 3: Short-Term High-Charge Users,0.7075027319380739,70.75%,Yes,High Risk,Month-to-month Contract; Electronic Check Payment; No Tech Support
8417-FMLZI,Segment 3: Short-Term High-Charge Users,0.8393375474375525,83.93%,Yes,High Risk,Month-to-month Contract; Low Tenure (0-12m); No Tech Support
3714-XPXBW,Segment 1: Long-Term Committed Loyalists,0.2247995076048338,22.48%,No,Low Risk,Month-to-month Contract; High Monthly Fee
1850-AKQEP,Segment 3: Short-Term High-Charge Users,0.17998624438697222,18.0%,No,Low Risk,Month-to-month Contract; Low Tenure (0-12m)
2824-DXNKN,Segment 1: Long-Term Committed Loyalists,0.04701470554890781,4.7%,No,Low Risk,No Tech Support; High Monthly Fee
5227-JSCFE,Segment 1: Long-Term Committed Loyalists,0.05376827912460762,5.38%,No,Low Risk,Stable Account Profile
0848-ZGQIJ,Segment 3: Short-Term High-Charge Users,0.7290990497468081,72.91%,Yes,High Risk,Month-to-month Contract; No Tech Support; High Monthly Fee
3621-CHYVB,Segment 3: Short-Term High-Charge Users,0.22276529561230754,22.28%,No,Low Risk,Month-to-month Contract
8042-RNLKO,Segment 1: Long-Term Committed Loyalists,0.06904115152741688,6.9%,No,Low Risk,Stable Account Profile
1792-UXAFY,Segment 3: Short-Term High-Charge Users,0.7811140608123919,78.11%,Yes,High Risk,Month-to-month Contract; Electronic Check Payment; No Tech Support
5372-FBKBN,Segment 3: Short-Term High-Charge Users,0.10244883148227697,10.24%,No,Low Risk,Month-to-month Contract
0420-TXVSG,Segment 1: Long-Term Committed Loyalists,0.0581342689616769,5.81%,No,Low Risk,No Tech Support
6217-TOWGS,Segment 3: Short-Term High-Charge Users,0.3657531467946118,36.58%,No,Medium Risk,Month-to-month Contract; No Tech Support; High Monthly Fee
0515-YPMCW,Segment 3: Short-Term High-Charge Users,0.8990447162538155,89.9%,Yes,High Risk,Month-to-month Contract; Low Tenure (0-12m); No Tech Support
0378-XSZPU,Segment 1: Long-Term Committed Loyalists,0.18010600891287895,18.01%,No,Low Risk,No Tech Support
1045-LTCYT,Segment 3: Short-Term High-Charge Users,0.21583105520515602,21.58%,No,Low Risk,Month-to-month Contract; Low Tenure (0-12m)
1544-JJMYL,Segment 1: Long-Term Committed Loyalists,0.13565585455611584,13.57%,No,Low Risk,Stable Account Profile
4636-JGAAI,Segment 3: Short-Term High-Charge Users,0.5648886835630293,56.49%,Yes,Medium Risk,Month-to-month Contract; No Tech Support; High Monthly Fee
6874-SGLHU,Segment 3: Short-Term High-Charge Users,0.5878556353491149,58.79%,Yes,Medium Risk,No Tech Support; High Monthly Fee
5951-AOFIH,Segment 3: Short-Term High-Charge Users,0.3137104114986423,31.37%,No,Medium Risk,Month-to-month Contract; No Tech Support
4729-XKASR,Segment 3: Short-Term High-Charge Users,0.7805526791510389,78.06%,Yes,High Risk,Month-to-month Contract; Low Tenure (0-12m); Electronic Check Payment
3059-NGMXB,Segment 3: Short-Term High-Charge Users,0.3191869072130241,31.92%,No,Medium Risk,Month-to-month Contract; No Tech Support
8652-YHIYU,Segment 3: Short-Term High-Charge Users,0.41579759357511076,41.58%,No,Medium Risk,High Monthly Fee
5278-PNYOX,Segment 1: Long-Term Committed Loyalists,0.23137918136243935,23.14%,No,Low Risk,High Monthly Fee
5449-FIBXJ,Segment 3: Short-Term High-Charge Users,0.7586913897720761,75.87%,Yes,High Risk,Month-to-month Contract; Electronic Check Payment; High Monthly Fee
3486-HOOGQ,Segment 1: Long-Term Committed Loyalists,0.03904114642443343,3.9%,No,Low Risk,High Monthly Fee
5061-PBXFW,Segment 3: Short-Term High-Charge Users,0.19775603963686147,19.78%,No,Low Risk,Month-to-month Contract
8630-FJLIB,Segment 3: Short-Term High-Charge Users,0.6787915497993389,67.88%,Yes,High Risk,Month-to-month Contract; Electronic Check Payment; No Tech Support
3891-NLXJB,Segment 1: Long-Term Committed Loyalists,0.05135123002656176,5.14%,No,Low Risk,Stable Account Profile
4749-OJKQU,Segment 3: Short-Term High-Charge Users,0.8612397812957173,86.12%,Yes,High Risk,Month-to-month Contract; Low Tenure (0-12m); Electronic Check Payment
0577-WHMEV,Segment 3: Short-Term High-Charge Users,0.6482106665652981,64.82%,Yes,High Risk,Month-to-month Contract; Electronic Check Payment; No Tech Support
5453-AXEPF,Segment 3: Short-Term High-Charge Users,0.6238786929021823,62.39%,Yes,High Risk,Month-to-month Contract; No Tech Support; High Monthly Fee
3639-XJHKQ,Segment 3: Short-Term High-Charge Users,0.40244146700801064,40.24%,No,Medium Risk,Month-to-month Contract; Electronic Check Payment; No Tech Support
3716-LRGXK,Segment 1: Long-Term Committed Loyalists,0.2755518071728207,27.56%,No,Low Risk,No Tech Support; High Monthly Fee
2263-SFSQZ,Segment 1: Long-Term Committed Loyalists,0.05955328812115374,5.96%,No,Low Risk,Stable Account Profile
9950-MTGYX,Segment 1: Long-Term Committed Loyalists,0.013257393978127212,1.33%,No,Low Risk,Stable Account Profile
3397-AVTKU,Segment 1: Long-Term Committed Loyalists,0.13573471534174714,13.57%,No,Low Risk,Electronic Check Payment; No Tech Support
4825-FUREZ,Segment 1: Long-Term Committed Loyalists,0.015561388455727455,1.56%,No,Low Risk,Electronic Check Payment
9837-BMCLM,Segment 3: Short-Term High-Charge Users,0.855008123459659,85.5%,Yes,High Risk,Month-to-month Contract; Low Tenure (0-12m); Electronic Check Payment
2672-OJQZP,Segment 3: Short-Term High-Charge Users,0.7361142377189266,73.61%,Yes,High Risk,Month-to-month Contract; Low Tenure (0-12m); No Tech Support
0137-UDEUO,Segment 3: Short-Term High-Charge Users,0.3219685198412365,32.2%,No,Medium Risk,Month-to-month Contract; Low Tenure (0-12m)
3134-DSHVC,Segment 1: Long-Term Committed Loyalists,0.12461232557167681,12.46%,No,Low Risk,No Tech Support; High Monthly Fee
6161-UUUTA,Segment 3: Short-Term High-Charge Users,0.8559552206068202,85.6%,Yes,High Risk,Month-to-month Contract; Low Tenure (0-12m); Electronic Check Payment
7821-DPRQE,Segment 1: Long-Term Committed Loyalists,0.38734787013553135,38.73%,No,Medium Risk,Month-to-month Contract; Electronic Check Payment; High Monthly Fee
6543-XRMYR,Segment 3: Short-Term High-Charge Users,0.7707486452088061,77.07%,Yes,High Risk,Month-to-month Contract; Electronic Check Payment; No Tech Support
2001-EWBQU,Segment 1: Long-Term Committed Loyalists,0.3816621937358336,38.17%,No,Medium Risk,Electronic Check Payment; No Tech Support; High Monthly Fee
4925-LMHOK,Segment 3: Short-Term High-Charge Users,0.4798937563747745,47.99%,No,Medium Risk,Month-to-month Contract
1608-GMEWB,Segment 3: Short-Term High-Charge Users,0.6438054967009614,64.38%,Yes,High Risk,Month-to-month Contract; No Tech Support; High Monthly Fee
6695-AMZUF,Segment 1: Long-Term Committed Loyalists,0.02372670469910726,2.37%,No,Low Risk,High Monthly Fee
1455-UGQVH,Segment 3: Short-Term High-Charge Users,0.8943891549280266,89.44%,Yes,High Risk,Month-to-month Contract; Low Tenure (0-12m); Electronic Check Payment
8410-BGQXN,Segment 3: Short-Term High-Charge Users,0.2067517260387752,20.68%,No,Low Risk,Month-to-month Contract; Low Tenure (0-12m)
8280-MQRQN,Segment 3: Short-Term High-Charge Users,0.7723328511326881,77.23%,Yes,High Risk,Month-to-month Contract; Low Tenure (0-12m); No Tech Support
1619-YWUBB,Segment 1: Long-Term Committed Loyalists,0.01599401417840672,1.6%,No,Low Risk,Stable Account Profile
7611-YKYTC,Segment 3: Short-Term High-Charge Users,0.4941937276230383,49.42%,No,Medium Risk,Month-to-month Contract; No Tech Support; High Monthly Fee
2037-SGXHH,Segment 3: Short-Term High-Charge Users,0.674124286570364,67.41%,Yes,High Risk,Month-to-month Contract; Electronic Check Payment; No Tech Support
3178-FESZO,Segment 3: Short-Term High-Charge Users,0.9195017183528567,91.95%,Yes,High Risk,Month-to-month Contract; Low Tenure (0-12m); No Tech Support
0365-GXEZS,Segment 3: Short-Term High-Charge Users,0.6246100561178424,62.46%,Yes,High Risk,Month-to-month Contract; Electronic Check Payment; High Monthly Fee
0082-OQIQY,Segment 3: Short-Term High-Charge Users,0.679645864941593,67.96%,Yes,High Risk,Month-to-month Contract; Electronic Check Payment; High Monthly Fee
6087-MVHJH,Segment 3: Short-Term High-Charge Users,0.7960846158506076,79.61%,Yes,High Risk,Month-to-month Contract; Electronic Check Payment; No Tech Support
4603-JANFB,Segment 3: Short-Term High-Charge Users,0.9336904732189544,93.37%,Yes,High Risk,Month-to-month Contract; Low Tenure (0-12m); Electronic Check Payment
3018-TFTSU,Segment 3: Short-Term High-Charge Users,0.5848887976112003,58.49%,Yes,Medium Risk,Month-to-month Contract; Low Tenure (0-12m); No Tech Support
3606-SBKRY,Segment 1: Long-Term Committed Loyalists,0.30787046583183153,30.79%,No,Medium Risk,Electronic Check Payment; No Tech Support
4806-KEXQR,Segment 3: Short-Term High-Charge Users,0.8512062078356721,85.12%,Yes,High Risk,Month-to-month Contract; Low Tenure (0-12m); Electronic Check Payment
0667-NSRGI,Segment 1: Long-Term Committed Loyalists,0.16334328948630802,16.33%,No,Low Risk,Stable Account Profile
7083-YNSKY,Segment 3: Short-Term High-Charge Users,0.4925091483786656,49.25%,No,Medium Risk,Month-to-month Contract
6893-ODYYE,Segment 1: Long-Term Committed Loyalists,0.19731127056999423,19.73%,No,Low Risk,High Monthly Fee
8242-JSVBO,Segment 3: Short-Term High-Charge Users,0.5675366890681877,56.75%,Yes,Medium Risk,Month-to-month Contract; Low Tenure (0-12m); No Tech Support
2479-BRAMR,Segment 3: Short-Term High-Charge Users,0.5840686293766421,58.41%,Yes,Medium Risk,Month-to-month Contract; No Tech Support; High Monthly Fee
9541-ZPSEA,Segment 1: Long-Term Committed Loyalists,0.06881175602864692,6.88%,No,Low Risk,No Tech Support; High Monthly Fee
2665-NPTGL,Segment 3: Short-Term High-Charge Users,0.7237061668572241,72.37%,Yes,High Risk,Month-to-month Contract; No Tech Support; High Monthly Fee
1139-WUOAH,Segment 1: Long-Term Committed Loyalists,0.0792269439547208,7.92%,No,Low Risk,Stable Account Profile
4693-VWVBO,Segment 3: Short-Term High-Charge Users,0.35819671512581963,35.82%,No,Medium Risk,Month-to-month Contract; Low Tenure (0-12m); Electronic Check Payment
7434-SHXLS,Segment 3: Short-Term High-Charge Users,0.7068511138704587,70.69%,Yes,High Risk,Month-to-month Contract; Low Tenure (0-12m)
6937-GCDGQ,Segment 1: Long-Term Committed Loyalists,0.28729359352120726,28.73%,No,Low Risk,No Tech Support
0988-JRWWP,Segment 3: Short-Term High-Charge Users,0.7756494756259186,77.56%,Yes,High Risk,Month-to-month Contract; Low Tenure (0-12m); Electronic Check Payment
5075-JSDKI,Segment 1: Long-Term Committed Loyalists,0.07419651847237277,7.42%,No,Low Risk,Electronic Check Payment
7908-QCBCA,Segment 3: Short-Term High-Charge Users,0.9150455803595198,91.5%,Yes,High Risk,Month-to-month Contract; Low Tenure (0-12m); No Tech Support
8644-XYTSV,Segment 3: Short-Term High-Charge Users,0.34571852613204224,34.57%,No,Medium Risk,Month-to-month Contract; No Tech Support
6711-FLDFB,Segment 3: Short-Term High-Charge Users,0.8583871062886614,85.84%,Yes,High Risk,Month-to-month Contract; Low Tenure (0-12m); Electronic Check Payment
3873-WOSBC,Segment 1: Long-Term Committed Loyalists,0.010278063024968063,1.03%,No,Low Risk,Stable Account Profile
7465-ZZRVX,Segment 3: Short-Term High-Charge Users,0.9116959879350501,91.17%,Yes,High Risk,Month-to-month Contract; Low Tenure (0-12m); Electronic Check Payment
7975-JMZNT,Segment 1: Long-Term Committed Loyalists,0.029245343891037473,2.92%,No,Low Risk,High Monthly Fee
7251-XFOIL,Segment 1: Long-Term Committed Loyalists,0.2275766602668347,22.76%,No,Low Risk,Month-to-month Contract; No Tech Support; High Monthly Fee
4116-IQRFR,Segment 1: Long-Term Committed Loyalists,0.09602969088012317,9.6%,No,Low Risk,Low Tenure (0-12m)
3714-JTVOV,Segment 3: Short-Term High-Charge Users,0.6270931596758047,62.71%,Yes,High Risk,Month-to-month Contract; No Tech Support; High Monthly Fee
8259-DZLIZ,Segment 1: Long-Term Committed Loyalists,0.13893441016785804,13.89%,No,Low Risk,No Tech Support
0442-ZXKVS,Segment 1: Long-Term Committed Loyalists,0.3814024709420607,38.14%,No,Medium Risk,High Monthly Fee
7853-WNZSY,Segment 3: Short-Term High-Charge Users,0.44689468277739064,44.69%,No,Medium Risk,Month-to-month Contract; Low Tenure (0-12m)
3120-FAZKD,Segment 1: Long-Term Committed Loyalists,0.06724950679168246,6.72%,No,Low Risk,Stable Account Profile
8606-OEGQZ,Segment 1: Long-Term Committed Loyalists,0.06305954100136574,6.31%,No,Low Risk,Stable Account Profile
0225-ZORZP,Segment 3: Short-Term High-Charge Users,0.8059820085440631,80.6%,Yes,High Risk,Month-to-month Contract; Low Tenure (0-12m); Electronic Check Payment
4702-IOQDC,Segment 3: Short-Term High-Charge Users,0.9139479135406846,91.39%,Yes,High Risk,Month-to-month Contract; Low Tenure (0-12m); Electronic Check Payment
9489-JMTTN,Segment 1: Long-Term Committed Loyalists,0.012986467068712185,1.3%,No,Low Risk,High Monthly Fee
0575-CUQOV,Segment 1: Long-Term Committed Loyalists,0.41484280482360714,41.48%,No,Medium Risk,Electronic Check Payment; No Tech Support; High Monthly Fee
0967-BMLBD,Segment 1: Long-Term Committed Loyalists,0.13655236191693398,13.66%,No,Low Risk,Low Tenure (0-12m)
6178-KFNHS,Segment 3: Short-Term High-Charge Users,0.7278835744665513,72.79%,Yes,High Risk,Month-to-month Contract; Low Tenure (0-12m); Electronic Check Payment
2830-LEWOA,Segment 1: Long-Term Committed Loyalists,0.3493592732059967,34.94%,No,Medium Risk,High Monthly Fee
5006-MXVRN,Segment 1: Long-Term Committed Loyalists,0.00932105463431288,0.93%,No,Low Risk,Stable Account Profile
1264-BYWMS,Segment 3: Short-Term High-Charge Users,0.7163099459972562,71.63%,Yes,High Risk,Month-to-month Contract; Electronic Check Payment; No Tech Support
9658-WYUFB,Segment 3: Short-Term High-Charge Users,0.7947647054262105,79.48%,Yes,High Risk,Month-to-month Contract; Electronic Check Payment; No Tech Support
8327-WKMIE,Segment 1: Long-Term Committed Loyalists,0.011922566513259469,1.19%,No,Low Risk,Stable Account Profile
6917-FIJHC,Segment 1: Long-Term Committed Loyalists,0.012173971510717231,1.22%,No,Low Risk,Stable Account Profile
5329-KRDTM,Segment 1: Long-Term Committed Loyalists,0.1209863689186524,12.1%,No,Low Risk,High Monthly Fee
7797-EJMDP,Segment 3: Short-Term High-Charge Users,0.4169493704161211,41.69%,No,Medium Risk,Month-to-month Contract; Low Tenure (0-12m)
3530-VWVGU,Segment 3: Short-Term High-Charge Users,0.12216447787948466,12.22%,No,Low Risk,Month-to-month Contract
2013-SGDXK,Segment 3: Short-Term High-Charge Users,0.8944346146899996,89.44%,Yes,High Risk,Month-to-month Contract; Low Tenure (0-12m); Electronic Check Payment
6368-NWMCE,Segment 3: Short-Term High-Charge Users,0.27368406860415867,27.37%,No,Low Risk,Month-to-month Contract
3633-CDBUW,Segment 3: Short-Term High-Charge Users,0.2966106134144005,29.66%,No,Low Risk,Electronic Check Payment; High Monthly Fee
0707-HOVVN,Segment 1: Long-Term Committed Loyalists,0.1476704206624449,14.77%,No,Low Risk,High Monthly Fee
8580-QVLOC,Segment 1: Long-Term Committed Loyalists,0.027402840761418946,2.74%,No,Low Risk,High Monthly Fee
3956-MGXOG,Segment 3: Short-Term High-Charge Users,0.6452379132440424,64.52%,Yes,High Risk,Month-to-month Contract; Electronic Check Payment; No Tech Support
9274-UARKJ,Segment 3: Short-Term High-Charge Users,0.6386144427474258,63.86%,Yes,High Risk,Month-to-month Contract; No Tech Support; High Monthly Fee
4077-HWUYD,Segment 1: Long-Term Committed Loyalists,0.023382225620180296,2.34%,No,Low Risk,High Monthly Fee
2012-NWRPA,Segment 3: Short-Term High-Charge Users,0.8931532923427846,89.32%,Yes,High Risk,Month-to-month Contract; Low Tenure (0-12m); Electronic Check Payment
8808-ELEHO,Segment 3: Short-Term High-Charge Users,0.8591207542633326,85.91%,Yes,High Risk,Month-to-month Contract; Low Tenure (0-12m); Electronic Check Payment
0103-CSITQ,Segment 1: Long-Term Committed Loyalists,0.4700107178430858,47.0%,No,Medium Risk,High Monthly Fee
3506-LCJDC,Segment 3: Short-Term High-Charge Users,0.685426851984565,68.54%,Yes,High Risk,Month-to-month Contract; Low Tenure (0-12m)
8671-KKKOS,Segment 3: Short-Term High-Charge Users,0.37869325727321734,37.87%,No,Medium Risk,Month-to-month Contract; Electronic Check Payment; No Tech Support
7305-ZWMAJ,Segment 1: Long-Term Committed Loyalists,0.012910972352726216,1.29%,No,Low Risk,Stable Account Profile
9518-XXBXE,Segment 3: Short-Term High-Charge Users,0.6273151193066546,62.73%,Yes,High Risk,Month-to-month Contract; Low Tenure (0-12m); Electronic Check Payment
3934-HXCFZ,Segment 3: Short-Term High-Charge Users,0.76325980789265,76.33%,Yes,High Risk,Month-to-month Contract; Electronic Check Payment; No Tech Support
6578-KRMAW,Segment 3: Short-Term High-Charge Users,0.5237211924842465,52.37%,Yes,Medium Risk,Month-to-month Contract; No Tech Support; High Monthly Fee
4860-IJUDE,Segment 3: Short-Term High-Charge Users,0.5862257411895513,58.62%,Yes,Medium Risk,Month-to-month Contract; No Tech Support; High Monthly Fee
7666-WKRON,Segment 1: Long-Term Committed Loyalists,0.2201664636983809,22.02%,No,Low Risk,Electronic Check Payment; High Monthly Fee
9688-YGXVR,Segment 3: Short-Term High-Charge Users,0.5712962551884168,57.13%,Yes,Medium Risk,Month-to-month Contract; No Tech Support; High Monthly Fee
0423-UDIJQ,Segment 3: Short-Term High-Charge Users,0.4652157361472869,46.52%,No,Medium Risk,Month-to-month Contract; Low Tenure (0-12m)
1945-XISKS,Segment 1: Long-Term Committed Loyalists,0.011759140881242277,1.18%,No,Low Risk,Stable Account Profile
4910-AQFFX,Segment 3: Short-Term High-Charge Users,0.8202946185277071,82.03%,Yes,High Risk,Month-to-month Contract; Low Tenure (0-12m); No Tech Support
2154-KVJFF,Segment 3: Short-Term High-Charge Users,0.7802026077670685,78.02%,Yes,High Risk,Month-to-month Contract; Electronic Check Payment; No Tech Support
5360-LJCNJ,Segment 1: Long-Term Committed Loyalists,0.3319102618357509,33.19%,No,Medium Risk,No Tech Support; High Monthly Fee
2607-FBDFF,Segment 3: Short-Term High-Charge Users,0.672640527407807,67.26%,Yes,High Risk,Month-to-month Contract; Low Tenure (0-12m)
9647-ERGBE,Segment 3: Short-Term High-Charge Users,0.7724840534311642,77.25%,Yes,High Risk,Month-to-month Contract; Electronic Check Payment; No Tech Support
3428-XZMAZ,Segment 3: Short-Term High-Charge Users,0.9348714255999069,93.49%,Yes,High Risk,Month-to-month Contract; Low Tenure (0-12m); Electronic Check Payment
1100-DDVRV,Segment 3: Short-Term High-Charge Users,0.48118306273948036,48.12%,No,Medium Risk,Month-to-month Contract; No Tech Support
0378-TOVMS,Segment 3: Short-Term High-Charge Users,0.8139918837301864,81.4%,Yes,High Risk,Month-to-month Contract; Low Tenure (0-12m); Electronic Check Payment
4355-HBJHH,Segment 1: Long-Term Committed Loyalists,0.31543863267496497,31.54%,No,Medium Risk,Electronic Check Payment; No Tech Support; High Monthly Fee
6728-WYQBC,Segment 3: Short-Term High-Charge Users,0.5385278997410355,53.85%,Yes,Medium Risk,Month-to-month Contract; Low Tenure (0-12m)
9058-CBREO,Segment 3: Short-Term High-Charge Users,0.7694660255864,76.95%,Yes,High Risk,Month-to-month Contract; Low Tenure (0-12m); No Tech Support
9029-FEGVJ,Segment 3: Short-Term High-Charge Users,0.5414978850355504,54.15%,Yes,Medium Risk,Month-to-month Contract; No Tech Support; High Monthly Fee
7216-KAOID,Segment 1: Long-Term Committed Loyalists,0.01819107362632794,1.82%,No,Low Risk,Stable Account Profile
0318-QUUOB,Segment 3: Short-Term High-Charge Users,0.9230874737194076,92.31%,Yes,High Risk,Month-to-month Contract; Low Tenure (0-12m); Electronic Check Payment
6145-NNPNO,Segment 3: Short-Term High-Charge Users,0.7182176384829767,71.82%,Yes,High Risk,Month-to-month Contract; Low Tenure (0-12m); No Tech Support
5520-FVEWJ,Segment 3: Short-Term High-Charge Users,0.8005023283766264,80.05%,Yes,High Risk,Month-to-month Contract; Low Tenure (0-12m); Electronic Check Payment
5339-TJFEK,Segment 1: Long-Term Committed Loyalists,0.4480275337163776,44.8%,No,Medium Risk,Month-to-month Contract; Electronic Check Payment; No Tech Support
5572-ZDXHY,Segment 3: Short-Term High-Charge Users,0.6360561805018645,63.61%,Yes,High Risk,Month-to-month Contract; No Tech Support; High Monthly Fee
2074-GUHPQ,Segment 3: Short-Term High-Charge Users,0.5949475583865275,59.49%,Yes,Medium Risk,Month-to-month Contract; High Monthly Fee
4625-XMOYM,Segment 1: Long-Term Committed Loyalists,0.01185127728681839,1.19%,No,Low Risk,Stable Account Profile
5827-MWCZK,Segment 1: Long-Term Committed Loyalists,0.31876249371065146,31.88%,No,Medium Risk,Month-to-month Contract; High Monthly Fee
1385-TQOZW,Segment 3: Short-Term High-Charge Users,0.1929185523524533,19.29%,No,Low Risk,Month-to-month Contract; Low Tenure (0-12m)
5914-XRFQB,Segment 1: Long-Term Committed Loyalists,0.05152865465592279,5.15%,No,Low Risk,High Monthly Fee
4329-YPDDQ,Segment 3: Short-Term High-Charge Users,0.6469458678008897,64.69%,Yes,High Risk,Month-to-month Contract; High Monthly Fee
4804-NCPET,Segment 1: Long-Term Committed Loyalists,0.012304441994105419,1.23%,No,Low Risk,Stable Account Profile
3750-CKVKH,Segment 3: Short-Term High-Charge Users,0.7959188250188431,79.59%,Yes,High Risk,Month-to-month Contract; Low Tenure (0-12m); Electronic Check Payment
5944-UGLLK,Segment 1: Long-Term Committed Loyalists,0.16473512161771958,16.47%,No,Low Risk,Stable Account Profile
8063-GBATB,Segment 3: Short-Term High-Charge Users,0.7411396038560509,74.11%,Yes,High Risk,Month-to-month Contract; Electronic Check Payment; No Tech Support
7787-BNTZM,Segment 3: Short-Term High-Charge Users,0.24260584418205317,24.26%,No,Low Risk,Month-to-month Contract; Low Tenure (0-12m)
2252-ISRNH,Segment 3: Short-Term High-Charge Users,0.6442003997508065,64.42%,Yes,High Risk,Low Tenure (0-12m); Electronic Check Payment; No Tech Support
9415-TPKRV,Segment 3: Short-Term High-Charge Users,0.49872018273650137,49.87%,No,Medium Risk,Month-to-month Contract; Low Tenure (0-12m); Electronic Check Payment
5322-TEUJK,Segment 1: Long-Term Committed Loyalists,0.04855798622271442,4.86%,No,Low Risk,High Monthly Fee
4547-KQRTM,Segment 3: Short-Term High-Charge Users,0.8250443873319645,82.5%,Yes,High Risk,Month-to-month Contract; Low Tenure (0-12m); No Tech Support
4877-EVATK,Segment 3: Short-Term High-Charge Users,0.6833808905375772,68.34%,Yes,High Risk,Month-to-month Contract; Low Tenure (0-12m)
1866-DIOQZ,Segment 1: Long-Term Committed Loyalists,0.09079283404267238,9.08%,No,Low Risk,Stable Account Profile
8375-KVTHK,Segment 1: Long-Term Committed Loyalists,0.359059845389532,35.91%,No,Medium Risk,Electronic Check Payment; High Monthly Fee
2697-NQBPF,Segment 3: Short-Term High-Charge Users,0.6678321068776767,66.78%,Yes,High Risk,Month-to-month Contract; Electronic Check Payment; High Monthly Fee
3709-OIJEA,Segment 3: Short-Term High-Charge Users,0.495599250157327,49.56%,No,Medium Risk,Electronic Check Payment; High Monthly Fee
7639-SUPCW,Segment 3: Short-Term High-Charge Users,0.453074980136062,45.31%,No,Medium Risk,Month-to-month Contract; No Tech Support
1386-ZIKUV,Segment 3: Short-Term High-Charge Users,0.1606201198509493,16.06%,No,Low Risk,Month-to-month Contract; Low Tenure (0-12m)
0599-XNYDO,Segment 3: Short-Term High-Charge Users,0.6013617326007106,60.14%,Yes,High Risk,Month-to-month Contract; No Tech Support
6377-WHAOX,Segment 1: Long-Term Committed Loyalists,0.6110313113103628,61.1%,Yes,High Risk,Month-to-month Contract; Electronic Check Payment; No Tech Support
6855-VLGOS,Segment 1: Long-Term Committed Loyalists,0.015893772233900327,1.59%,No,Low Risk,Electronic Check Payment
8999-XXGNS,Segment 1: Long-Term Committed Loyalists,0.28125975782535173,28.13%,No,Low Risk,No Tech Support; High Monthly Fee
8746-OQQRW,Segment 3: Short-Term High-Charge Users,0.21626546479051204,21.63%,No,Low Risk,Month-to-month Contract; Low Tenure (0-12m)
3181-MIZBN,Segment 3: Short-Term High-Charge Users,0.3144159688153297,31.44%,No,Medium Risk,Month-to-month Contract; Electronic Check Payment
0471-ARVMX,Segment 1: Long-Term Committed Loyalists,0.46082363837533324,46.08%,No,Medium Risk,Electronic Check Payment; No Tech Support; High Monthly Fee
7766-CLTIC,Segment 3: Short-Term High-Charge Users,0.4401878105550093,44.02%,No,Medium Risk,Month-to-month Contract; Low Tenure (0-12m)
5650-YLIBA,Segment 3: Short-Term High-Charge Users,0.6922342393382481,69.22%,Yes,High Risk,Month-to-month Contract; Electronic Check Payment; No Tech Support
0825-CPPQH,Segment 1: Long-Term Committed Loyalists,0.016537165763921006,1.65%,No,Low Risk,Stable Account Profile
9084-OAYKL,Segment 1: Long-Term Committed Loyalists,0.02638332402855969,2.64%,No,Low Risk,Stable Account Profile
6122-LJADA,Segment 1: Long-Term Committed Loyalists,0.027302632095348476,2.73%,No,Low Risk,High Monthly Fee
2400-XIWIO,Segment 1: Long-Term Committed Loyalists,0.029994811116363547,3.0%,No,Low Risk,Electronic Check Payment; High Monthly Fee
7524-VRLPL,Segment 1: Long-Term Committed Loyalists,0.10369847492686778,10.37%,No,Low Risk,High Monthly Fee
1069-XAIEM,Segment 3: Short-Term High-Charge Users,0.932954858764071,93.3%,Yes,High Risk,Month-to-month Contract; Low Tenure (0-12m); Electronic Check Payment
7569-NMZYQ,Segment 1: Long-Term Committed Loyalists,0.07391319877479509,7.39%,No,Low Risk,High Monthly Fee
5201-USSQZ,Segment 3: Short-Term High-Charge Users,0.5276189198311527,52.76%,Yes,Medium Risk,Month-to-month Contract; High Monthly Fee
2105-PHWON,Segment 3: Short-Term High-Charge Users,0.5639366278485324,56.39%,Yes,Medium Risk,Month-to-month Contract; High Monthly Fee
1494-EJZDW,Segment 1: Long-Term Committed Loyalists,0.038512693807747904,3.85%,No,Low Risk,Low Tenure (0-12m)
4884-TVUQF,Segment 1: Long-Term Committed Loyalists,0.16816296921800178,16.82%,No,Low Risk,High Monthly Fee
8003-EWNDZ,Segment 3: Short-Term High-Charge Users,0.15132217037587656,15.13%,No,Low Risk,Month-to-month Contract; Low Tenure (0-12m); Electronic Check Payment
1897-RCFUM,Segment 1: Long-Term Committed Loyalists,0.038085175727635784,3.81%,No,Low Risk,Stable Account Profile
9256-JTBNZ,Segment 3: Short-Term High-Charge Users,0.24847061669807383,24.85%,No,Low Risk,Month-to-month Contract; Low Tenure (0-12m)
4658-HCOHW,Segment 3: Short-Term High-Charge Users,0.7516095033899277,75.16%,Yes,High Risk,Month-to-month Contract; Electronic Check Payment; High Monthly Fee
2211-RMNHO,Segment 1: Long-Term Committed Loyalists,0.036533847428108605,3.65%,No,Low Risk,High Monthly Fee
2432-TFSMK,Segment 3: Short-Term High-Charge Users,0.5077929359095787,50.78%,Yes,Medium Risk,No Tech Support; High Monthly Fee
3440-JPSCL,Segment 3: Short-Term High-Charge Users,0.8684845296320507,86.85%,Yes,High Risk,Month-to-month Contract; Low Tenure (0-12m); High Monthly Fee
4929-ROART,Segment 3: Short-Term High-Charge Users,0.34559380208887686,34.56%,No,Medium Risk,Month-to-month Contract; No Tech Support
1834-ABKHQ,Segment 1: Long-Term Committed Loyalists,0.1415948742502386,14.16%,No,Low Risk,No Tech Support
1741-WTPON,Segment 1: Long-Term Committed Loyalists,0.26704990552764307,26.7%,No,Low Risk,High Monthly Fee
3932-IJWDZ,Segment 1: Long-Term Committed Loyalists,0.5409225107373398,54.09%,Yes,Medium Risk,Month-to-month Contract; High Monthly Fee
1240-HCBOH,Segment 1: Long-Term Committed Loyalists,0.010241467872523734,1.02%,No,Low Risk,Stable Account Profile
3594-KADLU,Segment 3: Short-Term High-Charge Users,0.5809157413167408,58.09%,Yes,Medium Risk,Month-to-month Contract; Low Tenure (0-12m)
8065-BVEPF,Segment 1: Long-Term Committed Loyalists,0.44370529201235664,44.37%,No,Medium Risk,Month-to-month Contract; No Tech Support; High Monthly Fee
3796-ENZGF,Segment 1: Long-Term Committed Loyalists,0.044006212136564735,4.4%,No,Low Risk,Stable Account Profile
1734-ZMNTZ,Segment 1: Long-Term Committed Loyalists,0.05261194038772363,5.26%,No,Low Risk,Low Tenure (0-12m)
2853-CWQFQ,Segment 3: Short-Term High-Charge Users,0.6611594483996723,66.12%,Yes,High Risk,Month-to-month Contract; Low Tenure (0-12m)
0813-TAXXS,Segment 1: Long-Term Committed Loyalists,0.07459930865354604,7.46%,No,Low Risk,No Tech Support; High Monthly Fee
2519-TWKFS,Segment 1: Long-Term Committed Loyalists,0.21019154294016223,21.02%,No,Low Risk,Stable Account Profile
2889-FPWRM,Segment 1: Long-Term Committed Loyalists,0.5756022649837801,57.56%,Yes,Medium Risk,High Monthly Fee
0626-QXNGV,Segment 1: Long-Term Committed Loyalists,0.01023694873735255,1.02%,No,Low Risk,Stable Account Profile
6723-CEGQI,Segment 1: Long-Term Committed Loyalists,0.07573161423739025,7.57%,No,Low Risk,Stable Account Profile
6987-XQSJT,Segment 3: Short-Term High-Charge Users,0.5867692542666482,58.68%,Yes,Medium Risk,Month-to-month Contract; Electronic Check Payment; No Tech Support
4732-RRJZC,Segment 3: Short-Term High-Charge Users,0.1847481925287924,18.47%,No,Low Risk,Month-to-month Contract; Low Tenure (0-12m)
9499-XPZXM,Segment 1: Long-Term Committed Loyalists,0.06393157176368487,6.39%,No,Low Risk,Stable Account Profile
4338-EYCER,Segment 3: Short-Term High-Charge Users,0.40420182827240536,40.42%,No,Medium Risk,Month-to-month Contract; No Tech Support
3007-FDPEA,Segment 3: Short-Term High-Charge Users,0.22140911231632132,22.14%,No,Low Risk,Month-to-month Contract; Low Tenure (0-12m)
6350-XFYGW,Segment 3: Short-Term High-Charge Users,0.8849494493748912,88.49%,Yes,High Risk,Month-to-month Contract; Low Tenure (0-12m); Electronic Check Payment
4290-BSXUX,Segment 3: Short-Term High-Charge Users,0.8567187254626655,85.67%,Yes,High Risk,Month-to-month Contract; Low Tenure (0-12m); High Monthly Fee
8513-OLYGY,Segment 1: Long-Term Committed Loyalists,0.04544913480789565,4.54%,No,Low Risk,High Monthly Fee
0311-QYWSS,Segment 3: Short-Term High-Charge Users,0.6083400399318684,60.83%,Yes,High Risk,Month-to-month Contract; Low Tenure (0-12m); Electronic Check Payment
8705-DWKTI,Segment 3: Short-Term High-Charge Users,0.48672792023665484,48.67%,No,Medium Risk,Month-to-month Contract; No Tech Support; High Monthly Fee
8755-IWJHN,Segment 1: Long-Term Committed Loyalists,0.304915362684894,30.49%,No,Medium Risk,Month-to-month Contract; No Tech Support; High Monthly Fee
0325-XBFAC,Segment 3: Short-Term High-Charge Users,0.8781970833488142,87.82%,Yes,High Risk,Month-to-month Contract; Low Tenure (0-12m); Electronic Check Payment
4480-QQRHC,Segment 3: Short-Term High-Charge Users,0.7870772758443725,78.71%,Yes,High Risk,Month-to-month Contract; Low Tenure (0-12m); No Tech Support
0929-PECLO,Segment 1: Long-Term Committed Loyalists,0.26855129148591633,26.86%,No,Low Risk,Month-to-month Contract; No Tech Support; High Monthly Fee
3680-CTHUH,Segment 1: Long-Term Committed Loyalists,0.39514161912193263,39.51%,No,Medium Risk,High Monthly Fee
1202-KKGFU,Segment 3: Short-Term High-Charge Users,0.39684765015804807,39.68%,No,Medium Risk,Month-to-month Contract; Low Tenure (0-12m)
6112-KTHFQ,Segment 3: Short-Term High-Charge Users,0.17780137709386373,17.78%,No,Low Risk,Month-to-month Contract
1852-XEMDW,Segment 3: Short-Term High-Charge Users,0.3139181010664664,31.39%,No,Medium Risk,Month-to-month Contract; No Tech Support
2462-XIIJB,Segment 3: Short-Term High-Charge Users,0.8941713925398637,89.42%,Yes,High Risk,Month-to-month Contract; Low Tenure (0-12m); Electronic Check Payment
4760-XOHVN,Segment 3: Short-Term High-Charge Users,0.6613929588286208,66.14%,Yes,High Risk,Month-to-month Contract; Low Tenure (0-12m)
1820-DJFPH,Segment 1: Long-Term Committed Loyalists,0.008756014565419273,0.88%,No,Low Risk,Stable Account Profile
9426-SXNHE,Segment 3: Short-Term High-Charge Users,0.1871450898252739,18.71%,No,Low Risk,Month-to-month Contract; Low Tenure (0-12m)
9068-FHQHD,Segment 1: Long-Term Committed Loyalists,0.008421891362497273,0.84%,No,Low Risk,Stable Account Profile
1269-FOYWN,Segment 1: Long-Term Committed Loyalists,0.015489657032754478,1.55%,No,Low Risk,Stable Account Profile
9470-YFUYI,Segment 1: Long-Term Committed Loyalists,0.10234296964063314,10.23%,No,Low Risk,High Monthly Fee
7817-BOQPW,Segment 3: Short-Term High-Charge Users,0.8769674303019848,87.7%,Yes,High Risk,Month-to-month Contract; Low Tenure (0-12m); Electronic Check Payment
7402-EYFXX,Segment 3: Short-Term High-Charge Users,0.7820934138881813,78.21%,Yes,High Risk,Month-to-month Contract; Electronic Check Payment; No Tech Support
1853-UDXBW,Segment 3: Short-Term High-Charge Users,0.9218989292308064,92.19%,Yes,High Risk,Month-to-month Contract; Low Tenure (0-12m); Electronic Check Payment
9895-VFOXH,Segment 3: Short-Term High-Charge Users,0.6520931492782843,65.21%,Yes,High Risk,Month-to-month Contract; Low Tenure (0-12m); No Tech Support
5458-CQJTA,Segment 1: Long-Term Committed Loyalists,0.1753421975208486,17.53%,No,Low Risk,High Monthly Fee
1230-QAJDW,Segment 3: Short-Term High-Charge Users,0.4888246036143531,48.88%,No,Medium Risk,Month-to-month Contract; Low Tenure (0-12m)
5701-ZIKJE,Segment 3: Short-Term High-Charge Users,0.44964779007161326,44.96%,No,Medium Risk,Month-to-month Contract
5219-YIPTK,Segment 3: Short-Term High-Charge Users,0.7432139116249462,74.32%,Yes,High Risk,Month-to-month Contract; Electronic Check Payment; No Tech Support
5032-MIYKT,Segment 3: Short-Term High-Charge Users,0.886555771762141,88.66%,Yes,High Risk,Month-to-month Contract; Low Tenure (0-12m); No Tech Support
7396-VJUZB,Segment 3: Short-Term High-Charge Users,0.6555889062133866,65.56%,Yes,High Risk,Month-to-month Contract; Low Tenure (0-12m); No Tech Support
9717-QEBGU,Segment 3: Short-Term High-Charge Users,0.8213367103248139,82.13%,Yes,High Risk,Month-to-month Contract; Low Tenure (0-12m); Electronic Check Payment
5172-RKOCB,Segment 1: Long-Term Committed Loyalists,0.09444819097920316,9.44%,No,Low Risk,High Monthly Fee
6509-TSGWN,Segment 3: Short-Term High-Charge Users,0.0932021569020025,9.32%,No,Low Risk,Month-to-month Contract
3540-RZJYU,Segment 3: Short-Term High-Charge Users,0.6473121608416512,64.73%,Yes,High Risk,Month-to-month Contract; Electronic Check Payment; No Tech Support
3178-CIFOT,Segment 1: Long-Term Committed Loyalists,0.0230751087241094,2.31%,No,Low Risk,Stable Account Profile
2091-MJTFX,Segment 3: Short-Term High-Charge Users,0.318033015414308,31.8%,No,Medium Risk,Month-to-month Contract
4530-NDRKU,Segment 1: Long-Term Committed Loyalists,0.050324522162653866,5.03%,No,Low Risk,Electronic Check Payment
5985-TBABQ,Segment 1: Long-Term Committed Loyalists,0.17967896512088877,17.97%,No,Low Risk,No Tech Support; High Monthly Fee
9800-ONTFE,Segment 3: Short-Term High-Charge Users,0.6151833637987232,61.52%,Yes,High Risk,Month-to-month Contract; No Tech Support; High Monthly Fee
6743-HHQPF,Segment 3: Short-Term High-Charge Users,0.371997269124728,37.2%,No,Medium Risk,Month-to-month Contract; No Tech Support
8455-HIRAQ,Segment 3: Short-Term High-Charge Users,0.4947334192087591,49.47%,No,Medium Risk,Month-to-month Contract; Low Tenure (0-12m); No Tech Support
6616-AALSR,Segment 1: Long-Term Committed Loyalists,0.24074688523618537,24.07%,No,Low Risk,No Tech Support; High Monthly Fee
0883-EIBTI,Segment 3: Short-Term High-Charge Users,0.5771443938005699,57.71%,Yes,Medium Risk,Month-to-month Contract; Low Tenure (0-12m)
9415-ZNBSX,Segment 1: Long-Term Committed Loyalists,0.022355621887841945,2.24%,No,Low Risk,High Monthly Fee
4018-KJYUY,Segment 3: Short-Term High-Charge Users,0.10221111135026387,10.22%,No,Low Risk,Month-to-month Contract
0722-TROQR,Segment 3: Short-Term High-Charge Users,0.8662671687966874,86.63%,Yes,High Risk,Month-to-month Contract; Low Tenure (0-12m); Electronic Check Payment
7571-YXDAD,Segment 3: Short-Term High-Charge Users,0.8311307865883577,83.11%,Yes,High Risk,Month-to-month Contract; Low Tenure (0-12m); No Tech Support
3884-UEBXB,Segment 1: Long-Term Committed Loyalists,0.06898897944287073,6.9%,No,Low Risk,No Tech Support
8780-RSYYU,Segment 3: Short-Term High-Charge Users,0.11320832956342668,11.32%,No,Low Risk,Month-to-month Contract
5537-UXXVS,Segment 3: Short-Term High-Charge Users,0.1957564561988556,19.58%,No,Low Risk,Month-to-month Contract
1791-PQHBB,Segment 3: Short-Term High-Charge Users,0.6084809956029665,60.85%,Yes,High Risk,Month-to-month Contract; Low Tenure (0-12m); No Tech Support
8701-DGLVH,Segment 1: Long-Term Committed Loyalists,0.03801976872174472,3.8%,No,Low Risk,Stable Account Profile
8741-LQOBK,Segment 3: Short-Term High-Charge Users,0.3815426998458645,38.15%,No,Medium Risk,Month-to-month Contract; No Tech Support
3393-FMZPV,Segment 3: Short-Term High-Charge Users,0.796881277631947,79.69%,Yes,High Risk,Month-to-month Contract; Electronic Check Payment; No Tech Support
8082-GHXOP,Segment 3: Short-Term High-Charge Users,0.3967729484909118,39.68%,No,Medium Risk,Month-to-month Contract; No Tech Support
6402-ZFPPI,Segment 3: Short-Term High-Charge Users,0.7514249377041597,75.14%,Yes,High Risk,Month-to-month Contract; No Tech Support; High Monthly Fee
0980-FEXWF,Segment 1: Long-Term Committed Loyalists,0.20189300549816405,20.19%,No,Low Risk,No Tech Support
7486-KSRVI,Segment 1: Long-Term Committed Loyalists,0.5825361925214274,58.25%,Yes,Medium Risk,Electronic Check Payment; High Monthly Fee
3011-WQKSZ,Segment 3: Short-Term High-Charge Users,0.34321047330129945,34.32%,No,Medium Risk,Month-to-month Contract; Electronic Check Payment
8443-WVPSS,Segment 3: Short-Term High-Charge Users,0.8502422262244971,85.02%,Yes,High Risk,Month-to-month Contract; Low Tenure (0-12m); Electronic Check Payment
3006-XIMLN,Segment 3: Short-Term High-Charge Users,0.8857473732703499,88.57%,Yes,High Risk,Month-to-month Contract; Low Tenure (0-12m); No Tech Support
8218-FFJDS,Segment 1: Long-Term Committed Loyalists,0.023410136617496476,2.34%,No,Low Risk,High Monthly Fee
1986-PHGZF,Segment 3: Short-Term High-Charge Users,0.4165150820374984,41.65%,No,Medium Risk,Month-to-month Contract; No Tech Support
9965-YOKZB,Segment 3: Short-Term High-Charge Users,0.864344516124907,86.43%,Yes,High Risk,Month-to-month Contract; Low Tenure (0-12m); Electronic Check Payment
0504-HHAPI,Segment 3: Short-Term High-Charge Users,0.6131409488529822,61.31%,Yes,High Risk,Month-to-month Contract; No Tech Support; High Monthly Fee
9360-OMDZZ,Segment 3: Short-Term High-Charge Users,0.7801458812518107,78.01%,Yes,High Risk,Month-to-month Contract; Electronic Check Payment; No Tech Support
6305-YLBMM,Segment 1: Long-Term Committed Loyalists,0.5089071725293485,50.89%,Yes,Medium Risk,High Monthly Fee
0345-XMMUG,Segment 1: Long-Term Committed Loyalists,0.3381539417572904,33.82%,No,Medium Risk,High Monthly Fee
8024-XNAFQ,Segment 1: Long-Term Committed Loyalists,0.13770182058776473,13.77%,No,Low Risk,High Monthly Fee
3647-GMGDH,Segment 3: Short-Term High-Charge Users,0.7092991020990327,70.93%,Yes,High Risk,Month-to-month Contract; No Tech Support; High Monthly Fee
2988-GBIVW,Segment 1: Long-Term Committed Loyalists,0.2819554601225492,28.2%,No,Low Risk,Month-to-month Contract; Electronic Check Payment; No Tech Support
2832-SCUCO,Segment 3: Short-Term High-Charge Users,0.21526901873104018,21.53%,No,Low Risk,Month-to-month Contract; Low Tenure (0-12m); Electronic Check Payment
7036-ZZKBD,Segment 3: Short-Term High-Charge Users,0.24458383511345255,24.46%,No,Low Risk,Month-to-month Contract
3791-LGQCY,Segment 1: Long-Term Committed Loyalists,0.6010357721914884,60.1%,Yes,High Risk,Month-to-month Contract; No Tech Support; High Monthly Fee
0265-PSUAE,Segment 3: Short-Term High-Charge Users,0.7029125816720597,70.29%,Yes,High Risk,Month-to-month Contract; No Tech Support; High Monthly Fee
0463-TXOAK,Segment 1: Long-Term Committed Loyalists,0.06518407876857146,6.52%,No,Low Risk,Stable Account Profile
0594-UFTUL,Segment 3: Short-Term High-Charge Users,0.19607116626636462,19.61%,No,Low Risk,Month-to-month Contract
9509-MPYOD,Segment 1: Long-Term Committed Loyalists,0.016547498170820026,1.65%,No,Low Risk,Stable Account Profile
9128-CPXKI,Segment 1: Long-Term Committed Loyalists,0.3852298237241341,38.52%,No,Medium Risk,Electronic Check Payment; No Tech Support; High Monthly Fee
0129-KPTWJ,Segment 1: Long-Term Committed Loyalists,0.3478702342459729,34.79%,No,Medium Risk,Month-to-month Contract; Electronic Check Payment; No Tech Support
8166-ZZTFS,Segment 1: Long-Term Committed Loyalists,0.30491607517782476,30.49%,No,Medium Risk,No Tech Support; High Monthly Fee
5855-EIBDE,Segment 1: Long-Term Committed Loyalists,0.22265168738603744,22.27%,No,Low Risk,High Monthly Fee
5365-LLFYV,Segment 3: Short-Term High-Charge Users,0.7527576124041201,75.28%,Yes,High Risk,Month-to-month Contract; Low Tenure (0-12m); No Tech Support
5956-YHHRX,Segment 3: Short-Term High-Charge Users,0.7848389652483646,78.48%,Yes,High Risk,Month-to-month Contract; Electronic Check Payment; No Tech Support
6008-NAIXK,Segment 1: Long-Term Committed Loyalists,0.3630757685858933,36.31%,No,Medium Risk,Electronic Check Payment; No Tech Support
2956-GGUCQ,Segment 3: Short-Term High-Charge Users,0.6701338673636302,67.01%,Yes,High Risk,Month-to-month Contract; Electronic Check Payment; No Tech Support
1928-BXYIV,Segment 3: Short-Term High-Charge Users,0.6114767759176176,61.15%,Yes,High Risk,Month-to-month Contract; Low Tenure (0-12m); Electronic Check Payment
5760-FXFVO,Segment 3: Short-Term High-Charge Users,0.7769825288777632,77.7%,Yes,High Risk,Month-to-month Contract; Low Tenure (0-12m); Electronic Check Payment
6595-COKXZ,Segment 3: Short-Term High-Charge Users,0.7578673777594133,75.79%,Yes,High Risk,Month-to-month Contract; Low Tenure (0-12m); No Tech Support
0961-ZWLVI,Segment 1: Long-Term Committed Loyalists,0.47443880059775695,47.44%,No,Medium Risk,No Tech Support; High Monthly Fee
5181-OABFK,Segment 1: Long-Term Committed Loyalists,0.06728619380592532,6.73%,No,Low Risk,No Tech Support
4007-NHVHI,Segment 3: Short-Term High-Charge Users,0.48131433615059904,48.13%,No,Medium Risk,Month-to-month Contract; Electronic Check Payment; No Tech Support
7816-VGHTO,Segment 1: Long-Term Committed Loyalists,0.13083187051218098,13.08%,No,Low Risk,Low Tenure (0-12m)
5871-DGTXZ,Segment 1: Long-Term Committed Loyalists,0.015455093361975465,1.55%,No,Low Risk,Stable Account Profile
7550-WIQVA,Segment 1: Long-Term Committed Loyalists,0.4885367789134845,48.85%,No,Medium Risk,Electronic Check Payment; No Tech Support; High Monthly Fee
7544-ZVIKX,Segment 1: Long-Term Committed Loyalists,0.49609354377527554,49.61%,No,Medium Risk,High Monthly Fee
0016-QLJIS,Segment 1: Long-Term Committed Loyalists,0.02216274616904663,2.22%,No,Low Risk,High Monthly Fee
7508-DQAKK,Segment 1: Long-Term Committed Loyalists,0.03237028462540711,3.24%,No,Low Risk,High Monthly Fee
5176-OLSKT,Segment 1: Long-Term Committed Loyalists,0.046754928425015545,4.68%,No,Low Risk,No Tech Support
9356-AXGMP,Segment 1: Long-Term Committed Loyalists,0.49919204006878837,49.92%,No,Medium Risk,Electronic Check Payment; High Monthly Fee
3556-BVQGL,Segment 1: Long-Term Committed Loyalists,0.02674889419963052,2.67%,No,Low Risk,Stable Account Profile
0362-ZBZWJ,Segment 3: Short-Term High-Charge Users,0.7052090676048263,70.52%,Yes,High Risk,Month-to-month Contract; Electronic Check Payment; No Tech Support
8979-CAMGB,Segment 1: Long-Term Committed Loyalists,0.48473363884486387,48.47%,No,Medium Risk,Electronic Check Payment; High Monthly Fee
4211-MMAZN,Segment 3: Short-Term High-Charge Users,0.5262425484427868,52.62%,Yes,Medium Risk,Month-to-month Contract; Low Tenure (0-12m)
7581-EBBOU,Segment 1: Long-Term Committed Loyalists,0.11402027280010392,11.4%,No,Low Risk,High Monthly Fee
4274-OWWYO,Segment 3: Short-Term High-Charge Users,0.9166325341304971,91.66%,Yes,High Risk,Month-to-month Contract; Low Tenure (0-12m); Electronic Check Payment
5073-RZGBK,Segment 1: Long-Term Committed Loyalists,0.19065626370986816,19.07%,No,Low Risk,High Monthly Fee
1541-ETJZO,Segment 3: Short-Term High-Charge Users,0.6533468906077058,65.33%,Yes,High Risk,Month-to-month Contract; Low Tenure (0-12m)
2192-CKRLV,Segment 1: Long-Term Committed Loyalists,0.22600475305625045,22.6%,No,Low Risk,Electronic Check Payment; No Tech Support
3154-HMWUU,Segment 1: Long-Term Committed Loyalists,0.016496210797021474,1.65%,No,Low Risk,Stable Account Profile
6119-SPUDB,Segment 1: Long-Term Committed Loyalists,0.07803269372706331,7.8%,No,Low Risk,Stable Account Profile
6522-OIQSX,Segment 1: Long-Term Committed Loyalists,0.09893955883362864,9.89%,No,Low Risk,No Tech Support
7813-ZGGAW,Segment 3: Short-Term High-Charge Users,0.5691139363891982,56.91%,Yes,Medium Risk,Month-to-month Contract; High Monthly Fee
8748-HFWBO,Segment 1: Long-Term Committed Loyalists,0.041444958549918115,4.14%,No,Low Risk,Stable Account Profile
1052-QJIBV,Segment 1: Long-Term Committed Loyalists,0.006204951378463156,0.62%,No,Low Risk,Stable Account Profile
1319-YLZJG,Segment 3: Short-Term High-Charge Users,0.7376576050936887,73.77%,Yes,High Risk,Month-to-month Contract; Low Tenure (0-12m); Electronic Check Payment
4106-HADHQ,Segment 1: Long-Term Committed Loyalists,0.38435094050646995,38.44%,No,Medium Risk,High Monthly Fee
0723-FDLAY,Segment 1: Long-Term Committed Loyalists,0.2953456308956262,29.53%,No,Low Risk,High Monthly Fee
3050-RLLXC,Segment 1: Long-Term Committed Loyalists,0.04820696121069278,4.82%,No,Low Risk,High Monthly Fee
9298-WGMRW,Segment 1: Long-Term Committed Loyalists,0.052937469210168384,5.29%,No,Low Risk,High Monthly Fee
2369-UAPKZ,Segment 3: Short-Term High-Charge Users,0.8690887854562995,86.91%,Yes,High Risk,Month-to-month Contract; Low Tenure (0-12m); No Tech Support
3088-LHEFH,Segment 3: Short-Term High-Charge Users,0.6640584025658307,66.41%,Yes,High Risk,Month-to-month Contract; Low Tenure (0-12m); No Tech Support
2778-OCLGR,Segment 3: Short-Term High-Charge Users,0.4976933864915307,49.77%,No,Medium Risk,Month-to-month Contract; No Tech Support
6583-KQJLK,Segment 3: Short-Term High-Charge Users,0.7897789183523095,78.98%,Yes,High Risk,Month-to-month Contract; Electronic Check Payment; No Tech Support
8544-JNBOX,Segment 1: Long-Term Committed Loyalists,0.013785743203140279,1.38%,No,Low Risk,Stable Account Profile
6681-ZSEXG,Segment 1: Long-Term Committed Loyalists,0.06746773700496445,6.75%,No,Low Risk,No Tech Support
6139-ZZRBQ,Segment 1: Long-Term Committed Loyalists,0.02150548177455746,2.15%,No,Low Risk,Stable Account Profile
6116-RFVHN,Segment 3: Short-Term High-Charge Users,0.7278954578245582,72.79%,Yes,High Risk,Month-to-month Contract; Electronic Check Payment; No Tech Support
0637-KVDLV,Segment 3: Short-Term High-Charge Users,0.8798363499011729,87.98%,Yes,High Risk,Month-to-month Contract; Low Tenure (0-12m); Electronic Check Payment
8884-FEEWR,Segment 1: Long-Term Committed Loyalists,0.017677490974783647,1.77%,No,Low Risk,Stable Account Profile
3125-RAHBV,Segment 1: Long-Term Committed Loyalists,0.01841295308608881,1.84%,No,Low Risk,Stable Account Profile
6633-MPWBS,Segment 3: Short-Term High-Charge Users,0.7241601585570496,72.42%,Yes,High Risk,Month-to-month Contract; Low Tenure (0-12m); Electronic Check Payment
0373-AIVNJ,Segment 1: Long-Term Committed Loyalists,0.22209798749619702,22.21%,No,Low Risk,Low Tenure (0-12m); No Tech Support
8785-EPNCG,Segment 3: Short-Term High-Charge Users,0.3896555732694118,38.97%,No,Medium Risk,Month-to-month Contract; Low Tenure (0-12m)
1682-VCOIO,Segment 1: Long-Term Committed Loyalists,0.01162567757824283,1.16%,No,Low Risk,Stable Account Profile
5729-KLZAR,Segment 3: Short-Term High-Charge Users,0.8193299994834297,81.93%,Yes,High Risk,Month-to-month Contract; Low Tenure (0-12m); Electronic Check Payment
2072-ZVJJX,Segment 1: Long-Term Committed Loyalists,0.0093806539301036,0.94%,No,Low Risk,Stable Account Profile
8849-AYPTR,Segment 3: Short-Term High-Charge Users,0.6043748146435036,60.44%,Yes,High Risk,Month-to-month Contract; Electronic Check Payment; No Tech Support
9518-IMLHK,Segment 3: Short-Term High-Charge Users,0.22449196177004485,22.45%,No,Low Risk,Month-to-month Contract; High Monthly Fee
1582-RAFML,Segment 3: Short-Term High-Charge Users,0.6562564365102034,65.63%,Yes,High Risk,Month-to-month Contract; Low Tenure (0-12m)
3646-ITDGM,Segment 1: Long-Term Committed Loyalists,0.09025748869630958,9.03%,No,Low Risk,Stable Account Profile
8740-CRYFY,Segment 3: Short-Term High-Charge Users,0.9283051835763394,92.83%,Yes,High Risk,Month-to-month Contract; Low Tenure (0-12m); Electronic Check Payment
3569-VLDHH,Segment 1: Long-Term Committed Loyalists,0.1302044948102874,13.02%,No,Low Risk,Electronic Check Payment; High Monthly Fee
8224-KDLKN,Segment 1: Long-Term Committed Loyalists,0.007172231521894698,0.72%,No,Low Risk,Stable Account Profile
7594-LZNWR,Segment 3: Short-Term High-Charge Users,0.4966054049428156,49.66%,No,Medium Risk,Month-to-month Contract; No Tech Support
4001-TSBTV,Segment 3: Short-Term High-Charge Users,0.4481344741482747,44.81%,No,Medium Risk,Month-to-month Contract; Electronic Check Payment; No Tech Support
2962-XPMCQ,Segment 3: Short-Term High-Charge Users,0.7938588564702646,79.39%,Yes,High Risk,Month-to-month Contract; Low Tenure (0-12m); Electronic Check Payment
8727-XDPUD,Segment 1: Long-Term Committed Loyalists,0.1745799685382694,17.46%,No,Low Risk,No Tech Support
1043-UXOVO,Segment 1: Long-Term Committed Loyalists,0.06130632126800356,6.13%,No,Low Risk,High Monthly Fee
1064-FBXNK,Segment 1: Long-Term Committed Loyalists,0.15050073107553844,15.05%,No,Low Risk,Low Tenure (0-12m)
3996-ZNWYK,Segment 1: Long-Term Committed Loyalists,0.011667549297171313,1.17%,No,Low Risk,Stable Account Profile
2878-DHMIN,Segment 1: Long-Term Committed Loyalists,0.015729467870650167,1.57%,No,Low Risk,Electronic Check Payment
7762-ONLJY,Segment 1: Long-Term Committed Loyalists,0.12189462305059405,12.19%,No,Low Risk,Low Tenure (0-12m)
1678-FYZOW,Segment 3: Short-Term High-Charge Users,0.8531878661896205,85.32%,Yes,High Risk,Month-to-month Contract; Low Tenure (0-12m); Electronic Check Payment
5795-BKOYE,Segment 1: Long-Term Committed Loyalists,0.10433731038061382,10.43%,No,Low Risk,Stable Account Profile
8627-EHGIP,Segment 1: Long-Term Committed Loyalists,0.3880809802166685,38.81%,No,Medium Risk,No Tech Support
7402-PWYJJ,Segment 1: Long-Term Committed Loyalists,0.28888501671674244,28.89%,No,Low Risk,Electronic Check Payment; High Monthly Fee
5480-TBGPH,Segment 3: Short-Term High-Charge Users,0.7196121291713534,71.96%,Yes,High Risk,Month-to-month Contract; No Tech Support; High Monthly Fee
0018-NYROU,Segment 3: Short-Term High-Charge Users,0.7413744422625906,74.14%,Yes,High Risk,Month-to-month Contract; Low Tenure (0-12m); Electronic Check Payment
7501-VTYLJ,Segment 3: Short-Term High-Charge Users,0.6943314442724042,69.43%,Yes,High Risk,Month-to-month Contract; Low Tenure (0-12m); No Tech Support
7608-RGIRO,Segment 1: Long-Term Committed Loyalists,0.024855760940567295,2.49%,No,Low Risk,Stable Account Profile
0480-BIXDE,Segment 3: Short-Term High-Charge Users,0.787233323542369,78.72%,Yes,High Risk,Month-to-month Contract; Electronic Check Payment; No Tech Support
5895-QSXOD,Segment 3: Short-Term High-Charge Users,0.6239124734651859,62.39%,Yes,High Risk,Month-to-month Contract; Low Tenure (0-12m); No Tech Support
9814-AOUDH,Segment 1: Long-Term Committed Loyalists,0.09224668274847203,9.22%,No,Low Risk,Stable Account Profile
6175-IRFIT,Segment 3: Short-Term High-Charge Users,0.8090123003117552,80.9%,Yes,High Risk,Month-to-month Contract; Low Tenure (0-12m); No Tech Support
8760-ZRHKE,Segment 1: Long-Term Committed Loyalists,0.13732615493097677,13.73%,No,Low Risk,Electronic Check Payment; No Tech Support
1622-HSHSF,Segment 3: Short-Term High-Charge Users,0.5978203564793062,59.78%,Yes,Medium Risk,Month-to-month Contract; Low Tenure (0-12m)
8854-CCVSQ,Segment 3: Short-Term High-Charge Users,0.7444273092926398,74.44%,Yes,High Risk,Month-to-month Contract; Electronic Check Payment; No Tech Support
6749-UTDVX,Segment 1: Long-Term Committed Loyalists,0.3479476598075417,34.79%,No,Medium Risk,Electronic Check Payment; No Tech Support; High Monthly Fee
5542-DHSXL,Segment 3: Short-Term High-Charge Users,0.5064582937127903,50.65%,Yes,Medium Risk,Month-to-month Contract; Low Tenure (0-12m); No Tech Support
9102-OXKFY,Segment 1: Long-Term Committed Loyalists,0.09352582574516495,9.35%,No,Low Risk,No Tech Support
0511-JTEOY,Segment 3: Short-Term High-Charge Users,0.8814296647458438,88.14%,Yes,High Risk,Month-to-month Contract; Low Tenure (0-12m); No Tech Support
5216-WASFJ,Segment 3: Short-Term High-Charge Users,0.7098002257668451,70.98%,Yes,High Risk,Month-to-month Contract; Electronic Check Payment; No Tech Support
7808-DVWEP,Segment 3: Short-Term High-Charge Users,0.23704016683084347,23.7%,No,Low Risk,Month-to-month Contract; Low Tenure (0-12m)
7067-KSAZT,Segment 1: Long-Term Committed Loyalists,0.5180684827809141,51.81%,Yes,Medium Risk,Electronic Check Payment; No Tech Support; High Monthly Fee
2284-VFLKH,Segment 1: Long-Term Committed Loyalists,0.4226413156007644,42.26%,No,Medium Risk,High Monthly Fee
0366-NQSHS,Segment 3: Short-Term High-Charge Users,0.18131855468583152,18.13%,No,Low Risk,Month-to-month Contract; Low Tenure (0-12m)
6532-YLWSI,Segment 1: Long-Term Committed Loyalists,0.290539373450643,29.05%,No,Low Risk,Stable Account Profile
3807-BPOMJ,Segment 1: Long-Term Committed Loyalists,0.3629119283812503,36.29%,No,Medium Risk,Electronic Check Payment; No Tech Support; High Monthly Fee
3892-NXAZG,Segment 1: Long-Term Committed Loyalists,0.035739478297327106,3.57%,No,Low Risk,High Monthly Fee
4948-WBBKL,Segment 3: Short-Term High-Charge Users,0.6260595339639711,62.61%,Yes,High Risk,Month-to-month Contract; No Tech Support; High Monthly Fee
4182-BGSIQ,Segment 3: Short-Term High-Charge Users,0.20979730657042509,20.98%,No,Low Risk,Month-to-month Contract; Low Tenure (0-12m)
9300-AGZNL,Segment 3: Short-Term High-Charge Users,0.9417005330011279,94.17%,Yes,High Risk,Month-to-month Contract; Low Tenure (0-12m); Electronic Check Payment
0988-AADSA,Segment 1: Long-Term Committed Loyalists,0.030858303573066573,3.09%,No,Low Risk,High Monthly Fee
9972-NKTFD,Segment 3: Short-Term High-Charge Users,0.2389017716963286,23.89%,No,Low Risk,Month-to-month Contract
3717-LNXKW,Segment 3: Short-Term High-Charge Users,0.5181046971457605,51.81%,Yes,Medium Risk,Month-to-month Contract; No Tech Support; High Monthly Fee
5734-EJKXG,Segment 1: Long-Term Committed Loyalists,0.32620715535666833,32.62%,No,Medium Risk,Electronic Check Payment; High Monthly Fee
2207-RYYRL,Segment 1: Long-Term Committed Loyalists,0.027048877673544868,2.7%,No,Low Risk,Stable Account Profile
6729-FZWSY,Segment 1: Long-Term Committed Loyalists,0.07307583813361465,7.31%,No,Low Risk,Stable Account Profile
9695-IDRZR,Segment 1: Long-Term Committed Loyalists,0.17428521598361435,17.43%,No,Low Risk,High Monthly Fee
8144-DGHXP,Segment 1: Long-Term Committed Loyalists,0.06253374787597572,6.25%,No,Low Risk,Electronic Check Payment; High Monthly Fee
7814-LEEVE,Segment 3: Short-Term High-Charge Users,0.5665878685013176,56.66%,Yes,Medium Risk,Month-to-month Contract; Low Tenure (0-12m)
1112-CUNAO,Segment 3: Short-Term High-Charge Users,0.7377448950020004,73.77%,Yes,High Risk,Month-to-month Contract; Electronic Check Payment; No Tech Support
5175-AOBHI,Segment 3: Short-Term High-Charge Users,0.7090474774915687,70.9%,Yes,High Risk,Month-to-month Contract; Low Tenure (0-12m); No Tech Support
5174-RNGBH,Segment 3: Short-Term High-Charge Users,0.49814483652241137,49.81%,No,Medium Risk,Month-to-month Contract; Low Tenure (0-12m)
8631-WUXGY,Segment 3: Short-Term High-Charge Users,0.5995655268077751,59.96%,Yes,Medium Risk,Month-to-month Contract; Electronic Check Payment; No Tech Support
7270-BDIOA,Segment 3: Short-Term High-Charge Users,0.7471575990044114,74.72%,Yes,High Risk,Month-to-month Contract; Electronic Check Payment; High Monthly Fee
9565-JSNFM,Segment 1: Long-Term Committed Loyalists,0.3128476450129228,31.28%,No,Medium Risk,No Tech Support; High Monthly Fee
5906-DVAPM,Segment 1: Long-Term Committed Loyalists,0.09209753294105825,9.21%,No,Low Risk,High Monthly Fee
6654-QGBZZ,Segment 3: Short-Term High-Charge Users,0.6545330160288991,65.45%,Yes,High Risk,Month-to-month Contract; Low Tenure (0-12m)
8348-JLBUG,Segment 1: Long-Term Committed Loyalists,0.14727685335441595,14.73%,No,Low Risk,No Tech Support; High Monthly Fee
0607-DAAHE,Segment 1: Long-Term Committed Loyalists,0.24022222664601783,24.02%,No,Low Risk,Stable Account Profile
5641-DMBFJ,Segment 1: Long-Term Committed Loyalists,0.054205955442913935,5.42%,No,Low Risk,Electronic Check Payment; High Monthly Fee
9200-NLNPD,Segment 1: Long-Term Committed Loyalists,0.19564837977779356,19.56%,No,Low Risk,Stable Account Profile
2664-XJZNO,Segment 1: Long-Term Committed Loyalists,0.121464130678823,12.15%,No,Low Risk,High Monthly Fee
9732-KPKBW,Segment 3: Short-Term High-Charge Users,0.6703529415576414,67.04%,Yes,High Risk,Month-to-month Contract; Low Tenure (0-12m); Electronic Check Payment
3339-EAQNV,Segment 1: Long-Term Committed Loyalists,0.24861829256795645,24.86%,No,Low Risk,No Tech Support; High Monthly Fee
0921-OHLVP,Segment 3: Short-Term High-Charge Users,0.6512538587813391,65.13%,Yes,High Risk,Month-to-month Contract; Electronic Check Payment; No Tech Support
3389-YGYAI,Segment 3: Short-Term High-Charge Users,0.8939026742883366,89.39%,Yes,High Risk,Month-to-month Contract; Low Tenure (0-12m); Electronic Check Payment
9560-ARGQJ,Segment 3: Short-Term High-Charge Users,0.7544250426668861,75.44%,Yes,High Risk,Month-to-month Contract; Electronic Check Payment; No Tech Support
8350-NYMVI,Segment 3: Short-Term High-Charge Users,0.3384081846700504,33.84%,No,Medium Risk,Month-to-month Contract
1600-DILPE,Segment 3: Short-Term High-Charge Users,0.5127267878974974,51.27%,Yes,Medium Risk,Month-to-month Contract; Low Tenure (0-12m); No Tech Support
0536-ESJEP,Segment 1: Long-Term Committed Loyalists,0.060687090220702324,6.07%,No,Low Risk,No Tech Support; High Monthly Fee
4654-GGUII,Segment 1: Long-Term Committed Loyalists,0.19165186212155275,19.17%,No,Low Risk,Stable Account Profile
6478-HRRCZ,Segment 1: Long-Term Committed Loyalists,0.16335776076143987,16.34%,No,Low Risk,High Monthly Fee
8510-BBWMU,Segment 1: Long-Term Committed Loyalists,0.014455969351764901,1.45%,No,Low Risk,Stable Account Profile
6857-TKDJV,Segment 1: Long-Term Committed Loyalists,0.006554097630726645,0.66%,No,Low Risk,Stable Account Profile
2360-RDGRO,Segment 1: Long-Term Committed Loyalists,0.48234578168774456,48.23%,No,Medium Risk,Month-to-month Contract; Electronic Check Payment; No Tech Support
0584-BJQGZ,Segment 3: Short-Term High-Charge Users,0.24249639326772082,24.25%,No,Low Risk,Month-to-month Contract; High Monthly Fee
5134-IKDAY,Segment 3: Short-Term High-Charge Users,0.925877950721758,92.59%,Yes,High Risk,Month-to-month Contract; Low Tenure (0-12m); Electronic Check Payment
1360-XFJMR,Segment 1: Long-Term Committed Loyalists,0.3892737602953187,38.93%,No,Medium Risk,High Monthly Fee
3070-DVEYC,Segment 3: Short-Term High-Charge Users,0.8158557896084232,81.59%,Yes,High Risk,Month-to-month Contract; Low Tenure (0-12m); No Tech Support
5730-RIITO,Segment 3: Short-Term High-Charge Users,0.4200390023790142,42.0%,No,Medium Risk,Month-to-month Contract; No Tech Support
9058-MJLZC,Segment 3: Short-Term High-Charge Users,0.7069690584958644,70.7%,Yes,High Risk,Month-to-month Contract; Electronic Check Payment; No Tech Support
5707-ORNDZ,Segment 3: Short-Term High-Charge Users,0.5820432927901965,58.2%,Yes,Medium Risk,Month-to-month Contract; Low Tenure (0-12m); Electronic Check Payment
0902-XKXPN,Segment 1: Long-Term Committed Loyalists,0.0067464548161472815,0.67%,No,Low Risk,Stable Account Profile
5177-RVZNU,Segment 1: Long-Term Committed Loyalists,0.01976941851686307,1.98%,No,Low Risk,Stable Account Profile
0056-EPFBG,Segment 1: Long-Term Committed Loyalists,0.08625782395418392,8.63%,No,Low Risk,Stable Account Profile
8993-IZEUX,Segment 3: Short-Term High-Charge Users,0.6831919081115901,68.32%,Yes,High Risk,Month-to-month Contract; Low Tenure (0-12m); No Tech Support
8696-JKZNU,Segment 3: Short-Term High-Charge Users,0.6785531831545226,67.86%,Yes,High Risk,Month-to-month Contract; Electronic Check Payment; No Tech Support
5380-AFSSK,Segment 3: Short-Term High-Charge Users,0.9072847225672634,90.73%,Yes,High Risk,Month-to-month Contract; Low Tenure (0-12m); No Tech Support
8190-ZTQFB,Segment 1: Long-Term Committed Loyalists,0.30958695879540665,30.96%,No,Medium Risk,Electronic Check Payment; No Tech Support
0931-MHTEM,Segment 1: Long-Term Committed Loyalists,0.4219581300299194,42.2%,No,Medium Risk,No Tech Support; High Monthly Fee
2055-PDADH,Segment 3: Short-Term High-Charge Users,0.8230834774199077,82.31%,Yes,High Risk,Month-to-month Contract; Low Tenure (0-12m); Electronic Check Payment
7515-LODFU,Segment 1: Long-Term Committed Loyalists,0.011126206093987215,1.11%,No,Low Risk,Stable Account Profile
0440-UEDAI,Segment 1: Long-Term Committed Loyalists,0.2985685878489107,29.86%,No,Low Risk,High Monthly Fee
1337-BOZWO,Segment 1: Long-Term Committed Loyalists,0.2864554936403124,28.65%,No,Low Risk,No Tech Support
0868-VJRDR,Segment 1: Long-Term Committed Loyalists,0.19722832813875216,19.72%,No,Low Risk,High Monthly Fee
8714-EUHJO,Segment 3: Short-Term High-Charge Users,0.6420905162587651,64.21%,Yes,High Risk,Month-to-month Contract; Electronic Check Payment; No Tech Support
6344-SFJVH,Segment 3: Short-Term High-Charge Users,0.3950599013577984,39.51%,No,Medium Risk,Month-to-month Contract; No Tech Support
3950-VPYJB,Segment 1: Long-Term Committed Loyalists,0.1010212101469419,10.1%,No,Low Risk,Stable Account Profile
8041-TMEID,Segment 1: Long-Term Committed Loyalists,0.2579284984290755,25.79%,No,Low Risk,No Tech Support; High Monthly Fee
7321-ZNSLA,Segment 1: Long-Term Committed Loyalists,0.07207774657193819,7.21%,No,Low Risk,Stable Account Profile
6941-KXRRV,Segment 1: Long-Term Committed Loyalists,0.25243712713443484,25.24%,No,Low Risk,No Tech Support
3721-CNEYS,Segment 3: Short-Term High-Charge Users,0.8323600830917945,83.24%,Yes,High Risk,Month-to-month Contract; Low Tenure (0-12m); Electronic Check Payment
8727-JQFHV,Segment 1: Long-Term Committed Loyalists,0.02601557597235903,2.6%,No,Low Risk,Stable Account Profile
9475-NNDGC,Segment 1: Long-Term Committed Loyalists,0.3311014315236015,33.11%,No,Medium Risk,High Monthly Fee
1355-KUSBG,Segment 3: Short-Term High-Charge Users,0.5830068139383983,58.3%,Yes,Medium Risk,Month-to-month Contract; Low Tenure (0-12m); Electronic Check Payment
3688-FTHLT,Segment 3: Short-Term High-Charge Users,0.4812441962462134,48.12%,No,Medium Risk,Month-to-month Contract; No Tech Support
0899-LIIBW,Segment 3: Short-Term High-Charge Users,0.6607142717341028,66.07%,Yes,High Risk,Month-to-month Contract; Electronic Check Payment; No Tech Support
2568-OIADY,Segment 3: Short-Term High-Charge Users,0.7458911846631382,74.59%,Yes,High Risk,Month-to-month Contract; Electronic Check Payment; No Tech Support
1384-RCUXW,Segment 3: Short-Term High-Charge Users,0.6457244613764314,64.57%,Yes,High Risk,Month-to-month Contract; No Tech Support; High Monthly Fee
5825-XJOCM,Segment 1: Long-Term Committed Loyalists,0.1671244751566923,16.71%,No,Low Risk,No Tech Support
6848-YLDFR,Segment 1: Long-Term Committed Loyalists,0.14955347694428758,14.96%,No,Low Risk,High Monthly Fee
8125-QPFJD,Segment 1: Long-Term Committed Loyalists,0.027222925275624903,2.72%,No,Low Risk,High Monthly Fee
2320-YKQBO,Segment 3: Short-Term High-Charge Users,0.19941531928849565,19.94%,No,Low Risk,Month-to-month Contract; Low Tenure (0-12m)
1193-RTSLK,Segment 3: Short-Term High-Charge Users,0.5664961883303821,56.65%,Yes,Medium Risk,Month-to-month Contract; No Tech Support; High Monthly Fee
2302-ANTDP,Segment 1: Long-Term Committed Loyalists,0.6363415571215146,63.63%,Yes,High Risk,Month-to-month Contract; Electronic Check Payment; High Monthly Fee
5923-GXUOC,Segment 3: Short-Term High-Charge Users,0.8511445051026889,85.11%,Yes,High Risk,Month-to-month Contract; Low Tenure (0-12m); Electronic Check Payment
4973-RLZVI,Segment 1: Long-Term Committed Loyalists,0.2911738957140459,29.12%,No,Low Risk,High Monthly Fee
7869-ZYDST,Segment 3: Short-Term High-Charge Users,0.27049855598815864,27.05%,No,Low Risk,Month-to-month Contract; No Tech Support
4501-UYKBC,Segment 1: Long-Term Committed Loyalists,0.2242705297183165,22.43%,No,Low Risk,Stable Account Profile
1215-EXRMO,Segment 1: Long-Term Committed Loyalists,0.0244361639903673,2.44%,No,Low Risk,Stable Account Profile
2305-MRGLV,Segment 3: Short-Term High-Charge Users,0.4592458678127042,45.92%,No,Medium Risk,Month-to-month Contract; High Monthly Fee
8404-VIOMB,Segment 1: Long-Term Committed Loyalists,0.022306930237105803,2.23%,No,Low Risk,Stable Account Profile
5233-GEEAX,Segment 3: Short-Term High-Charge Users,0.7053416029310623,70.53%,Yes,High Risk,Month-to-month Contract; Low Tenure (0-12m); Electronic Check Payment
2359-KLTEK,Segment 3: Short-Term High-Charge Users,0.6172243943765272,61.72%,Yes,High Risk,Month-to-month Contract; No Tech Support; High Monthly Fee
5304-EFJLP,Segment 1: Long-Term Committed Loyalists,0.12931346374616864,12.93%,No,Low Risk,High Monthly Fee
2673-ZALNP,Segment 1: Long-Term Committed Loyalists,0.09374776055034838,9.37%,No,Low Risk,Low Tenure (0-12m)
9184-GALIL,Segment 3: Short-Term High-Charge Users,0.0865157891811825,8.65%,No,Low Risk,Month-to-month Contract
4393-RYCRE,Segment 1: Long-Term Committed Loyalists,0.4866477061620147,48.66%,No,Medium Risk,Electronic Check Payment; No Tech Support; High Monthly Fee
9746-MDMBK,Segment 1: Long-Term Committed Loyalists,0.43885498348174623,43.89%,No,Medium Risk,High Monthly Fee
3162-ZJZFU,Segment 3: Short-Term High-Charge Users,0.5009742787671517,50.1%,Yes,Medium Risk,Month-to-month Contract; Electronic Check Payment; High Monthly Fee
8404-GFGCZ,Segment 3: Short-Term High-Charge Users,0.5549043316496652,55.49%,Yes,Medium Risk,Month-to-month Contract; Low Tenure (0-12m); Electronic Check Payment
8875-AKBYH,Segment 3: Short-Term High-Charge Users,0.7556923781699267,75.57%,Yes,High Risk,Month-to-month Contract; Electronic Check Payment; No Tech Support
4432-ADRLB,Segment 3: Short-Term High-Charge Users,0.7431295999009878,74.31%,Yes,High Risk,Month-to-month Contract; Low Tenure (0-12m); No Tech Support
0533-UCAAU,Segment 1: Long-Term Committed Loyalists,0.15251694837874472,15.25%,No,Low Risk,No Tech Support; High Monthly Fee
1394-SUIUH,Segment 3: Short-Term High-Charge Users,0.5158602306354414,51.59%,Yes,Medium Risk,Month-to-month Contract; Electronic Check Payment; High Monthly Fee
3521-MNKLV,Segment 3: Short-Term High-Charge Users,0.3634637185407433,36.35%,No,Medium Risk,Month-to-month Contract; No Tech Support
2533-TIBIX,Segment 3: Short-Term High-Charge Users,0.4058250497266624,40.58%,No,Medium Risk,Month-to-month Contract; No Tech Support
8993-PHFWD,Segment 3: Short-Term High-Charge Users,0.6989195839806903,69.89%,Yes,High Risk,Month-to-month Contract; Low Tenure (0-12m); Electronic Check Payment
1565-RHDJD,Segment 3: Short-Term High-Charge Users,0.8603475896612328,86.03%,Yes,High Risk,Month-to-month Contract; Low Tenure (0-12m); No Tech Support
7137-RYLPP,Segment 3: Short-Term High-Charge Users,0.7091210131368141,70.91%,Yes,High Risk,Month-to-month Contract; Electronic Check Payment; No Tech Support
3765-JXVKY,Segment 3: Short-Term High-Charge Users,0.9198069135601751,91.98%,Yes,High Risk,Month-to-month Contract; Low Tenure (0-12m); Electronic Check Payment
5092-STPKP,Segment 3: Short-Term High-Charge Users,0.23855680190016917,23.86%,No,Low Risk,Month-to-month Contract
7330-WZLNC,Segment 3: Short-Term High-Charge Users,0.8953324339095325,89.53%,Yes,High Risk,Month-to-month Contract; Low Tenure (0-12m); Electronic Check Payment
0114-PEGZZ,Segment 3: Short-Term High-Charge Users,0.6639674119246318,66.4%,Yes,High Risk,Month-to-month Contract; Electronic Check Payment; No Tech Support
3359-DSRKA,Segment 1: Long-Term Committed Loyalists,0.021818482548441175,2.18%,No,Low Risk,Stable Account Profile
8639-NHQEI,Segment 1: Long-Term Committed Loyalists,0.09478841322961057,9.48%,No,Low Risk,No Tech Support; High Monthly Fee
7161-DFHUF,Segment 1: Long-Term Committed Loyalists,0.00633826792741479,0.63%,No,Low Risk,Stable Account Profile
3957-LXOLK,Segment 3: Short-Term High-Charge Users,0.7663236030900786,76.63%,Yes,High Risk,Month-to-month Contract; Electronic Check Payment; No Tech Support
3720-DBRWL,Segment 1: Long-Term Committed Loyalists,0.0525824172159761,5.26%,No,Low Risk,High Monthly Fee
6635-MYYYZ,Segment 1: Long-Term Committed Loyalists,0.35904916569782286,35.9%,No,Medium Risk,High Monthly Fee
8565-WUXZU,Segment 1: Long-Term Committed Loyalists,0.057269239688874055,5.73%,No,Low Risk,High Monthly Fee
5281-BUZGT,Segment 3: Short-Term High-Charge Users,0.6487322922268549,64.87%,Yes,High Risk,Month-to-month Contract; Electronic Check Payment; No Tech Support
4994-OBRSZ,Segment 1: Long-Term Committed Loyalists,0.0897020218190412,8.97%,No,Low Risk,High Monthly Fee
0562-FGDCR,Segment 1: Long-Term Committed Loyalists,0.03928907169322262,3.93%,No,Low Risk,High Monthly Fee
2436-QBZFP,Segment 3: Short-Term High-Charge Users,0.4769108002402923,47.69%,No,Medium Risk,Month-to-month Contract; Electronic Check Payment; No Tech Support
3420-YJLQT,Segment 3: Short-Term High-Charge Users,0.8417075306263044,84.17%,Yes,High Risk,Month-to-month Contract; Low Tenure (0-12m); Electronic Check Payment
6040-CGACY,Segment 3: Short-Term High-Charge Users,0.25391811479394427,25.39%,No,Low Risk,Month-to-month Contract
6582-PLFUU,Segment 1: Long-Term Committed Loyalists,0.023005797009904603,2.3%,No,Low Risk,Stable Account Profile
8242-PDSGJ,Segment 1: Long-Term Committed Loyalists,0.04112334291358121,4.11%,No,Low Risk,Stable Account Profile
0264-CNITK,Segment 1: Long-Term Committed Loyalists,0.008008227486886323,0.8%,No,Low Risk,Stable Account Profile
0089-IIQKO,Segment 3: Short-Term High-Charge Users,0.6112045174308077,61.12%,Yes,High Risk,Month-to-month Contract; High Monthly Fee
7839-NUIAA,Segment 3: Short-Term High-Charge Users,0.23269442657794973,23.27%,No,Low Risk,Month-to-month Contract; Electronic Check Payment; No Tech Support
6075-QMNRR,Segment 3: Short-Term High-Charge Users,0.22474396067906985,22.47%,No,Low Risk,Month-to-month Contract; No Tech Support
5378-IKEEG,Segment 3: Short-Term High-Charge Users,0.8320367405608394,83.2%,Yes,High Risk,Month-to-month Contract; Low Tenure (0-12m); Electronic Check Payment
5966-EMAZU,Segment 1: Long-Term Committed Loyalists,0.35930001338939066,35.93%,No,Medium Risk,High Monthly Fee
0440-EKDCF,Segment 1: Long-Term Committed Loyalists,0.04460258950751758,4.46%,No,Low Risk,Stable Account Profile
4774-HHGGS,Segment 1: Long-Term Committed Loyalists,0.02269918228805542,2.27%,No,Low Risk,Stable Account Profile
2718-GAXQD,Segment 3: Short-Term High-Charge Users,0.7509101026279558,75.09%,Yes,High Risk,Month-to-month Contract; Low Tenure (0-12m); Electronic Check Payment
2055-BFOCC,Segment 1: Long-Term Committed Loyalists,0.1935635500847347,19.36%,No,Low Risk,High Monthly Fee
8180-AKMJV,Segment 3: Short-Term High-Charge Users,0.7420647613866013,74.21%,Yes,High Risk,Month-to-month Contract; Low Tenure (0-12m); No Tech Support
4298-OYIFC,Segment 3: Short-Term High-Charge Users,0.7930549176798892,79.31%,Yes,High Risk,Month-to-month Contract; Electronic Check Payment; High Monthly Fee
5566-SOEZD,Segment 3: Short-Term High-Charge Users,0.3948660618784182,39.49%,No,Medium Risk,No Tech Support; High Monthly Fee
9842-EFSYY,Segment 3: Short-Term High-Charge Users,0.5510488696732481,55.1%,Yes,Medium Risk,Month-to-month Contract; Low Tenure (0-12m); No Tech Support
2272-WUSPA,Segment 1: Long-Term Committed Loyalists,0.12557984195574895,12.56%,No,Low Risk,Electronic Check Payment; No Tech Support; High Monthly Fee
4584-LBNMK,Segment 1: Long-Term Committed Loyalists,0.031662257004166874,3.17%,No,Low Risk,Stable Account Profile
3898-GUYTS,Segment 3: Short-Term High-Charge Users,0.5123607134772326,51.24%,Yes,Medium Risk,Month-to-month Contract; Electronic Check Payment; High Monthly Fee
0930-EHUZA,Segment 1: Long-Term Committed Loyalists,0.2104025838334199,21.04%,No,Low Risk,High Monthly Fee
6413-XKKPU,Segment 3: Short-Term High-Charge Users,0.7586061751821924,75.86%,Yes,High Risk,Month-to-month Contract; Electronic Check Payment; No Tech Support
9975-SKRNR,Segment 3: Short-Term High-Charge Users,0.4360868402440217,43.61%,No,Medium Risk,Month-to-month Contract; Low Tenure (0-12m)
3703-KBKZP,Segment 3: Short-Term High-Charge Users,0.6577783543216779,65.78%,Yes,High Risk,Month-to-month Contract; No Tech Support; High Monthly Fee
1449-XQEMT,Segment 3: Short-Term High-Charge Users,0.3092071843990844,30.92%,No,Medium Risk,Month-to-month Contract; Low Tenure (0-12m)
2626-URJFX,Segment 3: Short-Term High-Charge Users,0.7055978197075736,70.56%,Yes,High Risk,Month-to-month Contract; Low Tenure (0-12m); Electronic Check Payment
4973-MGTON,Segment 1: Long-Term Committed Loyalists,0.01816064668183142,1.82%,No,Low Risk,High Monthly Fee
3682-YEUWS,Segment 3: Short-Term High-Charge Users,0.19565714392729625,19.57%,No,Low Risk,Month-to-month Contract; Low Tenure (0-12m)
1223-UNPKS,Segment 1: Long-Term Committed Loyalists,0.011720492759316319,1.17%,No,Low Risk,Stable Account Profile
2612-RRIDN,Segment 3: Short-Term High-Charge Users,0.8574310544457506,85.74%,Yes,High Risk,Month-to-month Contract; Low Tenure (0-12m); Electronic Check Payment
4735-ASGMA,Segment 3: Short-Term High-Charge Users,0.7795253679083987,77.95%,Yes,High Risk,Month-to-month Contract; Electronic Check Payment; No Tech Support
3446-QDSZF,Segment 3: Short-Term High-Charge Users,0.5582927720743547,55.83%,Yes,Medium Risk,Month-to-month Contract; Low Tenure (0-12m); No Tech Support
3669-LVWZB,Segment 3: Short-Term High-Charge Users,0.6460107949453121,64.6%,Yes,High Risk,Month-to-month Contract; Low Tenure (0-12m); No Tech Support
6892-EZDTG,Segment 3: Short-Term High-Charge Users,0.8970823403926801,89.71%,Yes,High Risk,Month-to-month Contract; Low Tenure (0-12m); Electronic Check Payment
5117-IFGPS,Segment 3: Short-Term High-Charge Users,0.7151753521129827,71.52%,Yes,High Risk,Month-to-month Contract; Electronic Check Payment; No Tech Support
7379-FNIUJ,Segment 3: Short-Term High-Charge Users,0.6471250135240936,64.71%,Yes,High Risk,Month-to-month Contract; Low Tenure (0-12m); Electronic Check Payment
1627-AFWVJ,Segment 1: Long-Term Committed Loyalists,0.020986242619739512,2.1%,No,Low Risk,Stable Account Profile
9725-SCPZG,Segment 3: Short-Term High-Charge Users,0.9061939631849976,90.62%,Yes,High Risk,Month-to-month Contract; Low Tenure (0-12m); Electronic Check Payment
5884-GCYMI,Segment 3: Short-Term High-Charge Users,0.9025305879153298,90.25%,Yes,High Risk,Month-to-month Contract; Low Tenure (0-12m); No Tech Support
3217-FZDMN,Segment 3: Short-Term High-Charge Users,0.8762789082857885,87.63%,Yes,High Risk,Month-to-month Contract; Low Tenure (0-12m); No Tech Support
4486-EFAEB,Segment 3: Short-Term High-Charge Users,0.1852670110424519,18.53%,No,Low Risk,Month-to-month Contract; Electronic Check Payment
0060-FUALY,Segment 3: Short-Term High-Charge Users,0.46097210480821216,46.1%,No,Medium Risk,Month-to-month Contract; Electronic Check Payment; No Tech Support
7853-GVUDZ,Segment 3: Short-Term High-Charge Users,0.7348022737992198,73.48%,Yes,High Risk,Month-to-month Contract; Low Tenure (0-12m)
7480-QNVZJ,Segment 3: Short-Term High-Charge Users,0.7432297836916939,74.32%,Yes,High Risk,Month-to-month Contract; Electronic Check Payment; No Tech Support
6954-OOYZZ,Segment 3: Short-Term High-Charge Users,0.44247417460353033,44.25%,No,Medium Risk,Month-to-month Contract; No Tech Support
7088-FBAWU,Segment 3: Short-Term High-Charge Users,0.29581380880628144,29.58%,No,Low Risk,Month-to-month Contract; No Tech Support; High Monthly Fee
8313-AFGBW,Segment 1: Long-Term Committed Loyalists,0.11892626716310357,11.89%,No,Low Risk,Electronic Check Payment; No Tech Support; High Monthly Fee
3943-KDREE,Segment 3: Short-Term High-Charge Users,0.6125455088369233,61.25%,Yes,High Risk,Month-to-month Contract; No Tech Support; High Monthly Fee
9239-ZBZZV,Segment 3: Short-Term High-Charge Users,0.7001146233757524,70.01%,Yes,High Risk,Month-to-month Contract; Low Tenure (0-12m); Electronic Check Payment
3097-IDVPU,Segment 3: Short-Term High-Charge Users,0.4002624045836057,40.03%,No,Medium Risk,Month-to-month Contract; No Tech Support
4398-HSCJH,Segment 3: Short-Term High-Charge Users,0.7082119862575688,70.82%,Yes,High Risk,Month-to-month Contract; Low Tenure (0-12m); Electronic Check Payment
2197-OMWGI,Segment 1: Long-Term Committed Loyalists,0.24892202998305607,24.89%,No,Low Risk,Electronic Check Payment; No Tech Support
2303-PJYHN,Segment 3: Short-Term High-Charge Users,0.21972350310080918,21.97%,No,Low Risk,Month-to-month Contract; Low Tenure (0-12m)
9795-VOWON,Segment 1: Long-Term Committed Loyalists,0.36043138225241983,36.04%,No,Medium Risk,Low Tenure (0-12m); No Tech Support
1237-WIYYZ,Segment 3: Short-Term High-Charge Users,0.172140972219976,17.21%,No,Low Risk,Month-to-month Contract
1987-AUELQ,Segment 1: Long-Term Committed Loyalists,0.02048874726456014,2.05%,No,Low Risk,Stable Account Profile
7852-LECYP,Segment 3: Short-Term High-Charge Users,0.6478823297595542,64.79%,Yes,High Risk,Month-to-month Contract; No Tech Support; High Monthly Fee
4430-UZIPO,Segment 3: Short-Term High-Charge Users,0.6942180784291725,69.42%,Yes,High Risk,Month-to-month Contract; Low Tenure (0-12m)
4822-LPTYJ,Segment 1: Long-Term Committed Loyalists,0.25788239341088026,25.79%,No,Low Risk,No Tech Support; High Monthly Fee
8165-CBKXO,Segment 1: Long-Term Committed Loyalists,0.07617775322812546,7.62%,No,Low Risk,No Tech Support
6527-PZFPV,Segment 1: Long-Term Committed Loyalists,0.042064584185689376,4.21%,No,Low Risk,Stable Account Profile
4855-SNKMY,Segment 3: Short-Term High-Charge Users,0.7903405086410652,79.03%,Yes,High Risk,Month-to-month Contract; Low Tenure (0-12m); Electronic Check Payment
9593-CVZKR,Segment 1: Long-Term Committed Loyalists,0.025926641714969268,2.59%,No,Low Risk,Stable Account Profile
8595-SIZNC,Segment 1: Long-Term Committed Loyalists,0.08230340019093081,8.23%,No,Low Risk,Stable Account Profile
8008-HAWED,Segment 3: Short-Term High-Charge Users,0.6665140105184494,66.65%,Yes,High Risk,Month-to-month Contract; Electronic Check Payment; No Tech Support
7124-UGSUR,Segment 1: Long-Term Committed Loyalists,0.44916498177358516,44.92%,No,Medium Risk,No Tech Support; High Monthly Fee
1862-SKORY,Segment 3: Short-Term High-Charge Users,0.527912680468952,52.79%,Yes,Medium Risk,Month-to-month Contract; Electronic Check Payment; No Tech Support
5236-XMZJY,Segment 3: Short-Term High-Charge Users,0.29506952494891264,29.51%,No,Low Risk,Month-to-month Contract; No Tech Support
4827-DPADN,Segment 1: Long-Term Committed Loyalists,0.024944699932808626,2.49%,No,Low Risk,High Monthly Fee
2694-CIUMO,Segment 3: Short-Term High-Charge Users,0.6814011437310064,68.14%,Yes,High Risk,Month-to-month Contract; Low Tenure (0-12m); High Monthly Fee
5846-ABOBJ,Segment 1: Long-Term Committed Loyalists,0.00666660735988287,0.67%,No,Low Risk,Stable Account Profile
1439-LCGVL,Segment 1: Long-Term Committed Loyalists,0.03660232562455535,3.66%,No,Low Risk,Stable Account Profile
0909-SDHNU,Segment 3: Short-Term High-Charge Users,0.4508141332357865,45.08%,No,Medium Risk,Month-to-month Contract; Low Tenure (0-12m); No Tech Support
4647-XXZAM,Segment 3: Short-Term High-Charge Users,0.505052519384252,50.51%,Yes,Medium Risk,Month-to-month Contract; Low Tenure (0-12m); No Tech Support
1502-XFCVR,Segment 1: Long-Term Committed Loyalists,0.5814985470421314,58.15%,Yes,Medium Risk,Electronic Check Payment; No Tech Support; High Monthly Fee
7740-KKCXF,Segment 3: Short-Term High-Charge Users,0.32829674102858575,32.83%,No,Medium Risk,Month-to-month Contract; No Tech Support
5360-XGYAZ,Segment 1: Long-Term Committed Loyalists,0.02068756473649876,2.07%,No,Low Risk,Stable Account Profile
9692-TUSXH,Segment 3: Short-Term High-Charge Users,0.8052184806407153,80.52%,Yes,High Risk,Month-to-month Contract; Electronic Check Payment; No Tech Support
7912-SYRQT,Segment 3: Short-Term High-Charge Users,0.8444474621696677,84.44%,Yes,High Risk,Month-to-month Contract; Low Tenure (0-12m); No Tech Support
3557-HTYWR,Segment 1: Long-Term Committed Loyalists,0.05199328021285742,5.2%,No,Low Risk,High Monthly Fee
4816-JBHOV,Segment 3: Short-Term High-Charge Users,0.8156887608719052,81.57%,Yes,High Risk,Month-to-month Contract; Low Tenure (0-12m); Electronic Check Payment
8920-NAVAY,Segment 1: Long-Term Committed Loyalists,0.41676842836161254,41.68%,No,Medium Risk,High Monthly Fee
1699-TLDLZ,Segment 1: Long-Term Committed Loyalists,0.03355881717117539,3.36%,No,Low Risk,Stable Account Profile
5600-PDUJF,Segment 3: Short-Term High-Charge Users,0.5242509308435558,52.43%,Yes,Medium Risk,Month-to-month Contract; Low Tenure (0-12m)
8292-TYSPY,Segment 3: Short-Term High-Charge Users,0.4517543333242928,45.18%,No,Medium Risk,Month-to-month Contract
0567-XRHCU,Segment 1: Long-Term Committed Loyalists,0.05831316608110382,5.83%,No,Low Risk,No Tech Support
1867-BDVFH,Segment 3: Short-Term High-Charge Users,0.7631703356760999,76.32%,Yes,High Risk,Month-to-month Contract; Low Tenure (0-12m); Electronic Check Payment
2067-QYTCF,Segment 1: Long-Term Committed Loyalists,0.45961133111118546,45.96%,No,Medium Risk,Month-to-month Contract; Electronic Check Payment; High Monthly Fee
2359-QWQUL,Segment 1: Long-Term Committed Loyalists,0.5026007890985154,50.26%,Yes,Medium Risk,High Monthly Fee
9103-TCIHJ,Segment 3: Short-Term High-Charge Users,0.4276763274862036,42.77%,No,Medium Risk,Month-to-month Contract; No Tech Support
7407-SUJIZ,Segment 3: Short-Term High-Charge Users,0.08952777910124446,8.95%,No,Low Risk,Month-to-month Contract
9150-KPBJQ,Segment 1: Long-Term Committed Loyalists,0.06490314529680342,6.49%,No,Low Risk,Low Tenure (0-12m)
0052-DCKON,Segment 1: Long-Term Committed Loyalists,0.33965705671296076,33.97%,No,Medium Risk,High Monthly Fee
3654-ARMGP,Segment 1: Long-Term Committed Loyalists,0.039749249952620185,3.97%,No,Low Risk,High Monthly Fee
9699-UBQFS,Segment 3: Short-Term High-Charge Users,0.6245170951803711,62.45%,Yes,High Risk,Month-to-month Contract; Electronic Check Payment; No Tech Support
9367-TCUYN,Segment 3: Short-Term High-Charge Users,0.19482686410272618,19.48%,No,Low Risk,Month-to-month Contract; Low Tenure (0-12m)
1261-FWTTE,Segment 3: Short-Term High-Charge Users,0.509202384297582,50.92%,Yes,Medium Risk,Month-to-month Contract; No Tech Support
3528-HFRIQ,Segment 3: Short-Term High-Charge Users,0.38630307618996307,38.63%,No,Medium Risk,Month-to-month Contract; No Tech Support
0708-SJDIS,Segment 3: Short-Term High-Charge Users,0.250015763438944,25.0%,No,Low Risk,Month-to-month Contract
4140-WJAWW,Segment 3: Short-Term High-Charge Users,0.3060026615084792,30.6%,No,Medium Risk,Month-to-month Contract; Low Tenure (0-12m)
2073-QBVBI,Segment 1: Long-Term Committed Loyalists,0.22755468820163846,22.76%,No,Low Risk,Stable Account Profile
6928-ONTRW,Segment 1: Long-Term Committed Loyalists,0.009893652941460813,0.99%,No,Low Risk,Stable Account Profile
3320-VEOYC,Segment 3: Short-Term High-Charge Users,0.8310269985081624,83.1%,Yes,High Risk,Month-to-month Contract; Electronic Check Payment; No Tech Support
5231-FIQPA,Segment 1: Long-Term Committed Loyalists,0.009347495710315533,0.93%,No,Low Risk,Stable Account Profile
6617-WLBQC,Segment 3: Short-Term High-Charge Users,0.3328470618534299,33.28%,No,Medium Risk,No Tech Support; High Monthly Fee
2599-CIPQE,Segment 1: Long-Term Committed Loyalists,0.11942181750411672,11.94%,No,Low Risk,High Monthly Fee
6653-CBBOM,Segment 3: Short-Term High-Charge Users,0.9178259223420948,91.78%,Yes,High Risk,Month-to-month Contract; Low Tenure (0-12m); Electronic Check Payment
8774-GSBUN,Segment 1: Long-Term Committed Loyalists,0.0054757984250914165,0.55%,No,Low Risk,Stable Account Profile
7326-RIGQZ,Segment 3: Short-Term High-Charge Users,0.7885696897518403,78.86%,Yes,High Risk,Month-to-month Contract; Low Tenure (0-12m); Electronic Check Payment
1401-FTHFQ,Segment 1: Long-Term Committed Loyalists,0.019600855372006086,1.96%,No,Low Risk,Stable Account Profile
3247-ZVOUO,Segment 3: Short-Term High-Charge Users,0.8211213769307806,82.11%,Yes,High Risk,Month-to-month Contract; Low Tenure (0-12m); Electronic Check Payment
0254-FNMCI,Segment 1: Long-Term Committed Loyalists,0.18868961045199065,18.87%,No,Low Risk,Electronic Check Payment; High Monthly Fee
1848-LBZHY,Segment 3: Short-Term High-Charge Users,0.4762613736020998,47.63%,No,Medium Risk,Month-to-month Contract; Low Tenure (0-12m); No Tech Support
6101-IMRMM,Segment 3: Short-Term High-Charge Users,0.8619172231078519,86.19%,Yes,High Risk,Month-to-month Contract; Low Tenure (0-12m); No Tech Support
8118-TJAFG,Segment 3: Short-Term High-Charge Users,0.7952860795643933,79.53%,Yes,High Risk,Month-to-month Contract; Low Tenure (0-12m); Electronic Check Payment
5429-LWCMV,Segment 3: Short-Term High-Charge Users,0.814906639482897,81.49%,Yes,High Risk,Month-to-month Contract; Low Tenure (0-12m); Electronic Check Payment
7298-IZWLY,Segment 3: Short-Term High-Charge Users,0.5575435800513011,55.75%,Yes,Medium Risk,Month-to-month Contract; Low Tenure (0-12m)
9758-MFWGD,Segment 1: Long-Term Committed Loyalists,0.32242548717425706,32.24%,No,Medium Risk,No Tech Support
3955-JBZZM,Segment 3: Short-Term High-Charge Users,0.6072106928046913,60.72%,Yes,High Risk,Month-to-month Contract; Electronic Check Payment; No Tech Support
1268-ASBGA,Segment 3: Short-Term High-Charge Users,0.7114413296357865,71.14%,Yes,High Risk,Month-to-month Contract; No Tech Support; High Monthly Fee
8943-URTMR,Segment 3: Short-Term High-Charge Users,0.8500234371831674,85.0%,Yes,High Risk,Month-to-month Contract; Low Tenure (0-12m); No Tech Support
4815-TUMEQ,Segment 1: Long-Term Committed Loyalists,0.08540613590281698,8.54%,No,Low Risk,Low Tenure (0-12m)
4713-LZDRV,Segment 3: Short-Term High-Charge Users,0.8692635767512917,86.93%,Yes,High Risk,Month-to-month Contract; Low Tenure (0-12m); Electronic Check Payment
9909-IDLEK,Segment 3: Short-Term High-Charge Users,0.5612697755836928,56.13%,Yes,Medium Risk,Month-to-month Contract; High Monthly Fee
4092-OFQZS,Segment 1: Long-Term Committed Loyalists,0.022501387078592686,2.25%,No,Low Risk,Stable Account Profile
1561-BWHIN,Segment 1: Long-Term Committed Loyalists,0.04213579274422798,4.21%,No,Low Risk,Stable Account Profile
4325-NFSKC,Segment 3: Short-Term High-Charge Users,0.76156617161377,76.16%,Yes,High Risk,Month-to-month Contract; Electronic Check Payment; No Tech Support
9927-DSWDF,Segment 3: Short-Term High-Charge Users,0.7181300305831438,71.81%,Yes,High Risk,Month-to-month Contract; Electronic Check Payment; High Monthly Fee
9500-LTVBP,Segment 3: Short-Term High-Charge Users,0.5371704844638098,53.72%,Yes,Medium Risk,Month-to-month Contract; High Monthly Fee
7252-NTGSS,Segment 3: Short-Term High-Charge Users,0.7356204105584327,73.56%,Yes,High Risk,Month-to-month Contract; Low Tenure (0-12m); No Tech Support
8149-AIQCG,Segment 3: Short-Term High-Charge Users,0.5611222959881879,56.11%,Yes,Medium Risk,Month-to-month Contract; No Tech Support; High Monthly Fee
1360-JYXKQ,Segment 1: Long-Term Committed Loyalists,0.4853310497139,48.53%,No,Medium Risk,Electronic Check Payment; High Monthly Fee
2955-PSXOE,Segment 3: Short-Term High-Charge Users,0.6553454602717204,65.53%,Yes,High Risk,Month-to-month Contract; Low Tenure (0-12m)
7762-URZQH,Segment 1: Long-Term Committed Loyalists,0.46356005577202297,46.36%,No,Medium Risk,No Tech Support; High Monthly Fee
0899-WZRSD,Segment 1: Long-Term Committed Loyalists,0.379018817401139,37.9%,No,Medium Risk,Month-to-month Contract; High Monthly Fee
3255-GRXMG,Segment 3: Short-Term High-Charge Users,0.4334077615417887,43.34%,No,Medium Risk,Month-to-month Contract; No Tech Support
4828-FAZPK,Segment 3: Short-Term High-Charge Users,0.6244340013652744,62.44%,Yes,High Risk,Month-to-month Contract; No Tech Support; High Monthly Fee
6094-ZIVKX,Segment 1: Long-Term Committed Loyalists,0.09430593570594838,9.43%,No,Low Risk,No Tech Support
6925-BAYGL,Segment 1: Long-Term Committed Loyalists,0.05912377424347987,5.91%,No,Low Risk,Stable Account Profile
3262-EIDHV,Segment 1: Long-Term Committed Loyalists,0.028116831844470135,2.81%,No,Low Risk,High Monthly Fee
7354-OIJLX,Segment 3: Short-Term High-Charge Users,0.8337078799647254,83.37%,Yes,High Risk,Month-to-month Contract; Low Tenure (0-12m); Electronic Check Payment
1376-HHBDV,Segment 3: Short-Term High-Charge Users,0.2376698351537764,23.77%,No,Low Risk,Month-to-month Contract; No Tech Support
6907-NZZIJ,Segment 3: Short-Term High-Charge Users,0.7408246452132075,74.08%,Yes,High Risk,Month-to-month Contract; Electronic Check Payment; No Tech Support
6133-OZILE,Segment 3: Short-Term High-Charge Users,0.5529525994261224,55.3%,Yes,Medium Risk,Month-to-month Contract; Electronic Check Payment
4135-FRWKJ,Segment 1: Long-Term Committed Loyalists,0.13985043590107196,13.99%,No,Low Risk,Electronic Check Payment; High Monthly Fee
2911-UREFD,Segment 3: Short-Term High-Charge Users,0.502706610794173,50.27%,Yes,Medium Risk,Month-to-month Contract; Electronic Check Payment; No Tech Support
3744-ZRRDZ,Segment 3: Short-Term High-Charge Users,0.7412226820979181,74.12%,Yes,High Risk,Month-to-month Contract; Electronic Check Payment; No Tech Support
5673-TIYIB,Segment 3: Short-Term High-Charge Users,0.7350656179891873,73.51%,Yes,High Risk,Month-to-month Contract; Low Tenure (0-12m)
6551-ZCOTS,Segment 1: Long-Term Committed Loyalists,0.0758031979674296,7.58%,No,Low Risk,Stable Account Profile
7191-ADRGF,Segment 1: Long-Term Committed Loyalists,0.20061982798489078,20.06%,No,Low Risk,No Tech Support
5018-LXQQG,Segment 3: Short-Term High-Charge Users,0.2116518388536928,21.17%,No,Low Risk,Month-to-month Contract
6892-BOGQE,Segment 1: Long-Term Committed Loyalists,0.00663580206797778,0.66%,No,Low Risk,Stable Account Profile
1602-IJQQE,Segment 3: Short-Term High-Charge Users,0.8323984518779588,83.24%,Yes,High Risk,Month-to-month Contract; Low Tenure (0-12m); Electronic Check Payment
4628-WQCQQ,Segment 3: Short-Term High-Charge Users,0.6431511994293913,64.32%,Yes,High Risk,Electronic Check Payment; No Tech Support; High Monthly Fee
1746-TGTWV,Segment 3: Short-Term High-Charge Users,0.8213076732820385,82.13%,Yes,High Risk,Month-to-month Contract; Low Tenure (0-12m); No Tech Support
5995-SNNEW,Segment 3: Short-Term High-Charge Users,0.7856528779284162,78.57%,Yes,High Risk,Month-to-month Contract; Electronic Check Payment; No Tech Support
8050-WYBND,Segment 1: Long-Term Committed Loyalists,0.43858115347552107,43.86%,No,Medium Risk,No Tech Support
2821-WARNZ,Segment 1: Long-Term Committed Loyalists,0.03922113511440447,3.92%,No,Low Risk,Stable Account Profile
4879-GZLFH,Segment 3: Short-Term High-Charge Users,0.6084703851940539,60.85%,Yes,High Risk,Month-to-month Contract; Electronic Check Payment; No Tech Support
1644-IRKSF,Segment 3: Short-Term High-Charge Users,0.6623323876975711,66.23%,Yes,High Risk,Electronic Check Payment; No Tech Support; High Monthly Fee
8314-HTWVE,Segment 1: Long-Term Committed Loyalists,0.041184303670519805,4.12%,No,Low Risk,Low Tenure (0-12m)
9402-ROUMJ,Segment 1: Long-Term Committed Loyalists,0.23984856123513662,23.98%,No,Low Risk,High Monthly Fee
2507-QZPQS,Segment 3: Short-Term High-Charge Users,0.664872270126799,66.49%,Yes,High Risk,Month-to-month Contract; Electronic Check Payment; High Monthly Fee
7159-NOKYQ,Segment 1: Long-Term Committed Loyalists,0.2342949457715837,23.43%,No,Low Risk,Electronic Check Payment; No Tech Support; High Monthly Fee
5707-ZMDJP,Segment 1: Long-Term Committed Loyalists,0.04758028017726959,4.76%,No,Low Risk,Stable Account Profile
8779-YIQQA,Segment 1: Long-Term Committed Loyalists,0.04214375191706566,4.21%,No,Low Risk,Stable Account Profile
7136-IHZJA,Segment 3: Short-Term High-Charge Users,0.20956317111296455,20.96%,No,Low Risk,Month-to-month Contract; High Monthly Fee
8966-OIQHG,Segment 1: Long-Term Committed Loyalists,0.04039609556214371,4.04%,No,Low Risk,Stable Account Profile
7074-STDCN,Segment 3: Short-Term High-Charge Users,0.33012489435547904,33.01%,No,Medium Risk,Month-to-month Contract; Electronic Check Payment
3705-PSNGL,Segment 1: Long-Term Committed Loyalists,0.01829667385606981,1.83%,No,Low Risk,Electronic Check Payment
8739-QOTTN,Segment 3: Short-Term High-Charge Users,0.20071160472845387,20.07%,No,Low Risk,Month-to-month Contract; Low Tenure (0-12m)
1399-OUPJN,Segment 1: Long-Term Committed Loyalists,0.032053315918649426,3.21%,No,Low Risk,Stable Account Profile
0277-BKSQP,Segment 3: Short-Term High-Charge Users,0.5402376057661217,54.02%,Yes,Medium Risk,Month-to-month Contract; Low Tenure (0-12m); Electronic Check Payment
6502-HCJTI,Segment 3: Short-Term High-Charge Users,0.8446763085430392,84.47%,Yes,High Risk,Month-to-month Contract; Low Tenure (0-12m); No Tech Support
2606-RMDHZ,Segment 3: Short-Term High-Charge Users,0.5397166290433487,53.97%,Yes,Medium Risk,Month-to-month Contract; Low Tenure (0-12m); No Tech Support
5774-XZTQC,Segment 3: Short-Term High-Charge Users,0.19989530482714088,19.99%,No,Low Risk,Month-to-month Contract; Low Tenure (0-12m)
2676-SSLTO,Segment 1: Long-Term Committed Loyalists,0.07772236169398264,7.77%,No,Low Risk,Stable Account Profile
6266-QHOJZ,Segment 1: Long-Term Committed Loyalists,0.18390138561762778,18.39%,No,Low Risk,Electronic Check Payment; High Monthly Fee
7269-JISCY,Segment 1: Long-Term Committed Loyalists,0.11983738119236242,11.98%,No,Low Risk,No Tech Support
0363-SVHYR,Segment 1: Long-Term Committed Loyalists,0.017861325969763298,1.79%,No,Low Risk,High Monthly Fee
8547-NSBBO,Segment 3: Short-Term High-Charge Users,0.398688674967841,39.87%,No,Medium Risk,Month-to-month Contract; High Monthly Fee
8258-GSTJK,Segment 3: Short-Term High-Charge Users,0.8634231218074018,86.34%,Yes,High Risk,Month-to-month Contract; Low Tenure (0-12m); Electronic Check Payment
6861-OKBCE,Segment 3: Short-Term High-Charge Users,0.3028719869037765,30.29%,No,Medium Risk,Month-to-month Contract; Low Tenure (0-12m)
9940-RHLFB,Segment 3: Short-Term High-Charge Users,0.8843173507582552,88.43%,Yes,High Risk,Month-to-month Contract; Low Tenure (0-12m); Electronic Check Payment
6591-QGOYB,Segment 3: Short-Term High-Charge Users,0.556750764324463,55.68%,Yes,Medium Risk,Month-to-month Contract; High Monthly Fee
9070-BCKQP,Segment 1: Long-Term Committed Loyalists,0.06731583649315805,6.73%,No,Low Risk,High Monthly Fee
6421-SZVEM,Segment 3: Short-Term High-Charge Users,0.43807706621581416,43.81%,No,Medium Risk,No Tech Support; High Monthly Fee
1328-EUZHC,Segment 1: Long-Term Committed Loyalists,0.01708331865277411,1.71%,No,Low Risk,Stable Account Profile
2995-UPRYS,Segment 1: Long-Term Committed Loyalists,0.4254211144877135,42.54%,No,Medium Risk,High Monthly Fee
8878-RYUKI,Segment 3: Short-Term High-Charge Users,0.33327561742918715,33.33%,No,Medium Risk,Month-to-month Contract; Electronic Check Payment; No Tech Support
9633-DENPU,Segment 3: Short-Term High-Charge Users,0.3221331875259921,32.21%,No,Medium Risk,Month-to-month Contract; No Tech Support
7811-JIVPF,Segment 3: Short-Term High-Charge Users,0.36954918261041736,36.95%,No,Medium Risk,Month-to-month Contract; No Tech Support
7113-HIPFI,Segment 1: Long-Term Committed Loyalists,0.035182104181199485,3.52%,No,Low Risk,Stable Account Profile
8541-QVFKM,Segment 3: Short-Term High-Charge Users,0.8430851949310426,84.31%,Yes,High Risk,Month-to-month Contract; Low Tenure (0-12m); Electronic Check Payment
6686-YPGHK,Segment 3: Short-Term High-Charge Users,0.5916285098903,59.16%,Yes,Medium Risk,Month-to-month Contract; No Tech Support; High Monthly Fee
1383-EZRWL,Segment 3: Short-Term High-Charge Users,0.32307829634210083,32.31%,No,Medium Risk,Month-to-month Contract; Low Tenure (0-12m)
9258-CNWAC,Segment 1: Long-Term Committed Loyalists,0.03672703080213218,3.67%,No,Low Risk,High Monthly Fee
5371-VYLSX,Segment 3: Short-Term High-Charge Users,0.5292377823128072,52.92%,Yes,Medium Risk,Month-to-month Contract; Electronic Check Payment; No Tech Support
6374-AFWOX,Segment 1: Long-Term Committed Loyalists,0.06309031743931794,6.31%,No,Low Risk,Stable Account Profile
4759-TRPLW,Segment 3: Short-Term High-Charge Users,0.8970879278023428,89.71%,Yes,High Risk,Month-to-month Contract; Low Tenure (0-12m); Electronic Check Payment
5317-FLPJF,Segment 1: Long-Term Committed Loyalists,0.031367027817988766,3.14%,No,Low Risk,Stable Account Profile
7621-VPNET,Segment 3: Short-Term High-Charge Users,0.5488247715892149,54.88%,Yes,Medium Risk,Month-to-month Contract; High Monthly Fee
6034-YMTOB,Segment 3: Short-Term High-Charge Users,0.7778336854927087,77.78%,Yes,High Risk,Month-to-month Contract; Low Tenure (0-12m); High Monthly Fee
8563-IIOXK,Segment 3: Short-Term High-Charge Users,0.6513874640960935,65.14%,Yes,High Risk,Low Tenure (0-12m); Electronic Check Payment; No Tech Support
4903-CNOZC,Segment 1: Long-Term Committed Loyalists,0.21873345461293506,21.87%,No,Low Risk,No Tech Support; High Monthly Fee
4353-HYOJD,Segment 3: Short-Term High-Charge Users,0.2446215308138283,24.46%,No,Low Risk,Month-to-month Contract; No Tech Support
8020-BWHYL,Segment 3: Short-Term High-Charge Users,0.6735811411193323,67.36%,Yes,High Risk,Month-to-month Contract; No Tech Support; High Monthly Fee
7267-FRMJW,Segment 1: Long-Term Committed Loyalists,0.014718895856635408,1.47%,No,Low Risk,Stable Account Profile
2982-VPSGI,Segment 3: Short-Term High-Charge Users,0.8834019291308728,88.34%,Yes,High Risk,Month-to-month Contract; Low Tenure (0-12m); Electronic Check Payment
4188-FRABG,Segment 1: Long-Term Committed Loyalists,0.4804308601338108,48.04%,No,Medium Risk,Month-to-month Contract; Electronic Check Payment; High Monthly Fee
8199-ZLLSA,Segment 1: Long-Term Committed Loyalists,0.48534067909457057,48.53%,No,Medium Risk,High Monthly Fee
4128-ETESU,Segment 3: Short-Term High-Charge Users,0.6313836400954772,63.14%,Yes,High Risk,Month-to-month Contract; Electronic Check Payment; No Tech Support
0620-DLSLK,Segment 3: Short-Term High-Charge Users,0.6613919613300127,66.14%,Yes,High Risk,Month-to-month Contract; No Tech Support; High Monthly Fee
4625-EWPTF,Segment 3: Short-Term High-Charge Users,0.6526354678217803,65.26%,Yes,High Risk,Month-to-month Contract; Low Tenure (0-12m); Electronic Check Payment
5980-NOPLP,Segment 3: Short-Term High-Charge Users,0.7034867032193192,70.35%,Yes,High Risk,Month-to-month Contract; Electronic Check Payment; No Tech Support
3850-OKINF,Segment 1: Long-Term Committed Loyalists,0.14259358919305282,14.26%,No,Low Risk,Electronic Check Payment; No Tech Support
6892-XPFPU,Segment 3: Short-Term High-Charge Users,0.8008394664187063,80.08%,Yes,High Risk,Month-to-month Contract; Electronic Check Payment; No Tech Support
8010-EZLOU,Segment 3: Short-Term High-Charge Users,0.7860795970883799,78.61%,Yes,High Risk,Month-to-month Contract; Electronic Check Payment; No Tech Support
1156-ZFYDO,Segment 3: Short-Term High-Charge Users,0.5109585044772803,51.1%,Yes,Medium Risk,Month-to-month Contract; Low Tenure (0-12m); Electronic Check Payment
3295-YVUSR,Segment 3: Short-Term High-Charge Users,0.831431520943582,83.14%,Yes,High Risk,Month-to-month Contract; Low Tenure (0-12m); No Tech Support
8016-NCFVO,Segment 1: Long-Term Committed Loyalists,0.32778016950228034,32.78%,No,Medium Risk,Month-to-month Contract; Electronic Check Payment; High Monthly Fee
4119-ZYPZY,Segment 1: Long-Term Committed Loyalists,0.3344973481504949,33.45%,No,Medium Risk,Electronic Check Payment; High Monthly Fee
5549-ZGHFB,Segment 1: Long-Term Committed Loyalists,0.032174342399050766,3.22%,No,Low Risk,Stable Account Profile
7577-SWIFR,Segment 3: Short-Term High-Charge Users,0.9164559504791628,91.65%,Yes,High Risk,Month-to-month Contract; Low Tenure (0-12m); Electronic Check Payment
0303-WMMRN,Segment 3: Short-Term High-Charge Users,0.17165044186368242,17.17%,No,Low Risk,Month-to-month Contract; Low Tenure (0-12m)
6408-OTUBZ,Segment 1: Long-Term Committed Loyalists,0.23330032591135616,23.33%,No,Low Risk,High Monthly Fee
5204-HMGYF,Segment 1: Long-Term Committed Loyalists,0.262665742087353,26.27%,No,Low Risk,High Monthly Fee
1078-TDCRN,Segment 3: Short-Term High-Charge Users,0.7457910772113654,74.58%,Yes,High Risk,Month-to-month Contract; Low Tenure (0-12m); Electronic Check Payment
3727-OVPRY,Segment 1: Long-Term Committed Loyalists,0.03411525197145553,3.41%,No,Low Risk,Stable Account Profile
3797-FKOGQ,Segment 3: Short-Term High-Charge Users,0.7292179147657972,72.92%,Yes,High Risk,Month-to-month Contract; Low Tenure (0-12m); Electronic Check Payment
7622-NXQZR,Segment 3: Short-Term High-Charge Users,0.39505275320313643,39.51%,No,Medium Risk,Month-to-month Contract
6196-HBOBZ,Segment 1: Long-Term Committed Loyalists,0.22414264968700215,22.41%,No,Low Risk,Electronic Check Payment; No Tech Support; High Monthly Fee
3970-XGJDU,Segment 1: Long-Term Committed Loyalists,0.041544344755449956,4.15%,No,Low Risk,Stable Account Profile
7017-VFULY,Segment 3: Short-Term High-Charge Users,0.21351979191269535,21.35%,No,Low Risk,Month-to-month Contract; Low Tenure (0-12m)
5562-YJQGT,Segment 3: Short-Term High-Charge Users,0.2210297399137798,22.1%,No,Low Risk,Month-to-month Contract; Low Tenure (0-12m)
8807-OPMBM,Segment 1: Long-Term Committed Loyalists,0.05875839581030951,5.88%,No,Low Risk,Stable Account Profile
5439-WIKXB,Segment 3: Short-Term High-Charge Users,0.663914872024318,66.39%,Yes,High Risk,Month-to-month Contract; Electronic Check Payment; No Tech Support
9874-QLCLH,Segment 3: Short-Term High-Charge Users,0.8154038945172682,81.54%,Yes,High Risk,Month-to-month Contract; Electronic Check Payment; No Tech Support
8294-UIMBA,Segment 3: Short-Term High-Charge Users,0.5130663715013203,51.31%,Yes,Medium Risk,High Monthly Fee
8109-YUOHE,Segment 1: Long-Term Committed Loyalists,0.20484764566281144,20.48%,No,Low Risk,No Tech Support
5840-NVDCG,Segment 1: Long-Term Committed Loyalists,0.08289175310205277,8.29%,No,Low Risk,Stable Account Profile
8092-NLTGF,Segment 1: Long-Term Committed Loyalists,0.011514991165862505,1.15%,No,Low Risk,Stable Account Profile
5928-QLDHB,Segment 3: Short-Term High-Charge Users,0.8291623668724604,82.92%,Yes,High Risk,Month-to-month Contract; Low Tenure (0-12m); Electronic Check Payment
9840-EFJQB,Segment 3: Short-Term High-Charge Users,0.8593100400073015,85.93%,Yes,High Risk,Month-to-month Contract; Low Tenure (0-12m); Electronic Check Payment
0696-UKTOX,Segment 3: Short-Term High-Charge Users,0.34245099758403774,34.25%,No,Medium Risk,Month-to-month Contract; Electronic Check Payment
4801-KFYKL,Segment 3: Short-Term High-Charge Users,0.17321371173248226,17.32%,No,Low Risk,Month-to-month Contract; Low Tenure (0-12m)
3472-OAOOR,Segment 3: Short-Term High-Charge Users,0.3520746313032342,35.21%,No,Medium Risk,Month-to-month Contract; No Tech Support
6135-OZQVA,Segment 3: Short-Term High-Charge Users,0.5634775270799856,56.35%,Yes,Medium Risk,Month-to-month Contract; Low Tenure (0-12m); Electronic Check Payment
8062-YBDOE,Segment 3: Short-Term High-Charge Users,0.9339103628105289,93.39%,Yes,High Risk,Month-to-month Contract; Low Tenure (0-12m); Electronic Check Payment
2252-JHJGE,Segment 1: Long-Term Committed Loyalists,0.45971383515035086,45.97%,No,Medium Risk,Electronic Check Payment; No Tech Support; High Monthly Fee
4188-PCPIG,Segment 1: Long-Term Committed Loyalists,0.054618905111927865,5.46%,No,Low Risk,High Monthly Fee
6000-APYLU,Segment 3: Short-Term High-Charge Users,0.8277867229998744,82.78%,Yes,High Risk,Month-to-month Contract; Low Tenure (0-12m); Electronic Check Payment
7105-BENQF,Segment 1: Long-Term Committed Loyalists,0.2274087434213744,22.74%,No,Low Risk,No Tech Support
7721-DVEKZ,Segment 3: Short-Term High-Charge Users,0.6028162985289178,60.28%,Yes,High Risk,Month-to-month Contract; Low Tenure (0-12m)
3566-VVORZ,Segment 3: Short-Term High-Charge Users,0.46181566546391245,46.18%,No,Medium Risk,Month-to-month Contract; Low Tenure (0-12m); No Tech Support
9507-HSMMZ,Segment 1: Long-Term Committed Loyalists,0.029543868584954253,2.95%,No,Low Risk,Stable Account Profile
2480-SQIOB,Segment 3: Short-Term High-Charge Users,0.7271110729885315,72.71%,Yes,High Risk,Month-to-month Contract; Low Tenure (0-12m); Electronic Check Payment
0947-IDHRQ,Segment 3: Short-Term High-Charge Users,0.8348290955796687,83.48%,Yes,High Risk,Month-to-month Contract; Low Tenure (0-12m); No Tech Support
7813-TKCVO,Segment 1: Long-Term Committed Loyalists,0.035592086323592904,3.56%,No,Low Risk,Stable Account Profile
0128-MKWSG,Segment 3: Short-Term High-Charge Users,0.2724644923426473,27.25%,No,Low Risk,Month-to-month Contract
3672-YITQD,Segment 3: Short-Term High-Charge Users,0.708963359958997,70.9%,Yes,High Risk,Month-to-month Contract; Electronic Check Payment; No Tech Support
4350-ZTLPI,Segment 1: Long-Term Committed Loyalists,0.48354596133771577,48.35%,No,Medium Risk,High Monthly Fee
9048-JVYVF,Segment 3: Short-Term High-Charge Users,0.6855579827169977,68.56%,Yes,High Risk,Month-to-month Contract; Low Tenure (0-12m); Electronic Check Payment
0361-HJRDX,Segment 1: Long-Term Committed Loyalists,0.032899752604918196,3.29%,No,Low Risk,Stable Account Profile
5727-MYATE,Segment 1: Long-Term Committed Loyalists,0.014413892706534703,1.44%,No,Low Risk,High Monthly Fee
3823-KYNQY,Segment 1: Long-Term Committed Loyalists,0.12121557515736273,12.12%,No,Low Risk,Low Tenure (0-12m)
8988-ECPJR,Segment 3: Short-Term High-Charge Users,0.6118942012216206,61.19%,Yes,High Risk,Month-to-month Contract; No Tech Support; High Monthly Fee
7570-WELNY,Segment 1: Long-Term Committed Loyalists,0.11845262140401755,11.85%,No,Low Risk,No Tech Support; High Monthly Fee
3021-VLNRJ,Segment 1: Long-Term Committed Loyalists,0.0863072225093628,8.63%,No,Low Risk,High Monthly Fee
3776-EKTKM,Segment 3: Short-Term High-Charge Users,0.8479703205279835,84.8%,Yes,High Risk,Month-to-month Contract; Low Tenure (0-12m); Electronic Check Payment
2080-CAZNM,Segment 3: Short-Term High-Charge Users,0.758464137200317,75.85%,Yes,High Risk,Month-to-month Contract; Electronic Check Payment; No Tech Support
1028-FFNJK,Segment 3: Short-Term High-Charge Users,0.7447823073519224,74.48%,Yes,High Risk,Month-to-month Contract; Electronic Check Payment; High Monthly Fee
6907-FLBER,Segment 3: Short-Term High-Charge Users,0.7021135361874299,70.21%,Yes,High Risk,Month-to-month Contract; Low Tenure (0-12m); Electronic Check Payment
3001-UNBTL,Segment 3: Short-Term High-Charge Users,0.7741968987258878,77.42%,Yes,High Risk,Month-to-month Contract; Electronic Check Payment; No Tech Support
5982-PSMKW,Segment 1: Long-Term Committed Loyalists,0.11340840860744242,11.34%,No,Low Risk,High Monthly Fee
3507-GASNP,Segment 1: Long-Term Committed Loyalists,0.023765196302904443,2.38%,No,Low Risk,Stable Account Profile
7096-ZNBZI,Segment 1: Long-Term Committed Loyalists,0.006496117422073973,0.65%,No,Low Risk,Stable Account Profile
1902-XBTFB,Segment 3: Short-Term High-Charge Users,0.7200735344189697,72.01%,Yes,High Risk,Month-to-month Contract; Electronic Check Payment; No Tech Support
1676-MQAOA,Segment 1: Long-Term Committed Loyalists,0.0352302956108137,3.52%,No,Low Risk,High Monthly Fee
0786-IVLAW,Segment 1: Long-Term Committed Loyalists,0.4033477498059937,40.33%,No,Medium Risk,No Tech Support; High Monthly Fee
7566-DSRLQ,Segment 1: Long-Term Committed Loyalists,0.13394361471899283,13.39%,No,Low Risk,Electronic Check Payment; High Monthly Fee
0643-OKLRP,Segment 3: Short-Term High-Charge Users,0.6043795269408937,60.44%,Yes,High Risk,Month-to-month Contract; Electronic Check Payment; No Tech Support
7245-JMTTQ,Segment 1: Long-Term Committed Loyalists,0.4340074612949015,43.4%,No,Medium Risk,Electronic Check Payment; High Monthly Fee
6050-IJRHS,Segment 1: Long-Term Committed Loyalists,0.4133695959969066,41.34%,No,Medium Risk,Electronic Check Payment; No Tech Support; High Monthly Fee
6202-JVYEU,Segment 3: Short-Term High-Charge Users,0.12264963853745589,12.26%,No,Low Risk,Low Tenure (0-12m); Electronic Check Payment
8591-TKMZH,Segment 1: Long-Term Committed Loyalists,0.2910552218800353,29.11%,No,Low Risk,High Monthly Fee
0734-OXWBT,Segment 3: Short-Term High-Charge Users,0.5991739127085648,59.92%,Yes,Medium Risk,Month-to-month Contract; Low Tenure (0-12m); High Monthly Fee
4282-ACRXS,Segment 3: Short-Term High-Charge Users,0.43450315625033237,43.45%,No,Medium Risk,Month-to-month Contract; Electronic Check Payment; No Tech Support
0365-TRTPY,Segment 3: Short-Term High-Charge Users,0.5097868239781731,50.98%,Yes,Medium Risk,Month-to-month Contract; No Tech Support; High Monthly Fee
7349-ALMUX,Segment 1: Long-Term Committed Loyalists,0.05989379870579764,5.99%,No,Low Risk,Stable Account Profile
9381-NDKME,Segment 3: Short-Term High-Charge Users,0.4889851646790606,48.9%,No,Medium Risk,Month-to-month Contract; No Tech Support
6502-KUGLL,Segment 3: Short-Term High-Charge Users,0.32340552584377763,32.34%,No,Medium Risk,Month-to-month Contract
1841-YSJGV,Segment 1: Long-Term Committed Loyalists,0.08031909090338327,8.03%,No,Low Risk,High Monthly Fee
2794-XIMMO,Segment 1: Long-Term Committed Loyalists,0.40446828917037064,40.45%,No,Medium Risk,Electronic Check Payment
8382-SHQEH,Segment 3: Short-Term High-Charge Users,0.8769738036053716,87.7%,Yes,High Risk,Month-to-month Contract; Low Tenure (0-12m); Electronic Check Payment
3511-BFTJW,Segment 1: Long-Term Committed Loyalists,0.05765469515057184,5.77%,No,Low Risk,No Tech Support
7668-XCFYV,Segment 3: Short-Term High-Charge Users,0.7787900555062451,77.88%,Yes,High Risk,Month-to-month Contract; Electronic Check Payment; No Tech Support
2983-ZANRP,Segment 3: Short-Term High-Charge Users,0.8192614182191094,81.93%,Yes,High Risk,Month-to-month Contract; Low Tenure (0-12m); No Tech Support
7845-URHJN,Segment 3: Short-Term High-Charge Users,0.3078251657420939,30.78%,No,Medium Risk,Month-to-month Contract; Low Tenure (0-12m)
3034-ZBEQN,Segment 1: Long-Term Committed Loyalists,0.4008778757616668,40.09%,No,Medium Risk,No Tech Support
5018-HEKFO,Segment 3: Short-Term High-Charge Users,0.22166910147721083,22.17%,No,Low Risk,Month-to-month Contract; Low Tenure (0-12m)
2923-ARZLG,Segment 1: Long-Term Committed Loyalists,0.2312412524922316,23.12%,No,Low Risk,Low Tenure (0-12m)
3976-NLDEZ,Segment 3: Short-Term High-Charge Users,0.6791977022099387,67.92%,Yes,High Risk,Month-to-month Contract; Low Tenure (0-12m)
2282-YGNOR,Segment 1: Long-Term Committed Loyalists,0.09730752763919709,9.73%,No,Low Risk,Stable Account Profile
5336-UFNZP,Segment 1: Long-Term Committed Loyalists,0.4710222182794066,47.1%,No,Medium Risk,Electronic Check Payment; No Tech Support; High Monthly Fee
6854-EXGSF,Segment 3: Short-Term High-Charge Users,0.4066852319346885,40.67%,No,Medium Risk,Month-to-month Contract; Low Tenure (0-12m); No Tech Support
1241-EZFMJ,Segment 1: Long-Term Committed Loyalists,0.012828540396876385,1.28%,No,Low Risk,Stable Account Profile
9233-PSYHO,Segment 1: Long-Term Committed Loyalists,0.44464522594755684,44.46%,No,Medium Risk,No Tech Support; High Monthly Fee
5376-PCKNB,Segment 1: Long-Term Committed Loyalists,0.24903268455633892,24.9%,No,Low Risk,No Tech Support; High Monthly Fee
8044-BGWPI,Segment 3: Short-Term High-Charge Users,0.16010736329943553,16.01%,No,Low Risk,Month-to-month Contract; Low Tenure (0-12m); Electronic Check Payment
4060-LDNLU,Segment 3: Short-Term High-Charge Users,0.8523095885430161,85.23%,Yes,High Risk,Month-to-month Contract; Low Tenure (0-12m); Electronic Check Payment
3589-PPVKW,Segment 3: Short-Term High-Charge Users,0.5216024159472441,52.16%,Yes,Medium Risk,Month-to-month Contract; Low Tenure (0-12m); No Tech Support
8327-LZKAS,Segment 1: Long-Term Committed Loyalists,0.636004620400613,63.6%,Yes,High Risk,Electronic Check Payment; High Monthly Fee
5887-IKKYO,Segment 1: Long-Term Committed Loyalists,0.17564822629834223,17.56%,No,Low Risk,High Monthly Fee
1075-BGWOH,Segment 3: Short-Term High-Charge Users,0.819563919150439,81.96%,Yes,High Risk,Month-to-month Contract; Electronic Check Payment; No Tech Support
1755-RMCXH,Segment 3: Short-Term High-Charge Users,0.16402536184123898,16.4%,No,Low Risk,Month-to-month Contract; Low Tenure (0-12m)
0302-JOIVN,Segment 3: Short-Term High-Charge Users,0.8509845039420167,85.1%,Yes,High Risk,Month-to-month Contract; Low Tenure (0-12m); Electronic Check Payment
3858-XHYJO,Segment 1: Long-Term Committed Loyalists,0.4298125106821878,42.98%,No,Medium Risk,No Tech Support; High Monthly Fee
4299-SIMNS,Segment 3: Short-Term High-Charge Users,0.770504841821019,77.05%,Yes,High Risk,Month-to-month Contract; Low Tenure (0-12m); Electronic Check Payment
7025-IWFHT,Segment 3: Short-Term High-Charge Users,0.49166344146252006,49.17%,No,Medium Risk,Electronic Check Payment; High Monthly Fee
6261-LHRTG,Segment 3: Short-Term High-Charge Users,0.2898678566549772,28.99%,No,Low Risk,Month-to-month Contract; No Tech Support
7841-FCRQD,Segment 1: Long-Term Committed Loyalists,0.2109076302268841,21.09%,No,Low Risk,Stable Account Profile
2056-EVGZL,Segment 1: Long-Term Committed Loyalists,0.37690753755767,37.69%,No,Medium Risk,High Monthly Fee
8777-MBMTS,Segment 1: Long-Term Committed Loyalists,0.220812598718519,22.08%,No,Low Risk,High Monthly Fee
7753-USQYQ,Segment 1: Long-Term Committed Loyalists,0.14554974101535023,14.55%,No,Low Risk,Electronic Check Payment
5366-IJEQJ,Segment 3: Short-Term High-Charge Users,0.7694715749815466,76.95%,Yes,High Risk,Month-to-month Contract; Electronic Check Payment; No Tech Support
7661-CPURM,Segment 3: Short-Term High-Charge Users,0.4459965691183918,44.6%,No,Medium Risk,High Monthly Fee
6233-HXJMX,Segment 3: Short-Term High-Charge Users,0.5846397786893761,58.46%,Yes,Medium Risk,Month-to-month Contract; No Tech Support; High Monthly Fee
5902-WBLSE,Segment 1: Long-Term Committed Loyalists,0.005559242442804382,0.56%,No,Low Risk,Stable Account Profile
1981-INRFU,Segment 3: Short-Term High-Charge Users,0.8695049068055221,86.95%,Yes,High Risk,Month-to-month Contract; Low Tenure (0-12m); Electronic Check Payment
4971-PUYQO,Segment 3: Short-Term High-Charge Users,0.7252474491832124,72.52%,Yes,High Risk,Month-to-month Contract; No Tech Support; High Monthly Fee
3239-TPHPZ,Segment 1: Long-Term Committed Loyalists,0.050242404062596245,5.02%,No,Low Risk,Low Tenure (0-12m); Electronic Check Payment
5115-GZDEL,Segment 1: Long-Term Committed Loyalists,0.02172483844368698,2.17%,No,Low Risk,Stable Account Profile
3338-CVVEH,Segment 3: Short-Term High-Charge Users,0.8099629664297857,81.0%,Yes,High Risk,Month-to-month Contract; Low Tenure (0-12m); Electronic Check Payment
8485-GJCDN,Segment 3: Short-Term High-Charge Users,0.7624415674462596,76.24%,Yes,High Risk,Month-to-month Contract; Low Tenure (0-12m); No Tech Support
2615-YVMYX,Segment 1: Long-Term Committed Loyalists,0.36909605396696,36.91%,No,Medium Risk,Month-to-month Contract; Electronic Check Payment; No Tech Support
2851-STERV,Segment 1: Long-Term Committed Loyalists,0.29206944633302406,29.21%,No,Low Risk,Electronic Check Payment; High Monthly Fee
4393-GEADV,Segment 1: Long-Term Committed Loyalists,0.10776584156740741,10.78%,No,Low Risk,High Monthly Fee
8486-AYEQH,Segment 3: Short-Term High-Charge Users,0.6687728697303151,66.88%,Yes,High Risk,Month-to-month Contract; Electronic Check Payment; No Tech Support
1527-SXDPN,Segment 1: Long-Term Committed Loyalists,0.414439899635414,41.44%,No,Medium Risk,High Monthly Fee
6029-WTIPC,Segment 3: Short-Term High-Charge Users,0.7695968343130187,76.96%,Yes,High Risk,Month-to-month Contract; Electronic Check Payment; No Tech Support
8634-CILSZ,Segment 1: Long-Term Committed Loyalists,0.483513408600413,48.35%,No,Medium Risk,High Monthly Fee
5419-JKZNQ,Segment 3: Short-Term High-Charge Users,0.5668335566413123,56.68%,Yes,Medium Risk,Month-to-month Contract; No Tech Support; High Monthly Fee
2495-KZNFB,Segment 3: Short-Term High-Charge Users,0.6047548029395616,60.48%,Yes,High Risk,Month-to-month Contract; Electronic Check Payment; No Tech Support
1409-PHXTF,Segment 1: Long-Term Committed Loyalists,0.31331894127889637,31.33%,No,Medium Risk,Electronic Check Payment; High Monthly Fee
4560-WQAQW,Segment 1: Long-Term Committed Loyalists,0.10394719306281819,10.39%,No,Low Risk,Stable Account Profile
9591-YVTEB,Segment 3: Short-Term High-Charge Users,0.3742567952701199,37.43%,No,Medium Risk,Month-to-month Contract; Electronic Check Payment; No Tech Support
9309-BZGNT,Segment 1: Long-Term Committed Loyalists,0.155943211995119,15.59%,No,Low Risk,No Tech Support
4274-DRSQT,Segment 1: Long-Term Committed Loyalists,0.280410978109801,28.04%,No,Low Risk,No Tech Support; High Monthly Fee
2027-DNKIV,Segment 1: Long-Term Committed Loyalists,0.11216017012985444,11.22%,No,Low Risk,Stable Account Profile
8075-GXIUB,Segment 1: Long-Term Committed Loyalists,0.10793593718613685,10.79%,No,Low Risk,Low Tenure (0-12m)
2885-HIJDH,Segment 1: Long-Term Committed Loyalists,0.04249616382437399,4.25%,No,Low Risk,High Monthly Fee
5424-RLQLC,Segment 3: Short-Term High-Charge Users,0.3930552562969837,39.31%,No,Medium Risk,Month-to-month Contract; Low Tenure (0-12m); No Tech Support
6682-QJDGB,Segment 3: Short-Term High-Charge Users,0.2451068353938651,24.51%,No,Low Risk,Month-to-month Contract; No Tech Support
6507-DTJZV,Segment 3: Short-Term High-Charge Users,0.3947739862071043,39.48%,No,Medium Risk,Month-to-month Contract; No Tech Support
8780-IXSTS,Segment 3: Short-Term High-Charge Users,0.8892617788589242,88.93%,Yes,High Risk,Month-to-month Contract; Low Tenure (0-12m); Electronic Check Payment
7673-BQGKU,Segment 1: Long-Term Committed Loyalists,0.01191568718483408,1.19%,No,Low Risk,Stable Account Profile
6723-WSNTY,Segment 1: Long-Term Committed Loyalists,0.41473721216174453,41.47%,No,Medium Risk,High Monthly Fee
9530-EHPOH,Segment 3: Short-Term High-Charge Users,0.5727033031878667,57.27%,Yes,Medium Risk,Month-to-month Contract; Low Tenure (0-12m); Electronic Check Payment
2725-IWWBA,Segment 1: Long-Term Committed Loyalists,0.12343961984620778,12.34%,No,Low Risk,Stable Account Profile
0345-HKJVM,Segment 3: Short-Term High-Charge Users,0.8550398036495345,85.5%,Yes,High Risk,Month-to-month Contract; Low Tenure (0-12m); Electronic Check Payment
1061-PNTHC,Segment 1: Long-Term Committed Loyalists,0.372216000584994,37.22%,No,Medium Risk,Month-to-month Contract; High Monthly Fee
0394-YONDK,Segment 1: Long-Term Committed Loyalists,0.008306025600464246,0.83%,No,Low Risk,Stable Account Profile
6574-MCOEH,Segment 1: Long-Term Committed Loyalists,0.29782780018077964,29.78%,No,Low Risk,Electronic Check Payment; High Monthly Fee
7399-QHBJS,Segment 1: Long-Term Committed Loyalists,0.05991489664423543,5.99%,No,Low Risk,Stable Account Profile
3049-SOLAY,Segment 3: Short-Term High-Charge Users,0.9085818686020396,90.86%,Yes,High Risk,Month-to-month Contract; Low Tenure (0-12m); Electronic Check Payment
0997-YTLNY,Segment 3: Short-Term High-Charge Users,0.38295017864290154,38.3%,No,Medium Risk,Month-to-month Contract
3317-HRTNN,Segment 3: Short-Term High-Charge Users,0.7411571834160798,74.12%,Yes,High Risk,Month-to-month Contract; Low Tenure (0-12m); Electronic Check Payment
9479-HYNYL,Segment 1: Long-Term Committed Loyalists,0.04450602188032612,4.45%,No,Low Risk,High Monthly Fee
3235-ETOOB,Segment 3: Short-Term High-Charge Users,0.7700795435530048,77.01%,Yes,High Risk,Month-to-month Contract; Low Tenure (0-12m); Electronic Check Payment
9708-KFDBY,Segment 3: Short-Term High-Charge Users,0.3978950999210213,39.79%,No,Medium Risk,Month-to-month Contract; Low Tenure (0-12m)
8058-INTPH,Segment 3: Short-Term High-Charge Users,0.9267942435164177,92.68%,Yes,High Risk,Month-to-month Contract; Low Tenure (0-12m); Electronic Check Payment
3642-GKTCT,Segment 1: Long-Term Committed Loyalists,0.3213613351902467,32.14%,No,Medium Risk,High Monthly Fee
0774-RMNUW,Segment 1: Long-Term Committed Loyalists,0.02573879224378725,2.57%,No,Low Risk,Stable Account Profile
1334-PDUKM,Segment 1: Long-Term Committed Loyalists,0.2050829677830014,20.51%,No,Low Risk,No Tech Support; High Monthly Fee
0756-MPZRL,Segment 1: Long-Term Committed Loyalists,0.22241411518650173,22.24%,No,Low Risk,Stable Account Profile
2242-MFOTG,Segment 3: Short-Term High-Charge Users,0.36596039436351335,36.6%,No,Medium Risk,No Tech Support; High Monthly Fee
2927-CVULT,Segment 1: Long-Term Committed Loyalists,0.21360715299353553,21.36%,No,Low Risk,High Monthly Fee
2144-BFDSO,Segment 1: Long-Term Committed Loyalists,0.4522597150681595,45.23%,No,Medium Risk,Month-to-month Contract; No Tech Support; High Monthly Fee
8745-PVESG,Segment 1: Long-Term Committed Loyalists,0.060380358984048005,6.04%,No,Low Risk,Stable Account Profile
7647-GYYKX,Segment 1: Long-Term Committed Loyalists,0.035625467833667754,3.56%,No,Low Risk,Stable Account Profile
5647-FXOTP,Segment 1: Long-Term Committed Loyalists,0.6072288942165707,60.72%,Yes,High Risk,Month-to-month Contract; Electronic Check Payment; No Tech Support
5569-OUICF,Segment 3: Short-Term High-Charge Users,0.7025128677009592,70.25%,Yes,High Risk,Month-to-month Contract; High Monthly Fee
8821-XNHVZ,Segment 3: Short-Term High-Charge Users,0.9027879905750879,90.28%,Yes,High Risk,Month-to-month Contract; Low Tenure (0-12m); No Tech Support
2082-OJVTK,Segment 3: Short-Term High-Charge Users,0.6888489932590547,68.88%,Yes,High Risk,Month-to-month Contract; Electronic Check Payment; No Tech Support
9700-ISPUP,Segment 3: Short-Term High-Charge Users,0.5016869604742683,50.17%,Yes,Medium Risk,Month-to-month Contract; Low Tenure (0-12m); Electronic Check Payment
9839-ETQOE,Segment 3: Short-Term High-Charge Users,0.324319202269749,32.43%,No,Medium Risk,Month-to-month Contract; Electronic Check Payment; No Tech Support
6078-VESFR,Segment 3: Short-Term High-Charge Users,0.5734756174206989,57.35%,Yes,Medium Risk,Month-to-month Contract; No Tech Support; High Monthly Fee
9027-TMATR,Segment 1: Long-Term Committed Loyalists,0.10503659686556074,10.5%,No,Low Risk,Electronic Check Payment; High Monthly Fee
5940-NFXKV,Segment 3: Short-Term High-Charge Users,0.7646548210605558,76.47%,Yes,High Risk,Month-to-month Contract; Electronic Check Payment; No Tech Support
1941-HOSAM,Segment 3: Short-Term High-Charge Users,0.8814293121320582,88.14%,Yes,High Risk,Month-to-month Contract; Low Tenure (0-12m); Electronic Check Payment
9110-HSGTV,Segment 1: Long-Term Committed Loyalists,0.04369874675668678,4.37%,No,Low Risk,High Monthly Fee
0704-VCUMB,Segment 1: Long-Term Committed Loyalists,0.012089781286640268,1.21%,No,Low Risk,Stable Account Profile
6171-ZTVYB,Segment 3: Short-Term High-Charge Users,0.1663225354092915,16.63%,No,Low Risk,Month-to-month Contract
8053-WWDRO,Segment 3: Short-Term High-Charge Users,0.2981716608254985,29.82%,No,Low Risk,Month-to-month Contract; Low Tenure (0-12m)
9564-KCLHR,Segment 3: Short-Term High-Charge Users,0.6703945597565841,67.04%,Yes,High Risk,Month-to-month Contract; Low Tenure (0-12m)
1935-IMVBB,Segment 3: Short-Term High-Charge Users,0.42454497752748066,42.45%,No,Medium Risk,Month-to-month Contract; No Tech Support; High Monthly Fee
2535-PBCGC,Segment 1: Long-Term Committed Loyalists,0.024401831673990026,2.44%,No,Low Risk,Stable Account Profile
2082-CEFLT,Segment 3: Short-Term High-Charge Users,0.8081358170169988,80.81%,Yes,High Risk,Month-to-month Contract; Low Tenure (0-12m); Electronic Check Payment
1470-PSXNM,Segment 1: Long-Term Committed Loyalists,0.3605590309474296,36.06%,No,Medium Risk,Electronic Check Payment; No Tech Support; High Monthly Fee
1213-NGCUN,Segment 3: Short-Term High-Charge Users,0.6289632974806602,62.9%,Yes,High Risk,Month-to-month Contract; Low Tenure (0-12m)
2498-XLDZR,Segment 1: Long-Term Committed Loyalists,0.07373434071273804,7.37%,No,Low Risk,High Monthly Fee
9866-OCCKE,Segment 1: Long-Term Committed Loyalists,0.06535200711415305,6.54%,No,Low Risk,High Monthly Fee
5338-YHWYT,Segment 1: Long-Term Committed Loyalists,0.05773457980250111,5.77%,No,Low Risk,Stable Account Profile
7718-UPSKJ,Segment 1: Long-Term Committed Loyalists,0.34712329001887,34.71%,No,Medium Risk,High Monthly Fee
8731-WBBMB,Segment 3: Short-Term High-Charge Users,0.29108538290198666,29.11%,No,Low Risk,Month-to-month Contract; High Monthly Fee
1448-CYWKC,Segment 1: Long-Term Committed Loyalists,0.5054683605989321,50.55%,Yes,Medium Risk,No Tech Support; High Monthly Fee
7901-IIDQV,Segment 1: Long-Term Committed Loyalists,0.23049253266313854,23.05%,No,Low Risk,Stable Account Profile
2690-DVRVK,Segment 3: Short-Term High-Charge Users,0.12261201938548502,12.26%,No,Low Risk,Low Tenure (0-12m); Electronic Check Payment
5688-KZTSN,Segment 3: Short-Term High-Charge Users,0.4707868978888403,47.08%,No,Medium Risk,Month-to-month Contract; Electronic Check Payment
1270-XKUCC,Segment 1: Long-Term Committed Loyalists,0.01853868054454228,1.85%,No,Low Risk,Stable Account Profile
0334-ZFJSR,Segment 1: Long-Term Committed Loyalists,0.09028483566682242,9.03%,No,Low Risk,Stable Account Profile
2894-QOJRX,Segment 3: Short-Term High-Charge Users,0.49134244440039243,49.13%,No,Medium Risk,Month-to-month Contract; No Tech Support
5747-PMBSQ,Segment 3: Short-Term High-Charge Users,0.8407779746129656,84.08%,Yes,High Risk,Month-to-month Contract; Low Tenure (0-12m); High Monthly Fee
5583-EJXRD,Segment 1: Long-Term Committed Loyalists,0.07904605177116104,7.9%,No,Low Risk,Stable Account Profile
4565-EVZMJ,Segment 1: Long-Term Committed Loyalists,0.10848489391885423,10.85%,No,Low Risk,Stable Account Profile
3143-JQEGI,Segment 3: Short-Term High-Charge Users,0.7721802336168518,77.22%,Yes,High Risk,Month-to-month Contract; Electronic Check Payment; No Tech Support
6386-SZZKH,Segment 1: Long-Term Committed Loyalists,0.5189031238431794,51.89%,Yes,Medium Risk,High Monthly Fee
3327-YBAKM,Segment 1: Long-Term Committed Loyalists,0.2184057151452256,21.84%,No,Low Risk,High Monthly Fee
9441-QHEVC,Segment 3: Short-Term High-Charge Users,0.38355665224424773,38.36%,No,Medium Risk,Month-to-month Contract; Low Tenure (0-12m)
6705-LNMDD,Segment 3: Short-Term High-Charge Users,0.3844032265949998,38.44%,No,Medium Risk,Month-to-month Contract
2580-ASVVY,Segment 1: Long-Term Committed Loyalists,0.14407123074786704,14.41%,No,Low Risk,Electronic Check Payment
3370-GQEAL,Segment 3: Short-Term High-Charge Users,0.6419934661781347,64.2%,Yes,High Risk,Month-to-month Contract; Electronic Check Payment; No Tech Support
5032-USPKF,Segment 1: Long-Term Committed Loyalists,0.28697075753246193,28.7%,No,Low Risk,No Tech Support; High Monthly Fee
2982-IHMFT,Segment 3: Short-Term High-Charge Users,0.9183767646432514,91.84%,Yes,High Risk,Month-to-month Contract; Low Tenure (0-12m); No Tech Support
3521-SYVOR,Segment 3: Short-Term High-Charge Users,0.4561802850245659,45.62%,No,Medium Risk,Month-to-month Contract; Electronic Check Payment; No Tech Support
4254-QPEDE,Segment 1: Long-Term Committed Loyalists,0.03615132726807554,3.62%,No,Low Risk,Stable Account Profile
6283-GITPX,Segment 1: Long-Term Committed Loyalists,0.04648509659605334,4.65%,No,Low Risk,High Monthly Fee
9526-JAWYF,Segment 3: Short-Term High-Charge Users,0.6818492432571776,68.18%,Yes,High Risk,Month-to-month Contract; Electronic Check Payment; No Tech Support
0771-CHWSK,Segment 1: Long-Term Committed Loyalists,0.10783127456818754,10.78%,No,Low Risk,No Tech Support; High Monthly Fee
9788-HNGUT,Segment 1: Long-Term Committed Loyalists,0.05140125938042632,5.14%,No,Low Risk,High Monthly Fee
9495-REDIY,Segment 1: Long-Term Committed Loyalists,0.1897881820598731,18.98%,No,Low Risk,No Tech Support
5375-XLDOF,Segment 1: Long-Term Committed Loyalists,0.20942686162440624,20.94%,No,Low Risk,High Monthly Fee
1172-VIYBP,Segment 1: Long-Term Committed Loyalists,0.05936023930727566,5.94%,No,Low Risk,No Tech Support
5649-VUKMC,Segment 3: Short-Term High-Charge Users,0.7813886150057017,78.14%,Yes,High Risk,Low Tenure (0-12m); No Tech Support; High Monthly Fee
6559-PDZLR,Segment 3: Short-Term High-Charge Users,0.6925381294285474,69.25%,Yes,High Risk,Month-to-month Contract; Electronic Check Payment; High Monthly Fee
8992-OBVDG,Segment 3: Short-Term High-Charge Users,0.32743995111603136,32.74%,No,Medium Risk,Month-to-month Contract; No Tech Support
4273-MBHYA,Segment 3: Short-Term High-Charge Users,0.8889430848124085,88.89%,Yes,High Risk,Month-to-month Contract; Low Tenure (0-12m); Electronic Check Payment
4724-WXVWF,Segment 3: Short-Term High-Charge Users,0.5001862741352373,50.02%,Yes,Medium Risk,Month-to-month Contract; Electronic Check Payment; High Monthly Fee
5701-GUXDC,Segment 1: Long-Term Committed Loyalists,0.19586827616235677,19.59%,No,Low Risk,No Tech Support
1460-UZPRJ,Segment 1: Long-Term Committed Loyalists,0.014126749372091038,1.41%,No,Low Risk,Stable Account Profile
6082-GLJIX,Segment 3: Short-Term High-Charge Users,0.14331997471834568,14.33%,No,Low Risk,Month-to-month Contract
5143-EGQFK,Segment 3: Short-Term High-Charge Users,0.6709527057815909,67.1%,Yes,High Risk,Month-to-month Contract; Low Tenure (0-12m); Electronic Check Payment
4919-IKATY,Segment 3: Short-Term High-Charge Users,0.7951514041812949,79.52%,Yes,High Risk,Month-to-month Contract; Low Tenure (0-12m); Electronic Check Payment
2495-TTHBQ,Segment 1: Long-Term Committed Loyalists,0.10915478353956329,10.92%,No,Low Risk,Low Tenure (0-12m)
0485-ZBSLN,Segment 1: Long-Term Committed Loyalists,0.016997459601101137,1.7%,No,Low Risk,Stable Account Profile
3810-PJUHR,Segment 1: Long-Term Committed Loyalists,0.005767128647699174,0.58%,No,Low Risk,Stable Account Profile
9050-QLROH,Segment 3: Short-Term High-Charge Users,0.6901117644313853,69.01%,Yes,High Risk,Month-to-month Contract; No Tech Support; High Monthly Fee
0847-HGRML,Segment 1: Long-Term Committed Loyalists,0.030167395251045063,3.02%,No,Low Risk,Stable Account Profile
8232-CTLKO,Segment 1: Long-Term Committed Loyalists,0.12212969292214104,12.21%,No,Low Risk,Electronic Check Payment; No Tech Support
9227-YBAXE,Segment 1: Long-Term Committed Loyalists,0.043635844440992555,4.36%,No,Low Risk,High Monthly Fee
6168-WFVVF,Segment 3: Short-Term High-Charge Users,0.8159006090173142,81.59%,Yes,High Risk,Month-to-month Contract; Low Tenure (0-12m); Electronic Check Payment
9860-LISIZ,Segment 3: Short-Term High-Charge Users,0.0800137594159971,8.0%,No,Low Risk,Month-to-month Contract
0112-QAWRZ,Segment 3: Short-Term High-Charge Users,0.7081636324429879,70.82%,Yes,High Risk,Month-to-month Contract; No Tech Support; High Monthly Fee
0877-SDMBN,Segment 1: Long-Term Committed Loyalists,0.5421338190258232,54.21%,Yes,Medium Risk,No Tech Support; High Monthly Fee
2786-GCDPI,Segment 3: Short-Term High-Charge Users,0.6254404590324454,62.54%,Yes,High Risk,Month-to-month Contract; Electronic Check Payment; High Monthly Fee
4043-MKDTV,Segment 1: Long-Term Committed Loyalists,0.24825855933726199,24.83%,No,Low Risk,Electronic Check Payment; High Monthly Fee
8065-YKXKD,Segment 3: Short-Term High-Charge Users,0.8050900953770299,80.51%,Yes,High Risk,Month-to-month Contract; Low Tenure (0-12m); Electronic Check Payment
9637-EIHEQ,Segment 3: Short-Term High-Charge Users,0.7684667514165425,76.85%,Yes,High Risk,Month-to-month Contract; Low Tenure (0-12m); Electronic Check Payment
9229-RQABD,Segment 1: Long-Term Committed Loyalists,0.0864939864706908,8.65%,No,Low Risk,Stable Account Profile
8313-KTIHG,Segment 3: Short-Term High-Charge Users,0.5247617870232132,52.48%,Yes,Medium Risk,Month-to-month Contract; Low Tenure (0-12m); Electronic Check Payment
5320-BRKGK,Segment 1: Long-Term Committed Loyalists,0.03882653639556085,3.88%,No,Low Risk,High Monthly Fee
6284-KMNUF,Segment 1: Long-Term Committed Loyalists,0.38562830993275105,38.56%,No,Medium Risk,Electronic Check Payment; No Tech Support; High Monthly Fee
9689-PTNPG,Segment 3: Short-Term High-Charge Users,0.8679842380896775,86.8%,Yes,High Risk,Month-to-month Contract; Low Tenure (0-12m); Electronic Check Payment
9465-RWMXL,Segment 3: Short-Term High-Charge Users,0.665288104903026,66.53%,Yes,High Risk,Month-to-month Contract; Electronic Check Payment; No Tech Support
6229-UOLQL,Segment 1: Long-Term Committed Loyalists,0.08568901829630986,8.57%,No,Low Risk,Stable Account Profile
2362-IBOOY,Segment 3: Short-Term High-Charge Users,0.7052090676048263,70.52%,Yes,High Risk,Month-to-month Contract; Electronic Check Payment; No Tech Support
3137-LUPIX,Segment 3: Short-Term High-Charge Users,0.48339747439980385,48.34%,No,Medium Risk,Month-to-month Contract; Low Tenure (0-12m)
0843-WTBXE,Segment 3: Short-Term High-Charge Users,0.5445320867300234,54.45%,Yes,Medium Risk,Month-to-month Contract; No Tech Support; High Monthly Fee
6143-JQKEA,Segment 3: Short-Term High-Charge Users,0.5292983565666944,52.93%,Yes,Medium Risk,Month-to-month Contract; Low Tenure (0-12m); No Tech Support
8676-OOQEJ,Segment 3: Short-Term High-Charge Users,0.6392977888765478,63.93%,Yes,High Risk,Month-to-month Contract; Low Tenure (0-12m); Electronic Check Payment
5515-IDEJJ,Segment 3: Short-Term High-Charge Users,0.7007124616245345,70.07%,Yes,High Risk,Month-to-month Contract; Low Tenure (0-12m)
9701-CDXHR,Segment 3: Short-Term High-Charge Users,0.33998757571931276,34.0%,No,Medium Risk,Month-to-month Contract; No Tech Support
7450-NWRTR,Segment 3: Short-Term High-Charge Users,0.8855174718299348,88.55%,Yes,High Risk,Month-to-month Contract; Low Tenure (0-12m); Electronic Check Payment
8124-NZVGJ,Segment 1: Long-Term Committed Loyalists,0.362426609389182,36.24%,No,Medium Risk,Low Tenure (0-12m)
2162-FRZAA,Segment 1: Long-Term Committed Loyalists,0.062452890228504906,6.25%,No,Low Risk,Stable Account Profile
5376-DEQCP,Segment 3: Short-Term High-Charge Users,0.9158885509423105,91.59%,Yes,High Risk,Month-to-month Contract; Low Tenure (0-12m); Electronic Check Payment
5118-MUEYH,Segment 1: Long-Term Committed Loyalists,0.5167929984036574,51.68%,Yes,Medium Risk,Month-to-month Contract; High Monthly Fee
9095-HFAFX,Segment 3: Short-Term High-Charge Users,0.8415822486067746,84.16%,Yes,High Risk,Month-to-month Contract; Low Tenure (0-12m); No Tech Support
5627-TVBPP,Segment 1: Long-Term Committed Loyalists,0.019118550459781846,1.91%,No,Low Risk,Stable Account Profile
2379-ENZGV,Segment 3: Short-Term High-Charge Users,0.867697292802807,86.77%,Yes,High Risk,Month-to-month Contract; Low Tenure (0-12m); Electronic Check Payment
3936-QQFLL,Segment 3: Short-Term High-Charge Users,0.19188769109037657,19.19%,No,Low Risk,Month-to-month Contract; Low Tenure (0-12m)
2589-AYCRP,Segment 1: Long-Term Committed Loyalists,0.053363597440257815,5.34%,No,Low Risk,Stable Account Profile
4067-HLYQI,Segment 3: Short-Term High-Charge Users,0.5950393377619065,59.5%,Yes,Medium Risk,Month-to-month Contract; No Tech Support; High Monthly Fee
5124-EOGYE,Segment 1: Long-Term Committed Loyalists,0.014835834282689774,1.48%,No,Low Risk,Stable Account Profile
5057-RKGLH,Segment 1: Long-Term Committed Loyalists,0.03790829130232074,3.79%,No,Low Risk,Low Tenure (0-12m)
0292-WEGCH,Segment 1: Long-Term Committed Loyalists,0.21734763910306942,21.73%,No,Low Risk,Month-to-month Contract; Electronic Check Payment; High Monthly Fee
8910-ICHIU,Segment 1: Long-Term Committed Loyalists,0.2949752268211912,29.5%,No,Low Risk,No Tech Support; High Monthly Fee
4097-YODCF,Segment 1: Long-Term Committed Loyalists,0.428198093568317,42.82%,No,Medium Risk,Electronic Check Payment; No Tech Support; High Monthly Fee
9715-WZCLW,Segment 1: Long-Term Committed Loyalists,0.23474201514565232,23.47%,No,Low Risk,Electronic Check Payment; No Tech Support; High Monthly Fee
9786-YWNHU,Segment 1: Long-Term Committed Loyalists,0.032408399045653354,3.24%,No,Low Risk,Stable Account Profile
6407-GSJNL,Segment 1: Long-Term Committed Loyalists,0.03612287304420604,3.61%,No,Low Risk,Stable Account Profile
6005-OBZPH,Segment 3: Short-Term High-Charge Users,0.765315762637472,76.53%,Yes,High Risk,Month-to-month Contract; Electronic Check Payment; No Tech Support
4049-ZPALD,Segment 1: Long-Term Committed Loyalists,0.19150929556420734,19.15%,No,Low Risk,No Tech Support; High Monthly Fee
7932-WPTDS,Segment 3: Short-Term High-Charge Users,0.8436814123040091,84.37%,Yes,High Risk,Month-to-month Contract; Low Tenure (0-12m); Electronic Check Payment
3733-UOCWF,Segment 1: Long-Term Committed Loyalists,0.18012318584346038,18.01%,No,Low Risk,High Monthly Fee
6833-JMZYP,Segment 3: Short-Term High-Charge Users,0.7195574008647762,71.96%,Yes,High Risk,Month-to-month Contract; No Tech Support; High Monthly Fee
2722-VOJQL,Segment 1: Long-Term Committed Loyalists,0.5169195675581333,51.69%,Yes,Medium Risk,High Monthly Fee
1310-QRITU,Segment 3: Short-Term High-Charge Users,0.5359992359551152,53.6%,Yes,Medium Risk,Month-to-month Contract; Electronic Check Payment; No Tech Support
8961-QDZZJ,Segment 1: Long-Term Committed Loyalists,0.4065640669172921,40.66%,No,Medium Risk,Electronic Check Payment; No Tech Support; High Monthly Fee
9715-SBVSU,Segment 1: Long-Term Committed Loyalists,0.12956571754301563,12.96%,No,Low Risk,No Tech Support
8490-BXHEO,Segment 3: Short-Term High-Charge Users,0.605749913238835,60.57%,Yes,High Risk,Month-to-month Contract; No Tech Support; High Monthly Fee
7173-TETGO,Segment 1: Long-Term Committed Loyalists,0.07114426061974252,7.11%,No,Low Risk,No Tech Support; High Monthly Fee
7929-SKFGK,Segment 1: Long-Term Committed Loyalists,0.10384821781740769,10.38%,No,Low Risk,High Monthly Fee
2300-RQGOI,Segment 1: Long-Term Committed Loyalists,0.01599854008607168,1.6%,No,Low Risk,Stable Account Profile
3563-SVYLG,Segment 1: Long-Term Committed Loyalists,0.04980365735265615,4.98%,No,Low Risk,Stable Account Profile
5228-EXCET,Segment 3: Short-Term High-Charge Users,0.7627178151039131,76.27%,Yes,High Risk,Month-to-month Contract; Electronic Check Payment; No Tech Support
6435-VWCCY,Segment 1: Long-Term Committed Loyalists,0.15880488017316252,15.88%,No,Low Risk,No Tech Support; High Monthly Fee
4998-IKFSE,Segment 3: Short-Term High-Charge Users,0.6961950412929278,69.62%,Yes,High Risk,Month-to-month Contract; Electronic Check Payment; No Tech Support
8630-QSGXK,Segment 1: Long-Term Committed Loyalists,0.05558377757470666,5.56%,No,Low Risk,High Monthly Fee
2455-USLMV,Segment 3: Short-Term High-Charge Users,0.5683931878710822,56.84%,Yes,Medium Risk,Month-to-month Contract; No Tech Support; High Monthly Fee
7394-FKDNK,Segment 3: Short-Term High-Charge Users,0.8481909290844981,84.82%,Yes,High Risk,Month-to-month Contract; Low Tenure (0-12m); Electronic Check Payment
9488-FVZCC,Segment 1: Long-Term Committed Loyalists,0.04304750214634628,4.3%,No,Low Risk,High Monthly Fee
6331-LWDTQ,Segment 3: Short-Term High-Charge Users,0.5051887492344297,50.52%,Yes,Medium Risk,Month-to-month Contract; Low Tenure (0-12m); No Tech Support
5995-WWKKG,Segment 1: Long-Term Committed Loyalists,0.013964924370753726,1.4%,No,Low Risk,Electronic Check Payment
1597-FZREH,Segment 3: Short-Term High-Charge Users,0.7285941608245657,72.86%,Yes,High Risk,Month-to-month Contract; Low Tenure (0-12m); Electronic Check Payment
7879-CGSFV,Segment 1: Long-Term Committed Loyalists,0.3926473409617512,39.26%,No,Medium Risk,No Tech Support; High Monthly Fee
9921-EZKBY,Segment 3: Short-Term High-Charge Users,0.5430415935548728,54.3%,Yes,Medium Risk,Month-to-month Contract; No Tech Support; High Monthly Fee
7432-FFVAR,Segment 1: Long-Term Committed Loyalists,0.2636215257562958,26.36%,No,Low Risk,High Monthly Fee
7246-ZGQDF,Segment 3: Short-Term High-Charge Users,0.6264864866071087,62.65%,Yes,High Risk,Month-to-month Contract; Low Tenure (0-12m); Electronic Check Payment
7000-WCEVQ,Segment 3: Short-Term High-Charge Users,0.48348291956989925,48.35%,No,Medium Risk,Month-to-month Contract; No Tech Support
0727-IWKVK,Segment 3: Short-Term High-Charge Users,0.8309558754563422,83.1%,Yes,High Risk,Month-to-month Contract; Low Tenure (0-12m); Electronic Check Payment
5959-BELXA,Segment 3: Short-Term High-Charge Users,0.6926741888033787,69.27%,Yes,High Risk,Month-to-month Contract; No Tech Support; High Monthly Fee
4456-RHSNB,Segment 3: Short-Term High-Charge Users,0.41499827451553023,41.5%,No,Medium Risk,Month-to-month Contract; No Tech Support
3512-IZIKN,Segment 1: Long-Term Committed Loyalists,0.1979080866559828,19.79%,No,Low Risk,Stable Account Profile
2481-SBOYW,Segment 1: Long-Term Committed Loyalists,0.01938156971228434,1.94%,No,Low Risk,Stable Account Profile
7109-MFBYV,Segment 3: Short-Term High-Charge Users,0.29971908561336097,29.97%,No,Low Risk,Month-to-month Contract; Electronic Check Payment; No Tech Support
1833-TCXKK,Segment 1: Long-Term Committed Loyalists,0.6112574787567965,61.13%,Yes,High Risk,Month-to-month Contract; No Tech Support; High Monthly Fee
1832-PEUTS,Segment 1: Long-Term Committed Loyalists,0.10499502270867164,10.5%,No,Low Risk,No Tech Support; High Monthly Fee
6141-OOXUQ,Segment 3: Short-Term High-Charge Users,0.6229753620613809,62.3%,Yes,High Risk,Month-to-month Contract; Low Tenure (0-12m)
8660-BUETV,Segment 3: Short-Term High-Charge Users,0.6800378603132416,68.0%,Yes,High Risk,Month-to-month Contract; Low Tenure (0-12m); No Tech Support
0580-PIQHM,Segment 1: Long-Term Committed Loyalists,0.33354657255344694,33.35%,No,Medium Risk,No Tech Support; High Monthly Fee
5696-CEIQJ,Segment 1: Long-Term Committed Loyalists,0.19702897262615215,19.7%,No,Low Risk,High Monthly Fee
7503-ZGUZJ,Segment 3: Short-Term High-Charge Users,0.9214131588433954,92.14%,Yes,High Risk,Month-to-month Contract; Low Tenure (0-12m); No Tech Support
1696-HXOWK,Segment 1: Long-Term Committed Loyalists,0.1519185633836139,15.19%,No,Low Risk,No Tech Support; High Monthly Fee
3026-ATZYV,Segment 1: Long-Term Committed Loyalists,0.21275621084600493,21.28%,No,Low Risk,No Tech Support; High Monthly Fee
4012-YCFAI,Segment 1: Long-Term Committed Loyalists,0.031170302562013835,3.12%,No,Low Risk,Stable Account Profile
2506-TNFCO,Segment 3: Short-Term High-Charge Users,0.9352478042977769,93.52%,Yes,High Risk,Month-to-month Contract; Low Tenure (0-12m); Electronic Check Payment
9970-QBCDA,Segment 3: Short-Term High-Charge Users,0.24066224499430167,24.07%,No,Low Risk,Month-to-month Contract; Low Tenure (0-12m)
8718-PTMEZ,Segment 3: Short-Term High-Charge Users,0.5968224337200598,59.68%,Yes,Medium Risk,Month-to-month Contract; Electronic Check Payment; No Tech Support
9496-IVVRP,Segment 3: Short-Term High-Charge Users,0.3794201255659532,37.94%,No,Medium Risk,Month-to-month Contract; Low Tenure (0-12m); No Tech Support
2207-OBZNX,Segment 3: Short-Term High-Charge Users,0.4876865867058402,48.77%,No,Medium Risk,Month-to-month Contract; Low Tenure (0-12m); No Tech Support
2657-VPXTA,Segment 3: Short-Term High-Charge Users,0.8377987526206777,83.78%,Yes,High Risk,Month-to-month Contract; Low Tenure (0-12m); Electronic Check Payment
6551-VLJMV,Segment 1: Long-Term Committed Loyalists,0.00831098879587663,0.83%,No,Low Risk,Stable Account Profile
1221-GHZEP,Segment 1: Long-Term Committed Loyalists,0.04214582156722435,4.21%,No,Low Risk,Stable Account Profile
9289-LBQVU,Segment 1: Long-Term Committed Loyalists,0.15985571643646743,15.99%,No,Low Risk,High Monthly Fee
6142-VSJQO,Segment 3: Short-Term High-Charge Users,0.7481325044104997,74.81%,Yes,High Risk,Month-to-month Contract; Low Tenure (0-12m); No Tech Support
3458-IDMFK,Segment 1: Long-Term Committed Loyalists,0.011247897193813488,1.12%,No,Low Risk,Stable Account Profile
6933-FHBZC,Segment 1: Long-Term Committed Loyalists,0.20707027803824948,20.71%,No,Low Risk,No Tech Support
0221-NAUXK,Segment 1: Long-Term Committed Loyalists,0.09010440270948859,9.01%,No,Low Risk,Low Tenure (0-12m)
9770-KXGQU,Segment 1: Long-Term Committed Loyalists,0.2320395742180172,23.2%,No,Low Risk,No Tech Support; High Monthly Fee
6437-UKHMV,Segment 3: Short-Term High-Charge Users,0.8550861260564062,85.51%,Yes,High Risk,Month-to-month Contract; Low Tenure (0-12m); Electronic Check Payment
6538-POCHL,Segment 3: Short-Term High-Charge Users,0.5747363864325133,57.47%,Yes,Medium Risk,Month-to-month Contract; No Tech Support; High Monthly Fee
6726-NNFWD,Segment 1: Long-Term Committed Loyalists,0.16501776721418393,16.5%,No,Low Risk,No Tech Support; High Monthly Fee
3002-WQZWT,Segment 3: Short-Term High-Charge Users,0.6460595618399498,64.61%,Yes,High Risk,Month-to-month Contract; Electronic Check Payment; No Tech Support
4277-UDIEF,Segment 3: Short-Term High-Charge Users,0.25449183152458327,25.45%,No,Low Risk,Month-to-month Contract; High Monthly Fee
1208-NBVFH,Segment 3: Short-Term High-Charge Users,0.5191353787953723,51.91%,Yes,Medium Risk,Month-to-month Contract; Electronic Check Payment; No Tech Support
4912-PIGUY,Segment 3: Short-Term High-Charge Users,0.9263572819700412,92.64%,Yes,High Risk,Month-to-month Contract; Low Tenure (0-12m); Electronic Check Payment
1114-CENIM,Segment 3: Short-Term High-Charge Users,0.34094003187724664,34.09%,No,Medium Risk,Month-to-month Contract; No Tech Support
6060-DRTNL,Segment 3: Short-Term High-Charge Users,0.8506714717113263,85.07%,Yes,High Risk,Month-to-month Contract; Low Tenure (0-12m); No Tech Support
2725-TTRIQ,Segment 1: Long-Term Committed Loyalists,0.024944699932808626,2.49%,No,Low Risk,High Monthly Fee
3374-TTZTK,Segment 1: Long-Term Committed Loyalists,0.347520659996918,34.75%,No,Medium Risk,Electronic Check Payment; High Monthly Fee
8990-ZXLSU,Segment 3: Short-Term High-Charge Users,0.6505255124020917,65.05%,Yes,High Risk,Month-to-month Contract; Low Tenure (0-12m); Electronic Check Payment
2275-RBYQS,Segment 3: Short-Term High-Charge Users,0.7594439144589008,75.94%,Yes,High Risk,Month-to-month Contract; Low Tenure (0-12m); No Tech Support
8473-VUVJN,Segment 3: Short-Term High-Charge Users,0.92928182900003,92.93%,Yes,High Risk,Month-to-month Contract; Low Tenure (0-12m); Electronic Check Payment
6289-CPNLD,Segment 1: Long-Term Committed Loyalists,0.3880063849503344,38.8%,No,Medium Risk,High Monthly Fee
5536-SLHPM,Segment 3: Short-Term High-Charge Users,0.5571270854745048,55.71%,Yes,Medium Risk,Month-to-month Contract; Electronic Check Payment; No Tech Support
4419-UJMUS,Segment 1: Long-Term Committed Loyalists,0.2612748429528045,26.13%,No,Low Risk,Electronic Check Payment; High Monthly Fee
7794-JASDG,Segment 3: Short-Term High-Charge Users,0.7150072527003469,71.5%,Yes,High Risk,Month-to-month Contract; Low Tenure (0-12m); No Tech Support
7609-YBPXG,Segment 1: Long-Term Committed Loyalists,0.06650064666273912,6.65%,No,Low Risk,High Monthly Fee
5519-TEEUH,Segment 1: Long-Term Committed Loyalists,0.01817275676267659,1.82%,No,Low Risk,Stable Account Profile
7856-GANIL,Segment 1: Long-Term Committed Loyalists,0.3039817411045275,30.4%,No,Medium Risk,High Monthly Fee
0804-XBFBV,Segment 3: Short-Term High-Charge Users,0.5279200263776572,52.79%,Yes,Medium Risk,Month-to-month Contract; Low Tenure (0-12m); Electronic Check Payment
2676-OXPPQ,Segment 3: Short-Term High-Charge Users,0.48661231411677347,48.66%,No,Medium Risk,Month-to-month Contract; Low Tenure (0-12m); No Tech Support
3703-TTEPD,Segment 3: Short-Term High-Charge Users,0.33484170423329007,33.48%,No,Medium Risk,Month-to-month Contract; No Tech Support
2799-TSLAG,Segment 1: Long-Term Committed Loyalists,0.01577033096776458,1.58%,No,Low Risk,Stable Account Profile
0196-VULGZ,Segment 3: Short-Term High-Charge Users,0.8872368941033695,88.72%,Yes,High Risk,Month-to-month Contract; Low Tenure (0-12m); Electronic Check Payment
8837-VVWLQ,Segment 3: Short-Term High-Charge Users,0.7664019586810085,76.64%,Yes,High Risk,Month-to-month Contract; Low Tenure (0-12m); Electronic Check Payment
2696-NARTR,Segment 3: Short-Term High-Charge Users,0.7580923505693012,75.81%,Yes,High Risk,Month-to-month Contract; Low Tenure (0-12m); Electronic Check Payment
2208-NKVVH,Segment 1: Long-Term Committed Loyalists,0.015549212673808504,1.55%,No,Low Risk,Stable Account Profile
7614-QVWQL,Segment 1: Long-Term Committed Loyalists,0.3907335320006837,39.07%,No,Medium Risk,No Tech Support
1976-CFOCS,Segment 3: Short-Term High-Charge Users,0.7933228111603735,79.33%,Yes,High Risk,Month-to-month Contract; Low Tenure (0-12m); Electronic Check Payment
4631-OACRM,Segment 3: Short-Term High-Charge Users,0.7580694534846097,75.81%,Yes,High Risk,Month-to-month Contract; Electronic Check Payment; No Tech Support
7139-JZFVG,Segment 1: Long-Term Committed Loyalists,0.04194473985302361,4.19%,No,Low Risk,No Tech Support
4987-GQWPO,Segment 3: Short-Term High-Charge Users,0.36899510396741225,36.9%,No,Medium Risk,Month-to-month Contract; No Tech Support
3755-JBMNH,Segment 3: Short-Term High-Charge Users,0.6820732805412238,68.21%,Yes,High Risk,Month-to-month Contract; No Tech Support; High Monthly Fee
1757-TCATG,Segment 1: Long-Term Committed Loyalists,0.026646732891354986,2.66%,No,Low Risk,Stable Account Profile
6345-ULYRW,Segment 1: Long-Term Committed Loyalists,0.42522795646520706,42.52%,No,Medium Risk,No Tech Support; High Monthly Fee
4776-XSKYQ,Segment 1: Long-Term Committed Loyalists,0.2919793524399451,29.2%,No,Low Risk,Low Tenure (0-12m)
8048-DSDFQ,Segment 3: Short-Term High-Charge Users,0.6515456094686993,65.15%,Yes,High Risk,Month-to-month Contract; Low Tenure (0-12m)
5753-QQWPW,Segment 1: Long-Term Committed Loyalists,0.12316256396888135,12.32%,No,Low Risk,Electronic Check Payment
6010-DDPPW,Segment 1: Long-Term Committed Loyalists,0.02580129134651747,2.58%,No,Low Risk,Stable Account Profile
1809-DMJHQ,Segment 3: Short-Term High-Charge Users,0.6014716385299556,60.15%,Yes,High Risk,Month-to-month Contract; Low Tenure (0-12m); No Tech Support
6693-FRIRW,Segment 3: Short-Term High-Charge Users,0.6643715771887625,66.44%,Yes,High Risk,Month-to-month Contract; No Tech Support; High Monthly Fee
6586-MYGKD,Segment 1: Long-Term Committed Loyalists,0.07826791480298505,7.83%,No,Low Risk,High Monthly Fee
3173-NVMPX,Segment 3: Short-Term High-Charge Users,0.4028395892849821,40.28%,No,Medium Risk,Month-to-month Contract; Low Tenure (0-12m); No Tech Support
0248-PGHBZ,Segment 1: Long-Term Committed Loyalists,0.11003909284436181,11.0%,No,Low Risk,High Monthly Fee
0623-GDISB,Segment 3: Short-Term High-Charge Users,0.7357225149722665,73.57%,Yes,High Risk,Month-to-month Contract; Low Tenure (0-12m); No Tech Support
2892-GESUL,Segment 1: Long-Term Committed Loyalists,0.025271289863133078,2.53%,No,Low Risk,Stable Account Profile
6923-EFPNL,Segment 3: Short-Term High-Charge Users,0.6973083516780122,69.73%,Yes,High Risk,Month-to-month Contract; Low Tenure (0-12m); No Tech Support
7472-EQOAV,Segment 1: Long-Term Committed Loyalists,0.18574634083612052,18.57%,No,Low Risk,No Tech Support; High Monthly Fee
9574-RKJIF,Segment 3: Short-Term High-Charge Users,0.6756762706422921,67.57%,Yes,High Risk,Month-to-month Contract; Electronic Check Payment; No Tech Support
2043-WVTQJ,Segment 3: Short-Term High-Charge Users,0.6397934779556685,63.98%,Yes,High Risk,Month-to-month Contract; Low Tenure (0-12m); No Tech Support
8034-RYTVV,Segment 1: Long-Term Committed Loyalists,0.2055399476055033,20.55%,No,Low Risk,No Tech Support; High Monthly Fee
3863-QSTYI,Segment 3: Short-Term High-Charge Users,0.2318001111115232,23.18%,No,Low Risk,Month-to-month Contract; Electronic Check Payment
2619-WFQWU,Segment 3: Short-Term High-Charge Users,0.9012307365740302,90.12%,Yes,High Risk,Month-to-month Contract; Low Tenure (0-12m); No Tech Support
5044-LRQAQ,Segment 3: Short-Term High-Charge Users,0.7265589650195959,72.66%,Yes,High Risk,Month-to-month Contract; Low Tenure (0-12m); No Tech Support
1716-LSAMB,Segment 1: Long-Term Committed Loyalists,0.09456186388256904,9.46%,No,Low Risk,Stable Account Profile
1333-PBMXB,Segment 1: Long-Term Committed Loyalists,0.07222433065699121,7.22%,No,Low Risk,Stable Account Profile
6546-OPBBH,Segment 1: Long-Term Committed Loyalists,0.0518890093915194,5.19%,No,Low Risk,Stable Account Profile
5985-BEHZK,Segment 1: Long-Term Committed Loyalists,0.25527316677029793,25.53%,No,Low Risk,No Tech Support; High Monthly Fee
9127-QRZMH,Segment 1: Long-Term Committed Loyalists,0.12784313049956977,12.78%,No,Low Risk,Stable Account Profile
5919-VCZYM,Segment 3: Short-Term High-Charge Users,0.18427858293098376,18.43%,No,Low Risk,Month-to-month Contract; Low Tenure (0-12m)
9644-KVCNC,Segment 1: Long-Term Committed Loyalists,0.24731692719625462,24.73%,No,Low Risk,No Tech Support; High Monthly Fee
2137-DQMEV,Segment 1: Long-Term Committed Loyalists,0.12876809272261147,12.88%,No,Low Risk,No Tech Support
8174-LNWMW,Segment 1: Long-Term Committed Loyalists,0.01627832005329292,1.63%,No,Low Risk,Stable Account Profile
9279-CJEOJ,Segment 3: Short-Term High-Charge Users,0.7398337727459448,73.98%,Yes,High Risk,Month-to-month Contract; No Tech Support; High Monthly Fee
7964-VEXDG,Segment 3: Short-Term High-Charge Users,0.5762055748310907,57.62%,Yes,Medium Risk,Month-to-month Contract; Electronic Check Payment; No Tech Support
2404-JIBFC,Segment 1: Long-Term Committed Loyalists,0.038270868376418944,3.83%,No,Low Risk,High Monthly Fee
0778-NELLA,Segment 3: Short-Term High-Charge Users,0.5498153119869985,54.98%,Yes,Medium Risk,Month-to-month Contract; Low Tenure (0-12m); No Tech Support
8029-XYPWT,Segment 1: Long-Term Committed Loyalists,0.07017750830253358,7.02%,No,Low Risk,High Monthly Fee
4614-NUVZD,Segment 3: Short-Term High-Charge Users,0.9262222863681567,92.62%,Yes,High Risk,Month-to-month Contract; Low Tenure (0-12m); Electronic Check Payment
4632-PAOYU,Segment 1: Long-Term Committed Loyalists,0.017721187633467424,1.77%,No,Low Risk,Stable Account Profile
3803-KMQFW,Segment 3: Short-Term High-Charge Users,0.7242296403832378,72.42%,Yes,High Risk,Month-to-month Contract; Low Tenure (0-12m)
6804-GDMOI,Segment 1: Long-Term Committed Loyalists,0.5631392178341252,56.31%,Yes,Medium Risk,Electronic Check Payment; High Monthly Fee
2990-OGYTD,Segment 1: Long-Term Committed Loyalists,0.038255400809029255,3.83%,No,Low Risk,High Monthly Fee
6646-JPPHA,Segment 3: Short-Term High-Charge Users,0.6008403277690494,60.08%,Yes,High Risk,Month-to-month Contract; Electronic Check Payment; No Tech Support
9572-MTILT,Segment 1: Long-Term Committed Loyalists,0.5904273928887,59.04%,Yes,Medium Risk,Month-to-month Contract; Electronic Check Payment; High Monthly Fee
7658-UYUQS,Segment 3: Short-Term High-Charge Users,0.5938842763940667,59.39%,Yes,Medium Risk,Month-to-month Contract; No Tech Support; High Monthly Fee
7880-XSOJX,Segment 3: Short-Term High-Charge Users,0.5368618434198028,53.69%,Yes,Medium Risk,Month-to-month Contract; Low Tenure (0-12m)
9611-CTWIH,Segment 3: Short-Term High-Charge Users,0.8644015838955801,86.44%,Yes,High Risk,Month-to-month Contract; Low Tenure (0-12m); Electronic Check Payment
4589-IUAJB,Segment 1: Long-Term Committed Loyalists,0.007130910555463597,0.71%,No,Low Risk,Stable Account Profile
0329-GTIAJ,Segment 3: Short-Term High-Charge Users,0.871862840420265,87.19%,Yes,High Risk,Month-to-month Contract; Low Tenure (0-12m); Electronic Check Payment
8746-BFOAJ,Segment 1: Long-Term Committed Loyalists,0.0352295369216955,3.52%,No,Low Risk,Stable Account Profile
8457-XIGKN,Segment 3: Short-Term High-Charge Users,0.20802664947779895,20.8%,No,Low Risk,Month-to-month Contract
6072-NUQCB,Segment 1: Long-Term Committed Loyalists,0.04262646932072459,4.26%,No,Low Risk,Stable Account Profile
6629-CZTTH,Segment 3: Short-Term High-Charge Users,0.7680417020178202,76.8%,Yes,High Risk,Month-to-month Contract; Low Tenure (0-12m); No Tech Support
8838-GPHZP,Segment 1: Long-Term Committed Loyalists,0.01286115271134637,1.29%,No,Low Risk,Stable Account Profile
8750-QWZAJ,Segment 1: Long-Term Committed Loyalists,0.009581675619752426,0.96%,No,Low Risk,Stable Account Profile
5364-EVNIB,Segment 3: Short-Term High-Charge Users,0.7804546327870655,78.05%,Yes,High Risk,Month-to-month Contract; Electronic Check Payment; No Tech Support
6918-UMQCG,Segment 3: Short-Term High-Charge Users,0.812916819114089,81.29%,Yes,High Risk,Month-to-month Contract; Low Tenure (0-12m); Electronic Check Payment
0675-NCDYU,Segment 1: Long-Term Committed Loyalists,0.03594993037271863,3.59%,No,Low Risk,High Monthly Fee
6339-DKLMK,Segment 3: Short-Term High-Charge Users,0.5525022237489009,55.25%,Yes,Medium Risk,Month-to-month Contract; Electronic Check Payment; No Tech Support
1346-PJWTK,Segment 1: Long-Term Committed Loyalists,0.2554445879426799,25.54%,No,Low Risk,Month-to-month Contract; High Monthly Fee
5088-QZLRL,Segment 3: Short-Term High-Charge Users,0.48501632529326677,48.5%,No,Medium Risk,Month-to-month Contract; Low Tenure (0-12m); Electronic Check Payment
8023-QHAIO,Segment 3: Short-Term High-Charge Users,0.33968827305679283,33.97%,No,Medium Risk,Month-to-month Contract; High Monthly Fee
4397-FRLTA,Segment 3: Short-Term High-Charge Users,0.23812505201205406,23.81%,No,Low Risk,Month-to-month Contract; Low Tenure (0-12m)
3057-VJJQE,Segment 1: Long-Term Committed Loyalists,0.07757718640673181,7.76%,No,Low Risk,No Tech Support
5087-SUURX,Segment 3: Short-Term High-Charge Users,0.6119877055380859,61.2%,Yes,High Risk,Month-to-month Contract; Electronic Check Payment; No Tech Support
2302-OUZXB,Segment 1: Long-Term Committed Loyalists,0.08496318298911514,8.5%,No,Low Risk,No Tech Support; High Monthly Fee
8133-ANHHJ,Segment 1: Long-Term Committed Loyalists,0.26460309251919656,26.46%,No,Low Risk,High Monthly Fee
2270-CHBFN,Segment 3: Short-Term High-Charge Users,0.37994423329923477,37.99%,No,Medium Risk,Month-to-month Contract; High Monthly Fee
0013-EXCHZ,Segment 3: Short-Term High-Charge Users,0.8523481838462282,85.23%,Yes,High Risk,Month-to-month Contract; Low Tenure (0-12m); High Monthly Fee
5982-FPVQN,Segment 3: Short-Term High-Charge Users,0.6423985613683239,64.24%,Yes,High Risk,Month-to-month Contract; Electronic Check Payment; No Tech Support
9107-UKCKY,Segment 1: Long-Term Committed Loyalists,0.25912249168128454,25.91%,No,Low Risk,Electronic Check Payment; No Tech Support; High Monthly Fee
4654-ULTTN,Segment 1: Long-Term Committed Loyalists,0.06783818288947528,6.78%,No,Low Risk,High Monthly Fee
5550-VFRLC,Segment 3: Short-Term High-Charge Users,0.9326742670869033,93.27%,Yes,High Risk,Month-to-month Contract; Low Tenure (0-12m); Electronic Check Payment
5546-BYZSM,Segment 3: Short-Term High-Charge Users,0.0570822335558145,5.71%,No,Low Risk,Month-to-month Contract; Electronic Check Payment
1492-KGETH,Segment 1: Long-Term Committed Loyalists,0.20987233271414835,20.99%,No,Low Risk,High Monthly Fee
4929-BSTRX,Segment 3: Short-Term High-Charge Users,0.7740896242799086,77.41%,Yes,High Risk,Month-to-month Contract; Low Tenure (0-12m); No Tech Support
4163-HFTUK,Segment 1: Long-Term Committed Loyalists,0.07367598169009039,7.37%,No,Low Risk,Electronic Check Payment
8215-NGSPE,Segment 1: Long-Term Committed Loyalists,0.007068150949718904,0.71%,No,Low Risk,Stable Account Profile
2225-ZRGSG,Segment 1: Long-Term Committed Loyalists,0.2456559909078472,24.57%,No,Low Risk,High Monthly Fee
8859-YSTWS,Segment 1: Long-Term Committed Loyalists,0.014441957275962345,1.44%,No,Low Risk,Stable Account Profile
5271-YNWVR,Segment 1: Long-Term Committed Loyalists,0.10086094565726912,10.09%,No,Low Risk,Electronic Check Payment; High Monthly Fee
7601-DHFWZ,Segment 1: Long-Term Committed Loyalists,0.03272578092868857,3.27%,No,Low Risk,Stable Account Profile
2657-ALMWY,Segment 3: Short-Term High-Charge Users,0.6641506066488877,66.42%,Yes,High Risk,Month-to-month Contract; Electronic Check Payment; No Tech Support
6330-JKLPC,Segment 3: Short-Term High-Charge Users,0.7549739429432147,75.5%,Yes,High Risk,Month-to-month Contract; Low Tenure (0-12m); No Tech Support
4667-OHGKG,Segment 3: Short-Term High-Charge Users,0.5239909415299637,52.4%,Yes,Medium Risk,Month-to-month Contract; Low Tenure (0-12m)
1998-VHJHK,Segment 1: Long-Term Committed Loyalists,0.027310535306613596,2.73%,No,Low Risk,Stable Account Profile
1707-HABPF,Segment 1: Long-Term Committed Loyalists,0.34010943111327846,34.01%,No,Medium Risk,No Tech Support; High Monthly Fee
1660-HSOOQ,Segment 3: Short-Term High-Charge Users,0.7658380044967029,76.58%,Yes,High Risk,Month-to-month Contract; Low Tenure (0-12m); No Tech Support
7253-UVNDW,Segment 1: Long-Term Committed Loyalists,0.28431566452079865,28.43%,No,Low Risk,Stable Account Profile
0487-VVUVK,Segment 3: Short-Term High-Charge Users,0.12644982183650771,12.64%,No,Low Risk,Month-to-month Contract
7228-OMTPN,Segment 3: Short-Term High-Charge Users,0.8781127642872573,87.81%,Yes,High Risk,Month-to-month Contract; Low Tenure (0-12m); Electronic Check Payment
5063-IUOKK,Segment 1: Long-Term Committed Loyalists,0.030498573649538768,3.05%,No,Low Risk,Stable Account Profile
4508-OEBEY,Segment 1: Long-Term Committed Loyalists,0.26697711799695745,26.7%,No,Low Risk,High Monthly Fee
0027-KWYKW,Segment 3: Short-Term High-Charge Users,0.706304024044208,70.63%,Yes,High Risk,Month-to-month Contract; Electronic Check Payment; No Tech Support
2308-STERM,Segment 3: Short-Term High-Charge Users,0.2446564898504686,24.47%,No,Low Risk,Month-to-month Contract; Low Tenure (0-12m)
5982-XMDEX,Segment 1: Long-Term Committed Loyalists,0.009870293681120546,0.99%,No,Low Risk,Stable Account Profile
6284-AHOOQ,Segment 3: Short-Term High-Charge Users,0.6026537353907595,60.27%,Yes,High Risk,Month-to-month Contract; High Monthly Fee
6051-PTVNS,Segment 1: Long-Term Committed Loyalists,0.04461897950616759,4.46%,No,Low Risk,Stable Account Profile
2344-JMOGN,Segment 3: Short-Term High-Charge Users,0.8306326586448276,83.06%,Yes,High Risk,Month-to-month Contract; Low Tenure (0-12m); High Monthly Fee
3799-ISUZQ,Segment 3: Short-Term High-Charge Users,0.789766671173558,78.98%,Yes,High Risk,Month-to-month Contract; Low Tenure (0-12m); No Tech Support
2877-VDUER,Segment 1: Long-Term Committed Loyalists,0.20590654462608815,20.59%,No,Low Risk,Stable Account Profile
9152-AMKAK,Segment 1: Long-Term Committed Loyalists,0.13027870342926692,13.03%,No,Low Risk,Low Tenure (0-12m); High Monthly Fee
1794-HBQTJ,Segment 3: Short-Term High-Charge Users,0.7526722399179486,75.27%,Yes,High Risk,Month-to-month Contract; Low Tenure (0-12m); No Tech Support
9432-VOFYX,Segment 3: Short-Term High-Charge Users,0.7140684439543703,71.41%,Yes,High Risk,Month-to-month Contract; Electronic Check Payment; No Tech Support
8049-WJCLQ,Segment 3: Short-Term High-Charge Users,0.38002200952547954,38.0%,No,Medium Risk,Month-to-month Contract; Low Tenure (0-12m); No Tech Support
6586-PSJOX,Segment 1: Long-Term Committed Loyalists,0.21289559997354204,21.29%,No,Low Risk,Stable Account Profile
2460-FPSYH,Segment 3: Short-Term High-Charge Users,0.5569970115672892,55.7%,Yes,Medium Risk,Month-to-month Contract; Electronic Check Payment; No Tech Support
9705-ZJBCG,Segment 1: Long-Term Committed Loyalists,0.1360375329990425,13.6%,No,Low Risk,Stable Account Profile
4818-DRBQT,Segment 3: Short-Term High-Charge Users,0.6245351817001886,62.45%,Yes,High Risk,Month-to-month Contract; No Tech Support; High Monthly Fee
1320-HTRDR,Segment 3: Short-Term High-Charge Users,0.8626192871751639,86.26%,Yes,High Risk,Month-to-month Contract; Low Tenure (0-12m); Electronic Check Payment
6847-KJLTS,Segment 1: Long-Term Committed Loyalists,0.4289989476142473,42.9%,No,Medium Risk,Month-to-month Contract; High Monthly Fee
9670-BPNXF,Segment 1: Long-Term Committed Loyalists,0.135766789983383,13.58%,No,Low Risk,Stable Account Profile
3913-FCUUW,Segment 1: Long-Term Committed Loyalists,0.04446040358447677,4.45%,No,Low Risk,High Monthly Fee
3301-VKTGC,Segment 1: Long-Term Committed Loyalists,0.21967652425671394,21.97%,No,Low Risk,No Tech Support; High Monthly Fee
1493-AMTIE,Segment 3: Short-Term High-Charge Users,0.6408325804539386,64.08%,Yes,High Risk,Month-to-month Contract; Low Tenure (0-12m)
9555-SAHUZ,Segment 3: Short-Term High-Charge Users,0.29603349157690256,29.6%,No,Low Risk,Month-to-month Contract; Electronic Check Payment; No Tech Support
0816-TSPHQ,Segment 3: Short-Term High-Charge Users,0.22013052768893568,22.01%,No,Low Risk,Month-to-month Contract; Low Tenure (0-12m)
9932-WBWIK,Segment 3: Short-Term High-Charge Users,0.1989335981089042,19.89%,No,Low Risk,Month-to-month Contract; Low Tenure (0-12m)
4619-EVPHY,Segment 3: Short-Term High-Charge Users,0.6248080014350962,62.48%,Yes,High Risk,No Tech Support; High Monthly Fee
5286-YHCVC,Segment 1: Long-Term Committed Loyalists,0.23643116442639023,23.64%,No,Low Risk,No Tech Support; High Monthly Fee
6424-ELEYH,Segment 3: Short-Term High-Charge Users,0.8571925427768773,85.72%,Yes,High Risk,Month-to-month Contract; Low Tenure (0-12m); No Tech Support
4391-RESHN,Segment 3: Short-Term High-Charge Users,0.7253872719825583,72.54%,Yes,High Risk,Month-to-month Contract; High Monthly Fee
9115-YQHGA,Segment 3: Short-Term High-Charge Users,0.2522375791592039,25.22%,No,Low Risk,Month-to-month Contract; Electronic Check Payment
4462-CYWMH,Segment 1: Long-Term Committed Loyalists,0.31190756755711474,31.19%,No,Medium Risk,Month-to-month Contract; No Tech Support; High Monthly Fee
8963-MQVYN,Segment 3: Short-Term High-Charge Users,0.1198142260766501,11.98%,No,Low Risk,Month-to-month Contract; Electronic Check Payment
2458-EOMRE,Segment 3: Short-Term High-Charge Users,0.3790391523130232,37.9%,No,Medium Risk,Month-to-month Contract; Low Tenure (0-12m); No Tech Support
9334-GWGOW,Segment 3: Short-Term High-Charge Users,0.8609109386286529,86.09%,Yes,High Risk,Month-to-month Contract; Low Tenure (0-12m); Electronic Check Payment
6821-BUXUX,Segment 3: Short-Term High-Charge Users,0.815542264253755,81.55%,Yes,High Risk,Month-to-month Contract; Electronic Check Payment; No Tech Support
5028-HTLJB,Segment 3: Short-Term High-Charge Users,0.734723481036489,73.47%,Yes,High Risk,Month-to-month Contract; Low Tenure (0-12m)
9801-GDWGV,Segment 3: Short-Term High-Charge Users,0.7499056993730228,74.99%,Yes,High Risk,Month-to-month Contract; Electronic Check Payment; No Tech Support
6542-LWGXJ,Segment 3: Short-Term High-Charge Users,0.6206164664180082,62.06%,Yes,High Risk,Month-to-month Contract; Low Tenure (0-12m); No Tech Support
5567-GZKQY,Segment 1: Long-Term Committed Loyalists,0.021497011096086052,2.15%,No,Low Risk,Stable Account Profile
1222-LRYKO,Segment 3: Short-Term High-Charge Users,0.23997992552135655,24.0%,No,Low Risk,Month-to-month Contract; Low Tenure (0-12m)
2320-JRSDE,Segment 3: Short-Term High-Charge Users,0.7967358311450579,79.67%,Yes,High Risk,Month-to-month Contract; Low Tenure (0-12m); Electronic Check Payment
2087-QAREY,Segment 3: Short-Term High-Charge Users,0.42713838940716536,42.71%,No,Medium Risk,Month-to-month Contract; No Tech Support
0601-WZHJF,Segment 3: Short-Term High-Charge Users,0.6100316572951305,61.0%,Yes,High Risk,Month-to-month Contract; Electronic Check Payment; No Tech Support
4423-JWZJN,Segment 1: Long-Term Committed Loyalists,0.23092750038863272,23.09%,No,Low Risk,No Tech Support; High Monthly Fee
5143-WMWOG,Segment 3: Short-Term High-Charge Users,0.7146365373837,71.46%,Yes,High Risk,Month-to-month Contract; Low Tenure (0-12m); Electronic Check Payment
6490-FGZAT,Segment 3: Short-Term High-Charge Users,0.19587197886396715,19.59%,No,Low Risk,Month-to-month Contract; Low Tenure (0-12m)
5393-RXQSZ,Segment 3: Short-Term High-Charge Users,0.917307511870318,91.73%,Yes,High Risk,Month-to-month Contract; Low Tenure (0-12m); Electronic Check Payment
7452-FOLON,Segment 1: Long-Term Committed Loyalists,0.05488312053771631,5.49%,No,Low Risk,Stable Account Profile
2320-TZRRH,Segment 1: Long-Term Committed Loyalists,0.038897097577443154,3.89%,No,Low Risk,Stable Account Profile
0231-LXVAP,Segment 3: Short-Term High-Charge Users,0.8722049519411919,87.22%,Yes,High Risk,Month-to-month Contract; Low Tenure (0-12m); Electronic Check Payment
9444-JTXHZ,Segment 3: Short-Term High-Charge Users,0.9106597304888273,91.07%,Yes,High Risk,Month-to-month Contract; Low Tenure (0-12m); Electronic Check Payment
4942-VZZOM,Segment 1: Long-Term Committed Loyalists,0.11971826576657084,11.97%,No,Low Risk,No Tech Support
5510-BOIUJ,Segment 3: Short-Term High-Charge Users,0.5243044252031173,52.43%,Yes,Medium Risk,Month-to-month Contract; Low Tenure (0-12m)
7502-BNYGS,Segment 3: Short-Term High-Charge Users,0.3106607390572938,31.07%,No,Medium Risk,Month-to-month Contract; No Tech Support
4291-HYEBC,Segment 1: Long-Term Committed Loyalists,0.248720122436338,24.87%,No,Low Risk,Electronic Check Payment; No Tech Support
6147-CBCRA,Segment 3: Short-Term High-Charge Users,0.09727056722761834,9.73%,No,Low Risk,Month-to-month Contract
6047-SUHPR,Segment 1: Long-Term Committed Loyalists,0.1989152972837757,19.89%,No,Low Risk,Electronic Check Payment; No Tech Support
4471-KXAUH,Segment 3: Short-Term High-Charge Users,0.6688479902960823,66.88%,Yes,High Risk,Month-to-month Contract; Electronic Check Payment; High Monthly Fee
9752-ZNQUT,Segment 3: Short-Term High-Charge Users,0.7761768896858805,77.62%,Yes,High Risk,Month-to-month Contract; Low Tenure (0-12m); Electronic Check Payment
7638-QVMVY,Segment 3: Short-Term High-Charge Users,0.8498708712882052,84.99%,Yes,High Risk,Month-to-month Contract; Low Tenure (0-12m); Electronic Check Payment
1576-PFZIW,Segment 1: Long-Term Committed Loyalists,0.23192127852026498,23.19%,No,Low Risk,No Tech Support; High Monthly Fee
5666-MBJPT,Segment 1: Long-Term Committed Loyalists,0.028796090945734196,2.88%,No,Low Risk,Stable Account Profile
7312-XSBAT,Segment 3: Short-Term High-Charge Users,0.6950907790605266,69.51%,Yes,High Risk,Month-to-month Contract; Low Tenure (0-12m); Electronic Check Payment
3096-GKWEB,Segment 3: Short-Term High-Charge Users,0.796500944237541,79.65%,Yes,High Risk,Month-to-month Contract; Electronic Check Payment; No Tech Support
2371-JQHZZ,Segment 3: Short-Term High-Charge Users,0.7549693389314377,75.5%,Yes,High Risk,Month-to-month Contract; Electronic Check Payment; No Tech Support
0674-GCDXG,Segment 1: Long-Term Committed Loyalists,0.05784550959725848,5.78%,No,Low Risk,High Monthly Fee
1121-QSIVB,Segment 1: Long-Term Committed Loyalists,0.2725497664602225,27.25%,No,Low Risk,No Tech Support; High Monthly Fee
4396-KLSEH,Segment 3: Short-Term High-Charge Users,0.21886132594596486,21.89%,No,Low Risk,Month-to-month Contract; Low Tenure (0-12m); Electronic Check Payment
3244-DCJWY,Segment 3: Short-Term High-Charge Users,0.9082461704505558,90.82%,Yes,High Risk,Month-to-month Contract; Low Tenure (0-12m); Electronic Check Payment
2824-MYYBN,Segment 3: Short-Term High-Charge Users,0.6841155199308738,68.41%,Yes,High Risk,Month-to-month Contract; Electronic Check Payment; No Tech Support
0875-CABNR,Segment 3: Short-Term High-Charge Users,0.7975103281679856,79.75%,Yes,High Risk,Month-to-month Contract; Low Tenure (0-12m); No Tech Support
6345-HOVES,Segment 3: Short-Term High-Charge Users,0.39041789727284487,39.04%,No,Medium Risk,Month-to-month Contract; No Tech Support
8318-LCNBW,Segment 1: Long-Term Committed Loyalists,0.20955249678607557,20.96%,No,Low Risk,No Tech Support
6469-QJKZW,Segment 3: Short-Term High-Charge Users,0.20900560120347986,20.9%,No,Low Risk,Month-to-month Contract; Low Tenure (0-12m); Electronic Check Payment
0147-ESWWR,Segment 3: Short-Term High-Charge Users,0.7321988597012055,73.22%,Yes,High Risk,Month-to-month Contract; Electronic Check Payment; High Monthly Fee
1217-VASWC,Segment 1: Long-Term Committed Loyalists,0.4716403668914781,47.16%,No,Medium Risk,No Tech Support; High Monthly Fee
7812-FZHPE,Segment 3: Short-Term High-Charge Users,0.3781747800446124,37.82%,No,Medium Risk,Month-to-month Contract
6370-ZVHDV,Segment 1: Long-Term Committed Loyalists,0.012598110099204706,1.26%,No,Low Risk,Stable Account Profile
5915-DGNVC,Segment 1: Long-Term Committed Loyalists,0.1651654180522367,16.52%,No,Low Risk,Electronic Check Payment; No Tech Support; High Monthly Fee
6260-XLACS,Segment 1: Long-Term Committed Loyalists,0.10640018288605987,10.64%,No,Low Risk,Low Tenure (0-12m)
3566-CAAYU,Segment 1: Long-Term Committed Loyalists,0.17508309306053563,17.51%,No,Low Risk,Electronic Check Payment
4983-CCWMC,Segment 3: Short-Term High-Charge Users,0.7973280399779125,79.73%,Yes,High Risk,Month-to-month Contract; Low Tenure (0-12m); No Tech Support
9103-CXVOK,Segment 3: Short-Term High-Charge Users,0.4819482070481171,48.19%,No,Medium Risk,Month-to-month Contract; Low Tenure (0-12m); Electronic Check Payment
2896-TBNBE,Segment 3: Short-Term High-Charge Users,0.41084185142365204,41.08%,No,Medium Risk,Electronic Check Payment; No Tech Support; High Monthly Fee
4797-AXPXK,Segment 3: Short-Term High-Charge Users,0.6953292215083138,69.53%,Yes,High Risk,Month-to-month Contract; Low Tenure (0-12m); Electronic Check Payment
5229-PRWKT,Segment 3: Short-Term High-Charge Users,0.8717837605181787,87.18%,Yes,High Risk,Month-to-month Contract; Low Tenure (0-12m); Electronic Check Payment
6982-UQZLY,Segment 3: Short-Term High-Charge Users,0.793041495757106,79.3%,Yes,High Risk,Month-to-month Contract; Low Tenure (0-12m)
2522-WLNSF,Segment 1: Long-Term Committed Loyalists,0.20358689100328253,20.36%,No,Low Risk,Stable Account Profile
3841-CONLJ,Segment 3: Short-Term High-Charge Users,0.7903281802521523,79.03%,Yes,High Risk,Month-to-month Contract; Low Tenure (0-12m); Electronic Check Payment
5057-LCOUI,Segment 3: Short-Term High-Charge Users,0.47970090441918356,47.97%,No,Medium Risk,Month-to-month Contract; Electronic Check Payment; No Tech Support
0193-ESZXP,Segment 1: Long-Term Committed Loyalists,0.5230534975184012,52.31%,Yes,Medium Risk,High Monthly Fee
4475-NVTLU,Segment 1: Long-Term Committed Loyalists,0.019169602390003114,1.92%,No,Low Risk,Electronic Check Payment
4369-HTUIF,Segment 3: Short-Term High-Charge Users,0.7991007182904468,79.91%,Yes,High Risk,Month-to-month Contract; Low Tenure (0-12m); No Tech Support
9386-LDCZR,Segment 1: Long-Term Committed Loyalists,0.20000556846404557,20.0%,No,Low Risk,High Monthly Fee
9585-KKMFD,Segment 1: Long-Term Committed Loyalists,0.009578558182529598,0.96%,No,Low Risk,Stable Account Profile
5399-ZIMKF,Segment 3: Short-Term High-Charge Users,0.8357445243587961,83.57%,Yes,High Risk,Month-to-month Contract; Low Tenure (0-12m); Electronic Check Payment
0336-KXKFK,Segment 1: Long-Term Committed Loyalists,0.026656974656792135,2.67%,No,Low Risk,Stable Account Profile
5619-XZZKR,Segment 1: Long-Term Committed Loyalists,0.06280439591779684,6.28%,No,Low Risk,Low Tenure (0-12m)
3948-FVVRP,Segment 3: Short-Term High-Charge Users,0.4177833190968009,41.78%,No,Medium Risk,Month-to-month Contract; Low Tenure (0-12m)
5327-XOKKY,Segment 1: Long-Term Committed Loyalists,0.11027896950807983,11.03%,No,Low Risk,No Tech Support; High Monthly Fee
0983-TATYJ,Segment 1: Long-Term Committed Loyalists,0.20097395640291327,20.1%,No,Low Risk,Stable Account Profile
1813-JYWTO,Segment 1: Long-Term Committed Loyalists,0.05388705478694381,5.39%,No,Low Risk,No Tech Support; High Monthly Fee
0156-FVPTA,Segment 3: Short-Term High-Charge Users,0.5580672030435653,55.81%,Yes,Medium Risk,Month-to-month Contract; Electronic Check Payment
1984-FCOWB,Segment 1: Long-Term Committed Loyalists,0.506678031756754,50.67%,Yes,Medium Risk,Electronic Check Payment; High Monthly Fee
0654-HMSHN,Segment 3: Short-Term High-Charge Users,0.7673029336419886,76.73%,Yes,High Risk,Month-to-month Contract; Electronic Check Payment; No Tech Support
6719-OXYBR,Segment 3: Short-Term High-Charge Users,0.6971436397468673,69.71%,Yes,High Risk,Month-to-month Contract; Electronic Check Payment; No Tech Support
3312-ZWLGF,Segment 3: Short-Term High-Charge Users,0.673203928915715,67.32%,Yes,High Risk,Month-to-month Contract; Electronic Check Payment; High Monthly Fee
6476-YHMGA,Segment 3: Short-Term High-Charge Users,0.29004338314696976,29.0%,No,Low Risk,Month-to-month Contract; High Monthly Fee
5287-QWLKY,Segment 1: Long-Term Committed Loyalists,0.43078506352756546,43.08%,No,Medium Risk,Month-to-month Contract; No Tech Support; High Monthly Fee
0795-XCCTE,Segment 1: Long-Term Committed Loyalists,0.008978495270521214,0.9%,No,Low Risk,Stable Account Profile
0168-XZKBB,Segment 3: Short-Term High-Charge Users,0.743960718790851,74.4%,Yes,High Risk,Month-to-month Contract; Electronic Check Payment; No Tech Support
3785-NRHYR,Segment 3: Short-Term High-Charge Users,0.6229753620613809,62.3%,Yes,High Risk,Month-to-month Contract; Low Tenure (0-12m)
5196-SGOAK,Segment 3: Short-Term High-Charge Users,0.9231746229946604,92.32%,Yes,High Risk,Month-to-month Contract; Low Tenure (0-12m); Electronic Check Payment
4537-DKTAL,Segment 3: Short-Term High-Charge Users,0.7356862326943828,73.57%,Yes,High Risk,Month-to-month Contract; Low Tenure (0-12m); Electronic Check Payment
7072-MBHEV,Segment 3: Short-Term High-Charge Users,0.6331393789300105,63.31%,Yes,High Risk,Month-to-month Contract; Low Tenure (0-12m); No Tech Support
5602-BVFMK,Segment 1: Long-Term Committed Loyalists,0.07706337666464251,7.71%,No,Low Risk,Low Tenure (0-12m)
6297-NOOPG,Segment 1: Long-Term Committed Loyalists,0.2025314945970641,20.25%,No,Low Risk,Electronic Check Payment; High Monthly Fee
1891-UAWWU,Segment 3: Short-Term High-Charge Users,0.7445342404194621,74.45%,Yes,High Risk,Month-to-month Contract; Electronic Check Payment; No Tech Support
8204-TIFGJ,Segment 3: Short-Term High-Charge Users,0.10581719470849955,10.58%,No,Low Risk,Month-to-month Contract
8050-DVOJX,Segment 1: Long-Term Committed Loyalists,0.09117383572856622,9.12%,No,Low Risk,High Monthly Fee
6108-OQZDQ,Segment 3: Short-Term High-Charge Users,0.9005767955323666,90.06%,Yes,High Risk,Month-to-month Contract; Low Tenure (0-12m); Electronic Check Payment
0363-QJVFX,Segment 3: Short-Term High-Charge Users,0.49601400312720445,49.6%,No,Medium Risk,Month-to-month Contract; High Monthly Fee
8903-XEBGX,Segment 3: Short-Term High-Charge Users,0.7854403813849622,78.54%,Yes,High Risk,Month-to-month Contract; Low Tenure (0-12m); Electronic Check Payment
8169-SAEJD,Segment 1: Long-Term Committed Loyalists,0.07780085498996381,7.78%,No,Low Risk,No Tech Support
9840-DVNDC,Segment 3: Short-Term High-Charge Users,0.8345234073611955,83.45%,Yes,High Risk,Month-to-month Contract; Low Tenure (0-12m); No Tech Support
1089-XZWHH,Segment 1: Long-Term Committed Loyalists,0.01529036982597757,1.53%,No,Low Risk,Stable Account Profile
2325-WINES,Segment 1: Long-Term Committed Loyalists,0.43146867496704516,43.15%,No,Medium Risk,No Tech Support; High Monthly Fee
6064-ZATLR,Segment 1: Long-Term Committed Loyalists,0.08455276763563359,8.46%,No,Low Risk,No Tech Support
3096-JRDSO,Segment 3: Short-Term High-Charge Users,0.7024124481124405,70.24%,Yes,High Risk,Month-to-month Contract; High Monthly Fee
7824-PANSQ,Segment 3: Short-Term High-Charge Users,0.3214891421529608,32.15%,No,Medium Risk,Month-to-month Contract; High Monthly Fee
8042-JVNFH,Segment 3: Short-Term High-Charge Users,0.900216287456041,90.02%,Yes,High Risk,Month-to-month Contract; Low Tenure (0-12m); No Tech Support
9648-BCHKM,Segment 1: Long-Term Committed Loyalists,0.0793369587510119,7.93%,No,Low Risk,Stable Account Profile
2888-ADFAO,Segment 1: Long-Term Committed Loyalists,0.0247627312630653,2.48%,No,Low Risk,Stable Account Profile
8707-HOEDG,Segment 1: Long-Term Committed Loyalists,0.22971461922686462,22.97%,No,Low Risk,Electronic Check Payment; High Monthly Fee
3374-LXDEV,Segment 3: Short-Term High-Charge Users,0.7107041445668926,71.07%,Yes,High Risk,Month-to-month Contract; Electronic Check Payment; High Monthly Fee
4072-IPYLT,Segment 3: Short-Term High-Charge Users,0.2423452855490703,24.23%,No,Low Risk,Month-to-month Contract; No Tech Support
7167-PCEYD,Segment 1: Long-Term Committed Loyalists,0.026666192516903747,2.67%,No,Low Risk,Stable Account Profile
4936-YPJNK,Segment 3: Short-Term High-Charge Users,0.19081252883210464,19.08%,No,Low Risk,Month-to-month Contract; Low Tenure (0-12m)
1580-BMCMR,Segment 3: Short-Term High-Charge Users,0.6988312872810335,69.88%,Yes,High Risk,Month-to-month Contract; Electronic Check Payment; No Tech Support
4817-KEQSP,Segment 1: Long-Term Committed Loyalists,0.01905932512498264,1.91%,No,Low Risk,Stable Account Profile
6408-WHTEF,Segment 1: Long-Term Committed Loyalists,0.014243330657858981,1.42%,No,Low Risk,High Monthly Fee
9251-AWQGT,Segment 1: Long-Term Committed Loyalists,0.007068150949718904,0.71%,No,Low Risk,Stable Account Profile
8749-CLJXC,Segment 3: Short-Term High-Charge Users,0.664801064477174,66.48%,Yes,High Risk,Month-to-month Contract; Low Tenure (0-12m)
7989-VCQOH,Segment 3: Short-Term High-Charge Users,0.38488774382049923,38.49%,No,Medium Risk,Month-to-month Contract; Electronic Check Payment; High Monthly Fee
5049-GLYVG,Segment 3: Short-Term High-Charge Users,0.6791977022099387,67.92%,Yes,High Risk,Month-to-month Contract; Low Tenure (0-12m)
4199-QHJNM,Segment 1: Long-Term Committed Loyalists,0.24053444466842785,24.05%,No,Low Risk,High Monthly Fee
8882-TLVRW,Segment 1: Long-Term Committed Loyalists,0.044863179639848545,4.49%,No,Low Risk,Stable Account Profile
5883-GTGVD,Segment 3: Short-Term High-Charge Users,0.8068621022452364,80.69%,Yes,High Risk,Month-to-month Contract; Electronic Check Payment; No Tech Support
5135-GRQJV,Segment 1: Long-Term Committed Loyalists,0.038899792878763946,3.89%,No,Low Risk,High Monthly Fee
2384-OVPSA,Segment 1: Long-Term Committed Loyalists,0.019180122364707185,1.92%,No,Low Risk,Stable Account Profile
1371-WEPDS,Segment 1: Long-Term Committed Loyalists,0.2455173986327917,24.55%,No,Low Risk,Electronic Check Payment; No Tech Support
3580-GICBM,Segment 1: Long-Term Committed Loyalists,0.02100987096486519,2.1%,No,Low Risk,Stable Account Profile
4817-QRJSX,Segment 3: Short-Term High-Charge Users,0.8053230646987773,80.53%,Yes,High Risk,Month-to-month Contract; Low Tenure (0-12m); No Tech Support
9730-DRTMJ,Segment 1: Long-Term Committed Loyalists,0.14609063232607128,14.61%,No,Low Risk,High Monthly Fee
4686-UXDML,Segment 3: Short-Term High-Charge Users,0.7357229080926235,73.57%,Yes,High Risk,Month-to-month Contract; No Tech Support; High Monthly Fee
3349-ANQNH,Segment 1: Long-Term Committed Loyalists,0.5080870916268405,50.81%,Yes,Medium Risk,Electronic Check Payment; No Tech Support; High Monthly Fee
2398-YPMUR,Segment 3: Short-Term High-Charge Users,0.7349339764919783,73.49%,Yes,High Risk,Month-to-month Contract; Electronic Check Payment; No Tech Support
0932-YIXYU,Segment 1: Long-Term Committed Loyalists,0.011141220275123497,1.11%,No,Low Risk,Stable Account Profile
7480-SPLEF,Segment 1: Long-Term Committed Loyalists,0.015531202711469124,1.55%,No,Low Risk,Stable Account Profile
7636-XUHWW,Segment 3: Short-Term High-Charge Users,0.2277289734039402,22.77%,No,Low Risk,Month-to-month Contract; Low Tenure (0-12m)
1431-CYWMH,Segment 3: Short-Term High-Charge Users,0.12530896397573546,12.53%,No,Low Risk,Month-to-month Contract
5937-EORGB,Segment 3: Short-Term High-Charge Users,0.7831728811841298,78.32%,Yes,High Risk,Month-to-month Contract; Electronic Check Payment; No Tech Support
6349-JDHQP,Segment 1: Long-Term Committed Loyalists,0.08779263854159422,8.78%,No,Low Risk,Stable Account Profile
5539-HIVAK,Segment 3: Short-Term High-Charge Users,0.13628702181380184,13.63%,No,Low Risk,Month-to-month Contract
5847-MXBEO,Segment 1: Long-Term Committed Loyalists,0.012993448038712734,1.3%,No,Low Risk,Stable Account Profile
9985-MWVIX,Segment 3: Short-Term High-Charge Users,0.9012307365740302,90.12%,Yes,High Risk,Month-to-month Contract; Low Tenure (0-12m); No Tech Support
4583-PARNH,Segment 3: Short-Term High-Charge Users,0.7217357301529442,72.17%,Yes,High Risk,Month-to-month Contract; Electronic Check Payment; High Monthly Fee
1116-FRYVH,Segment 1: Long-Term Committed Loyalists,0.05279525340507285,5.28%,No,Low Risk,Stable Account Profile
1421-HCERK,Segment 3: Short-Term High-Charge Users,0.4728011989121498,47.28%,No,Medium Risk,Month-to-month Contract; High Monthly Fee
9633-XQABV,Segment 3: Short-Term High-Charge Users,0.8198900062617958,81.99%,Yes,High Risk,Month-to-month Contract; Low Tenure (0-12m); Electronic Check Payment
0716-BQNDX,Segment 1: Long-Term Committed Loyalists,0.13660977561322904,13.66%,No,Low Risk,Electronic Check Payment; High Monthly Fee
1265-XTECC,Segment 1: Long-Term Committed Loyalists,0.3658189294063786,36.58%,No,Medium Risk,No Tech Support; High Monthly Fee
1183-CANVH,Segment 1: Long-Term Committed Loyalists,0.18167202099117102,18.17%,No,Low Risk,Stable Account Profile
1972-XMUWV,Segment 1: Long-Term Committed Loyalists,0.06053778967616266,6.05%,No,Low Risk,Stable Account Profile
8679-LZBMD,Segment 1: Long-Term Committed Loyalists,0.39644355780383744,39.64%,No,Medium Risk,No Tech Support; High Monthly Fee
3407-JMJQQ,Segment 1: Long-Term Committed Loyalists,0.21308407945962746,21.31%,No,Low Risk,No Tech Support; High Monthly Fee
6252-DFGTK,Segment 1: Long-Term Committed Loyalists,0.13559212896314693,13.56%,No,Low Risk,Stable Account Profile
1539-LNKHM,Segment 3: Short-Term High-Charge Users,0.1835110831445372,18.35%,No,Low Risk,Month-to-month Contract; Low Tenure (0-12m)
8645-KOMJQ,Segment 1: Long-Term Committed Loyalists,0.05362977408663544,5.36%,No,Low Risk,High Monthly Fee
0289-IVARM,Segment 3: Short-Term High-Charge Users,0.2785725575518382,27.86%,No,Low Risk,Month-to-month Contract; Electronic Check Payment; No Tech Support
9761-XUJWD,Segment 3: Short-Term High-Charge Users,0.4601138709252125,46.01%,No,Medium Risk,Month-to-month Contract; Low Tenure (0-12m)
4057-FKCZK,Segment 1: Long-Term Committed Loyalists,0.12916647296330264,12.92%,No,Low Risk,No Tech Support; High Monthly Fee
4291-TPNFG,Segment 1: Long-Term Committed Loyalists,0.028593919502139277,2.86%,No,Low Risk,High Monthly Fee
6087-YPWHO,Segment 1: Long-Term Committed Loyalists,0.051278238079108265,5.13%,No,Low Risk,Stable Account Profile
3090-QFUVD,Segment 3: Short-Term High-Charge Users,0.38999193291291234,39.0%,No,Medium Risk,Month-to-month Contract; Low Tenure (0-12m)
2237-ZFSMY,Segment 3: Short-Term High-Charge Users,0.6180706614590677,61.81%,Yes,High Risk,Electronic Check Payment; High Monthly Fee
1722-LDZJS,Segment 1: Long-Term Committed Loyalists,0.06985626356065118,6.99%,No,Low Risk,Stable Account Profile
1818-ESQMW,Segment 3: Short-Term High-Charge Users,0.6543236599349936,65.43%,Yes,High Risk,Month-to-month Contract; Electronic Check Payment; High Monthly Fee
4871-JTKJF,Segment 3: Short-Term High-Charge Users,0.9326742670869033,93.27%,Yes,High Risk,Month-to-month Contract; Low Tenure (0-12m); Electronic Check Payment
1415-YFWLT,Segment 3: Short-Term High-Charge Users,0.9206126491520302,92.06%,Yes,High Risk,Month-to-month Contract; Low Tenure (0-12m); Electronic Check Payment
7401-RUBNK,Segment 3: Short-Term High-Charge Users,0.5889254549216919,58.89%,Yes,Medium Risk,Month-to-month Contract; Electronic Check Payment; No Tech Support
0506-YLVKJ,Segment 1: Long-Term Committed Loyalists,0.009578558182529598,0.96%,No,Low Risk,Stable Account Profile
8661-BOYNW,Segment 1: Long-Term Committed Loyalists,0.026918931851175654,2.69%,No,Low Risk,High Monthly Fee
6711-VTNRE,Segment 3: Short-Term High-Charge Users,0.6319775853873284,63.2%,Yes,High Risk,Month-to-month Contract; Electronic Check Payment; High Monthly Fee
4815-GBTCD,Segment 3: Short-Term High-Charge Users,0.6956104077460972,69.56%,Yes,High Risk,Month-to-month Contract; Low Tenure (0-12m); Electronic Check Payment
2805-AUFQN,Segment 1: Long-Term Committed Loyalists,0.028064827428421393,2.81%,No,Low Risk,Stable Account Profile
0980-PVMRC,Segment 3: Short-Term High-Charge Users,0.4406613171001045,44.07%,No,Medium Risk,Month-to-month Contract; Electronic Check Payment; No Tech Support
7233-DRTRF,Segment 1: Long-Term Committed Loyalists,0.5627955146971109,56.28%,Yes,Medium Risk,Month-to-month Contract; Electronic Check Payment; No Tech Support
3500-RMZLT,Segment 3: Short-Term High-Charge Users,0.7227034586149376,72.27%,Yes,High Risk,Month-to-month Contract; High Monthly Fee
3873-NFTGI,Segment 3: Short-Term High-Charge Users,0.4307004023132471,43.07%,No,Medium Risk,Month-to-month Contract; No Tech Support
1162-ECVII,Segment 1: Long-Term Committed Loyalists,0.15873466943048042,15.87%,No,Low Risk,High Monthly Fee
7048-GXDAY,Segment 3: Short-Term High-Charge Users,0.6555390209571796,65.55%,Yes,High Risk,Month-to-month Contract; Electronic Check Payment; No Tech Support
8571-ZCMCX,Segment 1: Long-Term Committed Loyalists,0.0798375369474031,7.98%,No,Low Risk,No Tech Support
1169-WCVAK,Segment 3: Short-Term High-Charge Users,0.4930303346180956,49.3%,No,Medium Risk,Month-to-month Contract; High Monthly Fee
4548-SDBKE,Segment 3: Short-Term High-Charge Users,0.884864193795946,88.49%,Yes,High Risk,Month-to-month Contract; Low Tenure (0-12m); Electronic Check Payment
8066-POXGX,Segment 3: Short-Term High-Charge Users,0.6570145797295717,65.7%,Yes,High Risk,Month-to-month Contract; Electronic Check Payment; No Tech Support
7129-CAKJW,Segment 3: Short-Term High-Charge Users,0.5467299835978101,54.67%,Yes,Medium Risk,Month-to-month Contract; No Tech Support; High Monthly Fee
8695-ARGXZ,Segment 3: Short-Term High-Charge Users,0.6687644079919792,66.88%,Yes,High Risk,Month-to-month Contract; Electronic Check Payment; No Tech Support
3570-YUEKJ,Segment 3: Short-Term High-Charge Users,0.2981143922259024,29.81%,No,Low Risk,Month-to-month Contract; Electronic Check Payment; No Tech Support
4143-OOBWZ,Segment 3: Short-Term High-Charge Users,0.8793749572746242,87.94%,Yes,High Risk,Month-to-month Contract; Low Tenure (0-12m); Electronic Check Payment
1555-HAPSU,Segment 1: Long-Term Committed Loyalists,0.006629423937224657,0.66%,No,Low Risk,Stable Account Profile
1697-NVVGY,Segment 3: Short-Term High-Charge Users,0.32266741698407214,32.27%,No,Medium Risk,Month-to-month Contract; No Tech Support
7854-EKTJL,Segment 3: Short-Term High-Charge Users,0.22751490747507958,22.75%,No,Low Risk,Month-to-month Contract; Low Tenure (0-12m); Electronic Check Payment
8464-EETCQ,Segment 1: Long-Term Committed Loyalists,0.0605853210250106,6.06%,No,Low Risk,Stable Account Profile
2419-FSORS,Segment 1: Long-Term Committed Loyalists,0.26777265089493124,26.78%,No,Low Risk,Electronic Check Payment; High Monthly Fee
8132-YPVBX,Segment 3: Short-Term High-Charge Users,0.8455870338383598,84.56%,Yes,High Risk,Month-to-month Contract; Low Tenure (0-12m); No Tech Support
9102-IAYHT,Segment 3: Short-Term High-Charge Users,0.7782306311957946,77.82%,Yes,High Risk,Month-to-month Contract; Electronic Check Payment; No Tech Support
6754-LZUKA,Segment 1: Long-Term Committed Loyalists,0.09265218416487365,9.27%,No,Low Risk,No Tech Support; High Monthly Fee
3422-LYEPQ,Segment 3: Short-Term High-Charge Users,0.909497827621332,90.95%,Yes,High Risk,Month-to-month Contract; Low Tenure (0-12m); Electronic Check Payment
8099-MZPUJ,Segment 1: Long-Term Committed Loyalists,0.24651505170731505,24.65%,No,Low Risk,High Monthly Fee
0787-LHDYT,Segment 3: Short-Term High-Charge Users,0.2201704195861729,22.02%,No,Low Risk,Month-to-month Contract
2642-DTVCO,Segment 3: Short-Term High-Charge Users,0.8658903917268238,86.59%,Yes,High Risk,Month-to-month Contract; Low Tenure (0-12m); Electronic Check Payment
0374-IOEGQ,Segment 3: Short-Term High-Charge Users,0.7146921951233645,71.47%,Yes,High Risk,Month-to-month Contract; Low Tenure (0-12m); Electronic Check Payment
4361-JEIVL,Segment 3: Short-Term High-Charge Users,0.7892391487252326,78.92%,Yes,High Risk,Month-to-month Contract; Low Tenure (0-12m); Electronic Check Payment
3197-NNYNB,Segment 1: Long-Term Committed Loyalists,0.2601784691120403,26.02%,No,Low Risk,No Tech Support; High Monthly Fee
3396-DKDEL,Segment 1: Long-Term Committed Loyalists,0.09681384040485169,9.68%,No,Low Risk,High Monthly Fee
1752-OZXFY,Segment 1: Long-Term Committed Loyalists,0.09596763134554485,9.6%,No,Low Risk,No Tech Support
9066-QRSDU,Segment 1: Long-Term Committed Loyalists,0.09582936441047085,9.58%,No,Low Risk,Electronic Check Payment
9112-WSNPU,Segment 3: Short-Term High-Charge Users,0.6240022043829484,62.4%,Yes,High Risk,Month-to-month Contract; Electronic Check Payment; No Tech Support
9867-NNXLC,Segment 3: Short-Term High-Charge Users,0.11736931988444897,11.74%,No,Low Risk,Month-to-month Contract
5321-NTRKC,Segment 1: Long-Term Committed Loyalists,0.11502248415696632,11.5%,No,Low Risk,No Tech Support; High Monthly Fee
1363-TXLSL,Segment 3: Short-Term High-Charge Users,0.9211679718679116,92.12%,Yes,High Risk,Month-to-month Contract; Low Tenure (0-12m); Electronic Check Payment
9507-EXLTT,Segment 3: Short-Term High-Charge Users,0.9124529282426247,91.25%,Yes,High Risk,Month-to-month Contract; Low Tenure (0-12m); No Tech Support
3161-GETRM,Segment 3: Short-Term High-Charge Users,0.5993981373493461,59.94%,Yes,Medium Risk,Month-to-month Contract; No Tech Support; High Monthly Fee
0402-OAMEN,Segment 1: Long-Term Committed Loyalists,0.0057163837971593075,0.57%,No,Low Risk,Stable Account Profile
6933-VLYFX,Segment 1: Long-Term Committed Loyalists,0.17510140582480502,17.51%,No,Low Risk,Electronic Check Payment
6754-WKSHP,Segment 1: Long-Term Committed Loyalists,0.1186137610280693,11.86%,No,Low Risk,Stable Account Profile
9846-GKXAS,Segment 3: Short-Term High-Charge Users,0.8633994174499382,86.34%,Yes,High Risk,Month-to-month Contract; Low Tenure (0-12m); No Tech Support
6017-PPLPX,Segment 3: Short-Term High-Charge Users,0.7241980991245133,72.42%,Yes,High Risk,Month-to-month Contract; Electronic Check Payment; No Tech Support
4976-LNFVV,Segment 3: Short-Term High-Charge Users,0.4451168020353634,44.51%,No,Medium Risk,Month-to-month Contract; No Tech Support
5055-MGMGF,Segment 1: Long-Term Committed Loyalists,0.46780981621218376,46.78%,No,Medium Risk,Month-to-month Contract; Electronic Check Payment; No Tech Support
4641-FROLU,Segment 1: Long-Term Committed Loyalists,0.018948538932341847,1.89%,No,Low Risk,Stable Account Profile
2862-JVEOY,Segment 1: Long-Term Committed Loyalists,0.05745916529613675,5.75%,No,Low Risk,Low Tenure (0-12m)
2969-QWUBZ,Segment 3: Short-Term High-Charge Users,0.7268229005571675,72.68%,Yes,High Risk,Month-to-month Contract; Low Tenure (0-12m); Electronic Check Payment
9822-BIIGN,Segment 3: Short-Term High-Charge Users,0.20596044755538323,20.6%,No,Low Risk,Month-to-month Contract; Electronic Check Payment; High Monthly Fee
2077-MPJQO,Segment 3: Short-Term High-Charge Users,0.8618951472390497,86.19%,Yes,High Risk,Month-to-month Contract; Low Tenure (0-12m); Electronic Check Payment
1534-OULXE,Segment 1: Long-Term Committed Loyalists,0.10234794953476345,10.23%,No,Low Risk,No Tech Support
7136-RVDTZ,Segment 1: Long-Term Committed Loyalists,0.5070399748863719,50.7%,Yes,Medium Risk,Electronic Check Payment; No Tech Support
2971-SGAFL,Segment 3: Short-Term High-Charge Users,0.4879536617817979,48.8%,No,Medium Risk,Month-to-month Contract; Electronic Check Payment; No Tech Support
1480-IVEVR,Segment 3: Short-Term High-Charge Users,0.4271268827717384,42.71%,No,Medium Risk,No Tech Support; High Monthly Fee
2905-KFQUV,Segment 3: Short-Term High-Charge Users,0.7954688596382652,79.55%,Yes,High Risk,Month-to-month Contract; Low Tenure (0-12m); No Tech Support
4581-SSPWD,Segment 3: Short-Term High-Charge Users,0.8688158365961283,86.88%,Yes,High Risk,Month-to-month Contract; Low Tenure (0-12m); Electronic Check Payment
3370-HXOPH,Segment 3: Short-Term High-Charge Users,0.8270187516031539,82.7%,Yes,High Risk,Month-to-month Contract; Low Tenure (0-12m); Electronic Check Payment
9391-YZEJW,Segment 1: Long-Term Committed Loyalists,0.3384089636273094,33.84%,No,Medium Risk,No Tech Support; High Monthly Fee
9958-MEKUC,Segment 1: Long-Term Committed Loyalists,0.06708765360984571,6.71%,No,Low Risk,High Monthly Fee
0281-CNTZX,Segment 1: Long-Term Committed Loyalists,0.011774780092831267,1.18%,No,Low Risk,Stable Account Profile
6927-WTFIV,Segment 3: Short-Term High-Charge Users,0.5713244364379123,57.13%,Yes,Medium Risk,Month-to-month Contract; No Tech Support; High Monthly Fee
4118-CEVPF,Segment 1: Long-Term Committed Loyalists,0.3811438419327859,38.11%,No,Medium Risk,High Monthly Fee
3398-ZOUAA,Segment 3: Short-Term High-Charge Users,0.7092264681941016,70.92%,Yes,High Risk,Month-to-month Contract; Electronic Check Payment; No Tech Support
9114-VEPUF,Segment 1: Long-Term Committed Loyalists,0.27362273173073254,27.36%,No,Low Risk,Electronic Check Payment; No Tech Support; High Monthly Fee
7876-BEUTG,Segment 3: Short-Term High-Charge Users,0.4509472236929009,45.09%,No,Medium Risk,Month-to-month Contract; No Tech Support
2338-BQEZT,Segment 3: Short-Term High-Charge Users,0.2304198591051876,23.04%,No,Low Risk,Month-to-month Contract; No Tech Support
9873-MNDKV,Segment 3: Short-Term High-Charge Users,0.48499849177474147,48.5%,No,Medium Risk,Month-to-month Contract; Low Tenure (0-12m); No Tech Support
0378-NHQXU,Segment 3: Short-Term High-Charge Users,0.7388826457406142,73.89%,Yes,High Risk,Month-to-month Contract; Electronic Check Payment; No Tech Support
8241-JUIQO,Segment 1: Long-Term Committed Loyalists,0.0886772071896806,8.87%,No,Low Risk,Stable Account Profile
2194-IIQOF,Segment 1: Long-Term Committed Loyalists,0.019185076103224626,1.92%,No,Low Risk,High Monthly Fee
4512-ZUIYL,Segment 3: Short-Term High-Charge Users,0.787860443987738,78.79%,Yes,High Risk,Month-to-month Contract; Low Tenure (0-12m); No Tech Support
9631-RXVJM,Segment 1: Long-Term Committed Loyalists,0.01572071106537994,1.57%,No,Low Risk,Stable Account Profile
9584-EXCDZ,Segment 3: Short-Term High-Charge Users,0.5282517739234588,52.83%,Yes,Medium Risk,Month-to-month Contract; No Tech Support; High Monthly Fee
7969-AULMZ,Segment 3: Short-Term High-Charge Users,0.8103685977492195,81.04%,Yes,High Risk,Month-to-month Contract; Electronic Check Payment; No Tech Support
5093-FEGLU,Segment 1: Long-Term Committed Loyalists,0.014056091199293564,1.41%,No,Low Risk,Stable Account Profile
2621-UDNLU,Segment 3: Short-Term High-Charge Users,0.2287422511213185,22.87%,No,Low Risk,Month-to-month Contract; Low Tenure (0-12m)
7526-IVLYU,Segment 3: Short-Term High-Charge Users,0.24106567045142507,24.11%,No,Low Risk,Month-to-month Contract; Low Tenure (0-12m)
2428-HYUNX,Segment 1: Long-Term Committed Loyalists,0.010959994942010042,1.1%,No,Low Risk,Stable Account Profile
9214-EKVXR,Segment 3: Short-Term High-Charge Users,0.7369124961475176,73.69%,Yes,High Risk,Month-to-month Contract; Low Tenure (0-12m); No Tech Support
3410-MHHUM,Segment 1: Long-Term Committed Loyalists,0.33096057973844867,33.1%,No,Medium Risk,Electronic Check Payment; No Tech Support; High Monthly Fee
0568-ONFPC,Segment 3: Short-Term High-Charge Users,0.5305168992486876,53.05%,Yes,Medium Risk,Month-to-month Contract; Low Tenure (0-12m)
0733-VUNUW,Segment 3: Short-Term High-Charge Users,0.33462806328405664,33.46%,No,Medium Risk,Month-to-month Contract; No Tech Support
4550-EVXNY,Segment 3: Short-Term High-Charge Users,0.926098034338056,92.61%,Yes,High Risk,Month-to-month Contract; Low Tenure (0-12m); Electronic Check Payment
2122-YWVYA,Segment 3: Short-Term High-Charge Users,0.6507329322643617,65.07%,Yes,High Risk,Month-to-month Contract; Electronic Check Payment; No Tech Support
2968-SSGAA,Segment 3: Short-Term High-Charge Users,0.8975493041549089,89.75%,Yes,High Risk,Month-to-month Contract; Low Tenure (0-12m); Electronic Check Payment
2296-DKZFP,Segment 1: Long-Term Committed Loyalists,0.05987408961788344,5.99%,No,Low Risk,No Tech Support; High Monthly Fee
4844-JJWUY,Segment 3: Short-Term High-Charge Users,0.9264257746331579,92.64%,Yes,High Risk,Month-to-month Contract; Low Tenure (0-12m); Electronic Check Payment
6777-TGHTM,Segment 1: Long-Term Committed Loyalists,0.5038948515231736,50.39%,Yes,Medium Risk,No Tech Support; High Monthly Fee
8909-BOLNL,Segment 1: Long-Term Committed Loyalists,0.08540360162629666,8.54%,No,Low Risk,Low Tenure (0-12m)
6603-YRDCJ,Segment 1: Long-Term Committed Loyalists,0.043354829445190084,4.34%,No,Low Risk,Stable Account Profile
3538-WZPHD,Segment 3: Short-Term High-Charge Users,0.7701188518870707,77.01%,Yes,High Risk,Month-to-month Contract; Low Tenure (0-12m); Electronic Check Payment
3229-USWAR,Segment 1: Long-Term Committed Loyalists,0.2647810033386987,26.48%,No,Low Risk,High Monthly Fee
2138-VFAPZ,Segment 1: Long-Term Committed Loyalists,0.02283564674437937,2.28%,No,Low Risk,Stable Account Profile
6131-JLWZM,Segment 3: Short-Term High-Charge Users,0.1654147672488036,16.54%,No,Low Risk,Month-to-month Contract
4785-QRJHC,Segment 1: Long-Term Committed Loyalists,0.27188095966541964,27.19%,No,Low Risk,Stable Account Profile
0269-XFESX,Segment 1: Long-Term Committed Loyalists,0.05947021153418209,5.95%,No,Low Risk,Stable Account Profile
1709-EJDOX,Segment 1: Long-Term Committed Loyalists,0.0134870813167396,1.35%,No,Low Risk,Stable Account Profile
4316-XCSLJ,Segment 3: Short-Term High-Charge Users,0.3723896220114351,37.24%,No,Medium Risk,Month-to-month Contract; No Tech Support
8610-WFCJF,Segment 3: Short-Term High-Charge Users,0.6930169149338081,69.3%,Yes,High Risk,Month-to-month Contract; Electronic Check Payment; No Tech Support
9693-XMUOB,Segment 3: Short-Term High-Charge Users,0.46522968067051,46.52%,No,Medium Risk,Month-to-month Contract; Electronic Check Payment; No Tech Support
0383-CLDDA,Segment 1: Long-Term Committed Loyalists,0.044625950575202265,4.46%,No,Low Risk,High Monthly Fee
4905-JEFDW,Segment 3: Short-Term High-Charge Users,0.6310518138619408,63.11%,Yes,High Risk,Low Tenure (0-12m); Electronic Check Payment; No Tech Support
2709-UQGNP,Segment 3: Short-Term High-Charge Users,0.4149119069434228,41.49%,No,Medium Risk,Month-to-month Contract; Low Tenure (0-12m); No Tech Support
3549-ZTMNH,Segment 1: Long-Term Committed Loyalists,0.07118694802149615,7.12%,No,Low Risk,Low Tenure (0-12m)
7881-INRLC,Segment 3: Short-Term High-Charge Users,0.6793482199508399,67.93%,Yes,High Risk,Month-to-month Contract; No Tech Support; High Monthly Fee
8033-ATFAS,Segment 3: Short-Term High-Charge Users,0.3027296027241979,30.27%,No,Medium Risk,Month-to-month Contract; No Tech Support
1635-NZATJ,Segment 1: Long-Term Committed Loyalists,0.005532830775651301,0.55%,No,Low Risk,Stable Account Profile
0562-HKHML,Segment 1: Long-Term Committed Loyalists,0.013576782134582854,1.36%,No,Low Risk,Stable Account Profile
8277-RVRSV,Segment 1: Long-Term Committed Loyalists,0.028302912671684718,2.83%,No,Low Risk,Stable Account Profile
9943-VSZUV,Segment 3: Short-Term High-Charge Users,0.349483609122233,34.95%,No,Medium Risk,Month-to-month Contract; No Tech Support; High Monthly Fee
0117-LFRMW,Segment 3: Short-Term High-Charge Users,0.41308637913824187,41.31%,No,Medium Risk,Month-to-month Contract; No Tech Support
6172-FECYY,Segment 3: Short-Term High-Charge Users,0.667785919903632,66.78%,Yes,High Risk,Month-to-month Contract; Electronic Check Payment; No Tech Support
7054-ENNGU,Segment 3: Short-Term High-Charge Users,0.4269397481328746,42.69%,No,Medium Risk,Month-to-month Contract; Low Tenure (0-12m); No Tech Support
1455-HFBXA,Segment 1: Long-Term Committed Loyalists,0.11706739073001292,11.71%,No,Low Risk,High Monthly Fee
9402-CXWPL,Segment 1: Long-Term Committed Loyalists,0.3296493702776697,32.96%,No,Medium Risk,Electronic Check Payment; No Tech Support; High Monthly Fee
1628-BIZYP,Segment 3: Short-Term High-Charge Users,0.9247446099263185,92.47%,Yes,High Risk,Month-to-month Contract; Low Tenure (0-12m); Electronic Check Payment
1965-AKTSX,Segment 3: Short-Term High-Charge Users,0.783470556024627,78.35%,Yes,High Risk,Month-to-month Contract; Electronic Check Payment; No Tech Support
0082-LDZUE,Segment 3: Short-Term High-Charge Users,0.7499576816090989,75.0%,Yes,High Risk,Month-to-month Contract; Low Tenure (0-12m); No Tech Support
4786-UKSNZ,Segment 3: Short-Term High-Charge Users,0.6515456094686993,65.15%,Yes,High Risk,Month-to-month Contract; Low Tenure (0-12m)
5343-SGUBI,Segment 1: Long-Term Committed Loyalists,0.2006646926648019,20.07%,No,Low Risk,No Tech Support; High Monthly Fee
0856-NAOES,Segment 3: Short-Term High-Charge Users,0.49507376123392455,49.51%,No,Medium Risk,Month-to-month Contract; Low Tenure (0-12m); No Tech Support
1976-AZZPJ,Segment 3: Short-Term High-Charge Users,0.43506228912154143,43.51%,No,Medium Risk,Month-to-month Contract; Low Tenure (0-12m); No Tech Support
7248-VZQLC,Segment 3: Short-Term High-Charge Users,0.617249102436633,61.72%,Yes,High Risk,Month-to-month Contract; No Tech Support; High Monthly Fee
6156-UZDLF,Segment 3: Short-Term High-Charge Users,0.31790178760161913,31.79%,No,Medium Risk,High Monthly Fee
3099-OONVS,Segment 3: Short-Term High-Charge Users,0.2593484994070078,25.93%,No,Low Risk,Month-to-month Contract; Electronic Check Payment
9500-WBGRP,Segment 1: Long-Term Committed Loyalists,0.0609671327491846,6.1%,No,Low Risk,Stable Account Profile
5183-KLYEM,Segment 1: Long-Term Committed Loyalists,0.04389702074581767,4.39%,No,Low Risk,High Monthly Fee
5144-PQCDZ,Segment 3: Short-Term High-Charge Users,0.19021027184818493,19.02%,No,Low Risk,Month-to-month Contract; Low Tenure (0-12m)
8514-VZHEB,Segment 1: Long-Term Committed Loyalists,0.03666504629676996,3.67%,No,Low Risk,Stable Account Profile
6625-IUTTT,Segment 1: Long-Term Committed Loyalists,0.04204352624855962,4.2%,No,Low Risk,No Tech Support
9355-NPPFS,Segment 3: Short-Term High-Charge Users,0.6241999082325133,62.42%,Yes,High Risk,Month-to-month Contract; Electronic Check Payment; No Tech Support
0068-FIGTF,Segment 1: Long-Term Committed Loyalists,0.27526849212089305,27.53%,No,Low Risk,High Monthly Fee
5965-GGPRW,Segment 1: Long-Term Committed Loyalists,0.16408927583840846,16.41%,No,Low Risk,No Tech Support; High Monthly Fee
8035-PWSEV,Segment 3: Short-Term High-Charge Users,0.819584603566813,81.96%,Yes,High Risk,Month-to-month Contract; Low Tenure (0-12m); Electronic Check Payment
2236-HILPA,Segment 1: Long-Term Committed Loyalists,0.010079351320667767,1.01%,No,Low Risk,Stable Account Profile
1840-BIUOG,Segment 3: Short-Term High-Charge Users,0.29968837627423045,29.97%,No,Low Risk,Electronic Check Payment
1356-MKYSK,Segment 3: Short-Term High-Charge Users,0.4057997100169581,40.58%,No,Medium Risk,Month-to-month Contract; Low Tenure (0-12m); High Monthly Fee
6080-LNESI,Segment 1: Long-Term Committed Loyalists,0.051195468796575,5.12%,No,Low Risk,Stable Account Profile
1830-IPXVJ,Segment 1: Long-Term Committed Loyalists,0.024812251818078942,2.48%,No,Low Risk,Stable Account Profile
5828-DWPIL,Segment 3: Short-Term High-Charge Users,0.3531926415442493,35.32%,No,Medium Risk,Month-to-month Contract; Electronic Check Payment; No Tech Support
8398-TBIYD,Segment 1: Long-Term Committed Loyalists,0.05497609668217594,5.5%,No,Low Risk,High Monthly Fee
0011-IGKFF,Segment 3: Short-Term High-Charge Users,0.8259733374955827,82.6%,Yes,High Risk,Month-to-month Contract; Electronic Check Payment; No Tech Support
4192-GORJT,Segment 3: Short-Term High-Charge Users,0.8866818454694739,88.67%,Yes,High Risk,Month-to-month Contract; Low Tenure (0-12m); Electronic Check Payment
6496-SLWHQ,Segment 3: Short-Term High-Charge Users,0.9023616564686959,90.24%,Yes,High Risk,Month-to-month Contract; Low Tenure (0-12m); Electronic Check Payment
9912-GVSEQ,Segment 3: Short-Term High-Charge Users,0.7644659770380069,76.45%,Yes,High Risk,Month-to-month Contract; Electronic Check Payment; No Tech Support
2931-FSOHN,Segment 3: Short-Term High-Charge Users,0.4827576115417828,48.28%,No,Medium Risk,Month-to-month Contract; Electronic Check Payment; No Tech Support
9418-RUKPH,Segment 1: Long-Term Committed Loyalists,0.010901387051200634,1.09%,No,Low Risk,Stable Account Profile
5383-MMTWC,Segment 3: Short-Term High-Charge Users,0.8773664322722973,87.74%,Yes,High Risk,Month-to-month Contract; Low Tenure (0-12m); Electronic Check Payment
9971-ZWPBF,Segment 3: Short-Term High-Charge Users,0.6270360086627688,62.7%,Yes,High Risk,Month-to-month Contract; Electronic Check Payment; High Monthly Fee
4712-AUQZO,Segment 3: Short-Term High-Charge Users,0.3548979525408111,35.49%,No,Medium Risk,Month-to-month Contract; No Tech Support
9711-FJTBX,Segment 1: Long-Term Committed Loyalists,0.172618724543119,17.26%,No,Low Risk,High Monthly Fee
2908-ZTPNF,Segment 3: Short-Term High-Charge Users,0.34175645564965457,34.18%,No,Medium Risk,Month-to-month Contract
7240-ETPTR,Segment 3: Short-Term High-Charge Users,0.6649396936158861,66.49%,Yes,High Risk,Month-to-month Contract; Low Tenure (0-12m); Electronic Check Payment
2202-CUYXZ,Segment 3: Short-Term High-Charge Users,0.9191629744412245,91.92%,Yes,High Risk,Month-to-month Contract; Low Tenure (0-12m); Electronic Check Payment
5995-OIGLP,Segment 3: Short-Term High-Charge Users,0.42044305221213957,42.04%,No,Medium Risk,Month-to-month Contract; Low Tenure (0-12m)
8421-WZOOW,Segment 1: Long-Term Committed Loyalists,0.27566229100802636,27.57%,No,Low Risk,Month-to-month Contract; High Monthly Fee
6261-RCVNS,Segment 1: Long-Term Committed Loyalists,0.35266297296256693,35.27%,No,Medium Risk,High Monthly Fee
7951-QKZPL,Segment 1: Long-Term Committed Loyalists,0.36864258273430367,36.86%,No,Medium Risk,Stable Account Profile
1414-YADCW,Segment 1: Long-Term Committed Loyalists,0.07255384086132147,7.26%,No,Low Risk,High Monthly Fee
8756-RDDLT,Segment 3: Short-Term High-Charge Users,0.2853352983677802,28.53%,No,Low Risk,Month-to-month Contract; Electronic Check Payment
2862-PFNIK,Segment 3: Short-Term High-Charge Users,0.7841454977597506,78.41%,Yes,High Risk,Month-to-month Contract; Low Tenure (0-12m); Electronic Check Payment
5816-QVHRX,Segment 3: Short-Term High-Charge Users,0.5951999014922226,59.52%,Yes,Medium Risk,Month-to-month Contract; High Monthly Fee
4430-YHXGG,Segment 3: Short-Term High-Charge Users,0.19672725013625272,19.67%,No,Low Risk,Month-to-month Contract; Low Tenure (0-12m)
6888-SBYAI,Segment 3: Short-Term High-Charge Users,0.7143129568001687,71.43%,Yes,High Risk,Month-to-month Contract; Low Tenure (0-12m); No Tech Support
7395-XWZOY,Segment 3: Short-Term High-Charge Users,0.4021914299647267,40.22%,No,Medium Risk,Month-to-month Contract
7169-YWAMK,Segment 1: Long-Term Committed Loyalists,0.05278567330166043,5.28%,No,Low Risk,Stable Account Profile
3640-PHQXK,Segment 3: Short-Term High-Charge Users,0.6895264882589316,68.95%,Yes,High Risk,Month-to-month Contract; Electronic Check Payment; No Tech Support
6877-LGWXO,Segment 3: Short-Term High-Charge Users,0.6781665994172363,67.82%,Yes,High Risk,Month-to-month Contract; Electronic Check Payment; No Tech Support
6859-RKMZJ,Segment 3: Short-Term High-Charge Users,0.44184021263383255,44.18%,No,Medium Risk,Month-to-month Contract; Low Tenure (0-12m); No Tech Support
2729-VNVAP,Segment 1: Long-Term Committed Loyalists,0.017999656652994637,1.8%,No,Low Risk,Stable Account Profile
2957-JIRMN,Segment 1: Long-Term Committed Loyalists,0.2814842308073784,28.15%,No,Low Risk,Electronic Check Payment; No Tech Support; High Monthly Fee
2049-BAFNW,Segment 3: Short-Term High-Charge Users,0.6204325585031782,62.04%,Yes,High Risk,Month-to-month Contract; Low Tenure (0-12m)
3842-QTGDL,Segment 3: Short-Term High-Charge Users,0.5283227385114703,52.83%,Yes,Medium Risk,Month-to-month Contract; No Tech Support; High Monthly Fee
7163-OCEQI,Segment 1: Long-Term Committed Loyalists,0.4036942059325167,40.37%,No,Medium Risk,High Monthly Fee
9782-LGXMC,Segment 3: Short-Term High-Charge Users,0.17224281798793173,17.22%,No,Low Risk,Month-to-month Contract
5975-BAICR,Segment 1: Long-Term Committed Loyalists,0.20828000433921312,20.83%,No,Low Risk,No Tech Support
8019-ENHXU,Segment 3: Short-Term High-Charge Users,0.6982980954713728,69.83%,Yes,High Risk,Month-to-month Contract; Electronic Check Payment; High Monthly Fee
5167-GBFRE,Segment 3: Short-Term High-Charge Users,0.6597313744204624,65.97%,Yes,High Risk,Month-to-month Contract; Low Tenure (0-12m); No Tech Support
9033-EOXWV,Segment 1: Long-Term Committed Loyalists,0.33002692107199005,33.0%,No,Medium Risk,Low Tenure (0-12m); High Monthly Fee
4673-KKSLS,Segment 3: Short-Term High-Charge Users,0.49688542534268976,49.69%,No,Medium Risk,Month-to-month Contract; Electronic Check Payment; High Monthly Fee
4853-OITSN,Segment 3: Short-Term High-Charge Users,0.7791977489869891,77.92%,Yes,High Risk,Month-to-month Contract; Low Tenure (0-12m); Electronic Check Payment
9800-OUIGR,Segment 1: Long-Term Committed Loyalists,0.00592615333027471,0.59%,No,Low Risk,Stable Account Profile
1324-NLTJE,Segment 3: Short-Term High-Charge Users,0.5181254686568524,51.81%,Yes,Medium Risk,Month-to-month Contract
2324-EFHVG,Segment 1: Long-Term Committed Loyalists,0.32863373754961167,32.86%,No,Medium Risk,No Tech Support; High Monthly Fee
7094-MSZAO,Segment 3: Short-Term High-Charge Users,0.16694961504799571,16.69%,No,Low Risk,Month-to-month Contract; Low Tenure (0-12m)
1522-VVDMG,Segment 3: Short-Term High-Charge Users,0.8338353013269166,83.38%,Yes,High Risk,Month-to-month Contract; Low Tenure (0-12m); Electronic Check Payment
6907-CQGPN,Segment 3: Short-Term High-Charge Users,0.3450927975424761,34.51%,No,Medium Risk,Month-to-month Contract; Electronic Check Payment
0780-XNZFN,Segment 1: Long-Term Committed Loyalists,0.03269116510312706,3.27%,No,Low Risk,Stable Account Profile
0239-OXEXL,Segment 3: Short-Term High-Charge Users,0.4976950224850512,49.77%,No,Medium Risk,Month-to-month Contract; No Tech Support; High Monthly Fee
2675-IJRGJ,Segment 1: Long-Term Committed Loyalists,0.09786522632757999,9.79%,No,Low Risk,Stable Account Profile
7049-GKVZY,Segment 1: Long-Term Committed Loyalists,0.30008653719519773,30.01%,No,Medium Risk,High Monthly Fee
8577-QSOCG,Segment 1: Long-Term Committed Loyalists,0.010901387051200634,1.09%,No,Low Risk,Stable Account Profile
3721-CNZHX,Segment 1: Long-Term Committed Loyalists,0.05212424627439352,5.21%,No,Low Risk,Stable Account Profile
0212-ISBBF,Segment 3: Short-Term High-Charge Users,0.5065905883774412,50.66%,Yes,Medium Risk,Month-to-month Contract; Electronic Check Payment; No Tech Support
9185-TQCVP,Segment 3: Short-Term High-Charge Users,0.8045158014904534,80.45%,Yes,High Risk,Month-to-month Contract; Electronic Check Payment; No Tech Support
3585-YNADK,Segment 1: Long-Term Committed Loyalists,0.11464240729107471,11.46%,No,Low Risk,High Monthly Fee
5271-DBYSJ,Segment 3: Short-Term High-Charge Users,0.6468184169517163,64.68%,Yes,High Risk,Month-to-month Contract; Low Tenure (0-12m); No Tech Support
1099-GODLO,Segment 1: Long-Term Committed Loyalists,0.11226089411043548,11.23%,No,Low Risk,Low Tenure (0-12m)
6828-HMKWP,Segment 1: Long-Term Committed Loyalists,0.04539608563977111,4.54%,No,Low Risk,Low Tenure (0-12m)
5567-WSELE,Segment 3: Short-Term High-Charge Users,0.901235702023211,90.12%,Yes,High Risk,Month-to-month Contract; Low Tenure (0-12m); Electronic Check Payment
1472-TNCWL,Segment 3: Short-Term High-Charge Users,0.6260525799807837,62.61%,Yes,High Risk,Month-to-month Contract; Electronic Check Payment; No Tech Support
8063-RJYNF,Segment 3: Short-Term High-Charge Users,0.8013226909104958,80.13%,Yes,High Risk,Month-to-month Contract; Electronic Check Payment; No Tech Support
0687-ZVTHB,Segment 1: Long-Term Committed Loyalists,0.25429708873137213,25.43%,No,Low Risk,No Tech Support; High Monthly Fee
2080-GKCWQ,Segment 3: Short-Term High-Charge Users,0.8013703401716782,80.14%,Yes,High Risk,Month-to-month Contract; Low Tenure (0-12m); Electronic Check Payment
9661-ACXBS,Segment 3: Short-Term High-Charge Users,0.7026427043597055,70.26%,Yes,High Risk,Month-to-month Contract; Electronic Check Payment; No Tech Support
2193-SFWQW,Segment 1: Long-Term Committed Loyalists,0.050057126698235616,5.01%,No,Low Risk,High Monthly Fee
5656-JAMLX,Segment 1: Long-Term Committed Loyalists,0.02100559708426312,2.1%,No,Low Risk,Stable Account Profile
3462-BJQQA,Segment 3: Short-Term High-Charge Users,0.8831332731488203,88.31%,Yes,High Risk,Month-to-month Contract; Low Tenure (0-12m); Electronic Check Payment
0442-TDYUO,Segment 1: Long-Term Committed Loyalists,0.010913031391292795,1.09%,No,Low Risk,Stable Account Profile
6733-LRIZX,Segment 1: Long-Term Committed Loyalists,0.3533419978067288,35.33%,No,Medium Risk,Electronic Check Payment; High Monthly Fee
9503-XJUME,Segment 1: Long-Term Committed Loyalists,0.044891035611362505,4.49%,No,Low Risk,Stable Account Profile
4367-NHWMM,Segment 3: Short-Term High-Charge Users,0.7477522570711508,74.78%,Yes,High Risk,Month-to-month Contract; Low Tenure (0-12m); No Tech Support
3727-RJMEO,Segment 3: Short-Term High-Charge Users,0.8814683330084043,88.15%,Yes,High Risk,Month-to-month Contract; Low Tenure (0-12m); Electronic Check Payment
3779-OSWCF,Segment 1: Long-Term Committed Loyalists,0.017457291905538127,1.75%,No,Low Risk,High Monthly Fee
6736-DHUQI,Segment 1: Long-Term Committed Loyalists,0.18750421030844086,18.75%,No,Low Risk,No Tech Support; High Monthly Fee
3915-ODIYG,Segment 1: Long-Term Committed Loyalists,0.15608063198511493,15.61%,No,Low Risk,Electronic Check Payment; No Tech Support; High Monthly Fee
1360-RCYRT,Segment 3: Short-Term High-Charge Users,0.38265489279638115,38.27%,No,Medium Risk,Month-to-month Contract
2724-FJDYW,Segment 1: Long-Term Committed Loyalists,0.2254524818714603,22.55%,No,Low Risk,Stable Account Profile
4451-RWASJ,Segment 1: Long-Term Committed Loyalists,0.07104019968911884,7.1%,No,Low Risk,Stable Account Profile
6646-VRFOL,Segment 3: Short-Term High-Charge Users,0.7247649353745164,72.48%,Yes,High Risk,Month-to-month Contract; Electronic Check Payment; No Tech Support
3460-TJBWI,Segment 1: Long-Term Committed Loyalists,0.01881133154807442,1.88%,No,Low Risk,Stable Account Profile
5917-HBSDW,Segment 3: Short-Term High-Charge Users,0.119776675818974,11.98%,No,Low Risk,Month-to-month Contract; Electronic Check Payment
5685-IIXLY,Segment 3: Short-Term High-Charge Users,0.8547840333951836,85.48%,Yes,High Risk,Month-to-month Contract; Low Tenure (0-12m); Electronic Check Payment
5671-UUNXD,Segment 1: Long-Term Committed Loyalists,0.4960125934753933,49.6%,No,Medium Risk,Electronic Check Payment; High Monthly Fee
0956-ACVZC,Segment 1: Long-Term Committed Loyalists,0.36871742195399465,36.87%,No,Medium Risk,No Tech Support; High Monthly Fee
2325-NBPZG,Segment 3: Short-Term High-Charge Users,0.7621040996618438,76.21%,Yes,High Risk,Month-to-month Contract; Low Tenure (0-12m); Electronic Check Payment
4250-ZBWLV,Segment 1: Long-Term Committed Loyalists,0.5430494728099987,54.3%,Yes,Medium Risk,Electronic Check Payment; High Monthly Fee
4482-FTFFX,Segment 3: Short-Term High-Charge Users,0.5399160468395543,53.99%,Yes,Medium Risk,Month-to-month Contract; Low Tenure (0-12m); Electronic Check Payment
8859-DZTGQ,Segment 1: Long-Term Committed Loyalists,0.014959391037825474,1.5%,No,Low Risk,Stable Account Profile
0440-MOGPM,Segment 1: Long-Term Committed Loyalists,0.27353204276859083,27.35%,No,Low Risk,Electronic Check Payment; No Tech Support; High Monthly Fee
0020-JDNXP,Segment 1: Long-Term Committed Loyalists,0.12377251846736956,12.38%,No,Low Risk,Stable Account Profile
3752-CQSJI,Segment 3: Short-Term High-Charge Users,0.15704569472619215,15.7%,No,Low Risk,Month-to-month Contract
5025-GOOKI,Segment 3: Short-Term High-Charge Users,0.20352366125193322,20.35%,No,Low Risk,Month-to-month Contract
4698-KVLLG,Segment 1: Long-Term Committed Loyalists,0.03609159776867785,3.61%,No,Low Risk,Stable Account Profile
5095-AESKG,Segment 3: Short-Term High-Charge Users,0.8901955313700932,89.02%,Yes,High Risk,Month-to-month Contract; Low Tenure (0-12m); No Tech Support
2887-JPYLU,Segment 3: Short-Term High-Charge Users,0.2700114911685562,27.0%,No,Low Risk,Month-to-month Contract; No Tech Support
4770-QAZXN,Segment 3: Short-Term High-Charge Users,0.20529523712049036,20.53%,No,Low Risk,Month-to-month Contract
4896-CPRPF,Segment 1: Long-Term Committed Loyalists,0.02206574952473035,2.21%,No,Low Risk,Stable Account Profile
1871-MOWRM,Segment 3: Short-Term High-Charge Users,0.6290427916363477,62.9%,Yes,High Risk,Month-to-month Contract; Low Tenure (0-12m); High Monthly Fee
9714-EDSUC,Segment 3: Short-Term High-Charge Users,0.7032843655265634,70.33%,Yes,High Risk,Month-to-month Contract; Low Tenure (0-12m); High Monthly Fee
2027-OAQQC,Segment 3: Short-Term High-Charge Users,0.47569730486283873,47.57%,No,Medium Risk,Month-to-month Contract; No Tech Support
0282-NVSJS,Segment 3: Short-Term High-Charge Users,0.43069057079219153,43.07%,No,Medium Risk,Month-to-month Contract; Low Tenure (0-12m)
9090-SGQXL,Segment 1: Long-Term Committed Loyalists,0.5878027723569873,58.78%,Yes,Medium Risk,Month-to-month Contract; Electronic Check Payment; No Tech Support
6595-YGXIT,Segment 3: Short-Term High-Charge Users,0.7699841635201021,77.0%,Yes,High Risk,Month-to-month Contract; Electronic Check Payment; No Tech Support
7353-YOWFP,Segment 1: Long-Term Committed Loyalists,0.09045048419300901,9.05%,No,Low Risk,Low Tenure (0-12m)
9835-ZIITK,Segment 1: Long-Term Committed Loyalists,0.4925659159855433,49.26%,No,Medium Risk,Electronic Check Payment; High Monthly Fee
8008-ESFLK,Segment 1: Long-Term Committed Loyalists,0.44721751552877703,44.72%,No,Medium Risk,Electronic Check Payment; High Monthly Fee
7537-CBQUZ,Segment 1: Long-Term Committed Loyalists,0.30220439508398605,30.22%,No,Medium Risk,Month-to-month Contract; No Tech Support; High Monthly Fee
1555-DJEQW,Segment 1: Long-Term Committed Loyalists,0.26924878819792036,26.92%,No,Low Risk,High Monthly Fee
5649-TJHOV,Segment 3: Short-Term High-Charge Users,0.5431019738436147,54.31%,Yes,Medium Risk,Month-to-month Contract; No Tech Support
0519-XUZJU,Segment 3: Short-Term High-Charge Users,0.8814296647458438,88.14%,Yes,High Risk,Month-to-month Contract; Low Tenure (0-12m); No Tech Support
3363-EWLGO,Segment 3: Short-Term High-Charge Users,0.2527016908809525,25.27%,No,Low Risk,Month-to-month Contract; Low Tenure (0-12m)
4750-UKWJK,Segment 1: Long-Term Committed Loyalists,0.01965230628973217,1.97%,No,Low Risk,Stable Account Profile
6338-AVWCY,Segment 3: Short-Term High-Charge Users,0.7372675806981895,73.73%,Yes,High Risk,Month-to-month Contract; Low Tenure (0-12m); No Tech Support
1689-YQBYY,Segment 3: Short-Term High-Charge Users,0.7528333713538679,75.28%,Yes,High Risk,Month-to-month Contract; Low Tenure (0-12m); Electronic Check Payment
4487-ZYJZK,Segment 1: Long-Term Committed Loyalists,0.016188584349085263,1.62%,No,Low Risk,Stable Account Profile
2959-FENLU,Segment 3: Short-Term High-Charge Users,0.7973967799063701,79.74%,Yes,High Risk,Month-to-month Contract; Low Tenure (0-12m); No Tech Support
0708-LGSMF,Segment 3: Short-Term High-Charge Users,0.5121320108927161,51.21%,Yes,Medium Risk,Month-to-month Contract; Electronic Check Payment; No Tech Support
9253-QXKBE,Segment 3: Short-Term High-Charge Users,0.7700345544897256,77.0%,Yes,High Risk,Month-to-month Contract; Electronic Check Payment; No Tech Support
7634-HLQJR,Segment 1: Long-Term Committed Loyalists,0.005802058963828309,0.58%,No,Low Risk,Stable Account Profile
0487-RPVUM,Segment 1: Long-Term Committed Loyalists,0.23736786229078605,23.74%,No,Low Risk,Month-to-month Contract; High Monthly Fee
4079-ULGFR,Segment 3: Short-Term High-Charge Users,0.23089326734817017,23.09%,No,Low Risk,Month-to-month Contract
2516-XSJKX,Segment 1: Long-Term Committed Loyalists,0.08925756223878596,8.93%,No,Low Risk,Electronic Check Payment; High Monthly Fee
0057-QBUQH,Segment 1: Long-Term Committed Loyalists,0.04005798293256949,4.01%,No,Low Risk,Electronic Check Payment
9445-SZLCH,Segment 3: Short-Term High-Charge Users,0.6193770277912964,61.94%,Yes,High Risk,Month-to-month Contract; No Tech Support; High Monthly Fee
6599-SFQVE,Segment 3: Short-Term High-Charge Users,0.6130867968405881,61.31%,Yes,High Risk,Month-to-month Contract; Low Tenure (0-12m); Electronic Check Payment
8331-ZXFOE,Segment 1: Long-Term Committed Loyalists,0.10205772234891927,10.21%,No,Low Risk,High Monthly Fee
4003-FUSHP,Segment 3: Short-Term High-Charge Users,0.4514991420518779,45.15%,No,Medium Risk,Month-to-month Contract
0356-ERHVT,Segment 3: Short-Term High-Charge Users,0.46056136433610523,46.06%,No,Medium Risk,Month-to-month Contract; Low Tenure (0-12m); No Tech Support
7325-ENZFI,Segment 1: Long-Term Committed Loyalists,0.09830520715238587,9.83%,No,Low Risk,Stable Account Profile
4884-ZTHVF,Segment 3: Short-Term High-Charge Users,0.8519372359642055,85.19%,Yes,High Risk,Month-to-month Contract; Low Tenure (0-12m); Electronic Check Payment
3920-HIHMQ,Segment 3: Short-Term High-Charge Users,0.23998846685527453,24.0%,No,Low Risk,Month-to-month Contract; No Tech Support
3055-OYMSE,Segment 3: Short-Term High-Charge Users,0.4095055156247425,40.95%,No,Medium Risk,Month-to-month Contract; No Tech Support; High Monthly Fee
0613-WUXUM,Segment 1: Long-Term Committed Loyalists,0.015855108837236793,1.59%,No,Low Risk,Stable Account Profile
7568-PODML,Segment 3: Short-Term High-Charge Users,0.8147533965374012,81.48%,Yes,High Risk,Month-to-month Contract; Low Tenure (0-12m); No Tech Support
4458-KVRBJ,Segment 1: Long-Term Committed Loyalists,0.030148098222476716,3.01%,No,Low Risk,Stable Account Profile
5349-IECLD,Segment 3: Short-Term High-Charge Users,0.8739288321084773,87.39%,Yes,High Risk,Month-to-month Contract; Low Tenure (0-12m); Electronic Check Payment
1397-XKKWR,Segment 1: Long-Term Committed Loyalists,0.2669479708750717,26.69%,No,Low Risk,Low Tenure (0-12m); No Tech Support
3945-GFWQL,Segment 3: Short-Term High-Charge Users,0.6268030394660986,62.68%,Yes,High Risk,Month-to-month Contract; Low Tenure (0-12m); Electronic Check Payment
8097-OMULG,Segment 1: Long-Term Committed Loyalists,0.1484804768837669,14.85%,No,Low Risk,High Monthly Fee
6013-BHCAW,Segment 1: Long-Term Committed Loyalists,0.05468946509875927,5.47%,No,Low Risk,High Monthly Fee
0401-WDBXM,Segment 1: Long-Term Committed Loyalists,0.16856502971812665,16.86%,No,Low Risk,No Tech Support; High Monthly Fee
3387-PLKUI,Segment 3: Short-Term High-Charge Users,0.13450442678598293,13.45%,No,Low Risk,Month-to-month Contract
6096-EGVTU,Segment 1: Long-Term Committed Loyalists,0.05610843277298871,5.61%,No,Low Risk,Stable Account Profile
3797-VTIDR,Segment 3: Short-Term High-Charge Users,0.8166576684876758,81.67%,Yes,High Risk,Month-to-month Contract; Low Tenure (0-12m); Electronic Check Payment
5081-NWSUP,Segment 1: Long-Term Committed Loyalists,0.24798983580265074,24.8%,No,Low Risk,Low Tenure (0-12m)
2580-ATZSQ,Segment 1: Long-Term Committed Loyalists,0.1078097594769981,10.78%,No,Low Risk,No Tech Support
8085-MSNLK,Segment 1: Long-Term Committed Loyalists,0.2176283789960387,21.76%,No,Low Risk,High Monthly Fee
9691-HKOVS,Segment 1: Long-Term Committed Loyalists,0.18760784924283744,18.76%,No,Low Risk,Electronic Check Payment; High Monthly Fee
9881-VCZEP,Segment 3: Short-Term High-Charge Users,0.28700297874224356,28.7%,No,Low Risk,Month-to-month Contract; Electronic Check Payment; No Tech Support
9526-BIHHD,Segment 3: Short-Term High-Charge Users,0.7151489341854576,71.51%,Yes,High Risk,Month-to-month Contract; Low Tenure (0-12m); No Tech Support
8757-TFHHJ,Segment 3: Short-Term High-Charge Users,0.7235509596655334,72.36%,Yes,High Risk,Month-to-month Contract; Low Tenure (0-12m); No Tech Support
4523-WXCEF,Segment 3: Short-Term High-Charge Users,0.6479159574808308,64.79%,Yes,High Risk,Month-to-month Contract; Electronic Check Payment; No Tech Support
1468-DEFNC,Segment 1: Long-Term Committed Loyalists,0.010311419851680458,1.03%,No,Low Risk,Stable Account Profile
5119-KEPFY,Segment 3: Short-Term High-Charge Users,0.6632784032890123,66.33%,Yes,High Risk,Month-to-month Contract; No Tech Support; High Monthly Fee
8364-TRMMK,Segment 3: Short-Term High-Charge Users,0.7410482528982149,74.1%,Yes,High Risk,Month-to-month Contract; Low Tenure (0-12m); No Tech Support
0916-KNFAJ,Segment 1: Long-Term Committed Loyalists,0.052223249793860574,5.22%,No,Low Risk,No Tech Support
8319-QBEHW,Segment 1: Long-Term Committed Loyalists,0.25234534762113026,25.23%,No,Low Risk,No Tech Support
3063-QFSZL,Segment 3: Short-Term High-Charge Users,0.7830170683625076,78.3%,Yes,High Risk,Month-to-month Contract; Low Tenure (0-12m); Electronic Check Payment
8775-LHDJH,Segment 3: Short-Term High-Charge Users,0.9299783592905874,93.0%,Yes,High Risk,Month-to-month Contract; Low Tenure (0-12m); Electronic Check Payment
9625-QNLUX,Segment 1: Long-Term Committed Loyalists,0.19983003675031477,19.98%,No,Low Risk,No Tech Support; High Monthly Fee
3097-NQYSN,Segment 3: Short-Term High-Charge Users,0.8875083414740078,88.75%,Yes,High Risk,Month-to-month Contract; Low Tenure (0-12m); No Tech Support
4024-CSNBY,Segment 1: Long-Term Committed Loyalists,0.0855101417792196,8.55%,No,Low Risk,High Monthly Fee
7110-BDTWG,Segment 1: Long-Term Committed Loyalists,0.26523993517639843,26.52%,No,Low Risk,Electronic Check Payment
7493-GVFIO,Segment 1: Long-Term Committed Loyalists,0.019206487779246943,1.92%,No,Low Risk,Stable Account Profile
0690-SRQID,Segment 3: Short-Term High-Charge Users,0.17801350242112746,17.8%,No,Low Risk,Month-to-month Contract; Low Tenure (0-12m)
9605-WGJVW,Segment 3: Short-Term High-Charge Users,0.9097129936555161,90.97%,Yes,High Risk,Month-to-month Contract; Low Tenure (0-12m); Electronic Check Payment
9114-DPSIA,Segment 1: Long-Term Committed Loyalists,0.036662260878620026,3.67%,No,Low Risk,High Monthly Fee
4700-UBQMV,Segment 1: Long-Term Committed Loyalists,0.29257332936288205,29.26%,No,Low Risk,No Tech Support; High Monthly Fee
7711-GQBZC,Segment 1: Long-Term Committed Loyalists,0.007098855554631064,0.71%,No,Low Risk,Stable Account Profile
3565-UNOCC,Segment 3: Short-Term High-Charge Users,0.7474578871446163,74.75%,Yes,High Risk,Month-to-month Contract; No Tech Support; High Monthly Fee
4627-MIHJH,Segment 1: Long-Term Committed Loyalists,0.24915399048986567,24.92%,No,Low Risk,High Monthly Fee
9795-NREXC,Segment 1: Long-Term Committed Loyalists,0.044753032782996395,4.48%,No,Low Risk,High Monthly Fee
8573-CGOCC,Segment 3: Short-Term High-Charge Users,0.28073152597140855,28.07%,No,Low Risk,Month-to-month Contract
7356-AYNJP,Segment 3: Short-Term High-Charge Users,0.1746233747318131,17.46%,No,Low Risk,Low Tenure (0-12m); Electronic Check Payment
9249-FXSCK,Segment 1: Long-Term Committed Loyalists,0.4980820077406281,49.81%,No,Medium Risk,High Monthly Fee
5493-SDRDQ,Segment 3: Short-Term High-Charge Users,0.7160695344011327,71.61%,Yes,High Risk,Month-to-month Contract; Low Tenure (0-12m); No Tech Support
6286-SUUWT,Segment 3: Short-Term High-Charge Users,0.686106878696705,68.61%,Yes,High Risk,Month-to-month Contract; Low Tenure (0-12m)
4819-HJPIW,Segment 3: Short-Term High-Charge Users,0.3559932150306533,35.6%,No,Medium Risk,Month-to-month Contract; No Tech Support
8654-DHAOW,Segment 3: Short-Term High-Charge Users,0.6929311204088131,69.29%,Yes,High Risk,Month-to-month Contract; Low Tenure (0-12m); No Tech Support
5438-QMDDL,Segment 3: Short-Term High-Charge Users,0.39373704271935545,39.37%,No,Medium Risk,Month-to-month Contract; No Tech Support
9812-GHVRI,Segment 3: Short-Term High-Charge Users,0.5818671278143862,58.19%,Yes,Medium Risk,Month-to-month Contract; No Tech Support; High Monthly Fee
5553-AOINX,Segment 1: Long-Term Committed Loyalists,0.4858414786439579,48.58%,No,Medium Risk,Electronic Check Payment; No Tech Support; High Monthly Fee
1228-ZLNBX,Segment 3: Short-Term High-Charge Users,0.5284204407352047,52.84%,Yes,Medium Risk,Month-to-month Contract; No Tech Support; High Monthly Fee
4226-KKDON,Segment 3: Short-Term High-Charge Users,0.4826467218817832,48.26%,No,Medium Risk,Month-to-month Contract; Low Tenure (0-12m); Electronic Check Payment
3831-YCPUO,Segment 1: Long-Term Committed Loyalists,0.0765060407670504,7.65%,No,Low Risk,High Monthly Fee
7445-WMRBW,Segment 1: Long-Term Committed Loyalists,0.16543614040712326,16.54%,No,Low Risk,High Monthly Fee
3308-DGHKL,Segment 1: Long-Term Committed Loyalists,0.023265922282259474,2.33%,No,Low Risk,Stable Account Profile
9924-JPRMC,Segment 1: Long-Term Committed Loyalists,0.10478219748133936,10.48%,No,Low Risk,Electronic Check Payment; High Monthly Fee
0080-EMYVY,Segment 1: Long-Term Committed Loyalists,0.23573478263425196,23.57%,No,Low Risk,No Tech Support
6218-KNUBD,Segment 3: Short-Term High-Charge Users,0.5107618416810927,51.08%,Yes,Medium Risk,Month-to-month Contract; Low Tenure (0-12m); Electronic Check Payment
7337-CINUD,Segment 1: Long-Term Committed Loyalists,0.05462008899657272,5.46%,No,Low Risk,Low Tenure (0-12m)
7609-NRNCA,Segment 1: Long-Term Committed Loyalists,0.05944591870028154,5.94%,No,Low Risk,Stable Account Profile
0623-EJQEG,Segment 1: Long-Term Committed Loyalists,0.1805827858880013,18.06%,No,Low Risk,Electronic Check Payment; High Monthly Fee
7153-CHRBV,Segment 1: Long-Term Committed Loyalists,0.08092982288687497,8.09%,No,Low Risk,Stable Account Profile
0871-URUWO,Segment 3: Short-Term High-Charge Users,0.819876213138928,81.99%,Yes,High Risk,Month-to-month Contract; No Tech Support; High Monthly Fee
9190-MFJLN,Segment 3: Short-Term High-Charge Users,0.7337919074419896,73.38%,Yes,High Risk,Month-to-month Contract; No Tech Support; High Monthly Fee
6198-PNNSZ,Segment 1: Long-Term Committed Loyalists,0.42604738922249374,42.6%,No,Medium Risk,No Tech Support; High Monthly Fee
3317-VLGQT,Segment 3: Short-Term High-Charge Users,0.7468857945518916,74.69%,Yes,High Risk,Month-to-month Contract; Electronic Check Payment; No Tech Support
4132-POCZS,Segment 3: Short-Term High-Charge Users,0.34831289334599397,34.83%,No,Medium Risk,Month-to-month Contract; Electronic Check Payment; No Tech Support
5614-DNZCE,Segment 1: Long-Term Committed Loyalists,0.04948617766042038,4.95%,No,Low Risk,Stable Account Profile
1095-JUDTC,Segment 3: Short-Term High-Charge Users,0.6719869071183241,67.2%,Yes,High Risk,Month-to-month Contract; Electronic Check Payment; High Monthly Fee
3896-RCYYE,Segment 3: Short-Term High-Charge Users,0.27406547002244663,27.41%,No,Low Risk,Month-to-month Contract
9638-JIQYA,Segment 3: Short-Term High-Charge Users,0.746293374077466,74.63%,Yes,High Risk,Month-to-month Contract; Low Tenure (0-12m); No Tech Support
3258-SANFR,Segment 3: Short-Term High-Charge Users,0.5226870155246934,52.27%,Yes,Medium Risk,Month-to-month Contract; Low Tenure (0-12m); No Tech Support
3726-TBHQT,Segment 1: Long-Term Committed Loyalists,0.06416048046354646,6.42%,No,Low Risk,High Monthly Fee
3190-ITQXP,Segment 1: Long-Term Committed Loyalists,0.008421891362497273,0.84%,No,Low Risk,Stable Account Profile
0870-VEMYL,Segment 3: Short-Term High-Charge Users,0.47202492744209984,47.2%,No,Medium Risk,Month-to-month Contract; Low Tenure (0-12m)
4833-QTJNO,Segment 1: Long-Term Committed Loyalists,0.23682011084301435,23.68%,No,Low Risk,Month-to-month Contract; No Tech Support; High Monthly Fee
3039-MJSLN,Segment 3: Short-Term High-Charge Users,0.1913229003644959,19.13%,No,Low Risk,Month-to-month Contract; Low Tenure (0-12m)
0178-CIIKR,Segment 3: Short-Term High-Charge Users,0.2555914823157802,25.56%,No,Low Risk,Month-to-month Contract; Low Tenure (0-12m)
5385-SUIRI,Segment 3: Short-Term High-Charge Users,0.7000387079349502,70.0%,Yes,High Risk,Month-to-month Contract; Electronic Check Payment; No Tech Support
3982-XWFZQ,Segment 3: Short-Term High-Charge Users,0.29463571509067216,29.46%,No,Low Risk,Month-to-month Contract; Electronic Check Payment; No Tech Support
5774-QPLTF,Segment 1: Long-Term Committed Loyalists,0.05192260381827835,5.19%,No,Low Risk,Stable Account Profile
2322-VCZHZ,Segment 3: Short-Term High-Charge Users,0.6526501909070297,65.27%,Yes,High Risk,Month-to-month Contract; Electronic Check Payment; No Tech Support
5010-IPEAQ,Segment 1: Long-Term Committed Loyalists,0.03771498446594477,3.77%,No,Low Risk,Stable Account Profile
4009-ALQFH,Segment 3: Short-Term High-Charge Users,0.7716987511696521,77.17%,Yes,High Risk,Month-to-month Contract; Electronic Check Payment; No Tech Support
6383-ZTSIW,Segment 1: Long-Term Committed Loyalists,0.34932413052227795,34.93%,No,Medium Risk,No Tech Support; High Monthly Fee
8990-YOZLV,Segment 1: Long-Term Committed Loyalists,0.047529312424099045,4.75%,No,Low Risk,Stable Account Profile
3069-SSVSN,Segment 1: Long-Term Committed Loyalists,0.5026051029547858,50.26%,Yes,Medium Risk,Low Tenure (0-12m); No Tech Support
5222-IMUKT,Segment 3: Short-Term High-Charge Users,0.6147243174512607,61.47%,Yes,High Risk,Month-to-month Contract; Electronic Check Payment; No Tech Support
3627-FCRDW,Segment 3: Short-Term High-Charge Users,0.725195468427664,72.52%,Yes,High Risk,Month-to-month Contract; Low Tenure (0-12m); Electronic Check Payment
7562-GSUHK,Segment 3: Short-Term High-Charge Users,0.6964739787033619,69.65%,Yes,High Risk,Month-to-month Contract; No Tech Support; High Monthly Fee
6685-XSHHU,Segment 1: Long-Term Committed Loyalists,0.01400974689448872,1.4%,No,Low Risk,Stable Account Profile
8901-UPRHR,Segment 1: Long-Term Committed Loyalists,0.22548469712613092,22.55%,No,Low Risk,High Monthly Fee
4903-UYAVB,Segment 3: Short-Term High-Charge Users,0.37075482434399587,37.08%,No,Medium Risk,Month-to-month Contract; Low Tenure (0-12m)
0118-JPNOY,Segment 3: Short-Term High-Charge Users,0.6160857918449831,61.61%,Yes,High Risk,Month-to-month Contract; No Tech Support; High Monthly Fee
6776-TLWOI,Segment 3: Short-Term High-Charge Users,0.2874850316935919,28.75%,No,Low Risk,Month-to-month Contract; Low Tenure (0-12m)
3845-FXCYS,Segment 3: Short-Term High-Charge Users,0.3762327034425843,37.62%,No,Medium Risk,Month-to-month Contract; Low Tenure (0-12m); Electronic Check Payment
5857-XRECV,Segment 1: Long-Term Committed Loyalists,0.09697071200092477,9.7%,No,Low Risk,Low Tenure (0-12m)
0725-CXOTM,Segment 1: Long-Term Committed Loyalists,0.2739463864414185,27.39%,No,Low Risk,High Monthly Fee
4343-EJVQB,Segment 3: Short-Term High-Charge Users,0.6499595479354766,65.0%,Yes,High Risk,Month-to-month Contract; Low Tenure (0-12m); No Tech Support
9000-PLFUZ,Segment 1: Long-Term Committed Loyalists,0.1532422915518234,15.32%,No,Low Risk,No Tech Support
3427-GGZZI,Segment 3: Short-Term High-Charge Users,0.7631063342042046,76.31%,Yes,High Risk,Month-to-month Contract; Electronic Check Payment; No Tech Support
7779-ORAEL,Segment 1: Long-Term Committed Loyalists,0.09079262533531135,9.08%,No,Low Risk,High Monthly Fee
0644-OQMDK,Segment 3: Short-Term High-Charge Users,0.8100913458890746,81.01%,Yes,High Risk,Month-to-month Contract; Low Tenure (0-12m); Electronic Check Payment
4077-CROMM,Segment 3: Short-Term High-Charge Users,0.7405816685881383,74.06%,Yes,High Risk,Month-to-month Contract; Electronic Check Payment; High Monthly Fee
3154-CFSZG,Segment 3: Short-Term High-Charge Users,0.49965175881062557,49.97%,No,Medium Risk,Month-to-month Contract; Electronic Check Payment; No Tech Support
2868-MZAGQ,Segment 3: Short-Term High-Charge Users,0.9293760627463253,92.94%,Yes,High Risk,Month-to-month Contract; Low Tenure (0-12m); Electronic Check Payment
4847-QNOKA,Segment 3: Short-Term High-Charge Users,0.7616549849095356,76.17%,Yes,High Risk,Month-to-month Contract; Low Tenure (0-12m); No Tech Support
2220-IAHLS,Segment 3: Short-Term High-Charge Users,0.32513982392148044,32.51%,No,Medium Risk,Month-to-month Contract; Low Tenure (0-12m)
1658-XUHBX,Segment 1: Long-Term Committed Loyalists,0.31495619178975787,31.5%,No,Medium Risk,Month-to-month Contract; No Tech Support; High Monthly Fee
6379-RXJRQ,Segment 3: Short-Term High-Charge Users,0.7645377154340255,76.45%,Yes,High Risk,Month-to-month Contract; Low Tenure (0-12m); Electronic Check Payment
2378-HTWFW,Segment 3: Short-Term High-Charge Users,0.540446728133117,54.04%,Yes,Medium Risk,Month-to-month Contract; No Tech Support; High Monthly Fee
8650-RHRKE,Segment 3: Short-Term High-Charge Users,0.6963523412600371,69.64%,Yes,High Risk,Month-to-month Contract; Low Tenure (0-12m); Electronic Check Payment
4377-VDHYI,Segment 3: Short-Term High-Charge Users,0.5091384436088926,50.91%,Yes,Medium Risk,Electronic Check Payment; No Tech Support; High Monthly Fee
0475-RIJEP,Segment 3: Short-Term High-Charge Users,0.6379307498734165,63.79%,Yes,High Risk,Month-to-month Contract; Electronic Check Payment; No Tech Support
1260-TTRXI,Segment 3: Short-Term High-Charge Users,0.7470706348818875,74.71%,Yes,High Risk,Month-to-month Contract; Low Tenure (0-12m); Electronic Check Payment
3719-TDVQB,Segment 1: Long-Term Committed Loyalists,0.043870717407205335,4.39%,No,Low Risk,Stable Account Profile
6328-ZPBGN,Segment 3: Short-Term High-Charge Users,0.8826512158918295,88.27%,Yes,High Risk,Month-to-month Contract; Low Tenure (0-12m); No Tech Support
0201-MIBOL,Segment 1: Long-Term Committed Loyalists,0.22980571618418025,22.98%,No,Low Risk,No Tech Support; High Monthly Fee
4937-QPZPO,Segment 1: Long-Term Committed Loyalists,0.5356123476573399,53.56%,Yes,Medium Risk,Electronic Check Payment; No Tech Support; High Monthly Fee
2925-VDZHY,Segment 1: Long-Term Committed Loyalists,0.015184586379784853,1.52%,No,Low Risk,High Monthly Fee
6981-TDRFT,Segment 1: Long-Term Committed Loyalists,0.2685782877709755,26.86%,No,Low Risk,Electronic Check Payment
3413-CSSTH,Segment 3: Short-Term High-Charge Users,0.2715548241108283,27.16%,No,Low Risk,Month-to-month Contract; No Tech Support
8033-VCZGH,Segment 1: Long-Term Committed Loyalists,0.5377623682420617,53.78%,Yes,Medium Risk,Electronic Check Payment; No Tech Support; High Monthly Fee
4789-KWMXN,Segment 1: Long-Term Committed Loyalists,0.5239461566985664,52.39%,Yes,Medium Risk,High Monthly Fee
0224-NIJLP,Segment 1: Long-Term Committed Loyalists,0.02941736982582981,2.94%,No,Low Risk,Low Tenure (0-12m)
7542-CYDDM,Segment 3: Short-Term High-Charge Users,0.15789703337306202,15.79%,No,Low Risk,Month-to-month Contract
4718-WXBGI,Segment 1: Long-Term Committed Loyalists,0.015028944909070004,1.5%,No,Low Risk,High Monthly Fee
2867-UIMSS,Segment 3: Short-Term High-Charge Users,0.916270105326379,91.63%,Yes,High Risk,Month-to-month Contract; Low Tenure (0-12m); Electronic Check Payment
8495-PRWFH,Segment 3: Short-Term High-Charge Users,0.33924371005682374,33.92%,No,Medium Risk,Month-to-month Contract; Electronic Check Payment; No Tech Support
0439-IFYUN,Segment 3: Short-Term High-Charge Users,0.6865877310011617,68.66%,Yes,High Risk,Month-to-month Contract; Electronic Check Payment; No Tech Support
5716-LIBJC,Segment 3: Short-Term High-Charge Users,0.6555898776006335,65.56%,Yes,High Risk,No Tech Support; High Monthly Fee
2868-LLSKM,Segment 1: Long-Term Committed Loyalists,0.22130217032529834,22.13%,No,Low Risk,High Monthly Fee
8111-RKSPX,Segment 3: Short-Term High-Charge Users,0.8439398523785092,84.39%,Yes,High Risk,Month-to-month Contract; Low Tenure (0-12m); No Tech Support
2988-QRAJY,Segment 1: Long-Term Committed Loyalists,0.2485923191390678,24.86%,No,Low Risk,No Tech Support; High Monthly Fee
1585-MQSSU,Segment 3: Short-Term High-Charge Users,0.4049504126964528,40.5%,No,Medium Risk,Month-to-month Contract
0071-NDAFP,Segment 1: Long-Term Committed Loyalists,0.1110947042782436,11.11%,No,Low Risk,Stable Account Profile
2856-NNASM,Segment 3: Short-Term High-Charge Users,0.6457954201144817,64.58%,Yes,High Risk,Month-to-month Contract; No Tech Support; High Monthly Fee
7328-ZJAJO,Segment 1: Long-Term Committed Loyalists,0.015711517411321558,1.57%,No,Low Risk,Stable Account Profile
6458-CYIDZ,Segment 3: Short-Term High-Charge Users,0.6734555924109684,67.35%,Yes,High Risk,Month-to-month Contract; Low Tenure (0-12m); Electronic Check Payment
8559-CIZFV,Segment 1: Long-Term Committed Loyalists,0.4302559122085383,43.03%,No,Medium Risk,High Monthly Fee
1090-PYKCI,Segment 1: Long-Term Committed Loyalists,0.18748822475009902,18.75%,No,Low Risk,High Monthly Fee
3058-WQDRE,Segment 3: Short-Term High-Charge Users,0.46360216500950874,46.36%,No,Medium Risk,Month-to-month Contract; No Tech Support
7547-EKNFS,Segment 3: Short-Term High-Charge Users,0.614324331022159,61.43%,Yes,High Risk,Month-to-month Contract; No Tech Support; High Monthly Fee
2279-AXJJK,Segment 1: Long-Term Committed Loyalists,0.400748215953548,40.07%,No,Medium Risk,Month-to-month Contract; High Monthly Fee
6769-DYBQN,Segment 3: Short-Term High-Charge Users,0.5895621623650882,58.96%,Yes,Medium Risk,Month-to-month Contract; Electronic Check Payment; No Tech Support
0909-SELIE,Segment 1: Long-Term Committed Loyalists,0.056191672990271245,5.62%,No,Low Risk,High Monthly Fee
3417-TSCIC,Segment 1: Long-Term Committed Loyalists,0.2676708798228827,26.77%,No,Low Risk,No Tech Support
1042-HFUCW,Segment 1: Long-Term Committed Loyalists,0.2242610070481147,22.43%,No,Low Risk,Stable Account Profile
4439-JMPMT,Segment 3: Short-Term High-Charge Users,0.8488171437726328,84.88%,Yes,High Risk,Month-to-month Contract; Low Tenure (0-12m); Electronic Check Payment
6537-OTKMY,Segment 3: Short-Term High-Charge Users,0.5033842058581527,50.34%,Yes,Medium Risk,Electronic Check Payment; No Tech Support
8999-EXMNO,Segment 1: Long-Term Committed Loyalists,0.015423083378983708,1.54%,No,Low Risk,Stable Account Profile
6725-TPKJO,Segment 1: Long-Term Committed Loyalists,0.010094718901686882,1.01%,No,Low Risk,Stable Account Profile
2446-BEGGB,Segment 3: Short-Term High-Charge Users,0.9088272670865721,90.88%,Yes,High Risk,Month-to-month Contract; Low Tenure (0-12m); Electronic Check Payment
7162-WPHPM,Segment 1: Long-Term Committed Loyalists,0.04259500778306627,4.26%,No,Low Risk,High Monthly Fee
1599-MMYRQ,Segment 1: Long-Term Committed Loyalists,0.18325321311202508,18.33%,No,Low Risk,No Tech Support; High Monthly Fee
8821-KVZKQ,Segment 1: Long-Term Committed Loyalists,0.1463090117412386,14.63%,No,Low Risk,Stable Account Profile
1496-GGSUK,Segment 3: Short-Term High-Charge Users,0.8195275018285126,81.95%,Yes,High Risk,Month-to-month Contract; Low Tenure (0-12m); No Tech Support
6434-TTGJP,Segment 1: Long-Term Committed Loyalists,0.08856313239355733,8.86%,No,Low Risk,Low Tenure (0-12m)
0042-JVWOJ,Segment 1: Long-Term Committed Loyalists,0.027187704947767503,2.72%,No,Low Risk,Stable Account Profile
0130-SXOUN,Segment 1: Long-Term Committed Loyalists,0.320174183771981,32.02%,No,Medium Risk,Month-to-month Contract; No Tech Support; High Monthly Fee
2575-GFSOE,Segment 3: Short-Term High-Charge Users,0.7483284621309222,74.83%,Yes,High Risk,Month-to-month Contract; Low Tenure (0-12m); Electronic Check Payment
2330-PQGDQ,Segment 1: Long-Term Committed Loyalists,0.2021239063019756,20.21%,No,Low Risk,High Monthly Fee
1452-UZOSF,Segment 1: Long-Term Committed Loyalists,0.10805348797150094,10.81%,No,Low Risk,High Monthly Fee
2097-YVPKN,Segment 1: Long-Term Committed Loyalists,0.015074121983091826,1.51%,No,Low Risk,Stable Account Profile
2842-JTCCU,Segment 3: Short-Term High-Charge Users,0.7472920277895266,74.73%,Yes,High Risk,Month-to-month Contract; Low Tenure (0-12m); No Tech Support
8597-CTXVJ,Segment 1: Long-Term Committed Loyalists,0.08572643391889692,8.57%,No,Low Risk,Stable Account Profile
6631-HMANX,Segment 1: Long-Term Committed Loyalists,0.04795834816508504,4.8%,No,Low Risk,High Monthly Fee
9962-BFPDU,Segment 3: Short-Term High-Charge Users,0.6551219498503293,65.51%,Yes,High Risk,Month-to-month Contract; Low Tenure (0-12m)
3296-SILRA,Segment 3: Short-Term High-Charge Users,0.9027260086938539,90.27%,Yes,High Risk,Month-to-month Contract; Low Tenure (0-12m); No Tech Support
9681-OXGVC,Segment 3: Short-Term High-Charge Users,0.9067942234373584,90.68%,Yes,High Risk,Month-to-month Contract; Low Tenure (0-12m); Electronic Check Payment
6394-HHHZM,Segment 3: Short-Term High-Charge Users,0.22745505465003685,22.75%,No,Low Risk,Month-to-month Contract; Low Tenure (0-12m)
5995-LFTLE,Segment 1: Long-Term Committed Loyalists,0.05703812064140127,5.7%,No,Low Risk,Stable Account Profile
5180-UCIIQ,Segment 3: Short-Term High-Charge Users,0.5369617520712543,53.7%,Yes,Medium Risk,Month-to-month Contract; No Tech Support
1932-UEDCX,Segment 3: Short-Term High-Charge Users,0.6607155742978447,66.07%,Yes,High Risk,Month-to-month Contract; No Tech Support; High Monthly Fee
7153-OANIO,Segment 3: Short-Term High-Charge Users,0.9084632307533417,90.85%,Yes,High Risk,Month-to-month Contract; Low Tenure (0-12m); Electronic Check Payment
5188-HGMLP,Segment 3: Short-Term High-Charge Users,0.36368412954922685,36.37%,No,Medium Risk,Month-to-month Contract; No Tech Support; High Monthly Fee
0665-XHDJU,Segment 1: Long-Term Committed Loyalists,0.27504090958233984,27.5%,No,Low Risk,Electronic Check Payment; No Tech Support; High Monthly Fee
6521-YYTYI,Segment 3: Short-Term High-Charge Users,0.9232081500162277,92.32%,Yes,High Risk,Month-to-month Contract; Low Tenure (0-12m); Electronic Check Payment
8878-HMWBV,Segment 3: Short-Term High-Charge Users,0.7723434752984406,77.23%,Yes,High Risk,Month-to-month Contract; Low Tenure (0-12m); Electronic Check Payment
8265-HKSOW,Segment 1: Long-Term Committed Loyalists,0.08313765690269054,8.31%,No,Low Risk,High Monthly Fee
3544-FBCAS,Segment 1: Long-Term Committed Loyalists,0.05908921418949219,5.91%,No,Low Risk,No Tech Support; High Monthly Fee
5331-RGMTT,Segment 1: Long-Term Committed Loyalists,0.5594544876559627,55.95%,Yes,Medium Risk,Month-to-month Contract; No Tech Support; High Monthly Fee
4759-PXTAN,Segment 1: Long-Term Committed Loyalists,0.18740711748315217,18.74%,No,Low Risk,Electronic Check Payment; High Monthly Fee
7054-DMVAS,Segment 1: Long-Term Committed Loyalists,0.06024089433732717,6.02%,No,Low Risk,No Tech Support
3428-MMGUB,Segment 1: Long-Term Committed Loyalists,0.2242155668314418,22.42%,No,Low Risk,Electronic Check Payment; No Tech Support; High Monthly Fee
6549-BTYPG,Segment 1: Long-Term Committed Loyalists,0.04608138786866551,4.61%,No,Low Risk,Stable Account Profile
7823-JSOAG,Segment 3: Short-Term High-Charge Users,0.8290650431553729,82.91%,Yes,High Risk,Month-to-month Contract; Low Tenure (0-12m); Electronic Check Payment
3705-RHRFR,Segment 1: Long-Term Committed Loyalists,0.15628934522131382,15.63%,No,Low Risk,No Tech Support; High Monthly Fee
9374-YOLBJ,Segment 3: Short-Term High-Charge Users,0.5179278292312284,51.79%,Yes,Medium Risk,Month-to-month Contract; Low Tenure (0-12m); Electronic Check Payment
9074-KGVOX,Segment 3: Short-Term High-Charge Users,0.27356969633282074,27.36%,No,Low Risk,Month-to-month Contract; No Tech Support
6128-DAFVY,Segment 3: Short-Term High-Charge Users,0.3942152170147362,39.42%,No,Medium Risk,Month-to-month Contract; No Tech Support
9933-QRGTX,Segment 1: Long-Term Committed Loyalists,0.15090728887770563,15.09%,No,Low Risk,Electronic Check Payment; High Monthly Fee
4476-OSWTN,Segment 1: Long-Term Committed Loyalists,0.30554073746740185,30.55%,No,Medium Risk,High Monthly Fee
3751-KTZEL,Segment 3: Short-Term High-Charge Users,0.7632066602863209,76.32%,Yes,High Risk,Month-to-month Contract; Low Tenure (0-12m); No Tech Support
1977-STDKI,Segment 3: Short-Term High-Charge Users,0.9087529796157793,90.88%,Yes,High Risk,Month-to-month Contract; Low Tenure (0-12m); Electronic Check Payment
5066-GFJMM,Segment 3: Short-Term High-Charge Users,0.25578162398557514,25.58%,No,Low Risk,Month-to-month Contract; Low Tenure (0-12m)
2661-GKBTK,Segment 1: Long-Term Committed Loyalists,0.049090462898746925,4.91%,No,Low Risk,High Monthly Fee
0458-HEUZG,Segment 1: Long-Term Committed Loyalists,0.11202793217092069,11.2%,No,Low Risk,Stable Account Profile
7268-WNTCP,Segment 1: Long-Term Committed Loyalists,0.009681810701958416,0.97%,No,Low Risk,Stable Account Profile
0824-VWDPO,Segment 1: Long-Term Committed Loyalists,0.2495632580295531,24.96%,No,Low Risk,No Tech Support; High Monthly Fee
8409-WQJUX,Segment 1: Long-Term Committed Loyalists,0.23688180872040931,23.69%,No,Low Risk,Electronic Check Payment
2578-JQPHZ,Segment 1: Long-Term Committed Loyalists,0.21087601603195902,21.09%,No,Low Risk,High Monthly Fee
3278-FSIXX,Segment 3: Short-Term High-Charge Users,0.759574360241279,75.96%,Yes,High Risk,Month-to-month Contract; Low Tenure (0-12m); No Tech Support
5813-UECBU,Segment 3: Short-Term High-Charge Users,0.6251614120930655,62.52%,Yes,High Risk,Month-to-month Contract; No Tech Support; High Monthly Fee
0328-GRPMV,Segment 3: Short-Term High-Charge Users,0.9139479135406846,91.39%,Yes,High Risk,Month-to-month Contract; Low Tenure (0-12m); Electronic Check Payment
9746-UGFAC,Segment 1: Long-Term Committed Loyalists,0.04158374091223977,4.16%,No,Low Risk,Stable Account Profile
2946-KIQSP,Segment 3: Short-Term High-Charge Users,0.3281238337023789,32.81%,No,Medium Risk,Month-to-month Contract
0625-AFOHS,Segment 1: Long-Term Committed Loyalists,0.015614174404153103,1.56%,No,Low Risk,Stable Account Profile
6726-WEXXK,Segment 3: Short-Term High-Charge Users,0.5333629364868472,53.34%,Yes,Medium Risk,Electronic Check Payment; No Tech Support; High Monthly Fee
4636-OLWOE,Segment 1: Long-Term Committed Loyalists,0.14986528903810498,14.99%,No,Low Risk,Electronic Check Payment
4342-HENTK,Segment 3: Short-Term High-Charge Users,0.8218458121618848,82.18%,Yes,High Risk,Month-to-month Contract; Low Tenure (0-12m); Electronic Check Payment
4685-ERGHK,Segment 1: Long-Term Committed Loyalists,0.3492555498459209,34.93%,No,Medium Risk,Electronic Check Payment; No Tech Support; High Monthly Fee
0885-HMGPY,Segment 1: Long-Term Committed Loyalists,0.040172758660330626,4.02%,No,Low Risk,Stable Account Profile
5003-OKNNK,Segment 1: Long-Term Committed Loyalists,0.09833653022634621,9.83%,No,Low Risk,Stable Account Profile
4195-SMMNX,Segment 3: Short-Term High-Charge Users,0.5325774997042978,53.26%,Yes,Medium Risk,Month-to-month Contract; Low Tenure (0-12m)
7208-PSIHR,Segment 1: Long-Term Committed Loyalists,0.21418322691437486,21.42%,No,Low Risk,High Monthly Fee
4012-ZTHBR,Segment 3: Short-Term High-Charge Users,0.4344215447694156,43.44%,No,Medium Risk,Month-to-month Contract; Electronic Check Payment; No Tech Support
0489-WMEMG,Segment 1: Long-Term Committed Loyalists,0.2732924433588611,27.33%,No,Low Risk,Electronic Check Payment
7435-ZNUYY,Segment 1: Long-Term Committed Loyalists,0.05574555645756439,5.57%,No,Low Risk,Low Tenure (0-12m)
1354-YZFNB,Segment 1: Long-Term Committed Loyalists,0.03740579318022947,3.74%,No,Low Risk,Low Tenure (0-12m)
6956-SMUCM,Segment 3: Short-Term High-Charge Users,0.8547162809402503,85.47%,Yes,High Risk,Month-to-month Contract; Low Tenure (0-12m); No Tech Support
2985-FMWYF,Segment 3: Short-Term High-Charge Users,0.7833149061291474,78.33%,Yes,High Risk,Month-to-month Contract; Electronic Check Payment; No Tech Support
2812-ENYMO,Segment 1: Long-Term Committed Loyalists,0.14515915463656104,14.52%,No,Low Risk,Stable Account Profile
2717-HVIZY,Segment 3: Short-Term High-Charge Users,0.2044832536345957,20.45%,No,Low Risk,Month-to-month Contract; Low Tenure (0-12m)
3223-WZWJM,Segment 3: Short-Term High-Charge Users,0.7436829205276144,74.37%,Yes,High Risk,Month-to-month Contract; Electronic Check Payment; No Tech Support
3422-GALYP,Segment 3: Short-Term High-Charge Users,0.869384108948607,86.94%,Yes,High Risk,Month-to-month Contract; Low Tenure (0-12m); Electronic Check Payment
9053-JZFKV,Segment 1: Long-Term Committed Loyalists,0.4546137121465144,45.46%,No,Medium Risk,High Monthly Fee
2530-ENDWQ,Segment 1: Long-Term Committed Loyalists,0.35086696619352165,35.09%,No,Medium Risk,No Tech Support; High Monthly Fee
2890-WFBHU,Segment 1: Long-Term Committed Loyalists,0.16911403489232169,16.91%,No,Low Risk,High Monthly Fee
0327-WFZSY,Segment 1: Long-Term Committed Loyalists,0.4666782717268585,46.67%,No,Medium Risk,Electronic Check Payment; No Tech Support; High Monthly Fee
7977-HXJKU,Segment 1: Long-Term Committed Loyalists,0.032833535359414766,3.28%,No,Low Risk,Stable Account Profile
6615-ZGEDR,Segment 3: Short-Term High-Charge Users,0.6176631820420091,61.77%,Yes,High Risk,Month-to-month Contract; Low Tenure (0-12m)
7033-CLAMM,Segment 1: Long-Term Committed Loyalists,0.01090656283956945,1.09%,No,Low Risk,Stable Account Profile
4023-RTIQM,Segment 1: Long-Term Committed Loyalists,0.23217869784267425,23.22%,No,Low Risk,No Tech Support
0864-FVJNJ,Segment 1: Long-Term Committed Loyalists,0.28250107333249946,28.25%,No,Low Risk,Electronic Check Payment; High Monthly Fee
7356-IWLFW,Segment 3: Short-Term High-Charge Users,0.5264639536748706,52.65%,Yes,Medium Risk,Month-to-month Contract; No Tech Support; High Monthly Fee
9541-PWTWO,Segment 1: Long-Term Committed Loyalists,0.06825395150172198,6.83%,No,Low Risk,High Monthly Fee
3967-VQOGC,Segment 1: Long-Term Committed Loyalists,0.015363269395974821,1.54%,No,Low Risk,Stable Account Profile
7872-RDDLZ,Segment 3: Short-Term High-Charge Users,0.29545717585491216,29.55%,No,Low Risk,Month-to-month Contract; Electronic Check Payment; No Tech Support
9250-WYPLL,Segment 3: Short-Term High-Charge Users,0.8281243096543663,82.81%,Yes,High Risk,Month-to-month Contract; Low Tenure (0-12m); Electronic Check Payment
6308-CQRBU,Segment 1: Long-Term Committed Loyalists,0.23055033727226365,23.06%,No,Low Risk,Electronic Check Payment; High Monthly Fee
2754-XBHTB,Segment 3: Short-Term High-Charge Users,0.80613024861433,80.61%,Yes,High Risk,Month-to-month Contract; Low Tenure (0-12m); No Tech Support
1597-LHYNC,Segment 3: Short-Term High-Charge Users,0.7488811551627235,74.89%,Yes,High Risk,Month-to-month Contract; Electronic Check Payment; No Tech Support
0186-CAERR,Segment 1: Long-Term Committed Loyalists,0.39980465307468727,39.98%,No,Medium Risk,High Monthly Fee
3043-SUDUA,Segment 3: Short-Term High-Charge Users,0.1080093080362667,10.8%,No,Low Risk,Month-to-month Contract
5442-BHQNG,Segment 3: Short-Term High-Charge Users,0.8111017447748788,81.11%,Yes,High Risk,Month-to-month Contract; Low Tenure (0-12m); Electronic Check Payment
2169-RRLFW,Segment 1: Long-Term Committed Loyalists,0.006496117422073973,0.65%,No,Low Risk,Stable Account Profile
5872-OEQNH,Segment 1: Long-Term Committed Loyalists,0.18861617566588595,18.86%,No,Low Risk,Electronic Check Payment; No Tech Support
3162-KKZXO,Segment 1: Long-Term Committed Loyalists,0.5382492210388149,53.82%,Yes,Medium Risk,Electronic Check Payment; No Tech Support; High Monthly Fee
7055-VKGDA,Segment 1: Long-Term Committed Loyalists,0.5129025112563423,51.29%,Yes,Medium Risk,High Monthly Fee
0754-UKWQP,Segment 3: Short-Term High-Charge Users,0.8941183780384148,89.41%,Yes,High Risk,Month-to-month Contract; Low Tenure (0-12m); Electronic Check Payment
8873-GLDMH,Segment 3: Short-Term High-Charge Users,0.8387389421318173,83.87%,Yes,High Risk,Month-to-month Contract; Low Tenure (0-12m); No Tech Support
5696-JVVQY,Segment 1: Long-Term Committed Loyalists,0.08485950400969865,8.49%,No,Low Risk,No Tech Support; High Monthly Fee
8946-BFWSG,Segment 1: Long-Term Committed Loyalists,0.01074247894171653,1.07%,No,Low Risk,Stable Account Profile
7493-TPUWZ,Segment 3: Short-Term High-Charge Users,0.9299703144483437,93.0%,Yes,High Risk,Month-to-month Contract; Low Tenure (0-12m); Electronic Check Payment
0547-HURJB,Segment 3: Short-Term High-Charge Users,0.1630654738055545,16.31%,No,Low Risk,Month-to-month Contract; Low Tenure (0-12m)
8904-OPDCK,Segment 3: Short-Term High-Charge Users,0.3133174983005373,31.33%,No,Medium Risk,Month-to-month Contract; No Tech Support
8845-LWKGE,Segment 1: Long-Term Committed Loyalists,0.21093727811353577,21.09%,No,Low Risk,Electronic Check Payment
1577-HKTFG,Segment 3: Short-Term High-Charge Users,0.3523086354365015,35.23%,No,Medium Risk,Month-to-month Contract
8752-STIVR,Segment 3: Short-Term High-Charge Users,0.8524618926159359,85.25%,Yes,High Risk,Month-to-month Contract; Low Tenure (0-12m); Electronic Check Payment
0691-NIKRI,Segment 1: Long-Term Committed Loyalists,0.4462076722653645,44.62%,No,Medium Risk,High Monthly Fee
5022-JNQEQ,Segment 3: Short-Term High-Charge Users,0.7621274029570895,76.21%,Yes,High Risk,Month-to-month Contract; Low Tenure (0-12m); Electronic Check Payment
4558-FANTW,Segment 3: Short-Term High-Charge Users,0.6980868579544499,69.81%,Yes,High Risk,Month-to-month Contract; Electronic Check Payment; High Monthly Fee
3249-VHRIP,Segment 1: Long-Term Committed Loyalists,0.09766844982730301,9.77%,No,Low Risk,No Tech Support
3736-BLEPA,Segment 3: Short-Term High-Charge Users,0.4274584038891708,42.75%,No,Medium Risk,High Monthly Fee
4701-LKOZD,Segment 1: Long-Term Committed Loyalists,0.03356351964562987,3.36%,No,Low Risk,High Monthly Fee
6603-QWSPR,Segment 1: Long-Term Committed Loyalists,0.36139991965940754,36.14%,No,Medium Risk,High Monthly Fee
9921-QFQUL,Segment 3: Short-Term High-Charge Users,0.5967334009124365,59.67%,Yes,Medium Risk,Month-to-month Contract; No Tech Support; High Monthly Fee
1929-ZCBHE,Segment 1: Long-Term Committed Loyalists,0.16795365544654686,16.8%,No,Low Risk,Electronic Check Payment
4378-MYPGO,Segment 1: Long-Term Committed Loyalists,0.2705389068453887,27.05%,No,Low Risk,No Tech Support; High Monthly Fee
8651-ENBZX,Segment 1: Long-Term Committed Loyalists,0.5684534147394072,56.85%,Yes,Medium Risk,Electronic Check Payment; High Monthly Fee
4129-LYCOI,Segment 1: Long-Term Committed Loyalists,0.2902654486977197,29.03%,No,Low Risk,Electronic Check Payment; High Monthly Fee
7798-JVXYM,Segment 3: Short-Term High-Charge Users,0.48672776732403955,48.67%,No,Medium Risk,Month-to-month Contract; Electronic Check Payment
8647-SDTWQ,Segment 3: Short-Term High-Charge Users,0.4194011662977853,41.94%,No,Medium Risk,Month-to-month Contract; Electronic Check Payment; No Tech Support
2696-ECXKC,Segment 1: Long-Term Committed Loyalists,0.33916335028859557,33.92%,No,Medium Risk,No Tech Support; High Monthly Fee
2081-KJSQF,Segment 3: Short-Term High-Charge Users,0.5694623867403105,56.95%,Yes,Medium Risk,Month-to-month Contract; Low Tenure (0-12m)
7623-TRNQN,Segment 3: Short-Term High-Charge Users,0.6793119671966924,67.93%,Yes,High Risk,Month-to-month Contract; Low Tenure (0-12m)
3323-CPBWR,Segment 3: Short-Term High-Charge Users,0.5814028831625739,58.14%,Yes,Medium Risk,Month-to-month Contract; High Monthly Fee
9330-IJWIO,Segment 3: Short-Term High-Charge Users,0.8658261694207189,86.58%,Yes,High Risk,Month-to-month Contract; Electronic Check Payment; No Tech Support
3384-CTMSF,Segment 3: Short-Term High-Charge Users,0.6760105164325743,67.6%,Yes,High Risk,Month-to-month Contract; Electronic Check Payment; No Tech Support
0902-RFHOF,Segment 1: Long-Term Committed Loyalists,0.011029534549394898,1.1%,No,Low Risk,Stable Account Profile
9286-DOJGF,Segment 3: Short-Term High-Charge Users,0.6324851005429838,63.25%,Yes,High Risk,Month-to-month Contract; No Tech Support; High Monthly Fee
6048-QBXKL,Segment 3: Short-Term High-Charge Users,0.7401911562044483,74.02%,Yes,High Risk,Month-to-month Contract; Low Tenure (0-12m); No Tech Support
9661-MHUMO,Segment 3: Short-Term High-Charge Users,0.7223865970996443,72.24%,Yes,High Risk,Month-to-month Contract; Low Tenure (0-12m)
7718-RXDGG,Segment 3: Short-Term High-Charge Users,0.6079114996284741,60.79%,Yes,High Risk,Month-to-month Contract; No Tech Support
1025-FALIX,Segment 3: Short-Term High-Charge Users,0.5259122652048241,52.59%,Yes,Medium Risk,Month-to-month Contract; No Tech Support
3451-VAWLI,Segment 1: Long-Term Committed Loyalists,0.009125723118237143,0.91%,No,Low Risk,Stable Account Profile
3407-QGWLG,Segment 3: Short-Term High-Charge Users,0.18428532990087804,18.43%,No,Low Risk,Month-to-month Contract; Low Tenure (0-12m)
1842-EZJMK,Segment 3: Short-Term High-Charge Users,0.676046899067228,67.6%,Yes,High Risk,Month-to-month Contract; Electronic Check Payment; High Monthly Fee
2347-WKKAE,Segment 3: Short-Term High-Charge Users,0.5910637916392341,59.11%,Yes,Medium Risk,Month-to-month Contract; Electronic Check Payment; No Tech Support
8735-DCXNF,Segment 3: Short-Term High-Charge Users,0.3800715763017419,38.01%,No,Medium Risk,Month-to-month Contract; Low Tenure (0-12m)
3214-IYUUQ,Segment 1: Long-Term Committed Loyalists,0.1905319161567265,19.05%,No,Low Risk,High Monthly Fee
1936-UAFEH,Segment 1: Long-Term Committed Loyalists,0.18013496075966337,18.01%,No,Low Risk,High Monthly Fee
3587-PMCOY,Segment 3: Short-Term High-Charge Users,0.730213264183826,73.02%,Yes,High Risk,Low Tenure (0-12m); Electronic Check Payment; No Tech Support
8079-XRJRS,Segment 1: Long-Term Committed Loyalists,0.36629644367009206,36.63%,No,Medium Risk,Electronic Check Payment; No Tech Support; High Monthly Fee
1027-LKKQQ,Segment 1: Long-Term Committed Loyalists,0.02753400814612854,2.75%,No,Low Risk,High Monthly Fee
7148-XZPHA,Segment 3: Short-Term High-Charge Users,0.37988732605813097,37.99%,No,Medium Risk,Month-to-month Contract; Electronic Check Payment; High Monthly Fee
8073-IJDCM,Segment 3: Short-Term High-Charge Users,0.6512518580578858,65.13%,Yes,High Risk,Month-to-month Contract; Low Tenure (0-12m)
5309-TAIKL,Segment 3: Short-Term High-Charge Users,0.4464210240677429,44.64%,No,Medium Risk,Month-to-month Contract; Low Tenure (0-12m)
6856-RAURS,Segment 3: Short-Term High-Charge Users,0.8559909884574982,85.6%,Yes,High Risk,Month-to-month Contract; Low Tenure (0-12m); No Tech Support
8778-LMWTJ,Segment 3: Short-Term High-Charge Users,0.7624192026881907,76.24%,Yes,High Risk,Month-to-month Contract; Low Tenure (0-12m); Electronic Check Payment
9717-IOAAF,Segment 1: Long-Term Committed Loyalists,0.11548747327392768,11.55%,No,Low Risk,Stable Account Profile
8884-ADFVN,Segment 3: Short-Term High-Charge Users,0.9023942194533842,90.24%,Yes,High Risk,Month-to-month Contract; Low Tenure (0-12m); Electronic Check Payment
2845-KDHVX,Segment 1: Long-Term Committed Loyalists,0.040714303648691746,4.07%,No,Low Risk,Stable Account Profile
0848-SOMKO,Segment 1: Long-Term Committed Loyalists,0.09440485913990714,9.44%,No,Low Risk,Stable Account Profile
2720-WGKHP,Segment 3: Short-Term High-Charge Users,0.9186100542731102,91.86%,Yes,High Risk,Month-to-month Contract; Low Tenure (0-12m); Electronic Check Payment
6734-FQAJX,Segment 1: Long-Term Committed Loyalists,0.2846423869860078,28.46%,No,Low Risk,Electronic Check Payment; High Monthly Fee
2869-ADAWR,Segment 3: Short-Term High-Charge Users,0.5984614150068738,59.85%,Yes,Medium Risk,Month-to-month Contract; No Tech Support; High Monthly Fee
1535-VTJOQ,Segment 1: Long-Term Committed Loyalists,0.06072480053616178,6.07%,No,Low Risk,Stable Account Profile
6368-TZZDT,Segment 1: Long-Term Committed Loyalists,0.030899101599921947,3.09%,No,Low Risk,Low Tenure (0-12m)
0943-ZQPXH,Segment 3: Short-Term High-Charge Users,0.5651748204691998,56.52%,Yes,Medium Risk,Month-to-month Contract; No Tech Support; High Monthly Fee
1293-BSEUN,Segment 1: Long-Term Committed Loyalists,0.005978970422191411,0.6%,No,Low Risk,Stable Account Profile
9894-EZEWG,Segment 3: Short-Term High-Charge Users,0.8771754046445863,87.72%,Yes,High Risk,Month-to-month Contract; Low Tenure (0-12m); No Tech Support
1302-TPUBN,Segment 1: Long-Term Committed Loyalists,0.05735019767054903,5.74%,No,Low Risk,Stable Account Profile
7851-FLGGQ,Segment 3: Short-Term High-Charge Users,0.7191522379002829,71.92%,Yes,High Risk,Month-to-month Contract; Low Tenure (0-12m)
0637-UBJRP,Segment 3: Short-Term High-Charge Users,0.7004543152569667,70.05%,Yes,High Risk,Month-to-month Contract; Electronic Check Payment; No Tech Support
0940-OUQEC,Segment 3: Short-Term High-Charge Users,0.8202512632344042,82.03%,Yes,High Risk,Month-to-month Contract; Low Tenure (0-12m); No Tech Support
2378-VTKDH,Segment 1: Long-Term Committed Loyalists,0.5742410883052466,57.42%,Yes,Medium Risk,Month-to-month Contract; Electronic Check Payment; No Tech Support
0927-CNGRH,Segment 3: Short-Term High-Charge Users,0.591688590851778,59.17%,Yes,Medium Risk,Month-to-month Contract; Low Tenure (0-12m)
8608-OZTLB,Segment 1: Long-Term Committed Loyalists,0.23338231763819114,23.34%,No,Low Risk,Electronic Check Payment; High Monthly Fee
2335-GSODA,Segment 1: Long-Term Committed Loyalists,0.07031182151437977,7.03%,No,Low Risk,Stable Account Profile
1952-DVVSW,Segment 1: Long-Term Committed Loyalists,0.10557828088292696,10.56%,No,Low Risk,Low Tenure (0-12m)
0702-PGIBZ,Segment 3: Short-Term High-Charge Users,0.8959347722806482,89.59%,Yes,High Risk,Month-to-month Contract; Low Tenure (0-12m); Electronic Check Payment
6656-GULJQ,Segment 1: Long-Term Committed Loyalists,0.026117512053906538,2.61%,No,Low Risk,High Monthly Fee
9853-JFZDU,Segment 3: Short-Term High-Charge Users,0.2643420396105778,26.43%,No,Low Risk,Month-to-month Contract; Electronic Check Payment
1963-VAUKV,Segment 3: Short-Term High-Charge Users,0.4974151820863399,49.74%,No,Medium Risk,Month-to-month Contract; Low Tenure (0-12m)
3777-XROBG,Segment 1: Long-Term Committed Loyalists,0.03678058878489208,3.68%,No,Low Risk,Stable Account Profile
6994-FGRHH,Segment 1: Long-Term Committed Loyalists,0.3971771095566228,39.72%,No,Medium Risk,Electronic Check Payment; High Monthly Fee
4000-VGMQP,Segment 1: Long-Term Committed Loyalists,0.23266694978404406,23.27%,No,Low Risk,No Tech Support; High Monthly Fee
3999-WRNGR,Segment 3: Short-Term High-Charge Users,0.4176921456468001,41.77%,No,Medium Risk,Month-to-month Contract; Electronic Check Payment; No Tech Support
3466-RITXD,Segment 3: Short-Term High-Charge Users,0.6272471298611568,62.72%,Yes,High Risk,Month-to-month Contract; No Tech Support; High Monthly Fee
2680-XKKNJ,Segment 1: Long-Term Committed Loyalists,0.18513254447586686,18.51%,No,Low Risk,Low Tenure (0-12m)
3058-HJCUY,Segment 1: Long-Term Committed Loyalists,0.6344075544862269,63.44%,Yes,High Risk,Electronic Check Payment; High Monthly Fee
2974-GGUXS,Segment 3: Short-Term High-Charge Users,0.6086045914953175,60.86%,Yes,High Risk,Month-to-month Contract; No Tech Support; High Monthly Fee
7994-XIRTR,Segment 1: Long-Term Committed Loyalists,0.14186876349497407,14.19%,No,Low Risk,Stable Account Profile
3259-FDWOY,Segment 1: Long-Term Committed Loyalists,0.4262872830078474,42.63%,No,Medium Risk,No Tech Support; High Monthly Fee
2101-RANCD,Segment 3: Short-Term High-Charge Users,0.5016736007448587,50.17%,Yes,Medium Risk,Month-to-month Contract; Electronic Check Payment; No Tech Support
7921-BEPCI,Segment 1: Long-Term Committed Loyalists,0.03993808700468995,3.99%,No,Low Risk,No Tech Support
0807-ZABDG,Segment 3: Short-Term High-Charge Users,0.6484573825289831,64.85%,Yes,High Risk,Month-to-month Contract; Low Tenure (0-12m)
8510-TMWYB,Segment 1: Long-Term Committed Loyalists,0.06480594484043738,6.48%,No,Low Risk,No Tech Support
3258-ZKPAI,Segment 1: Long-Term Committed Loyalists,0.04439079189967492,4.44%,No,Low Risk,High Monthly Fee
1428-IEDPR,Segment 1: Long-Term Committed Loyalists,0.4081311518657439,40.81%,No,Medium Risk,Electronic Check Payment; High Monthly Fee
5298-GSTLM,Segment 1: Long-Term Committed Loyalists,0.38639457536945393,38.64%,No,Medium Risk,No Tech Support; High Monthly Fee
4450-YOOHP,Segment 3: Short-Term High-Charge Users,0.42721401500337547,42.72%,No,Medium Risk,Month-to-month Contract; No Tech Support
6728-CZFEI,Segment 1: Long-Term Committed Loyalists,0.26128370171910426,26.13%,No,Low Risk,No Tech Support
5748-RNCJT,Segment 1: Long-Term Committed Loyalists,0.5166173573965337,51.66%,Yes,Medium Risk,High Monthly Fee
3653-NCRDJ,Segment 1: Long-Term Committed Loyalists,0.032683336310428655,3.27%,No,Low Risk,Stable Account Profile
6121-TNHBO,Segment 1: Long-Term Committed Loyalists,0.15479591534936876,15.48%,No,Low Risk,High Monthly Fee
5119-NZPTV,Segment 3: Short-Term High-Charge Users,0.7977943970716099,79.78%,Yes,High Risk,Month-to-month Contract; Low Tenure (0-12m); Electronic Check Payment
6519-ZHPXP,Segment 1: Long-Term Committed Loyalists,0.1643804318739171,16.44%,No,Low Risk,High Monthly Fee
7739-LAXOG,Segment 3: Short-Term High-Charge Users,0.6160010436672789,61.6%,Yes,High Risk,Month-to-month Contract; No Tech Support; High Monthly Fee
3472-QPRCH,Segment 1: Long-Term Committed Loyalists,0.025428144799563648,2.54%,No,Low Risk,Stable Account Profile
8224-UAXBZ,Segment 1: Long-Term Committed Loyalists,0.21495926361188963,21.5%,No,Low Risk,Electronic Check Payment; No Tech Support
9610-WCESF,Segment 1: Long-Term Committed Loyalists,0.2115131170382874,21.15%,No,Low Risk,Electronic Check Payment
9776-CLUJA,Segment 3: Short-Term High-Charge Users,0.5648318856609196,56.48%,Yes,Medium Risk,Month-to-month Contract; Electronic Check Payment; No Tech Support
2486-WYVVE,Segment 1: Long-Term Committed Loyalists,0.35086483180779665,35.09%,No,Medium Risk,High Monthly Fee
3865-ZYKAD,Segment 1: Long-Term Committed Loyalists,0.24010494118563705,24.01%,No,Low Risk,Month-to-month Contract; No Tech Support; High Monthly Fee
1422-DGUBX,Segment 3: Short-Term High-Charge Users,0.5186372428765199,51.86%,Yes,Medium Risk,Electronic Check Payment; High Monthly Fee
2999-AANRQ,Segment 1: Long-Term Committed Loyalists,0.08062001363335139,8.06%,No,Low Risk,High Monthly Fee
8668-KNZTI,Segment 1: Long-Term Committed Loyalists,0.16077244710671512,16.08%,No,Low Risk,Electronic Check Payment; No Tech Support
0480-KYJVA,Segment 1: Long-Term Committed Loyalists,0.005634820506339368,0.56%,No,Low Risk,Stable Account Profile
6034-ZRYCV,Segment 1: Long-Term Committed Loyalists,0.4974871242056682,49.75%,No,Medium Risk,Electronic Check Payment; No Tech Support
9746-YKGXB,Segment 1: Long-Term Committed Loyalists,0.14124358433243286,14.12%,No,Low Risk,No Tech Support
3926-YZVVX,Segment 1: Long-Term Committed Loyalists,0.17007976954542064,17.01%,No,Low Risk,Stable Account Profile
6000-UKLWI,Segment 1: Long-Term Committed Loyalists,0.009515633392638669,0.95%,No,Low Risk,Stable Account Profile
2079-FBMZK,Segment 3: Short-Term High-Charge Users,0.7841625345608396,78.42%,Yes,High Risk,Month-to-month Contract; Low Tenure (0-12m); No Tech Support
6332-FBZRI,Segment 1: Long-Term Committed Loyalists,0.13641536274972685,13.64%,No,Low Risk,Stable Account Profile
2096-XOTMO,Segment 3: Short-Term High-Charge Users,0.17051236961142724,17.05%,No,Low Risk,Month-to-month Contract
3266-FTKHB,Segment 1: Long-Term Committed Loyalists,0.03014265301507003,3.01%,No,Low Risk,Stable Account Profile
8221-EQDGL,Segment 3: Short-Term High-Charge Users,0.22154647706902278,22.15%,No,Low Risk,Month-to-month Contract; No Tech Support
2346-LOCWC,Segment 1: Long-Term Committed Loyalists,0.011950468104743279,1.2%,No,Low Risk,Stable Account Profile
6608-QQLVK,Segment 3: Short-Term High-Charge Users,0.8031923394056091,80.32%,Yes,High Risk,Month-to-month Contract; Low Tenure (0-12m); Electronic Check Payment
0298-XACET,Segment 1: Long-Term Committed Loyalists,0.08806691999420438,8.81%,No,Low Risk,Stable Account Profile
7560-QJAVJ,Segment 1: Long-Term Committed Loyalists,0.04255214114213774,4.26%,No,Low Risk,High Monthly Fee
2995-YWTCD,Segment 1: Long-Term Committed Loyalists,0.05971835788230351,5.97%,No,Low Risk,Stable Account Profile
3551-HUAZH,Segment 3: Short-Term High-Charge Users,0.9318515143493784,93.19%,Yes,High Risk,Month-to-month Contract; Low Tenure (0-12m); Electronic Check Payment
9137-UIYPG,Segment 3: Short-Term High-Charge Users,0.5466028824022573,54.66%,Yes,Medium Risk,Month-to-month Contract; Electronic Check Payment; High Monthly Fee
2809-ZMYOQ,Segment 3: Short-Term High-Charge Users,0.7450339811256396,74.5%,Yes,High Risk,Month-to-month Contract; Electronic Check Payment; No Tech Support
5084-OOVCJ,Segment 3: Short-Term High-Charge Users,0.35263962806926524,35.26%,No,Medium Risk,Month-to-month Contract
0254-WWRKD,Segment 1: Long-Term Committed Loyalists,0.14454731303137716,14.45%,No,Low Risk,No Tech Support
7727-SHVZV,Segment 3: Short-Term High-Charge Users,0.21946524315181695,21.95%,No,Low Risk,Month-to-month Contract; Low Tenure (0-12m)
6302-JGYRJ,Segment 1: Long-Term Committed Loyalists,0.39355283366754473,39.36%,No,Medium Risk,High Monthly Fee
5339-PXDVH,Segment 3: Short-Term High-Charge Users,0.7338915982983414,73.39%,Yes,High Risk,Month-to-month Contract; Low Tenure (0-12m); Electronic Check Payment
2205-LPVGL,Segment 1: Long-Term Committed Loyalists,0.1678211562947838,16.78%,No,Low Risk,High Monthly Fee
8782-NUUOL,Segment 1: Long-Term Committed Loyalists,0.1314610092255204,13.15%,No,Low Risk,High Monthly Fee
3685-YLCMQ,Segment 1: Long-Term Committed Loyalists,0.6062076970934291,60.62%,Yes,High Risk,Electronic Check Payment; High Monthly Fee
7601-WFVZV,Segment 3: Short-Term High-Charge Users,0.5768679644065208,57.69%,Yes,Medium Risk,Month-to-month Contract; Low Tenure (0-12m)
4609-KNNWG,Segment 1: Long-Term Committed Loyalists,0.015383042111479159,1.54%,No,Low Risk,Stable Account Profile
4868-AADLV,Segment 1: Long-Term Committed Loyalists,0.25525533306261955,25.53%,No,Low Risk,Electronic Check Payment; High Monthly Fee
9529-OFXHY,Segment 3: Short-Term High-Charge Users,0.6538614459121859,65.39%,Yes,High Risk,Month-to-month Contract; No Tech Support; High Monthly Fee
8634-MPHTR,Segment 3: Short-Term High-Charge Users,0.7120115741915619,71.2%,Yes,High Risk,Month-to-month Contract; Electronic Check Payment; No Tech Support
2669-QVCRG,Segment 3: Short-Term High-Charge Users,0.5443482159249359,54.43%,Yes,Medium Risk,Month-to-month Contract; No Tech Support; High Monthly Fee
2478-EEWWM,Segment 3: Short-Term High-Charge Users,0.5049105766745229,50.49%,Yes,Medium Risk,Month-to-month Contract; Electronic Check Payment; No Tech Support
9174-IHETN,Segment 1: Long-Term Committed Loyalists,0.11928665400577655,11.93%,No,Low Risk,No Tech Support; High Monthly Fee
2233-TXSIU,Segment 1: Long-Term Committed Loyalists,0.26967876030024085,26.97%,No,Low Risk,No Tech Support
9644-UMGQA,Segment 3: Short-Term High-Charge Users,0.6384416107394221,63.84%,Yes,High Risk,Month-to-month Contract; Low Tenure (0-12m); Electronic Check Payment
3256-EZDBI,Segment 3: Short-Term High-Charge Users,0.33564387311638133,33.56%,No,Medium Risk,Month-to-month Contract; No Tech Support
8761-NSOBC,Segment 3: Short-Term High-Charge Users,0.6574919179168928,65.75%,Yes,High Risk,Month-to-month Contract; Electronic Check Payment; High Monthly Fee
0419-YAAPX,Segment 3: Short-Term High-Charge Users,0.5425827838523237,54.26%,Yes,Medium Risk,Month-to-month Contract; No Tech Support; High Monthly Fee
8413-VONUO,Segment 3: Short-Term High-Charge Users,0.858630453118674,85.86%,Yes,High Risk,Month-to-month Contract; Low Tenure (0-12m); Electronic Check Payment
0872-CASZJ,Segment 1: Long-Term Committed Loyalists,0.10382183359391374,10.38%,No,Low Risk,Stable Account Profile
4726-DLWQN,Segment 3: Short-Term High-Charge Users,0.227892185208364,22.79%,No,Low Risk,Month-to-month Contract; No Tech Support; High Monthly Fee
8164-OCKUJ,Segment 1: Long-Term Committed Loyalists,0.019617419284728658,1.96%,No,Low Risk,Stable Account Profile
3094-JOJAI,Segment 3: Short-Term High-Charge Users,0.5377912912419315,53.78%,Yes,Medium Risk,Month-to-month Contract; No Tech Support; High Monthly Fee
9494-MRNYX,Segment 3: Short-Term High-Charge Users,0.7037380953455274,70.37%,Yes,High Risk,Month-to-month Contract; Low Tenure (0-12m); Electronic Check Payment
2599-CZABP,Segment 3: Short-Term High-Charge Users,0.42665629031186886,42.67%,No,Medium Risk,Electronic Check Payment; No Tech Support
7945-PRBVF,Segment 1: Long-Term Committed Loyalists,0.01127833126387096,1.13%,No,Low Risk,Stable Account Profile
4544-RXFMG,Segment 1: Long-Term Committed Loyalists,0.33845979174992963,33.85%,No,Medium Risk,Low Tenure (0-12m); No Tech Support
0859-YGKFW,Segment 1: Long-Term Committed Loyalists,0.08154109331783098,8.15%,No,Low Risk,Stable Account Profile
1150-FTQGN,Segment 1: Long-Term Committed Loyalists,0.19584306888132572,19.58%,No,Low Risk,No Tech Support; High Monthly Fee
9223-UCPVT,Segment 3: Short-Term High-Charge Users,0.9112073173556736,91.12%,Yes,High Risk,Month-to-month Contract; Low Tenure (0-12m); Electronic Check Payment
7196-LIWRH,Segment 1: Long-Term Committed Loyalists,0.05396117508326859,5.4%,No,Low Risk,Low Tenure (0-12m)
5448-VWNAM,Segment 3: Short-Term High-Charge Users,0.24357326979108934,24.36%,No,Low Risk,Month-to-month Contract; High Monthly Fee
1177-XZBJL,Segment 1: Long-Term Committed Loyalists,0.10580776877677096,10.58%,No,Low Risk,Stable Account Profile
3518-FSTWG,Segment 1: Long-Term Committed Loyalists,0.116766956047359,11.68%,No,Low Risk,No Tech Support; High Monthly Fee
9330-VOFSZ,Segment 1: Long-Term Committed Loyalists,0.34217663444107965,34.22%,No,Medium Risk,High Monthly Fee
4351-QLCSU,Segment 3: Short-Term High-Charge Users,0.7714745805353955,77.15%,Yes,High Risk,Month-to-month Contract; Low Tenure (0-12m); No Tech Support
0939-EREMR,Segment 3: Short-Term High-Charge Users,0.4010967457315138,40.11%,No,Medium Risk,Month-to-month Contract
9389-ACWBI,Segment 3: Short-Term High-Charge Users,0.7507606877424919,75.08%,Yes,High Risk,Month-to-month Contract; Low Tenure (0-12m); No Tech Support
5419-JPRRN,Segment 3: Short-Term High-Charge Users,0.9355013753174622,93.55%,Yes,High Risk,Month-to-month Contract; Low Tenure (0-12m); Electronic Check Payment
3644-QXEHN,Segment 3: Short-Term High-Charge Users,0.7054685274101388,70.55%,Yes,High Risk,Month-to-month Contract; Electronic Check Payment; No Tech Support
2911-IJORQ,Segment 1: Long-Term Committed Loyalists,0.2764505898776543,27.65%,No,Low Risk,High Monthly Fee
5921-NGYRH,Segment 3: Short-Term High-Charge Users,0.28337329836705666,28.34%,No,Low Risk,Month-to-month Contract; No Tech Support; High Monthly Fee
2100-BDNSN,Segment 3: Short-Term High-Charge Users,0.6081302790504278,60.81%,Yes,High Risk,Month-to-month Contract; Low Tenure (0-12m)
5998-DZLYR,Segment 1: Long-Term Committed Loyalists,0.19062608911250722,19.06%,No,Low Risk,High Monthly Fee
0488-GSLFR,Segment 3: Short-Term High-Charge Users,0.9329625171733954,93.3%,Yes,High Risk,Month-to-month Contract; Low Tenure (0-12m); Electronic Check Payment
9318-NKNFC,Segment 3: Short-Term High-Charge Users,0.6427133381738926,64.27%,Yes,High Risk,Month-to-month Contract; Low Tenure (0-12m)
3985-HOYPM,Segment 1: Long-Term Committed Loyalists,0.02727456501207234,2.73%,No,Low Risk,Stable Account Profile
9728-FTTVZ,Segment 3: Short-Term High-Charge Users,0.9309471581466583,93.09%,Yes,High Risk,Month-to-month Contract; Low Tenure (0-12m); Electronic Check Payment
9548-LERKT,Segment 1: Long-Term Committed Loyalists,0.012929369297642514,1.29%,No,Low Risk,Stable Account Profile
6576-FBXOJ,Segment 3: Short-Term High-Charge Users,0.4510801543757946,45.11%,No,Medium Risk,Electronic Check Payment
4310-KEDTB,Segment 3: Short-Term High-Charge Users,0.36469603073225604,36.47%,No,Medium Risk,Month-to-month Contract; No Tech Support
7254-IQWOZ,Segment 3: Short-Term High-Charge Users,0.9336904732189544,93.37%,Yes,High Risk,Month-to-month Contract; Low Tenure (0-12m); Electronic Check Payment
2474-BRUCM,Segment 3: Short-Term High-Charge Users,0.6896188308656638,68.96%,Yes,High Risk,Month-to-month Contract; Electronic Check Payment; No Tech Support
4062-HBMOS,Segment 3: Short-Term High-Charge Users,0.6890485308021003,68.9%,Yes,High Risk,Month-to-month Contract; Electronic Check Payment; No Tech Support
0742-NXBGR,Segment 3: Short-Term High-Charge Users,0.9195358017180992,91.95%,Yes,High Risk,Month-to-month Contract; Low Tenure (0-12m); Electronic Check Payment
2676-ISHSF,Segment 3: Short-Term High-Charge Users,0.5135751753168859,51.36%,Yes,Medium Risk,Month-to-month Contract; Low Tenure (0-12m)
9236-NDUCW,Segment 1: Long-Term Committed Loyalists,0.08222264705634215,8.22%,No,Low Risk,Stable Account Profile
4753-PADAS,Segment 1: Long-Term Committed Loyalists,0.4441781724236207,44.42%,No,Medium Risk,No Tech Support; High Monthly Fee
6103-QCKFX,Segment 3: Short-Term High-Charge Users,0.18453956454939494,18.45%,No,Low Risk,Month-to-month Contract
7781-EWARA,Segment 1: Long-Term Committed Loyalists,0.22763591715208478,22.76%,No,Low Risk,Electronic Check Payment
6110-OHIHY,Segment 3: Short-Term High-Charge Users,0.824645915683543,82.46%,Yes,High Risk,Month-to-month Contract; Low Tenure (0-12m); Electronic Check Payment
7018-FPXHH,Segment 1: Long-Term Committed Loyalists,0.060284549777956616,6.03%,No,Low Risk,No Tech Support
5889-LFOLL,Segment 3: Short-Term High-Charge Users,0.8095406407119687,80.95%,Yes,High Risk,Month-to-month Contract; Electronic Check Payment; No Tech Support
5708-EVONK,Segment 1: Long-Term Committed Loyalists,0.3963901764515466,39.64%,No,Medium Risk,Month-to-month Contract; No Tech Support; High Monthly Fee
8708-XPXHZ,Segment 3: Short-Term High-Charge Users,0.703463261678994,70.35%,Yes,High Risk,Month-to-month Contract; Electronic Check Payment; No Tech Support
0616-ATFGB,Segment 3: Short-Term High-Charge Users,0.8090088759277372,80.9%,Yes,High Risk,Month-to-month Contract; Low Tenure (0-12m); Electronic Check Payment
0572-ZJKLT,Segment 1: Long-Term Committed Loyalists,0.15384008350525144,15.38%,No,Low Risk,High Monthly Fee
5135-RDDQL,Segment 1: Long-Term Committed Loyalists,0.045129059205814094,4.51%,No,Low Risk,No Tech Support
1353-LJWEM,Segment 3: Short-Term High-Charge Users,0.4502807233735277,45.03%,No,Medium Risk,Month-to-month Contract; Low Tenure (0-12m); Electronic Check Payment
1794-SWWKL,Segment 3: Short-Term High-Charge Users,0.41556348073932386,41.56%,No,Medium Risk,Month-to-month Contract
6166-YIPFO,Segment 1: Long-Term Committed Loyalists,0.09489295649658498,9.49%,No,Low Risk,Electronic Check Payment
7016-BPGEU,Segment 3: Short-Term High-Charge Users,0.4492617710168227,44.93%,No,Medium Risk,Month-to-month Contract; No Tech Support
6876-ADESB,Segment 3: Short-Term High-Charge Users,0.7759656692207947,77.6%,Yes,High Risk,Month-to-month Contract; Low Tenure (0-12m); Electronic Check Payment
9332-GYWLO,Segment 3: Short-Term High-Charge Users,0.5777277487188442,57.77%,Yes,Medium Risk,Month-to-month Contract; Low Tenure (0-12m); Electronic Check Payment
1963-SVUCV,Segment 3: Short-Term High-Charge Users,0.7758765535721861,77.59%,Yes,High Risk,Month-to-month Contract; Low Tenure (0-12m); Electronic Check Payment
4184-VODJZ,Segment 1: Long-Term Committed Loyalists,0.37029942592215537,37.03%,No,Medium Risk,Electronic Check Payment; No Tech Support; High Monthly Fee
0220-EBGCE,Segment 3: Short-Term High-Charge Users,0.8841487619783336,88.41%,Yes,High Risk,Month-to-month Contract; Low Tenure (0-12m); Electronic Check Payment
1092-WPIVQ,Segment 1: Long-Term Committed Loyalists,0.04071823957084148,4.07%,No,Low Risk,Stable Account Profile
7233-IOQNP,Segment 3: Short-Term High-Charge Users,0.339647363123035,33.96%,No,Medium Risk,Month-to-month Contract
2834-JKOOW,Segment 1: Long-Term Committed Loyalists,0.1664154314916554,16.64%,No,Low Risk,Stable Account Profile
2754-VDLTR,Segment 3: Short-Term High-Charge Users,0.8505272302363499,85.05%,Yes,High Risk,Month-to-month Contract; Low Tenure (0-12m); Electronic Check Payment
2400-FEQME,Segment 1: Long-Term Committed Loyalists,0.024704436754441218,2.47%,No,Low Risk,Stable Account Profile
3190-XFANI,Segment 1: Long-Term Committed Loyalists,0.5428981518990402,54.29%,Yes,Medium Risk,High Monthly Fee
7551-DACSP,Segment 3: Short-Term High-Charge Users,0.5843111944582562,58.43%,Yes,Medium Risk,Month-to-month Contract; Low Tenure (0-12m); No Tech Support
4957-SREEC,Segment 1: Long-Term Committed Loyalists,0.005549239313784721,0.55%,No,Low Risk,Stable Account Profile
7235-NXZCP,Segment 3: Short-Term High-Charge Users,0.8480158981338192,84.8%,Yes,High Risk,Month-to-month Contract; Low Tenure (0-12m); No Tech Support
0230-UBYPQ,Segment 1: Long-Term Committed Loyalists,0.1267582194031302,12.68%,No,Low Risk,Stable Account Profile
4923-ADWXJ,Segment 3: Short-Term High-Charge Users,0.3027917581525872,30.28%,No,Medium Risk,Month-to-month Contract
1763-KUAAW,Segment 1: Long-Term Committed Loyalists,0.09564398734782632,9.56%,No,Low Risk,Stable Account Profile
1104-TNLZA,Segment 3: Short-Term High-Charge Users,0.7104904262355872,71.05%,Yes,High Risk,Month-to-month Contract; Electronic Check Payment; High Monthly Fee
5195-KPUNQ,Segment 1: Long-Term Committed Loyalists,0.21955430687540645,21.96%,No,Low Risk,High Monthly Fee
0520-FDVVT,Segment 1: Long-Term Committed Loyalists,0.49178287435316054,49.18%,No,Medium Risk,No Tech Support; High Monthly Fee
3439-GVUSX,Segment 3: Short-Term High-Charge Users,0.6618722821746226,66.19%,Yes,High Risk,Month-to-month Contract; Low Tenure (0-12m); No Tech Support
1444-VVSGW,Segment 1: Long-Term Committed Loyalists,0.3695907188338391,36.96%,No,Medium Risk,High Monthly Fee
5712-PTIWW,Segment 3: Short-Term High-Charge Users,0.8476196882258132,84.76%,Yes,High Risk,Month-to-month Contract; Low Tenure (0-12m); Electronic Check Payment
5949-HGVJL,Segment 3: Short-Term High-Charge Users,0.3456838315906166,34.57%,No,Medium Risk,Month-to-month Contract; Electronic Check Payment; High Monthly Fee
5203-XEHAX,Segment 1: Long-Term Committed Loyalists,0.15458976862318563,15.46%,No,Low Risk,Electronic Check Payment; No Tech Support
1635-HDGFT,Segment 1: Long-Term Committed Loyalists,0.028931849760399295,2.89%,No,Low Risk,Stable Account Profile
3315-TOTBP,Segment 3: Short-Term High-Charge Users,0.6866779840252698,68.67%,Yes,High Risk,Month-to-month Contract; No Tech Support; High Monthly Fee
8050-XGRVL,Segment 1: Long-Term Committed Loyalists,0.09731236018459365,9.73%,No,Low Risk,No Tech Support
6661-HBGWL,Segment 3: Short-Term High-Charge Users,0.7144339372577574,71.44%,Yes,High Risk,Month-to-month Contract; No Tech Support; High Monthly Fee
1518-VOWAV,Segment 3: Short-Term High-Charge Users,0.6628425026343802,66.28%,Yes,High Risk,Month-to-month Contract; Low Tenure (0-12m); Electronic Check Payment
9828-QHFBK,Segment 3: Short-Term High-Charge Users,0.33113877051335106,33.11%,No,Medium Risk,Month-to-month Contract; Electronic Check Payment; No Tech Support
3908-MKIMJ,Segment 1: Long-Term Committed Loyalists,0.14903761346970154,14.9%,No,Low Risk,Electronic Check Payment; No Tech Support
5012-YSPJJ,Segment 3: Short-Term High-Charge Users,0.19408328508591854,19.41%,No,Low Risk,Month-to-month Contract
5909-ECHUI,Segment 3: Short-Term High-Charge Users,0.8001005576948185,80.01%,Yes,High Risk,Month-to-month Contract; Low Tenure (0-12m); Electronic Check Payment
1309-BXVOQ,Segment 3: Short-Term High-Charge Users,0.8036627131088948,80.37%,Yes,High Risk,Month-to-month Contract; Electronic Check Payment; High Monthly Fee
6728-VOIFY,Segment 1: Long-Term Committed Loyalists,0.38312087145832924,38.31%,No,Medium Risk,Electronic Check Payment; No Tech Support; High Monthly Fee
9317-WZPGV,Segment 3: Short-Term High-Charge Users,0.866385409206903,86.64%,Yes,High Risk,Month-to-month Contract; Low Tenure (0-12m); No Tech Support
4891-NLUBA,Segment 1: Long-Term Committed Loyalists,0.044603479402858755,4.46%,No,Low Risk,Stable Account Profile
2856-HYAPG,Segment 3: Short-Term High-Charge Users,0.8979002234397597,89.79%,Yes,High Risk,Month-to-month Contract; Low Tenure (0-12m); Electronic Check Payment
8969-PRHFK,Segment 1: Long-Term Committed Loyalists,0.04133254406996525,4.13%,No,Low Risk,Stable Account Profile
0661-KQHNK,Segment 1: Long-Term Committed Loyalists,0.09746629433980117,9.75%,No,Low Risk,Low Tenure (0-12m)
8709-KRDVL,Segment 3: Short-Term High-Charge Users,0.7242676276802855,72.43%,Yes,High Risk,Month-to-month Contract; Electronic Check Payment; No Tech Support
4488-PSYCG,Segment 3: Short-Term High-Charge Users,0.34780832011658225,34.78%,No,Medium Risk,Month-to-month Contract
1427-VERSM,Segment 3: Short-Term High-Charge Users,0.5852764873466859,58.53%,Yes,Medium Risk,Month-to-month Contract; Electronic Check Payment; High Monthly Fee
9801-NOSHQ,Segment 1: Long-Term Committed Loyalists,0.015804812872914898,1.58%,No,Low Risk,Stable Account Profile
6339-YPSAH,Segment 3: Short-Term High-Charge Users,0.7858173142851399,78.58%,Yes,High Risk,Month-to-month Contract; Low Tenure (0-12m); Electronic Check Payment
3621-CEOVK,Segment 3: Short-Term High-Charge Users,0.8411925099096041,84.12%,Yes,High Risk,Month-to-month Contract; Electronic Check Payment; No Tech Support
6906-ANDWJ,Segment 3: Short-Term High-Charge Users,0.6863070960044506,68.63%,Yes,High Risk,Month-to-month Contract; No Tech Support; High Monthly Fee
2159-TURXX,Segment 3: Short-Term High-Charge Users,0.22213732569825012,22.21%,No,Low Risk,Month-to-month Contract; Low Tenure (0-12m)
1548-FEHVL,Segment 1: Long-Term Committed Loyalists,0.4599962581160287,46.0%,No,Medium Risk,Month-to-month Contract; Electronic Check Payment; No Tech Support
3795-CAWEX,Segment 1: Long-Term Committed Loyalists,0.12794251678905041,12.79%,No,Low Risk,High Monthly Fee
6215-NQCPY,Segment 3: Short-Term High-Charge Users,0.7993410722549692,79.93%,Yes,High Risk,Month-to-month Contract; Electronic Check Payment; No Tech Support
5647-URDKA,Segment 1: Long-Term Committed Loyalists,0.05458384794163038,5.46%,No,Low Risk,Low Tenure (0-12m)
2229-DPMBI,Segment 1: Long-Term Committed Loyalists,0.03895086338364188,3.9%,No,Low Risk,Low Tenure (0-12m)
9626-WEQRM,Segment 3: Short-Term High-Charge Users,0.5244589812259641,52.45%,Yes,Medium Risk,Month-to-month Contract; Low Tenure (0-12m); No Tech Support
2188-SXWVT,Segment 1: Long-Term Committed Loyalists,0.13839801643144528,13.84%,No,Low Risk,No Tech Support
6258-PVZWJ,Segment 1: Long-Term Committed Loyalists,0.030297759818385353,3.03%,No,Low Risk,High Monthly Fee
1094-BKOSX,Segment 1: Long-Term Committed Loyalists,0.22358760321861892,22.36%,No,Low Risk,Stable Account Profile
6969-MVBAI,Segment 3: Short-Term High-Charge Users,0.8750903926974606,87.51%,Yes,High Risk,Month-to-month Contract; Low Tenure (0-12m); Electronic Check Payment
2978-XXSOG,Segment 3: Short-Term High-Charge Users,0.2999696341672152,30.0%,No,Low Risk,Month-to-month Contract
2342-CKIAO,Segment 3: Short-Term High-Charge Users,0.193984628757246,19.4%,No,Low Risk,Month-to-month Contract; Low Tenure (0-12m)
6953-PBDIN,Segment 1: Long-Term Committed Loyalists,0.07097992351354156,7.1%,No,Low Risk,High Monthly Fee
3898-BSJYF,Segment 1: Long-Term Committed Loyalists,0.24329918674787748,24.33%,No,Low Risk,Low Tenure (0-12m); High Monthly Fee
3938-YFPXD,Segment 1: Long-Term Committed Loyalists,0.030000727067021303,3.0%,No,Low Risk,High Monthly Fee
7696-AMHOD,Segment 1: Long-Term Committed Loyalists,0.16345875218369169,16.35%,No,Low Risk,No Tech Support; High Monthly Fee
2453-SAFNS,Segment 1: Long-Term Committed Loyalists,0.10672882243986677,10.67%,No,Low Risk,High Monthly Fee
9558-IHEZX,Segment 1: Long-Term Committed Loyalists,0.17499064315297658,17.5%,No,Low Risk,No Tech Support; High Monthly Fee
9617-UDPEU,Segment 1: Long-Term Committed Loyalists,0.0230687458503107,2.31%,No,Low Risk,Stable Account Profile
6340-DACFT,Segment 1: Long-Term Committed Loyalists,0.012191283227900392,1.22%,No,Low Risk,Stable Account Profile
4955-VCWBI,Segment 1: Long-Term Committed Loyalists,0.019455999825555237,1.95%,No,Low Risk,Stable Account Profile
6813-GZQCG,Segment 1: Long-Term Committed Loyalists,0.0487516412109829,4.88%,No,Low Risk,Stable Account Profile
7426-GSWPO,Segment 1: Long-Term Committed Loyalists,0.40694393478498037,40.69%,No,Medium Risk,Month-to-month Contract; No Tech Support; High Monthly Fee
3389-KTRXV,Segment 1: Long-Term Committed Loyalists,0.06158302190046223,6.16%,No,Low Risk,Stable Account Profile
3118-UHVVQ,Segment 1: Long-Term Committed Loyalists,0.021319919924553427,2.13%,No,Low Risk,Stable Account Profile
1031-IIDEO,Segment 3: Short-Term High-Charge Users,0.9158885509423105,91.59%,Yes,High Risk,Month-to-month Contract; Low Tenure (0-12m); Electronic Check Payment
5832-XKAES,Segment 3: Short-Term High-Charge Users,0.8069976478547207,80.7%,Yes,High Risk,Month-to-month Contract; Low Tenure (0-12m); No Tech Support
3205-MXZRA,Segment 1: Long-Term Committed Loyalists,0.19052704601778087,19.05%,No,Low Risk,Stable Account Profile
4701-AHWMW,Segment 3: Short-Term High-Charge Users,0.2879266988398999,28.79%,No,Low Risk,Month-to-month Contract
8317-BVKSO,Segment 3: Short-Term High-Charge Users,0.21772563687069024,21.77%,No,Low Risk,Month-to-month Contract; Electronic Check Payment
5702-KVQRD,Segment 1: Long-Term Committed Loyalists,0.06461612854322428,6.46%,No,Low Risk,Electronic Check Payment; High Monthly Fee
0083-PIVIK,Segment 1: Long-Term Committed Loyalists,0.14116161023636434,14.12%,No,Low Risk,Electronic Check Payment; High Monthly Fee
9210-IAHGH,Segment 3: Short-Term High-Charge Users,0.6371050986594625,63.71%,Yes,High Risk,Month-to-month Contract; Low Tenure (0-12m); High Monthly Fee
6169-PGNCD,Segment 1: Long-Term Committed Loyalists,0.04145412977134064,4.15%,No,Low Risk,High Monthly Fee
0023-XUOPT,Segment 3: Short-Term High-Charge Users,0.7393602701635652,73.94%,Yes,High Risk,Month-to-month Contract; Electronic Check Payment; No Tech Support
4592-IWTJI,Segment 3: Short-Term High-Charge Users,0.6341664965966426,63.42%,Yes,High Risk,Month-to-month Contract; Low Tenure (0-12m); No Tech Support
4909-JOUPP,Segment 1: Long-Term Committed Loyalists,0.1288216071759858,12.88%,No,Low Risk,High Monthly Fee
4657-FWVFY,Segment 3: Short-Term High-Charge Users,0.5778176819123925,57.78%,Yes,Medium Risk,Month-to-month Contract; No Tech Support; High Monthly Fee
2257-BOVXD,Segment 3: Short-Term High-Charge Users,0.43471849681728725,43.47%,No,Medium Risk,Month-to-month Contract
7729-JTEEC,Segment 3: Short-Term High-Charge Users,0.7665646543772912,76.66%,Yes,High Risk,Month-to-month Contract; Low Tenure (0-12m); Electronic Check Payment
7632-MNYOY,Segment 1: Long-Term Committed Loyalists,0.5050233065536088,50.5%,Yes,Medium Risk,High Monthly Fee
6518-LGAOV,Segment 3: Short-Term High-Charge Users,0.7310616771926629,73.11%,Yes,High Risk,Month-to-month Contract; Electronic Check Payment; High Monthly Fee
7242-QZLXF,Segment 3: Short-Term High-Charge Users,0.812326474420666,81.23%,Yes,High Risk,Month-to-month Contract; Low Tenure (0-12m); Electronic Check Payment
4576-CSAJH,Segment 1: Long-Term Committed Loyalists,0.4052605344988641,40.53%,No,Medium Risk,Stable Account Profile
1000-AJSLD,Segment 3: Short-Term High-Charge Users,0.7494009127769847,74.94%,Yes,High Risk,Month-to-month Contract; Low Tenure (0-12m)
9696-RMYBA,Segment 3: Short-Term High-Charge Users,0.8369558205830875,83.7%,Yes,High Risk,Month-to-month Contract; Low Tenure (0-12m); No Tech Support
8690-UPCZI,Segment 1: Long-Term Committed Loyalists,0.13849314986669103,13.85%,No,Low Risk,Stable Account Profile
1062-LHZOD,Segment 3: Short-Term High-Charge Users,0.9129725388767241,91.3%,Yes,High Risk,Month-to-month Contract; Low Tenure (0-12m); No Tech Support
9770-LXDBK,Segment 3: Short-Term High-Charge Users,0.24448140017785538,24.45%,No,Low Risk,Month-to-month Contract; Low Tenure (0-12m)
4086-WITJG,Segment 1: Long-Term Committed Loyalists,0.022842575306262915,2.28%,No,Low Risk,Stable Account Profile
8344-WFMFH,Segment 3: Short-Term High-Charge Users,0.5077313288745575,50.77%,Yes,Medium Risk,Month-to-month Contract; Low Tenure (0-12m); Electronic Check Payment
9600-NAXZN,Segment 3: Short-Term High-Charge Users,0.7641047701983201,76.41%,Yes,High Risk,Month-to-month Contract; Electronic Check Payment; No Tech Support
8822-KNBHV,Segment 1: Long-Term Committed Loyalists,0.206002314667711,20.6%,No,Low Risk,No Tech Support; High Monthly Fee
8404-FYDIB,Segment 3: Short-Term High-Charge Users,0.5993742139354103,59.94%,Yes,Medium Risk,Month-to-month Contract; No Tech Support; High Monthly Fee
2791-SFVEW,Segment 3: Short-Term High-Charge Users,0.2618529348013273,26.19%,No,Low Risk,Month-to-month Contract; Low Tenure (0-12m)
6457-USBER,Segment 3: Short-Term High-Charge Users,0.9281570878439105,92.82%,Yes,High Risk,Month-to-month Contract; Low Tenure (0-12m); Electronic Check Payment
6762-NSODU,Segment 1: Long-Term Committed Loyalists,0.008395522614902406,0.84%,No,Low Risk,Stable Account Profile
4662-EKDPQ,Segment 3: Short-Term High-Charge Users,0.7035998708570783,70.36%,Yes,High Risk,Month-to-month Contract; Low Tenure (0-12m); No Tech Support
9248-OJYKK,Segment 3: Short-Term High-Charge Users,0.9370586481898326,93.71%,Yes,High Risk,Month-to-month Contract; Low Tenure (0-12m); Electronic Check Payment
9888-ZCUMM,Segment 1: Long-Term Committed Loyalists,0.03969010157571412,3.97%,No,Low Risk,Stable Account Profile
3398-FSHON,Segment 3: Short-Term High-Charge Users,0.8403356677333546,84.03%,Yes,High Risk,Month-to-month Contract; Low Tenure (0-12m); Electronic Check Payment
3319-DWOEP,Segment 3: Short-Term High-Charge Users,0.8871972896613153,88.72%,Yes,High Risk,Month-to-month Contract; Low Tenure (0-12m); Electronic Check Payment
1074-WVEVG,Segment 1: Long-Term Committed Loyalists,0.06149815436818129,6.15%,No,Low Risk,Stable Account Profile
9979-RGMZT,Segment 3: Short-Term High-Charge Users,0.8026922720803872,80.27%,Yes,High Risk,Low Tenure (0-12m); No Tech Support; High Monthly Fee
6437-UDQJM,Segment 1: Long-Term Committed Loyalists,0.10261446057468565,10.26%,No,Low Risk,No Tech Support; High Monthly Fee
1226-IENZN,Segment 3: Short-Term High-Charge Users,0.7363859736693167,73.64%,Yes,High Risk,Month-to-month Contract; Electronic Check Payment; No Tech Support
2108-GLPQB,Segment 3: Short-Term High-Charge Users,0.26187853988441784,26.19%,No,Low Risk,Month-to-month Contract; No Tech Support
9259-PACGQ,Segment 3: Short-Term High-Charge Users,0.37641362705538695,37.64%,No,Medium Risk,Month-to-month Contract; Electronic Check Payment
4415-IJZTP,Segment 3: Short-Term High-Charge Users,0.9290654402651205,92.91%,Yes,High Risk,Month-to-month Contract; Low Tenure (0-12m); Electronic Check Payment
1465-VINDH,Segment 3: Short-Term High-Charge Users,0.8846811140523022,88.47%,Yes,High Risk,Month-to-month Contract; Low Tenure (0-12m); No Tech Support
5474-LAMUQ,Segment 1: Long-Term Committed Loyalists,0.017340247922389827,1.73%,No,Low Risk,Stable Account Profile
3468-DRVQJ,Segment 3: Short-Term High-Charge Users,0.3843582549127724,38.44%,No,Medium Risk,Low Tenure (0-12m); Electronic Check Payment; No Tech Support
1122-YJBCS,Segment 1: Long-Term Committed Loyalists,0.11424239088300475,11.42%,No,Low Risk,No Tech Support
4990-ALDGW,Segment 1: Long-Term Committed Loyalists,0.044827971973207634,4.48%,No,Low Risk,Stable Account Profile
4816-OKWNX,Segment 1: Long-Term Committed Loyalists,0.4702369445911967,47.02%,No,Medium Risk,High Monthly Fee
3315-IKYZQ,Segment 1: Long-Term Committed Loyalists,0.09131895458122556,9.13%,No,Low Risk,Stable Account Profile
2810-FTLEM,Segment 3: Short-Term High-Charge Users,0.5723825939809121,57.24%,Yes,Medium Risk,Month-to-month Contract; Electronic Check Payment; No Tech Support
4747-LCAQL,Segment 3: Short-Term High-Charge Users,0.2679528222581667,26.8%,No,Low Risk,Month-to-month Contract; High Monthly Fee
3411-WLRSQ,Segment 3: Short-Term High-Charge Users,0.8182605938035467,81.83%,Yes,High Risk,Month-to-month Contract; Low Tenure (0-12m); No Tech Support
0898-XCGTF,Segment 1: Long-Term Committed Loyalists,0.3633250679883193,36.33%,No,Medium Risk,No Tech Support; High Monthly Fee
8006-PYCSW,Segment 3: Short-Term High-Charge Users,0.19805386361995073,19.81%,No,Low Risk,Month-to-month Contract; Low Tenure (0-12m)
8249-THVEC,Segment 1: Long-Term Committed Loyalists,0.04110286196836543,4.11%,No,Low Risk,Stable Account Profile
8722-PRFDV,Segment 1: Long-Term Committed Loyalists,0.06615972139811287,6.62%,No,Low Risk,No Tech Support; High Monthly Fee
2164-SOQXL,Segment 3: Short-Term High-Charge Users,0.12032516151021568,12.03%,No,Low Risk,Month-to-month Contract
4020-KIUDI,Segment 3: Short-Term High-Charge Users,0.20178812803556295,20.18%,No,Low Risk,Month-to-month Contract; Low Tenure (0-12m)
5850-BDWCY,Segment 3: Short-Term High-Charge Users,0.24406181548387768,24.41%,No,Low Risk,Month-to-month Contract; Low Tenure (0-12m)
2038-YSEZE,Segment 3: Short-Term High-Charge Users,0.19589948401840102,19.59%,No,Low Risk,Month-to-month Contract
0827-ITJPH,Segment 1: Long-Term Committed Loyalists,0.01169546180586625,1.17%,No,Low Risk,Stable Account Profile
8799-OXZMD,Segment 3: Short-Term High-Charge Users,0.37975108122908857,37.98%,No,Medium Risk,Month-to-month Contract; No Tech Support
1925-TIBLE,Segment 3: Short-Term High-Charge Users,0.8834634008711906,88.35%,Yes,High Risk,Month-to-month Contract; Low Tenure (0-12m); Electronic Check Payment
1705-GUHPV,Segment 1: Long-Term Committed Loyalists,0.011566778541389364,1.16%,No,Low Risk,Stable Account Profile
4779-ZGICK,Segment 1: Long-Term Committed Loyalists,0.016296339110590113,1.63%,No,Low Risk,Stable Account Profile
0048-PIHNL,Segment 1: Long-Term Committed Loyalists,0.07246888696607105,7.25%,No,Low Risk,Stable Account Profile
0818-OCPZO,Segment 3: Short-Term High-Charge Users,0.7128894283637478,71.29%,Yes,High Risk,Month-to-month Contract; Electronic Check Payment; No Tech Support
3967-KXAPS,Segment 1: Long-Term Committed Loyalists,0.01802013142987398,1.8%,No,Low Risk,High Monthly Fee
1447-GIQMR,Segment 3: Short-Term High-Charge Users,0.9310440742593967,93.1%,Yes,High Risk,Month-to-month Contract; Low Tenure (0-12m); Electronic Check Payment
3704-IEAXF,Segment 1: Long-Term Committed Loyalists,0.13173077148888987,13.17%,No,Low Risk,Stable Account Profile
6810-VCAEX,Segment 1: Long-Term Committed Loyalists,0.09531562105119354,9.53%,No,Low Risk,Stable Account Profile
0674-EYYZV,Segment 3: Short-Term High-Charge Users,0.7932738994910125,79.33%,Yes,High Risk,Month-to-month Contract; Low Tenure (0-12m); Electronic Check Payment
4480-MBMLB,Segment 1: Long-Term Committed Loyalists,0.455225623873541,45.52%,No,Medium Risk,No Tech Support; High Monthly Fee
1395-OFUWC,Segment 3: Short-Term High-Charge Users,0.4590601972369889,45.91%,No,Medium Risk,Month-to-month Contract; No Tech Support
0822-QGCXA,Segment 3: Short-Term High-Charge Users,0.36761340937706344,36.76%,No,Medium Risk,Month-to-month Contract; Electronic Check Payment; High Monthly Fee
0872-NXJYS,Segment 3: Short-Term High-Charge Users,0.8352612189779596,83.53%,Yes,High Risk,Month-to-month Contract; Low Tenure (0-12m); Electronic Check Payment
2832-KJCRD,Segment 3: Short-Term High-Charge Users,0.7238067156742415,72.38%,Yes,High Risk,Month-to-month Contract; Electronic Check Payment; High Monthly Fee
3588-WSTTJ,Segment 3: Short-Term High-Charge Users,0.6989753847791985,69.9%,Yes,High Risk,Month-to-month Contract; Electronic Check Payment; No Tech Support
4075-WKNIU,Segment 1: Long-Term Committed Loyalists,0.10899467253580641,10.9%,No,Low Risk,Low Tenure (0-12m); High Monthly Fee
5090-EMGTC,Segment 1: Long-Term Committed Loyalists,0.21690400825568198,21.69%,No,Low Risk,High Monthly Fee
2346-CZYIL,Segment 1: Long-Term Committed Loyalists,0.012599539578555585,1.26%,No,Low Risk,Stable Account Profile
3798-EPWRR,Segment 3: Short-Term High-Charge Users,0.7364474117765416,73.64%,Yes,High Risk,Month-to-month Contract; Low Tenure (0-12m); Electronic Check Payment
6258-NGCNG,Segment 3: Short-Term High-Charge Users,0.25604169307784297,25.6%,No,Low Risk,Month-to-month Contract; Low Tenure (0-12m)
4186-ZBUEW,Segment 1: Long-Term Committed Loyalists,0.28107938651254744,28.11%,No,Low Risk,High Monthly Fee
5274-XHAKY,Segment 3: Short-Term High-Charge Users,0.5351376673869711,53.51%,Yes,Medium Risk,Month-to-month Contract; No Tech Support; High Monthly Fee
1442-BQPVU,Segment 3: Short-Term High-Charge Users,0.48507913040888195,48.51%,No,Medium Risk,Month-to-month Contract; Electronic Check Payment; No Tech Support
3978-YNKDD,Segment 1: Long-Term Committed Loyalists,0.04926580408767716,4.93%,No,Low Risk,Stable Account Profile
4940-KHCWD,Segment 1: Long-Term Committed Loyalists,0.04026815361790612,4.03%,No,Low Risk,Stable Account Profile
9412-ARGBX,Segment 1: Long-Term Committed Loyalists,0.1724054108248837,17.24%,No,Low Risk,High Monthly Fee
1389-CXMLU,Segment 3: Short-Term High-Charge Users,0.8623556450759052,86.24%,Yes,High Risk,Month-to-month Contract; Low Tenure (0-12m); Electronic Check Payment
9589-ABEPT,Segment 1: Long-Term Committed Loyalists,0.12103814588505851,12.1%,No,Low Risk,High Monthly Fee
9388-ZEYVT,Segment 1: Long-Term Committed Loyalists,0.17562974225037606,17.56%,No,Low Risk,Electronic Check Payment
0305-SQECB,Segment 1: Long-Term Committed Loyalists,0.15293017196018585,15.29%,No,Low Risk,Low Tenure (0-12m)
7605-SNLQG,Segment 3: Short-Term High-Charge Users,0.2682259249917549,26.82%,No,Low Risk,Month-to-month Contract; No Tech Support
4670-TABXH,Segment 1: Long-Term Committed Loyalists,0.2273059556897176,22.73%,No,Low Risk,High Monthly Fee
5561-NWEVX,Segment 3: Short-Term High-Charge Users,0.8576153630195598,85.76%,Yes,High Risk,Month-to-month Contract; Low Tenure (0-12m); Electronic Check Payment
0064-SUDOG,Segment 1: Long-Term Committed Loyalists,0.07909952746899938,7.91%,No,Low Risk,Low Tenure (0-12m)
8561-NMTBD,Segment 1: Long-Term Committed Loyalists,0.3196162345141639,31.96%,No,Medium Risk,High Monthly Fee
5161-XEUVX,Segment 1: Long-Term Committed Loyalists,0.19877719961037854,19.88%,No,Low Risk,High Monthly Fee
8292-FRFZQ,Segment 1: Long-Term Committed Loyalists,0.09954860765887445,9.95%,No,Low Risk,Stable Account Profile
8591-NXRCV,Segment 3: Short-Term High-Charge Users,0.23938016757715944,23.94%,No,Low Risk,Month-to-month Contract; High Monthly Fee
7895-VONWT,Segment 3: Short-Term High-Charge Users,0.43664654008840303,43.66%,No,Medium Risk,Month-to-month Contract; Electronic Check Payment; No Tech Support
4526-RMTLL,Segment 1: Long-Term Committed Loyalists,0.11591694410425445,11.59%,No,Low Risk,Low Tenure (0-12m); High Monthly Fee
6253-GNHWH,Segment 1: Long-Term Committed Loyalists,0.05307934887710943,5.31%,No,Low Risk,High Monthly Fee
4566-NECEV,Segment 3: Short-Term High-Charge Users,0.8419598470046463,84.2%,Yes,High Risk,Month-to-month Contract; Low Tenure (0-12m); Electronic Check Payment
8080-POTJR,Segment 1: Long-Term Committed Loyalists,0.2559313565957018,25.59%,No,Low Risk,No Tech Support; High Monthly Fee
6906-MPARY,Segment 1: Long-Term Committed Loyalists,0.31932262676523826,31.93%,No,Medium Risk,High Monthly Fee
3662-FXJFO,Segment 1: Long-Term Committed Loyalists,0.049699084540458155,4.97%,No,Low Risk,Stable Account Profile
8107-RZLNV,Segment 1: Long-Term Committed Loyalists,0.2780752404609591,27.81%,No,Low Risk,No Tech Support; High Monthly Fee
0516-OOHAR,Segment 1: Long-Term Committed Loyalists,0.3556470318656883,35.56%,No,Medium Risk,No Tech Support; High Monthly Fee
2027-CWDNU,Segment 3: Short-Term High-Charge Users,0.6923017831496747,69.23%,Yes,High Risk,Month-to-month Contract; Electronic Check Payment; High Monthly Fee
2737-WFVYW,Segment 3: Short-Term High-Charge Users,0.8296992985158645,82.97%,Yes,High Risk,Month-to-month Contract; Low Tenure (0-12m); Electronic Check Payment
9912-OMZDS,Segment 1: Long-Term Committed Loyalists,0.5425087802640415,54.25%,Yes,Medium Risk,Electronic Check Payment; No Tech Support; High Monthly Fee
3733-ZEECP,Segment 3: Short-Term High-Charge Users,0.4477378824215597,44.77%,No,Medium Risk,Month-to-month Contract; Electronic Check Payment
7878-RTCZG,Segment 3: Short-Term High-Charge Users,0.6545330160288991,65.45%,Yes,High Risk,Month-to-month Contract; Low Tenure (0-12m)
2452-MRMZF,Segment 1: Long-Term Committed Loyalists,0.028922316626127157,2.89%,No,Low Risk,Stable Account Profile
2272-QAGFO,Segment 3: Short-Term High-Charge Users,0.771087588499517,77.11%,Yes,High Risk,Month-to-month Contract; Electronic Check Payment; No Tech Support
7103-IPXPJ,Segment 1: Long-Term Committed Loyalists,0.4649718064156454,46.5%,No,Medium Risk,Electronic Check Payment; High Monthly Fee
4342-HFXWS,Segment 1: Long-Term Committed Loyalists,0.1118043573280868,11.18%,No,Low Risk,Stable Account Profile
3545-CNWRG,Segment 3: Short-Term High-Charge Users,0.6585317690484538,65.85%,Yes,High Risk,Month-to-month Contract; Electronic Check Payment; No Tech Support
1785-BPHTP,Segment 3: Short-Term High-Charge Users,0.5838317493331723,58.38%,Yes,Medium Risk,Month-to-month Contract; Electronic Check Payment; No Tech Support
4989-LIXVT,Segment 1: Long-Term Committed Loyalists,0.37677019703232956,37.68%,No,Medium Risk,Month-to-month Contract; Electronic Check Payment; No Tech Support
7315-WYOAW,Segment 3: Short-Term High-Charge Users,0.7682645542563126,76.83%,Yes,High Risk,Month-to-month Contract; Electronic Check Payment; High Monthly Fee
1173-XZPYF,Segment 3: Short-Term High-Charge Users,0.8363075626256382,83.63%,Yes,High Risk,Month-to-month Contract; Low Tenure (0-12m); Electronic Check Payment
9850-OWRHQ,Segment 3: Short-Term High-Charge Users,0.850172990497816,85.02%,Yes,High Risk,Month-to-month Contract; Low Tenure (0-12m); No Tech Support
3768-NLUBH,Segment 3: Short-Term High-Charge Users,0.6981597523679537,69.82%,Yes,High Risk,Month-to-month Contract; Electronic Check Payment; No Tech Support
8676-TRMJS,Segment 3: Short-Term High-Charge Users,0.8295629524077038,82.96%,Yes,High Risk,Month-to-month Contract; Low Tenure (0-12m); No Tech Support
2509-TFPJU,Segment 1: Long-Term Committed Loyalists,0.007738882731354191,0.77%,No,Low Risk,Stable Account Profile
9530-GRMJG,Segment 1: Long-Term Committed Loyalists,0.10319393672744122,10.32%,No,Low Risk,Electronic Check Payment; High Monthly Fee
6898-RBTLU,Segment 1: Long-Term Committed Loyalists,0.05316218186721282,5.32%,No,Low Risk,High Monthly Fee
5481-NTDOH,Segment 1: Long-Term Committed Loyalists,0.37654936338155187,37.65%,No,Medium Risk,No Tech Support; High Monthly Fee
2068-WWXQZ,Segment 1: Long-Term Committed Loyalists,0.01103871005299756,1.1%,No,Low Risk,Stable Account Profile
7359-SSBJK,Segment 1: Long-Term Committed Loyalists,0.2962238049293407,29.62%,No,Low Risk,High Monthly Fee
2061-VVFST,Segment 3: Short-Term High-Charge Users,0.2155290641448028,21.55%,No,Low Risk,Month-to-month Contract
0685-MLYYM,Segment 3: Short-Term High-Charge Users,0.8098895285748925,80.99%,Yes,High Risk,Month-to-month Contract; Low Tenure (0-12m); Electronic Check Payment
0749-IRGQE,Segment 3: Short-Term High-Charge Users,0.6536021745925719,65.36%,Yes,High Risk,Month-to-month Contract; Electronic Check Payment; No Tech Support
2380-DAMQP,Segment 1: Long-Term Committed Loyalists,0.04504619723139961,4.5%,No,Low Risk,Electronic Check Payment; High Monthly Fee
2256-YLYLP,Segment 1: Long-Term Committed Loyalists,0.07328077064074727,7.33%,No,Low Risk,High Monthly Fee
1272-ILHFG,Segment 1: Long-Term Committed Loyalists,0.045892075956792455,4.59%,No,Low Risk,Stable Account Profile
0164-XAIRP,Segment 1: Long-Term Committed Loyalists,0.017116978105687453,1.71%,No,Low Risk,Stable Account Profile
5666-CYCYZ,Segment 3: Short-Term High-Charge Users,0.7010107235798846,70.1%,Yes,High Risk,Month-to-month Contract; Electronic Check Payment; High Monthly Fee
4011-ARPHK,Segment 3: Short-Term High-Charge Users,0.22066591618723624,22.07%,No,Low Risk,Month-to-month Contract; No Tech Support
8182-PNAGI,Segment 3: Short-Term High-Charge Users,0.47310861624078976,47.31%,No,Medium Risk,Month-to-month Contract; Low Tenure (0-12m)
6365-HITVU,Segment 1: Long-Term Committed Loyalists,0.01459497017579048,1.46%,No,Low Risk,High Monthly Fee
7558-IMLMT,Segment 1: Long-Term Committed Loyalists,0.00841139852939459,0.84%,No,Low Risk,Stable Account Profile
9488-FYQAU,Segment 1: Long-Term Committed Loyalists,0.3177213917832122,31.77%,No,Medium Risk,High Monthly Fee
3590-TCXTB,Segment 3: Short-Term High-Charge Users,0.46718069653033156,46.72%,No,Medium Risk,Month-to-month Contract; Low Tenure (0-12m)
6994-KERXL,Segment 3: Short-Term High-Charge Users,0.6211654479821139,62.12%,Yes,High Risk,Month-to-month Contract; Low Tenure (0-12m); Electronic Check Payment
7957-RYHQD,Segment 3: Short-Term High-Charge Users,0.5665315291504408,56.65%,Yes,Medium Risk,Month-to-month Contract; No Tech Support; High Monthly Fee
2180-DXNEG,Segment 3: Short-Term High-Charge Users,0.8522144267701454,85.22%,Yes,High Risk,Month-to-month Contract; Low Tenure (0-12m); Electronic Check Payment
1960-UOTYM,Segment 1: Long-Term Committed Loyalists,0.1099073252184585,10.99%,No,Low Risk,Electronic Check Payment; No Tech Support; High Monthly Fee
2740-JFBOK,Segment 3: Short-Term High-Charge Users,0.16038772102597376,16.04%,No,Low Risk,Month-to-month Contract; Low Tenure (0-12m); Electronic Check Payment
6500-JVEGC,Segment 1: Long-Term Committed Loyalists,0.25815529968374246,25.82%,No,Low Risk,No Tech Support; High Monthly Fee
5515-AKOAJ,Segment 3: Short-Term High-Charge Users,0.6721962704691529,67.22%,Yes,High Risk,Month-to-month Contract; Electronic Check Payment; High Monthly Fee
8976-OQHGT,Segment 3: Short-Term High-Charge Users,0.5654617763731515,56.55%,Yes,Medium Risk,Month-to-month Contract; Low Tenure (0-12m)
5245-VDBUR,Segment 1: Long-Term Committed Loyalists,0.1349512549965913,13.5%,No,Low Risk,No Tech Support
6230-BSUXY,Segment 3: Short-Term High-Charge Users,0.9214213755529471,92.14%,Yes,High Risk,Month-to-month Contract; Low Tenure (0-12m); Electronic Check Payment
8469-SNFFH,Segment 1: Long-Term Committed Loyalists,0.1468841645037543,14.69%,No,Low Risk,High Monthly Fee
2144-ESWKO,Segment 1: Long-Term Committed Loyalists,0.1756348163068943,17.56%,No,Low Risk,No Tech Support
1241-FPMOF,Segment 1: Long-Term Committed Loyalists,0.04433046407559497,4.43%,No,Low Risk,Stable Account Profile
9928-BZVLZ,Segment 1: Long-Term Committed Loyalists,0.08306177640215887,8.31%,No,Low Risk,Low Tenure (0-12m)
4114-QMKVN,Segment 1: Long-Term Committed Loyalists,0.13207694633648573,13.21%,No,Low Risk,No Tech Support
2775-SEFEE,Segment 1: Long-Term Committed Loyalists,0.12618603815828489,12.62%,No,Low Risk,Low Tenure (0-12m)
9003-CPATH,Segment 3: Short-Term High-Charge Users,0.5614815682966906,56.15%,Yes,Medium Risk,Month-to-month Contract; Electronic Check Payment; No Tech Support
1754-GKYPY,Segment 3: Short-Term High-Charge Users,0.6863141817288286,68.63%,Yes,High Risk,Month-to-month Contract; No Tech Support; High Monthly Fee
5294-CDGWY,Segment 1: Long-Term Committed Loyalists,0.40818668770373173,40.82%,No,Medium Risk,Electronic Check Payment; No Tech Support
7956-XQWGU,Segment 3: Short-Term High-Charge Users,0.09480038308054503,9.48%,No,Low Risk,Month-to-month Contract
1591-MQJTP,Segment 1: Long-Term Committed Loyalists,0.3534427540335915,35.34%,No,Medium Risk,No Tech Support; High Monthly Fee
5295-PCJOO,Segment 3: Short-Term High-Charge Users,0.7411309555497358,74.11%,Yes,High Risk,Month-to-month Contract; Low Tenure (0-12m); Electronic Check Payment
2369-FEVNO,Segment 3: Short-Term High-Charge Users,0.7302490667372942,73.02%,Yes,High Risk,Month-to-month Contract; Low Tenure (0-12m)
9863-JZAIC,Segment 3: Short-Term High-Charge Users,0.33944518726134004,33.94%,No,Medium Risk,Month-to-month Contract; No Tech Support
7471-MQPOS,Segment 1: Long-Term Committed Loyalists,0.21014050946564464,21.01%,No,Low Risk,High Monthly Fee
7660-HDPJV,Segment 3: Short-Term High-Charge Users,0.9309471581466583,93.09%,Yes,High Risk,Month-to-month Contract; Low Tenure (0-12m); Electronic Check Payment
5115-SQAAU,Segment 1: Long-Term Committed Loyalists,0.027279980506541814,2.73%,No,Low Risk,Stable Account Profile
9845-QOMAD,Segment 1: Long-Term Committed Loyalists,0.048071080444240896,4.81%,No,Low Risk,Stable Account Profile
7672-VFMXZ,Segment 3: Short-Term High-Charge Users,0.21893360283518115,21.89%,No,Low Risk,Month-to-month Contract; Electronic Check Payment
9739-JLPQJ,Segment 1: Long-Term Committed Loyalists,0.0696508548954218,6.97%,No,Low Risk,High Monthly Fee
9916-AYHTC,Segment 1: Long-Term Committed Loyalists,0.009402635113574021,0.94%,No,Low Risk,Stable Account Profile
3855-ONCAR,Segment 3: Short-Term High-Charge Users,0.8367613220102068,83.68%,Yes,High Risk,Month-to-month Contract; Low Tenure (0-12m); No Tech Support
1488-SYSFC,Segment 3: Short-Term High-Charge Users,0.10537833819237889,10.54%,No,Low Risk,Month-to-month Contract; Electronic Check Payment
7931-PXHFC,Segment 1: Long-Term Committed Loyalists,0.3237011979163038,32.37%,No,Medium Risk,Stable Account Profile
3990-QYKBE,Segment 3: Short-Term High-Charge Users,0.7168000537283877,71.68%,Yes,High Risk,Month-to-month Contract; Electronic Check Payment; No Tech Support
0970-QXPXW,Segment 3: Short-Term High-Charge Users,0.6028162985289178,60.28%,Yes,High Risk,Month-to-month Contract; Low Tenure (0-12m)
3259-KNMRR,Segment 1: Long-Term Committed Loyalists,0.14686655438354593,14.69%,No,Low Risk,No Tech Support; High Monthly Fee
6120-RJKLU,Segment 1: Long-Term Committed Loyalists,0.08224746447301212,8.22%,No,Low Risk,High Monthly Fee
9572-WUKSB,Segment 3: Short-Term High-Charge Users,0.7046925260953462,70.47%,Yes,High Risk,Month-to-month Contract; Low Tenure (0-12m); Electronic Check Payment
5893-KCLGT,Segment 1: Long-Term Committed Loyalists,0.026305328919055536,2.63%,No,Low Risk,Stable Account Profile
0076-LVEPS,Segment 3: Short-Term High-Charge Users,0.23005121627220804,23.01%,No,Low Risk,Month-to-month Contract
3640-JQGJG,Segment 3: Short-Term High-Charge Users,0.4234325269273159,42.34%,No,Medium Risk,Month-to-month Contract; No Tech Support
4919-MOAVT,Segment 3: Short-Term High-Charge Users,0.7860596432650718,78.61%,Yes,High Risk,Month-to-month Contract; Low Tenure (0-12m); Electronic Check Payment
1596-OQSPS,Segment 3: Short-Term High-Charge Users,0.4642951932604206,46.43%,No,Medium Risk,Month-to-month Contract; Low Tenure (0-12m); Electronic Check Payment
9867-XOBQA,Segment 1: Long-Term Committed Loyalists,0.1006879825307669,10.07%,No,Low Risk,Stable Account Profile
9546-KDTRB,Segment 3: Short-Term High-Charge Users,0.1815316869553376,18.15%,No,Low Risk,Month-to-month Contract
3090-HAWSU,Segment 1: Long-Term Committed Loyalists,0.4736358770007219,47.36%,No,Medium Risk,High Monthly Fee
9820-RMCQV,Segment 3: Short-Term High-Charge Users,0.4300574836512061,43.01%,No,Medium Risk,Month-to-month Contract; Low Tenure (0-12m); No Tech Support
3174-RKMOW,Segment 3: Short-Term High-Charge Users,0.6308522848774128,63.09%,Yes,High Risk,Month-to-month Contract; Electronic Check Payment; High Monthly Fee
1760-CAZHT,Segment 3: Short-Term High-Charge Users,0.059552717197681286,5.96%,No,Low Risk,Month-to-month Contract
7839-QRKXN,Segment 3: Short-Term High-Charge Users,0.7354279051591276,73.54%,Yes,High Risk,Month-to-month Contract; Low Tenure (0-12m)
8441-SHIPE,Segment 1: Long-Term Committed Loyalists,0.009625829324839186,0.96%,No,Low Risk,Stable Account Profile
5204-QZXPU,Segment 3: Short-Term High-Charge Users,0.620702787398163,62.07%,Yes,High Risk,Month-to-month Contract; Electronic Check Payment; No Tech Support
4597-ELFTS,Segment 1: Long-Term Committed Loyalists,0.4452088200726854,44.52%,No,Medium Risk,Electronic Check Payment
1320-GVNHT,Segment 1: Long-Term Committed Loyalists,0.12976576037178056,12.98%,No,Low Risk,No Tech Support; High Monthly Fee
1047-RNXZV,Segment 1: Long-Term Committed Loyalists,0.013971013232903763,1.4%,No,Low Risk,Stable Account Profile
3541-ZNUHK,Segment 3: Short-Term High-Charge Users,0.4405976742348746,44.06%,No,Medium Risk,Month-to-month Contract; Electronic Check Payment; No Tech Support
8450-JOVAH,Segment 3: Short-Term High-Charge Users,0.6289118124934996,62.89%,Yes,High Risk,Month-to-month Contract; Low Tenure (0-12m); No Tech Support
8725-JEDFD,Segment 3: Short-Term High-Charge Users,0.5184140218119335,51.84%,Yes,Medium Risk,Month-to-month Contract; No Tech Support
7562-UXTPG,Segment 3: Short-Term High-Charge Users,0.6045636205909465,60.46%,Yes,High Risk,Month-to-month Contract; No Tech Support; High Monthly Fee
8071-SBTRN,Segment 1: Long-Term Committed Loyalists,0.14125951843727602,14.13%,No,Low Risk,No Tech Support; High Monthly Fee
1113-IUJYX,Segment 3: Short-Term High-Charge Users,0.7820580918554328,78.21%,Yes,High Risk,High Monthly Fee
6668-CNMFP,Segment 3: Short-Term High-Charge Users,0.48884797185315715,48.88%,No,Medium Risk,High Monthly Fee
5626-MGTUK,Segment 3: Short-Term High-Charge Users,0.6248577078405002,62.49%,Yes,High Risk,Month-to-month Contract; No Tech Support; High Monthly Fee
5681-LLOEI,Segment 1: Long-Term Committed Loyalists,0.22469044222631246,22.47%,No,Low Risk,High Monthly Fee
8212-DJRCH,Segment 3: Short-Term High-Charge Users,0.7721579850548489,77.22%,Yes,High Risk,Month-to-month Contract; Low Tenure (0-12m); No Tech Support
4323-OHFOW,Segment 1: Long-Term Committed Loyalists,0.35171002639530013,35.17%,No,Medium Risk,High Monthly Fee
4933-BSAIP,Segment 1: Long-Term Committed Loyalists,0.00831443377329508,0.83%,No,Low Risk,Stable Account Profile
2030-BTZRO,Segment 1: Long-Term Committed Loyalists,0.04078185339680189,4.08%,No,Low Risk,Low Tenure (0-12m)
1116-DXXDF,Segment 1: Long-Term Committed Loyalists,0.3120071316390552,31.2%,No,Medium Risk,Electronic Check Payment; No Tech Support; High Monthly Fee
9274-CNFMO,Segment 3: Short-Term High-Charge Users,0.8386366278778264,83.86%,Yes,High Risk,Month-to-month Contract; Low Tenure (0-12m); Electronic Check Payment
7758-XKCBS,Segment 3: Short-Term High-Charge Users,0.6186294377172625,61.86%,Yes,High Risk,Month-to-month Contract; Electronic Check Payment
8992-JQYUN,Segment 3: Short-Term High-Charge Users,0.857240283264321,85.72%,Yes,High Risk,Month-to-month Contract; Low Tenure (0-12m); Electronic Check Payment
6563-VNPMN,Segment 3: Short-Term High-Charge Users,0.42791202264963696,42.79%,No,Medium Risk,Month-to-month Contract; High Monthly Fee
0617-AQNWT,Segment 1: Long-Term Committed Loyalists,0.43566131182163853,43.57%,No,Medium Risk,Electronic Check Payment
2267-WTPYD,Segment 1: Long-Term Committed Loyalists,0.31580058617751416,31.58%,No,Medium Risk,Month-to-month Contract; No Tech Support; High Monthly Fee
0270-THENM,Segment 1: Long-Term Committed Loyalists,0.045843418732525586,4.58%,No,Low Risk,Stable Account Profile
2446-PLQVO,Segment 3: Short-Term High-Charge Users,0.9190803016605404,91.91%,Yes,High Risk,Month-to-month Contract; Low Tenure (0-12m); Electronic Check Payment
4707-MAXGU,Segment 1: Long-Term Committed Loyalists,0.007738882731354191,0.77%,No,Low Risk,Stable Account Profile
2710-WYVXG,Segment 1: Long-Term Committed Loyalists,0.09919647120586485,9.92%,No,Low Risk,Low Tenure (0-12m); High Monthly Fee
3005-NFMTA,Segment 3: Short-Term High-Charge Users,0.6833017507025512,68.33%,Yes,High Risk,Month-to-month Contract; Electronic Check Payment; No Tech Support
6300-BWMJX,Segment 3: Short-Term High-Charge Users,0.40834599702359986,40.83%,No,Medium Risk,Month-to-month Contract; Electronic Check Payment; High Monthly Fee
8784-CGILN,Segment 3: Short-Term High-Charge Users,0.7301988046315806,73.02%,Yes,High Risk,Month-to-month Contract; High Monthly Fee
5389-FFVKB,Segment 3: Short-Term High-Charge Users,0.6367982270030588,63.68%,Yes,High Risk,Month-to-month Contract; No Tech Support; High Monthly Fee
7009-LGECI,Segment 3: Short-Term High-Charge Users,0.5578982070251112,55.79%,Yes,Medium Risk,Month-to-month Contract; Low Tenure (0-12m); No Tech Support
8444-WRIDW,Segment 3: Short-Term High-Charge Users,0.4730301786165653,47.3%,No,Medium Risk,Month-to-month Contract; No Tech Support; High Monthly Fee
5022-KVDQT,Segment 3: Short-Term High-Charge Users,0.6806364092015026,68.06%,Yes,High Risk,Month-to-month Contract; Electronic Check Payment; No Tech Support
7976-CICYS,Segment 3: Short-Term High-Charge Users,0.22688515261741182,22.69%,No,Low Risk,Month-to-month Contract; Low Tenure (0-12m)
1036-GUDCL,Segment 1: Long-Term Committed Loyalists,0.15472539895851034,15.47%,No,Low Risk,Month-to-month Contract; High Monthly Fee
2005-DWQZJ,Segment 1: Long-Term Committed Loyalists,0.037889852453525046,3.79%,No,Low Risk,Low Tenure (0-12m)
8148-WOCMK,Segment 1: Long-Term Committed Loyalists,0.033017637255862285,3.3%,No,Low Risk,Low Tenure (0-12m)
7815-PDTHL,Segment 1: Long-Term Committed Loyalists,0.010055398516428726,1.01%,No,Low Risk,Stable Account Profile
9451-LPGOO,Segment 3: Short-Term High-Charge Users,0.8765669773521366,87.66%,Yes,High Risk,Month-to-month Contract; Low Tenure (0-12m); Electronic Check Payment
9173-IVZVP,Segment 1: Long-Term Committed Loyalists,0.028286276322588955,2.83%,No,Low Risk,Stable Account Profile
9129-UXERG,Segment 3: Short-Term High-Charge Users,0.6962742625745086,69.63%,Yes,High Risk,Month-to-month Contract; High Monthly Fee
3635-JBPSG,Segment 1: Long-Term Committed Loyalists,0.17568419209427205,17.57%,No,Low Risk,No Tech Support
7964-ZRKKG,Segment 1: Long-Term Committed Loyalists,0.26069774897272957,26.07%,No,Low Risk,No Tech Support; High Monthly Fee
5868-YWPDW,Segment 3: Short-Term High-Charge Users,0.8638516238511225,86.39%,Yes,High Risk,Month-to-month Contract; Low Tenure (0-12m); Electronic Check Payment
6229-LSCKB,Segment 3: Short-Term High-Charge Users,0.851775472016744,85.18%,Yes,High Risk,Month-to-month Contract; Low Tenure (0-12m); Electronic Check Payment
2025-JKFWI,Segment 3: Short-Term High-Charge Users,0.7801487958130431,78.01%,Yes,High Risk,Month-to-month Contract; High Monthly Fee
4078-SAYYN,Segment 3: Short-Term High-Charge Users,0.8916189194950692,89.16%,Yes,High Risk,Month-to-month Contract; Low Tenure (0-12m); Electronic Check Payment
1724-IQWNM,Segment 3: Short-Term High-Charge Users,0.5409027771974574,54.09%,Yes,Medium Risk,Month-to-month Contract; Low Tenure (0-12m)
8217-QYOHV,Segment 3: Short-Term High-Charge Users,0.4449151001934286,44.49%,No,Medium Risk,Month-to-month Contract; Low Tenure (0-12m)
5546-QUERU,Segment 1: Long-Term Committed Loyalists,0.040542663951654984,4.05%,No,Low Risk,Stable Account Profile
9940-HPQPG,Segment 3: Short-Term High-Charge Users,0.786933211311305,78.69%,Yes,High Risk,Month-to-month Contract; Low Tenure (0-12m); No Tech Support
6897-UUBNU,Segment 3: Short-Term High-Charge Users,0.4815772797811698,48.16%,No,Medium Risk,Month-to-month Contract; High Monthly Fee
6127-IYJOZ,Segment 3: Short-Term High-Charge Users,0.7837222030634344,78.37%,Yes,High Risk,Month-to-month Contract; Low Tenure (0-12m); No Tech Support
6618-RYATB,Segment 3: Short-Term High-Charge Users,0.9226379897212746,92.26%,Yes,High Risk,Month-to-month Contract; Low Tenure (0-12m); No Tech Support
8930-XOTDP,Segment 3: Short-Term High-Charge Users,0.3693361261737804,36.93%,No,Medium Risk,Month-to-month Contract; No Tech Support
5916-QEWPT,Segment 3: Short-Term High-Charge Users,0.5923857224022224,59.24%,Yes,Medium Risk,Month-to-month Contract; Low Tenure (0-12m); No Tech Support
5060-TQUQN,Segment 3: Short-Term High-Charge Users,0.5507057277693583,55.07%,Yes,Medium Risk,Month-to-month Contract; High Monthly Fee
0531-XBKMM,Segment 1: Long-Term Committed Loyalists,0.04115361493939312,4.12%,No,Low Risk,Stable Account Profile
8465-SBRXP,Segment 1: Long-Term Committed Loyalists,0.23764719679222884,23.76%,No,Low Risk,High Monthly Fee
2408-PSJVE,Segment 3: Short-Term High-Charge Users,0.21974185751325181,21.97%,No,Low Risk,Month-to-month Contract
9079-YEXQJ,Segment 1: Long-Term Committed Loyalists,0.4297279323429631,42.97%,No,Medium Risk,Month-to-month Contract; Electronic Check Payment; High Monthly Fee
9700-ZCLOT,Segment 3: Short-Term High-Charge Users,0.44356494899750115,44.36%,No,Medium Risk,Month-to-month Contract; Low Tenure (0-12m)
8738-JOKAR,Segment 1: Long-Term Committed Loyalists,0.16237612557423642,16.24%,No,Low Risk,Stable Account Profile
4534-WGCIR,Segment 1: Long-Term Committed Loyalists,0.015212344650319759,1.52%,No,Low Risk,Stable Account Profile
1930-WNXSB,Segment 3: Short-Term High-Charge Users,0.4891062379367189,48.91%,No,Medium Risk,Month-to-month Contract; Electronic Check Payment; No Tech Support
2685-SREOM,Segment 3: Short-Term High-Charge Users,0.7583108329541479,75.83%,Yes,High Risk,Month-to-month Contract; Electronic Check Payment; No Tech Support
3508-CFVZL,Segment 1: Long-Term Committed Loyalists,0.06326409621299836,6.33%,No,Low Risk,High Monthly Fee
0402-CQAJN,Segment 3: Short-Term High-Charge Users,0.67836328985824,67.84%,Yes,High Risk,Month-to-month Contract; No Tech Support; High Monthly Fee
6692-UDPJC,Segment 3: Short-Term High-Charge Users,0.8000896108613456,80.01%,Yes,High Risk,Month-to-month Contract; Electronic Check Payment; High Monthly Fee
1273-MTETI,Segment 3: Short-Term High-Charge Users,0.8932485317074785,89.32%,Yes,High Risk,Month-to-month Contract; Low Tenure (0-12m); Electronic Check Payment
0657-DOGUM,Segment 1: Long-Term Committed Loyalists,0.10498881095377828,10.5%,No,Low Risk,Stable Account Profile
5480-HPRRX,Segment 3: Short-Term High-Charge Users,0.7253095790090102,72.53%,Yes,High Risk,Month-to-month Contract; Low Tenure (0-12m); Electronic Check Payment
8792-AOROI,Segment 1: Long-Term Committed Loyalists,0.10572743855447787,10.57%,No,Low Risk,Low Tenure (0-12m)
0295-PPHDO,Segment 3: Short-Term High-Charge Users,0.9314877037728491,93.15%,Yes,High Risk,Month-to-month Contract; Low Tenure (0-12m); Electronic Check Payment
5146-YYFRZ,Segment 1: Long-Term Committed Loyalists,0.023211473364593827,2.32%,No,Low Risk,Stable Account Profile
1195-OIYEJ,Segment 3: Short-Term High-Charge Users,0.8169191375694419,81.69%,Yes,High Risk,Month-to-month Contract; Electronic Check Payment; No Tech Support
5906-CVLHP,Segment 1: Long-Term Committed Loyalists,0.2586627979995465,25.87%,No,Low Risk,Stable Account Profile
3452-SRFEG,Segment 3: Short-Term High-Charge Users,0.46006917927275726,46.01%,No,Medium Risk,Month-to-month Contract; No Tech Support; High Monthly Fee
4070-OKWVH,Segment 1: Long-Term Committed Loyalists,0.3367386710386112,33.67%,No,Medium Risk,Month-to-month Contract; No Tech Support; High Monthly Fee
5297-MDOIR,Segment 1: Long-Term Committed Loyalists,0.15875059467218494,15.88%,No,Low Risk,No Tech Support; High Monthly Fee
6369-MCAKO,Segment 1: Long-Term Committed Loyalists,0.0218718570959686,2.19%,No,Low Risk,High Monthly Fee
4926-UMJZD,Segment 3: Short-Term High-Charge Users,0.2236752021719989,22.37%,No,Low Risk,Month-to-month Contract
6848-HJTXY,Segment 1: Long-Term Committed Loyalists,0.012396213755442668,1.24%,No,Low Risk,Stable Account Profile
6341-AEVKX,Segment 1: Long-Term Committed Loyalists,0.36404878154807574,36.4%,No,Medium Risk,Electronic Check Payment; High Monthly Fee
4501-EQDRN,Segment 3: Short-Term High-Charge Users,0.903822865353214,90.38%,Yes,High Risk,Month-to-month Contract; Low Tenure (0-12m); No Tech Support
2990-HWIML,Segment 3: Short-Term High-Charge Users,0.8814602114995819,88.15%,Yes,High Risk,Month-to-month Contract; Low Tenure (0-12m); Electronic Check Payment
0682-USIXD,Segment 3: Short-Term High-Charge Users,0.7136929095939232,71.37%,Yes,High Risk,Month-to-month Contract; Electronic Check Payment; High Monthly Fee
6976-BWGLQ,Segment 1: Long-Term Committed Loyalists,0.0072722648020355045,0.73%,No,Low Risk,Stable Account Profile
7078-NVFAM,Segment 3: Short-Term High-Charge Users,0.3713448131535497,37.13%,No,Medium Risk,Month-to-month Contract; Electronic Check Payment; No Tech Support
8065-QBYTO,Segment 1: Long-Term Committed Loyalists,0.16082857492713987,16.08%,No,Low Risk,High Monthly Fee
2133-TSRRM,Segment 3: Short-Term High-Charge Users,0.5586024739747383,55.86%,Yes,Medium Risk,Month-to-month Contract; No Tech Support; High Monthly Fee
7384-GHBPI,Segment 3: Short-Term High-Charge Users,0.8001971378069653,80.02%,Yes,High Risk,Month-to-month Contract; Low Tenure (0-12m); Electronic Check Payment
7603-USHJS,Segment 3: Short-Term High-Charge Users,0.6395844897688193,63.96%,Yes,High Risk,Month-to-month Contract; Low Tenure (0-12m); No Tech Support
7234-FECYN,Segment 3: Short-Term High-Charge Users,0.8746319546720696,87.46%,Yes,High Risk,Month-to-month Contract; Low Tenure (0-12m); Electronic Check Payment
2511-ALLCS,Segment 1: Long-Term Committed Loyalists,0.028219098949743636,2.82%,No,Low Risk,Stable Account Profile
3191-CSNMG,Segment 3: Short-Term High-Charge Users,0.8305697876230005,83.06%,Yes,High Risk,Month-to-month Contract; Low Tenure (0-12m); Electronic Check Payment
7952-OBOYL,Segment 3: Short-Term High-Charge Users,0.8443252280512452,84.43%,Yes,High Risk,Month-to-month Contract; Low Tenure (0-12m); High Monthly Fee
7470-DYNOE,Segment 1: Long-Term Committed Loyalists,0.18955142364973188,18.96%,No,Low Risk,Electronic Check Payment; No Tech Support
7853-OETYL,Segment 3: Short-Term High-Charge Users,0.638166345066929,63.82%,Yes,High Risk,Month-to-month Contract; Low Tenure (0-12m); Electronic Check Payment
1545-ACTAS,Segment 1: Long-Term Committed Loyalists,0.4185346538594518,41.85%,No,Medium Risk,No Tech Support; High Monthly Fee
5876-HZVZM,Segment 3: Short-Term High-Charge Users,0.5102600638094114,51.03%,Yes,Medium Risk,Month-to-month Contract; Low Tenure (0-12m); No Tech Support
1400-MMYXY,Segment 3: Short-Term High-Charge Users,0.8803966344615808,88.04%,Yes,High Risk,Month-to-month Contract; Low Tenure (0-12m); Electronic Check Payment
5126-RCXYW,Segment 1: Long-Term Committed Loyalists,0.0627713915548853,6.28%,No,Low Risk,Stable Account Profile
3085-QUOZK,Segment 3: Short-Term High-Charge Users,0.7166394478310252,71.66%,Yes,High Risk,Month-to-month Contract; Low Tenure (0-12m); No Tech Support
2363-BJLSL,Segment 1: Long-Term Committed Loyalists,0.16895456240023196,16.9%,No,Low Risk,Month-to-month Contract; High Monthly Fee
1956-YIFGE,Segment 3: Short-Term High-Charge Users,0.6576435108512929,65.76%,Yes,High Risk,No Tech Support; High Monthly Fee
3926-CUQZX,Segment 3: Short-Term High-Charge Users,0.7707922945947405,77.08%,Yes,High Risk,Month-to-month Contract; Low Tenure (0-12m); No Tech Support
7921-LMDFQ,Segment 1: Long-Term Committed Loyalists,0.4496583074422286,44.97%,No,Medium Risk,No Tech Support; High Monthly Fee
2925-MXLSX,Segment 1: Long-Term Committed Loyalists,0.20345922765041258,20.35%,No,Low Risk,No Tech Support
5820-PTRYM,Segment 1: Long-Term Committed Loyalists,0.13252752762682662,13.25%,No,Low Risk,Stable Account Profile
9609-BENEA,Segment 1: Long-Term Committed Loyalists,0.21299600070559874,21.3%,No,Low Risk,Electronic Check Payment
6211-WHMYA,Segment 3: Short-Term High-Charge Users,0.31940002847890353,31.94%,No,Medium Risk,Month-to-month Contract; Electronic Check Payment
4459-BBGHE,Segment 3: Short-Term High-Charge Users,0.3969243556693404,39.69%,No,Medium Risk,Month-to-month Contract; Electronic Check Payment; No Tech Support
9945-PSVIP,Segment 1: Long-Term Committed Loyalists,0.04282911369618774,4.28%,No,Low Risk,Stable Account Profile
1041-RXHRA,Segment 3: Short-Term High-Charge Users,0.5475436489322277,54.75%,Yes,Medium Risk,Month-to-month Contract; No Tech Support; High Monthly Fee
1750-CSKKM,Segment 3: Short-Term High-Charge Users,0.5758998890021656,57.59%,Yes,Medium Risk,Month-to-month Contract; Low Tenure (0-12m); Electronic Check Payment
9108-EJFJP,Segment 3: Short-Term High-Charge Users,0.6702231180933504,67.02%,Yes,High Risk,Month-to-month Contract; Low Tenure (0-12m); No Tech Support
0530-IJVDB,Segment 1: Long-Term Committed Loyalists,0.1303008914291765,13.03%,No,Low Risk,Electronic Check Payment; High Monthly Fee
0508-SQWPL,Segment 1: Long-Term Committed Loyalists,0.04141183472053382,4.14%,No,Low Risk,Stable Account Profile
2215-ZAFGX,Segment 3: Short-Term High-Charge Users,0.8611616347741847,86.12%,Yes,High Risk,Month-to-month Contract; Low Tenure (0-12m); Electronic Check Payment
8213-TAZPM,Segment 1: Long-Term Committed Loyalists,0.36252283020125486,36.25%,No,Medium Risk,High Monthly Fee
7142-HVGBG,Segment 3: Short-Term High-Charge Users,0.7799409521128665,77.99%,Yes,High Risk,Month-to-month Contract; Electronic Check Payment; No Tech Support
1304-SEGFY,Segment 1: Long-Term Committed Loyalists,0.2293184691449792,22.93%,No,Low Risk,Electronic Check Payment; No Tech Support; High Monthly Fee
7242-EDTYC,Segment 1: Long-Term Committed Loyalists,0.03317406695673805,3.32%,No,Low Risk,Stable Account Profile
2904-GGUAZ,Segment 1: Long-Term Committed Loyalists,0.06547289030611059,6.55%,No,Low Risk,No Tech Support; High Monthly Fee
8267-ZNYVZ,Segment 3: Short-Term High-Charge Users,0.6417207629506928,64.17%,Yes,High Risk,Electronic Check Payment; High Monthly Fee
5136-GFPMB,Segment 3: Short-Term High-Charge Users,0.48901035693482414,48.9%,No,Medium Risk,Month-to-month Contract; No Tech Support; High Monthly Fee
2595-KIWPV,Segment 1: Long-Term Committed Loyalists,0.025214212882093155,2.52%,No,Low Risk,Stable Account Profile
5243-SAOTC,Segment 3: Short-Term High-Charge Users,0.41144202459816753,41.14%,No,Medium Risk,Month-to-month Contract; No Tech Support; High Monthly Fee
9398-MMQTO,Segment 3: Short-Term High-Charge Users,0.7611852172497428,76.12%,Yes,High Risk,Month-to-month Contract; Low Tenure (0-12m); No Tech Support
7619-PLRLP,Segment 1: Long-Term Committed Loyalists,0.16435398573699753,16.44%,No,Low Risk,No Tech Support; High Monthly Fee
6457-GIRWB,Segment 3: Short-Term High-Charge Users,0.9348714255999069,93.49%,Yes,High Risk,Month-to-month Contract; Low Tenure (0-12m); Electronic Check Payment
6508-NJYRO,Segment 1: Long-Term Committed Loyalists,0.04009474376116324,4.01%,No,Low Risk,Stable Account Profile
1450-SKCVI,Segment 3: Short-Term High-Charge Users,0.5199553617617448,52.0%,Yes,Medium Risk,Month-to-month Contract; Electronic Check Payment; No Tech Support
4710-NKCAW,Segment 3: Short-Term High-Charge Users,0.3322858751996046,33.23%,No,Medium Risk,Month-to-month Contract; Low Tenure (0-12m)
5306-BVTKJ,Segment 1: Long-Term Committed Loyalists,0.22356837602303817,22.36%,No,Low Risk,No Tech Support
0357-NVCRI,Segment 3: Short-Term High-Charge Users,0.09770758153012257,9.77%,No,Low Risk,Month-to-month Contract
5570-PTWEH,Segment 3: Short-Term High-Charge Users,0.857264436326119,85.73%,Yes,High Risk,Month-to-month Contract; Low Tenure (0-12m); No Tech Support
2371-KFUOG,Segment 1: Long-Term Committed Loyalists,0.307240094974939,30.72%,No,Medium Risk,No Tech Support; High Monthly Fee
0463-ZSDNT,Segment 3: Short-Term High-Charge Users,0.46170293919711525,46.17%,No,Medium Risk,Month-to-month Contract; Low Tenure (0-12m); No Tech Support
6502-MJQAE,Segment 3: Short-Term High-Charge Users,0.9336904732189544,93.37%,Yes,High Risk,Month-to-month Contract; Low Tenure (0-12m); Electronic Check Payment
6257-DTAYD,Segment 1: Long-Term Committed Loyalists,0.24900593656164025,24.9%,No,Low Risk,High Monthly Fee
4616-ULAOA,Segment 1: Long-Term Committed Loyalists,0.2258672852452894,22.59%,No,Low Risk,High Monthly Fee
7693-LCKZL,Segment 3: Short-Term High-Charge Users,0.8690818337336229,86.91%,Yes,High Risk,Month-to-month Contract; Low Tenure (0-12m); Electronic Check Payment
7746-AWNQW,Segment 3: Short-Term High-Charge Users,0.31460691989782136,31.46%,No,Medium Risk,Month-to-month Contract
5996-EBTKM,Segment 1: Long-Term Committed Loyalists,0.061689008951346457,6.17%,No,Low Risk,Stable Account Profile
2758-RNWXS,Segment 3: Short-Term High-Charge Users,0.49025969844331274,49.03%,No,Medium Risk,Electronic Check Payment; High Monthly Fee
2314-TNDJQ,Segment 1: Long-Term Committed Loyalists,0.03728576654661238,3.73%,No,Low Risk,Stable Account Profile
2405-LBMUW,Segment 1: Long-Term Committed Loyalists,0.08546380247115284,8.55%,No,Low Risk,Stable Account Profile
3454-JFUBC,Segment 1: Long-Term Committed Loyalists,0.008863556687499807,0.89%,No,Low Risk,Stable Account Profile
0032-PGELS,Segment 3: Short-Term High-Charge Users,0.7238175754299774,72.38%,Yes,High Risk,Month-to-month Contract; Low Tenure (0-12m); No Tech Support
9039-ZVJDC,Segment 3: Short-Term High-Charge Users,0.21616556563429842,21.62%,No,Low Risk,Month-to-month Contract; Low Tenure (0-12m)
6797-LNAQX,Segment 1: Long-Term Committed Loyalists,0.18303702319910006,18.3%,No,Low Risk,No Tech Support; High Monthly Fee
9013-AQORL,Segment 3: Short-Term High-Charge Users,0.3638426425875822,36.38%,No,Medium Risk,Month-to-month Contract; No Tech Support
2898-MRKPI,Segment 1: Long-Term Committed Loyalists,0.35316391056382895,35.32%,No,Medium Risk,No Tech Support; High Monthly Fee
2750-BJLSB,Segment 1: Long-Term Committed Loyalists,0.408294927703776,40.83%,No,Medium Risk,Electronic Check Payment; High Monthly Fee
3648-GZPHF,Segment 1: Long-Term Committed Loyalists,0.20807377613736663,20.81%,No,Low Risk,Stable Account Profile
2075-RMJIK,Segment 3: Short-Term High-Charge Users,0.5968084847887956,59.68%,Yes,Medium Risk,Month-to-month Contract; Low Tenure (0-12m); No Tech Support
9588-YRFHY,Segment 1: Long-Term Committed Loyalists,0.04379740330421373,4.38%,No,Low Risk,Stable Account Profile
6394-MFYNG,Segment 1: Long-Term Committed Loyalists,0.6152327165995891,61.52%,Yes,High Risk,Month-to-month Contract; No Tech Support; High Monthly Fee
1564-NTYXF,Segment 3: Short-Term High-Charge Users,0.7982881724036788,79.83%,Yes,High Risk,Month-to-month Contract; Electronic Check Payment; No Tech Support
9364-YKUVW,Segment 3: Short-Term High-Charge Users,0.2600912969527584,26.01%,No,Low Risk,Month-to-month Contract
5392-AKEMH,Segment 3: Short-Term High-Charge Users,0.6236687941340625,62.37%,Yes,High Risk,Month-to-month Contract; Low Tenure (0-12m); Electronic Check Payment
2451-YMUXS,Segment 1: Long-Term Committed Loyalists,0.08939109083705596,8.94%,No,Low Risk,Stable Account Profile
3914-FDRHP,Segment 3: Short-Term High-Charge Users,0.7633649036878538,76.34%,Yes,High Risk,Month-to-month Contract; Low Tenure (0-12m); Electronic Check Payment
3078-ZKNTS,Segment 1: Long-Term Committed Loyalists,0.05142322026548089,5.14%,No,Low Risk,Stable Account Profile
1024-KPRBB,Segment 1: Long-Term Committed Loyalists,0.3852373586643886,38.52%,No,Medium Risk,No Tech Support; High Monthly Fee
4690-PKDQG,Segment 3: Short-Term High-Charge Users,0.6843372134487268,68.43%,Yes,High Risk,Month-to-month Contract; Electronic Check Payment; No Tech Support
8155-IBNHG,Segment 3: Short-Term High-Charge Users,0.6265412904584573,62.65%,Yes,High Risk,Month-to-month Contract; No Tech Support; High Monthly Fee
0886-QGENL,Segment 3: Short-Term High-Charge Users,0.750881901501705,75.09%,Yes,High Risk,Month-to-month Contract; Electronic Check Payment; No Tech Support
9547-ITEFG,Segment 3: Short-Term High-Charge Users,0.8232808013889144,82.33%,Yes,High Risk,Month-to-month Contract; Low Tenure (0-12m); No Tech Support
1264-FUHCX,Segment 1: Long-Term Committed Loyalists,0.24168867637677924,24.17%,No,Low Risk,Stable Account Profile
7789-CRUVC,Segment 1: Long-Term Committed Loyalists,0.20735209168859772,20.74%,No,Low Risk,Month-to-month Contract; High Monthly Fee
6598-KELSS,Segment 1: Long-Term Committed Loyalists,0.1653704538958105,16.54%,No,Low Risk,No Tech Support
8739-WWKDU,Segment 3: Short-Term High-Charge Users,0.765576888972561,76.56%,Yes,High Risk,Month-to-month Contract; Electronic Check Payment; No Tech Support
8685-WHQPW,Segment 3: Short-Term High-Charge Users,0.641335278750753,64.13%,Yes,High Risk,Month-to-month Contract; No Tech Support; High Monthly Fee
4745-LSPLO,Segment 3: Short-Term High-Charge Users,0.6697863265485631,66.98%,Yes,High Risk,Month-to-month Contract; Low Tenure (0-12m)
8083-YTZES,Segment 3: Short-Term High-Charge Users,0.8565571630549395,85.66%,Yes,High Risk,Month-to-month Contract; Low Tenure (0-12m); Electronic Check Payment
7240-FQLHE,Segment 3: Short-Term High-Charge Users,0.7268879119231997,72.69%,Yes,High Risk,Month-to-month Contract; High Monthly Fee
6664-FPDAC,Segment 1: Long-Term Committed Loyalists,0.4395311441548168,43.95%,No,Medium Risk,Electronic Check Payment; High Monthly Fee
9972-VAFJJ,Segment 1: Long-Term Committed Loyalists,0.3084816507054579,30.85%,No,Medium Risk,Electronic Check Payment; High Monthly Fee
0422-UXFAP,Segment 1: Long-Term Committed Loyalists,0.48737417603392685,48.74%,No,Medium Risk,Electronic Check Payment; No Tech Support; High Monthly Fee
1904-WAJAA,Segment 1: Long-Term Committed Loyalists,0.16891951924632131,16.89%,No,Low Risk,Electronic Check Payment; No Tech Support
5130-YPIRV,Segment 1: Long-Term Committed Loyalists,0.06272737805377725,6.27%,No,Low Risk,No Tech Support; High Monthly Fee
2843-CQMEG,Segment 3: Short-Term High-Charge Users,0.3506479133081066,35.06%,No,Medium Risk,Month-to-month Contract; No Tech Support
6439-PKTRR,Segment 1: Long-Term Committed Loyalists,0.04011706698909659,4.01%,No,Low Risk,Electronic Check Payment; High Monthly Fee
5351-QESIO,Segment 3: Short-Term High-Charge Users,0.6668981949112417,66.69%,Yes,High Risk,Month-to-month Contract; Low Tenure (0-12m); No Tech Support
0786-VSSUD,Segment 3: Short-Term High-Charge Users,0.5509217426008671,55.09%,Yes,Medium Risk,Month-to-month Contract; No Tech Support
5568-DMXZS,Segment 3: Short-Term High-Charge Users,0.4988703699118786,49.89%,No,Medium Risk,Month-to-month Contract; Low Tenure (0-12m); Electronic Check Payment
8468-FZTOE,Segment 1: Long-Term Committed Loyalists,0.06469817541770308,6.47%,No,Low Risk,Electronic Check Payment; High Monthly Fee
6633-SYEUS,Segment 3: Short-Term High-Charge Users,0.4860109701972348,48.6%,No,Medium Risk,Month-to-month Contract; High Monthly Fee
6447-GORXK,Segment 3: Short-Term High-Charge Users,0.4143102184070541,41.43%,No,Medium Risk,Month-to-month Contract; No Tech Support
6967-PEJLL,Segment 1: Long-Term Committed Loyalists,0.17898697977295305,17.9%,No,Low Risk,Electronic Check Payment
3976-BWUCK,Segment 3: Short-Term High-Charge Users,0.5785699802580097,57.86%,Yes,Medium Risk,Month-to-month Contract; High Monthly Fee
5981-ZVXOT,Segment 1: Long-Term Committed Loyalists,0.4706696711771574,47.07%,No,Medium Risk,Electronic Check Payment; No Tech Support; High Monthly Fee
1684-FLBGS,Segment 3: Short-Term High-Charge Users,0.25329902704857,25.33%,No,Low Risk,Month-to-month Contract
1389-WNUIB,Segment 1: Long-Term Committed Loyalists,0.22079865517292452,22.08%,No,Low Risk,No Tech Support; High Monthly Fee
0376-OIWME,Segment 3: Short-Term High-Charge Users,0.6154085307425688,61.54%,Yes,High Risk,Month-to-month Contract; Electronic Check Payment; No Tech Support
3585-ISXZP,Segment 3: Short-Term High-Charge Users,0.8835955438136278,88.36%,Yes,High Risk,Month-to-month Contract; Low Tenure (0-12m); No Tech Support
0218-QNVAS,Segment 1: Long-Term Committed Loyalists,0.24763991840119592,24.76%,No,Low Risk,No Tech Support; High Monthly Fee
6583-QGCSI,Segment 3: Short-Term High-Charge Users,0.6713002884621323,67.13%,Yes,High Risk,Month-to-month Contract; Electronic Check Payment; No Tech Support
0804-YGEQV,Segment 1: Long-Term Committed Loyalists,0.03966936710119646,3.97%,No,Low Risk,Stable Account Profile
7164-BPTUT,Segment 1: Long-Term Committed Loyalists,0.0388750415339037,3.89%,No,Low Risk,High Monthly Fee
4174-LPGTI,Segment 1: Long-Term Committed Loyalists,0.31812223726225514,31.81%,No,Medium Risk,Stable Account Profile
2523-EWWZL,Segment 3: Short-Term High-Charge Users,0.6412653159192807,64.13%,Yes,High Risk,Month-to-month Contract; Electronic Check Payment; No Tech Support
0928-XUTSN,Segment 3: Short-Term High-Charge Users,0.7608818599437884,76.09%,Yes,High Risk,Month-to-month Contract; Electronic Check Payment; No Tech Support
2108-XWMPY,Segment 3: Short-Term High-Charge Users,0.7234866044142549,72.35%,Yes,High Risk,Month-to-month Contract; Low Tenure (0-12m); No Tech Support
0052-YNYOT,Segment 1: Long-Term Committed Loyalists,0.0940769890520312,9.41%,No,Low Risk,Electronic Check Payment
6304-IJFSQ,Segment 3: Short-Term High-Charge Users,0.7055083148424532,70.55%,Yes,High Risk,Month-to-month Contract; Low Tenure (0-12m); No Tech Support
9586-JGQKH,Segment 1: Long-Term Committed Loyalists,0.30224872375424083,30.22%,No,Medium Risk,High Monthly Fee
4501-VCPFK,Segment 3: Short-Term High-Charge Users,0.32331863007318307,32.33%,No,Medium Risk,Month-to-month Contract; Electronic Check Payment
6075-SLNIL,Segment 3: Short-Term High-Charge Users,0.5852392612197083,58.52%,Yes,Medium Risk,Month-to-month Contract; No Tech Support; High Monthly Fee
9347-AERRL,Segment 1: Long-Term Committed Loyalists,0.015536154715108337,1.55%,No,Low Risk,Stable Account Profile
0093-XWZFY,Segment 3: Short-Term High-Charge Users,0.7011619965134133,70.12%,Yes,High Risk,Month-to-month Contract; No Tech Support; High Monthly Fee
2274-XUATA,Segment 1: Long-Term Committed Loyalists,0.031754302086444475,3.18%,No,Low Risk,Stable Account Profile
1980-KXVPM,Segment 3: Short-Term High-Charge Users,0.8567072474152798,85.67%,Yes,High Risk,Month-to-month Contract; Low Tenure (0-12m); No Tech Support
7703-ZEKEF,Segment 3: Short-Term High-Charge Users,0.7164673087786466,71.65%,Yes,High Risk,Month-to-month Contract; Electronic Check Payment; No Tech Support
0723-DRCLG,Segment 3: Short-Term High-Charge Users,0.9317050227327034,93.17%,Yes,High Risk,Month-to-month Contract; Low Tenure (0-12m); Electronic Check Payment
5482-NUPNA,Segment 3: Short-Term High-Charge Users,0.3908371439859752,39.08%,No,Medium Risk,Month-to-month Contract; Low Tenure (0-12m)
6691-CCIHA,Segment 1: Long-Term Committed Loyalists,0.042338058972671566,4.23%,No,Low Risk,Electronic Check Payment; High Monthly Fee
1685-BQULA,Segment 3: Short-Term High-Charge Users,0.6076504164900033,60.77%,Yes,High Risk,Month-to-month Contract; No Tech Support; High Monthly Fee
9053-EJUNL,Segment 3: Short-Term High-Charge Users,0.6489965099145102,64.9%,Yes,High Risk,Month-to-month Contract; Electronic Check Payment; No Tech Support
0666-UXTJO,Segment 3: Short-Term High-Charge Users,0.6094168495731379,60.94%,Yes,High Risk,Month-to-month Contract; No Tech Support; High Monthly Fee
1471-GIQKQ,Segment 3: Short-Term High-Charge Users,0.722652965371561,72.27%,Yes,High Risk,Month-to-month Contract; Low Tenure (0-12m); Electronic Check Payment
4807-IZYOZ,Segment 1: Long-Term Committed Loyalists,0.04448877555943622,4.45%,No,Low Risk,Stable Account Profile
1122-JWTJW,Segment 3: Short-Term High-Charge Users,0.8881107792471222,88.81%,Yes,High Risk,Month-to-month Contract; Low Tenure (0-12m); No Tech Support
9710-NJERN,Segment 1: Long-Term Committed Loyalists,0.009694449050401698,0.97%,No,Low Risk,Stable Account Profile
9837-FWLCH,Segment 3: Short-Term High-Charge Users,0.1942666023619952,19.43%,No,Low Risk,Month-to-month Contract; Low Tenure (0-12m); Electronic Check Payment
1699-HPSBG,Segment 3: Short-Term High-Charge Users,0.5263080177467105,52.63%,Yes,Medium Risk,Low Tenure (0-12m); Electronic Check Payment
7203-OYKCT,Segment 1: Long-Term Committed Loyalists,0.3218494967359378,32.18%,No,Medium Risk,Electronic Check Payment; No Tech Support; High Monthly Fee
1035-IPQPU,Segment 1: Long-Term Committed Loyalists,0.5505473252856905,55.05%,Yes,Medium Risk,Month-to-month Contract; Electronic Check Payment; No Tech Support
7398-LXGYX,Segment 3: Short-Term High-Charge Users,0.5207398837653852,52.07%,Yes,Medium Risk,Month-to-month Contract; No Tech Support; High Monthly Fee
2823-LKABH,Segment 3: Short-Term High-Charge Users,0.6262847627397489,62.63%,Yes,High Risk,Month-to-month Contract; High Monthly Fee
8775-CEBBJ,Segment 3: Short-Term High-Charge Users,0.5515215833032958,55.15%,Yes,Medium Risk,Month-to-month Contract; Low Tenure (0-12m); No Tech Support
0550-DCXLH,Segment 3: Short-Term High-Charge Users,0.32321832926455585,32.32%,No,Medium Risk,Month-to-month Contract; High Monthly Fee
9281-CEDRU,Segment 1: Long-Term Committed Loyalists,0.04802631611109414,4.8%,No,Low Risk,Stable Account Profile
2235-DWLJU,Segment 3: Short-Term High-Charge Users,0.6887962677435322,68.88%,Yes,High Risk,Month-to-month Contract; Low Tenure (0-12m); Electronic Check Payment
0871-OPBXW,Segment 3: Short-Term High-Charge Users,0.20239079117249562,20.24%,No,Low Risk,Month-to-month Contract; Low Tenure (0-12m)
3605-JISKB,Segment 1: Long-Term Committed Loyalists,0.19373278858695053,19.37%,No,Low Risk,No Tech Support
6894-LFHLY,Segment 3: Short-Term High-Charge Users,0.9370586481898326,93.71%,Yes,High Risk,Month-to-month Contract; Low Tenure (0-12m); Electronic Check Payment
9767-FFLEM,Segment 3: Short-Term High-Charge Users,0.5422618432479355,54.23%,Yes,Medium Risk,Month-to-month Contract; No Tech Support
0639-TSIQW,Segment 1: Long-Term Committed Loyalists,0.4323355854698363,43.23%,No,Medium Risk,Month-to-month Contract; No Tech Support; High Monthly Fee
8456-QDAVC,Segment 3: Short-Term High-Charge Users,0.595851105729165,59.59%,Yes,Medium Risk,Month-to-month Contract; No Tech Support; High Monthly Fee
7750-EYXWZ,Segment 3: Short-Term High-Charge Users,0.4126086744379734,41.26%,No,Medium Risk,Low Tenure (0-12m); Electronic Check Payment
2569-WGERO,Segment 1: Long-Term Committed Loyalists,0.010863128591513827,1.09%,No,Low Risk,Stable Account Profile
6840-RESVB,Segment 1: Long-Term Committed Loyalists,0.29575150333735273,29.58%,No,Low Risk,High Monthly Fee
2234-XADUH,Segment 1: Long-Term Committed Loyalists,0.24708841833348325,24.71%,No,Low Risk,No Tech Support; High Monthly Fee
4801-JZAZL,Segment 3: Short-Term High-Charge Users,0.5347752757491813,53.48%,Yes,Medium Risk,Month-to-month Contract; Low Tenure (0-12m); Electronic Check Payment
8361-LTMKD,Segment 3: Short-Term High-Charge Users,0.8527514833963693,85.28%,Yes,High Risk,Month-to-month Contract; Low Tenure (0-12m); No Tech Support
3186-AJIEK,Segment 1: Long-Term Committed Loyalists,0.22445552093656113,22.45%,No,Low Risk,High Monthly Fee
